image,plate_index,candidate_rank,selected,estimated_type,plate_type,plate_subtype,target_len,text_len,length_ok,text,lpr_score,beam_score,province_aware,province_char,province_rank,province_conf,province_score
fenqusai/test_photo/000000109.jpg,0,0,True,green,green,,8,8,True,鄂H02143D,1.0,0.0,True,鄂,baseline,0.33333332672197086,-1.0986123085021973
fenqusai/test_photo/000000109.jpg,0,1,False,green,green,tractor_green,8,8,True,鄂H02143D,1.0,0.0,True,鄂,baseline,0.33333332672197086,-1.0986123085021973
fenqusai/test_photo/000000109.jpg,0,2,False,green,blue,,7,7,True,鄂H02143,0.024595626609641593,-66.693359375,True,鄂,baseline,0.33333332672197086,-1.0986123085021973
fenqusai/test_photo/000000109.jpg,0,3,False,green,yellow,,7,7,True,鄂H02143,0.024595626609641593,-66.693359375,True,鄂,baseline,0.33333332672197086,-1.0986123085021973
fenqusai/test_photo/000000109.jpg,0,4,False,green,black,,7,7,True,鄂H02143,0.024595626609641593,-66.693359375,True,鄂,baseline,0.33333332672197086,-1.0986123085021973
fenqusai/test_photo/000000109.jpg,0,5,False,green,special_7,,7,7,True,鄂H02143,0.024595626609641593,-66.693359375,True,鄂,baseline,0.33333332672197086,-1.0986123085021973
fenqusai/test_photo/000000109.jpg,0,6,False,green,unknown_8,,8,8,True,鄂H02143D,1.0,0.0,True,鄂,baseline,0.33333332672197086,-1.0986123085021973
fenqusai/test_photo/000000110.jpg,0,0,True,green,green,,8,8,True,晋R40096F,1.0,0.0,True,晋,baseline,0.33333332672197086,-1.0986123085021973
fenqusai/test_photo/000000110.jpg,0,1,False,green,green,tractor_green,8,8,True,晋R40096F,1.0,0.0,True,晋,baseline,0.33333332672197086,-1.0986123085021973
fenqusai/test_photo/000000110.jpg,0,2,False,green,blue,,7,7,True,晋R40096,0.010421508707592937,-82.14990234375,True,晋,baseline,0.33333332672197086,-1.0986123085021973
fenqusai/test_photo/000000110.jpg,0,3,False,green,yellow,,7,7,True,晋R40096,0.010421508707592937,-82.14990234375,True,晋,baseline,0.33333332672197086,-1.0986123085021973
fenqusai/test_photo/000000110.jpg,0,4,False,green,black,,7,7,True,晋R40096,0.010421508707592937,-82.14990234375,True,晋,baseline,0.33333332672197086,-1.0986123085021973
fenqusai/test_photo/000000110.jpg,0,5,False,green,special_7,,7,7,True,晋R40096,0.010421508707592937,-82.14990234375,True,晋,baseline,0.33333332672197086,-1.0986123085021973
fenqusai/test_photo/000000110.jpg,0,6,False,green,unknown_8,,8,8,True,晋R40096F,1.0,0.0,True,晋,baseline,0.33333332672197086,-1.0986123085021973
fenqusai/test_photo/000000125.jpg,0,0,True,green,green,,8,8,True,皖E98075D,0.9942821509831868,-0.10321665294031845,True,皖,baseline,0.3015483585405083,-1.1988248825073242
fenqusai/test_photo/000000125.jpg,0,1,False,green,green,tractor_green,8,8,True,皖E98075D,0.9942821509831868,-0.10321665294031845,True,皖,baseline,0.3015483585405083,-1.1988248825073242
fenqusai/test_photo/000000125.jpg,0,2,False,green,blue,,7,7,True,皖E98075,0.04907454482006976,-54.25946665294032,True,皖,baseline,0.3015483585405083,-1.1988248825073242
fenqusai/test_photo/000000125.jpg,0,3,False,green,yellow,,7,7,True,皖E98075,0.04907454482006976,-54.25946665294032,True,皖,baseline,0.3015483585405083,-1.1988248825073242
fenqusai/test_photo/000000125.jpg,0,4,False,green,black,,7,7,True,皖E98075,0.04907454482006976,-54.25946665294032,True,皖,baseline,0.3015483585405083,-1.1988248825073242
fenqusai/test_photo/000000125.jpg,0,5,False,green,special_7,,7,7,True,皖E98075,0.04907454482006976,-54.25946665294032,True,皖,baseline,0.3015483585405083,-1.1988248825073242
fenqusai/test_photo/000000125.jpg,0,6,False,green,unknown_8,,8,8,True,皖E98075D,0.9942821509831868,-0.10321665294031845,True,皖,baseline,0.3015483585405083,-1.1988248825073242
fenqusai/test_photo/000000126.jpg,0,0,False,green,green,,8,8,True,桂NEFS061,0.21272754669320365,-27.859375,True,桂,baseline,0.33333332672197086,-1.0986123085021973
fenqusai/test_photo/000000126.jpg,0,1,False,green,green,tractor_green,8,8,True,桂NEFS061,0.21272754669320365,-27.859375,True,桂,baseline,0.33333332672197086,-1.0986123085021973
fenqusai/test_photo/000000126.jpg,0,2,True,green,blue,,7,7,True,桂NFS061,0.9999999867545251,-2.3841855067985307e-07,True,桂,baseline,0.33333332672197086,-1.0986123085021973
fenqusai/test_photo/000000126.jpg,0,3,False,green,yellow,,7,7,True,桂NFS061,0.9999999867545251,-2.3841855067985307e-07,True,桂,baseline,0.33333332672197086,-1.0986123085021973
fenqusai/test_photo/000000126.jpg,0,4,False,green,black,,7,7,True,桂NFS061,0.9999999867545251,-2.3841855067985307e-07,True,桂,baseline,0.33333332672197086,-1.0986123085021973
fenqusai/test_photo/000000126.jpg,0,5,False,green,special_7,,7,7,True,桂NFS061,0.9999999867545251,-2.3841855067985307e-07,True,桂,baseline,0.33333332672197086,-1.0986123085021973
fenqusai/test_photo/000000126.jpg,0,6,False,green,unknown_8,,8,8,True,桂NEFS061,0.21272754669320365,-27.859375,True,桂,baseline,0.33333332672197086,-1.0986123085021973
fenqusai/test_photo/000000200.jpg,0,0,True,blue,blue,,7,7,True,黑ATFNU0,0.9997978764539064,-0.003638591564588012,True,黑,baseline,0.33333332672197086,-1.0986123085021973
fenqusai/test_photo/000000200.jpg,0,1,False,blue,green,,8,8,True,黑ATFNU0J,0.41371389887363297,-15.886450972355306,True,黑,baseline,0.33333332672197086,-1.0986123085021973
fenqusai/test_photo/000000200.jpg,0,2,False,blue,green,tractor_green,8,8,True,黑ATFNU0J,0.41371389887363297,-15.886450972355306,True,黑,baseline,0.33333332672197086,-1.0986123085021973
fenqusai/test_photo/000000200.jpg,0,3,False,blue,yellow,,7,7,True,黑ATFNU0,0.9997978764539064,-0.003638591564588012,True,黑,baseline,0.33333332672197086,-1.0986123085021973
fenqusai/test_photo/000000200.jpg,0,4,False,blue,black,,7,7,True,黑ATFNU0,0.9997978764539064,-0.003638591564588012,True,黑,baseline,0.33333332672197086,-1.0986123085021973
fenqusai/test_photo/000000200.jpg,0,5,False,blue,special_7,,7,7,True,黑ATFNU0,0.9997978764539064,-0.003638591564588012,True,黑,baseline,0.33333332672197086,-1.0986123085021973
fenqusai/test_photo/000000200.jpg,0,6,False,blue,unknown_8,,8,8,True,黑ATFNU0J,0.41371389887363297,-15.886450972355306,True,黑,baseline,0.33333332672197086,-1.0986123085021973
fenqusai/test_photo/000000206.jpg,0,0,True,yellow,yellow,,7,7,True,晋ME8U5R,1.0,0.0,True,晋,baseline,0.33333332672197086,-1.0986123085021973
fenqusai/test_photo/000000206.jpg,0,1,False,yellow,blue,,7,7,True,晋ME8U5R,1.0,0.0,True,晋,baseline,0.33333332672197086,-1.0986123085021973
fenqusai/test_photo/000000206.jpg,0,2,False,yellow,green,,8,8,True,晋ME83U5R,0.11007457127170947,-39.71875,True,晋,baseline,0.33333332672197086,-1.0986123085021973
fenqusai/test_photo/000000206.jpg,0,3,False,yellow,green,tractor_green,8,8,True,晋ME83U5R,0.11007457127170947,-39.71875,True,晋,baseline,0.33333332672197086,-1.0986123085021973
fenqusai/test_photo/000000206.jpg,0,4,False,yellow,black,,7,7,True,晋ME8U5R,1.0,0.0,True,晋,baseline,0.33333332672197086,-1.0986123085021973
fenqusai/test_photo/000000206.jpg,0,5,False,yellow,special_7,,7,7,True,晋ME8U5R,1.0,0.0,True,晋,baseline,0.33333332672197086,-1.0986123085021973
fenqusai/test_photo/000000206.jpg,0,6,False,yellow,unknown_8,,8,8,True,晋ME83U5R,0.11007457127170947,-39.71875,True,晋,baseline,0.33333332672197086,-1.0986123085021973
fenqusai/test_photo/0302734375-95_254-229&410_508&519-508&519_241&483_229&410_498&439-0_0_5_24_31_24_24_24-105-51.jpg,0,0,True,green,green,,8,8,True,甘NAED700,0.8612189147229466,-2.689317909280362,True,甘,baseline,0.0886084375089367,-2.4235281944274902
fenqusai/test_photo/0302734375-95_254-229&410_508&519-508&519_241&483_229&410_498&439-0_0_5_24_31_24_24_24-105-51.jpg,0,1,False,green,green,tractor_green,8,8,True,甘NAED700,0.8612189147229466,-2.689317909280362,True,甘,baseline,0.0886084375089367,-2.4235281944274902
fenqusai/test_photo/0302734375-95_254-229&410_508&519-508&519_241&483_229&410_498&439-0_0_5_24_31_24_24_24-105-51.jpg,0,2,False,green,blue,,7,7,True,甘AED700,0.8702368318609993,-2.501817909280362,True,甘,baseline,0.0886084375089367,-2.4235281944274902
fenqusai/test_photo/0302734375-95_254-229&410_508&519-508&519_241&483_229&410_498&439-0_0_5_24_31_24_24_24-105-51.jpg,0,3,False,green,yellow,,7,7,True,甘AED700,0.8702368318609993,-2.501817909280362,True,甘,baseline,0.0886084375089367,-2.4235281944274902
fenqusai/test_photo/0302734375-95_254-229&410_508&519-508&519_241&483_229&410_498&439-0_0_5_24_31_24_24_24-105-51.jpg,0,4,False,green,black,,7,7,True,甘AED700,0.8702368318609993,-2.501817909280362,True,甘,baseline,0.0886084375089367,-2.4235281944274902
fenqusai/test_photo/0302734375-95_254-229&410_508&519-508&519_241&483_229&410_498&439-0_0_5_24_31_24_24_24-105-51.jpg,0,5,False,green,special_7,,7,7,True,甘AED700,0.8702368318609993,-2.501817909280362,True,甘,baseline,0.0886084375089367,-2.4235281944274902
fenqusai/test_photo/0302734375-95_254-229&410_508&519-508&519_241&483_229&410_498&439-0_0_5_24_31_24_24_24-105-51.jpg,0,6,False,green,unknown_8,,8,8,True,甘NAED700,0.8612189147229466,-2.689317909280362,True,甘,baseline,0.0886084375089367,-2.4235281944274902
fenqusai/test_photo/0348046875-94_241-216&458_513&576-513&576_249&537_216&458_480&480-0_0_5_24_31_24_30_32-69-40.jpg,0,0,False,green,green,,8,7,False,浙M470NP,0.8651758336581928,-2.606805302446439,True,浙,baseline,0.05263045196828434,-2.944460391998291
fenqusai/test_photo/0348046875-94_241-216&458_513&576-513&576_249&537_216&458_480&480-0_0_5_24_31_24_30_32-69-40.jpg,0,1,False,green,green,tractor_green,8,7,False,浙M470NP,0.8651758336581928,-2.606805302446439,True,浙,baseline,0.05263045196828434,-2.944460391998291
fenqusai/test_photo/0348046875-94_241-216&458_513&576-513&576_249&537_216&458_480&480-0_0_5_24_31_24_30_32-69-40.jpg,0,2,True,green,blue,,7,7,True,浙M470NP,0.8651758336581928,-2.606805302446439,True,浙,baseline,0.05263045196828434,-2.944460391998291
fenqusai/test_photo/0348046875-94_241-216&458_513&576-513&576_249&537_216&458_480&480-0_0_5_24_31_24_30_32-69-40.jpg,0,3,False,green,yellow,,7,7,True,浙M470NP,0.8651758336581928,-2.606805302446439,True,浙,baseline,0.05263045196828434,-2.944460391998291
fenqusai/test_photo/0348046875-94_241-216&458_513&576-513&576_249&537_216&458_480&480-0_0_5_24_31_24_30_32-69-40.jpg,0,4,False,green,black,,7,7,True,浙M470NP,0.8651758336581928,-2.606805302446439,True,浙,baseline,0.05263045196828434,-2.944460391998291
fenqusai/test_photo/0348046875-94_241-216&458_513&576-513&576_249&537_216&458_480&480-0_0_5_24_31_24_30_32-69-40.jpg,0,5,False,green,special_7,,7,7,True,浙M470NP,0.8651758336581928,-2.606805302446439,True,浙,baseline,0.05263045196828434,-2.944460391998291
fenqusai/test_photo/0348046875-94_241-216&458_513&576-513&576_249&537_216&458_480&480-0_0_5_24_31_24_30_32-69-40.jpg,0,6,False,green,unknown_8,,8,7,False,浙M470NP,0.8651758336581928,-2.606805302446439,True,浙,baseline,0.05263045196828434,-2.944460391998291
fenqusai/test_photo/034921875-97_247-191&443_489&561-489&561_209&516_191&443_477&482-0_0_3_24_30_28_33_32-65-188.jpg,0,0,False,green,green,,8,6,False,琼Q3898,0.344171438615835,-19.199076798304304,True,琼,baseline,0.12499758532096424,-2.079460859298706
fenqusai/test_photo/034921875-97_247-191&443_489&561-489&561_209&516_191&443_477&482-0_0_3_24_30_28_33_32-65-188.jpg,0,1,False,green,green,tractor_green,8,6,False,琼Q3898,0.344171438615835,-19.199076798304304,True,琼,baseline,0.12499758532096424,-2.079460859298706
fenqusai/test_photo/034921875-97_247-191&443_489&561-489&561_209&516_191&443_477&482-0_0_3_24_30_28_33_32-65-188.jpg,0,2,False,green,blue,,7,6,False,琼Q3898,0.344171438615835,-19.199076798304304,True,琼,baseline,0.12499758532096424,-2.079460859298706
fenqusai/test_photo/034921875-97_247-191&443_489&561-489&561_209&516_191&443_477&482-0_0_3_24_30_28_33_32-65-188.jpg,0,3,False,green,yellow,,7,6,False,琼Q3898,0.344171438615835,-19.199076798304304,True,琼,baseline,0.12499758532096424,-2.079460859298706
fenqusai/test_photo/034921875-97_247-191&443_489&561-489&561_209&516_191&443_477&482-0_0_3_24_30_28_33_32-65-188.jpg,0,4,False,green,black,,7,7,True,琼B领领898,0.44001096007012197,-14.777201576336097,True,琼,baseline,0.12499758532096424,-2.079460859298706
fenqusai/test_photo/034921875-97_247-191&443_489&561-489&561_209&516_191&443_477&482-0_0_3_24_30_28_33_32-65-188.jpg,0,5,True,green,special_7,,7,7,True,琼8领领898,0.5216195677366129,-11.714701576336097,True,琼,baseline,0.12499758532096424,-2.079460859298706
fenqusai/test_photo/034921875-97_247-191&443_489&561-489&561_209&516_191&443_477&482-0_0_3_24_30_28_33_32-65-188.jpg,0,6,False,green,unknown_8,,8,6,False,琼Q3898,0.344171438615835,-19.199076798304304,True,琼,baseline,0.12499758532096424,-2.079460859298706
fenqusai/test_photo/03671875-106_247-213&385_448&542-448&542_221&459_213&385_443&457-0_0_3_26_30_30_26_33-107-61.jpg,0,0,True,green,green,,8,8,True,苏AD28884,0.9325565960403417,-1.2568578570223963,True,苏,baseline,0.3333301478228041,-1.0986218452453613
fenqusai/test_photo/03671875-106_247-213&385_448&542-448&542_221&459_213&385_443&457-0_0_3_26_30_30_26_33-107-61.jpg,0,1,False,green,green,tractor_green,8,8,True,苏AD28884,0.9325565960403417,-1.2568578570223963,True,苏,baseline,0.3333301478228041,-1.0986218452453613
fenqusai/test_photo/03671875-106_247-213&385_448&542-448&542_221&459_213&385_443&457-0_0_3_26_30_30_26_33-107-61.jpg,0,2,False,green,blue,,7,7,True,苏AD8884,0.8388459414841329,-3.1631077974177515,True,苏,baseline,0.3333301478228041,-1.0986218452453613
fenqusai/test_photo/03671875-106_247-213&385_448&542-448&542_221&459_213&385_443&457-0_0_3_26_30_30_26_33-107-61.jpg,0,3,False,green,yellow,,7,7,True,苏AD8884,0.8388459414841329,-3.1631077974177515,True,苏,baseline,0.3333301478228041,-1.0986218452453613
fenqusai/test_photo/03671875-106_247-213&385_448&542-448&542_221&459_213&385_443&457-0_0_3_26_30_30_26_33-107-61.jpg,0,4,False,green,black,,7,7,True,苏AD8884,0.8388459414841329,-3.1631077974177515,True,苏,baseline,0.3333301478228041,-1.0986218452453613
fenqusai/test_photo/03671875-106_247-213&385_448&542-448&542_221&459_213&385_443&457-0_0_3_26_30_30_26_33-107-61.jpg,0,5,False,green,special_7,,7,7,True,苏AD8884,0.8388459414841329,-3.1631077974177515,True,苏,baseline,0.3333301478228041,-1.0986218452453613
fenqusai/test_photo/03671875-106_247-213&385_448&542-448&542_221&459_213&385_443&457-0_0_3_26_30_30_26_33-107-61.jpg,0,6,False,green,unknown_8,,8,8,True,苏AD28884,0.9325565960403417,-1.2568578570223963,True,苏,baseline,0.3333301478228041,-1.0986218452453613
fenqusai/test_photo/0369140625-81_260-299&432_569&570-559&507_299&570_300&482_569&432-0_0_3_25_24_24_24_26-93-44.jpg,0,0,False,green,green,,8,7,False,湘AD1DQ4,0.9915508367622968,-0.15273107563427857,True,湘,baseline,0.32722363443765196,-1.1171114444732666
fenqusai/test_photo/0369140625-81_260-299&432_569&570-559&507_299&570_300&482_569&432-0_0_3_25_24_24_24_26-93-44.jpg,0,1,False,green,green,tractor_green,8,7,False,湘AD1DQ4,0.9915508367622968,-0.15273107563427857,True,湘,baseline,0.32722363443765196,-1.1171114444732666
fenqusai/test_photo/0369140625-81_260-299&432_569&570-559&507_299&570_300&482_569&432-0_0_3_25_24_24_24_26-93-44.jpg,0,2,True,green,blue,,7,7,True,湘AD1DQ4,0.9915508367622968,-0.15273107563427857,True,湘,baseline,0.32722363443765196,-1.1171114444732666
fenqusai/test_photo/0369140625-81_260-299&432_569&570-559&507_299&570_300&482_569&432-0_0_3_25_24_24_24_26-93-44.jpg,0,3,False,green,yellow,,7,7,True,湘AD1DQ4,0.9915508367622968,-0.15273107563427857,True,湘,baseline,0.32722363443765196,-1.1171114444732666
fenqusai/test_photo/0369140625-81_260-299&432_569&570-559&507_299&570_300&482_569&432-0_0_3_25_24_24_24_26-93-44.jpg,0,4,False,green,black,,7,7,True,湘AD1DQ4,0.9915508367622968,-0.15273107563427857,True,湘,baseline,0.32722363443765196,-1.1171114444732666
fenqusai/test_photo/0369140625-81_260-299&432_569&570-559&507_299&570_300&482_569&432-0_0_3_25_24_24_24_26-93-44.jpg,0,5,False,green,special_7,,7,7,True,湘AD1DQ4,0.9915508367622968,-0.15273107563427857,True,湘,baseline,0.32722363443765196,-1.1171114444732666
fenqusai/test_photo/0369140625-81_260-299&432_569&570-559&507_299&570_300&482_569&432-0_0_3_25_24_24_24_26-93-44.jpg,0,6,False,green,unknown_8,,8,7,False,湘AD1DQ4,0.9915508367622968,-0.15273107563427857,True,湘,baseline,0.32722363443765196,-1.1171114444732666
fenqusai/test_photo/046015625-97_243-180&408_522&543-522&543_208&495_180&408_501&451-0_0_3_24_30_30_33_25-61-79.jpg,0,0,True,green,green,,8,4,False,新Z3N,0.4561715063267532,-14.127955736649085,True,新,baseline,0.1447374093417794,-1.9328341484069824
fenqusai/test_photo/046015625-97_243-180&408_522&543-522&543_208&495_180&408_501&451-0_0_3_24_30_30_33_25-61-79.jpg,0,1,False,green,green,tractor_green,8,4,False,新Z3N,0.4561715063267532,-14.127955736649085,True,新,baseline,0.1447374093417794,-1.9328341484069824
fenqusai/test_photo/046015625-97_243-180&408_522&543-522&543_208&495_180&408_501&451-0_0_3_24_30_30_33_25-61-79.jpg,0,2,False,green,blue,,7,4,False,新Z3N,0.4561715063267532,-14.127955736649085,True,新,baseline,0.1447374093417794,-1.9328341484069824
fenqusai/test_photo/046015625-97_243-180&408_522&543-522&543_208&495_180&408_501&451-0_0_3_24_30_30_33_25-61-79.jpg,0,3,False,green,yellow,,7,4,False,新Z3N,0.4561715063267532,-14.127955736649085,True,新,baseline,0.1447374093417794,-1.9328341484069824
fenqusai/test_photo/046015625-97_243-180&408_522&543-522&543_208&495_180&408_501&451-0_0_3_24_30_30_33_25-61-79.jpg,0,4,False,green,black,,7,4,False,新Z3N,0.4561715063267532,-14.127955736649085,True,新,baseline,0.1447374093417794,-1.9328341484069824
fenqusai/test_photo/046015625-97_243-180&408_522&543-522&543_208&495_180&408_501&451-0_0_3_24_30_30_33_25-61-79.jpg,0,5,False,green,special_7,,7,5,False,新3领3N,0.5062524675881152,-12.252956153852494,True,新,baseline,0.1447374093417794,-1.9328341484069824
fenqusai/test_photo/046015625-97_243-180&408_522&543-522&543_208&495_180&408_501&451-0_0_3_24_30_30_33_25-61-79.jpg,0,6,False,green,unknown_8,,8,4,False,新Z3N,0.4561715063267532,-14.127955736649085,True,新,baseline,0.1447374093417794,-1.9328341484069824
fenqusai/test_photo/049921875-80_275-250&410_534&587-534&506_259&587_250&469_530&410-0_0_3_17_25_25_30_25-128-23.jpg,0,0,False,green,green,,8,7,False,苏DT1A8V,0.92714289017569,-1.3616564887922777,True,苏,baseline,0.16117647537103488,-1.8252553939819336
fenqusai/test_photo/049921875-80_275-250&410_534&587-534&506_259&587_250&469_530&410-0_0_3_17_25_25_30_25-128-23.jpg,0,1,False,green,green,tractor_green,8,7,False,苏DT1A8V,0.92714289017569,-1.3616564887922777,True,苏,baseline,0.16117647537103488,-1.8252553939819336
fenqusai/test_photo/049921875-80_275-250&410_534&587-534&506_259&587_250&469_530&410-0_0_3_17_25_25_30_25-128-23.jpg,0,2,True,green,blue,,7,7,True,苏DT1A8V,0.92714289017569,-1.3616564887922777,True,苏,baseline,0.16117647537103488,-1.8252553939819336
fenqusai/test_photo/049921875-80_275-250&410_534&587-534&506_259&587_250&469_530&410-0_0_3_17_25_25_30_25-128-23.jpg,0,3,False,green,yellow,,7,7,True,苏DT1A8V,0.92714289017569,-1.3616564887922777,True,苏,baseline,0.16117647537103488,-1.8252553939819336
fenqusai/test_photo/049921875-80_275-250&410_534&587-534&506_259&587_250&469_530&410-0_0_3_17_25_25_30_25-128-23.jpg,0,4,False,green,black,,7,7,True,苏DT1A8V,0.92714289017569,-1.3616564887922777,True,苏,baseline,0.16117647537103488,-1.8252553939819336
fenqusai/test_photo/049921875-80_275-250&410_534&587-534&506_259&587_250&469_530&410-0_0_3_17_25_25_30_25-128-23.jpg,0,5,False,green,special_7,,7,7,True,苏DT1A8V,0.92714289017569,-1.3616564887922777,True,苏,baseline,0.16117647537103488,-1.8252553939819336
fenqusai/test_photo/049921875-80_275-250&410_534&587-534&506_259&587_250&469_530&410-0_0_3_17_25_25_30_25-128-23.jpg,0,6,False,green,unknown_8,,8,7,False,苏DT1A8V,0.92714289017569,-1.3616564887922777,True,苏,baseline,0.16117647537103488,-1.8252553939819336
fenqusai/test_photo/1006.jpg,0,0,True,blue,blue,,7,7,True,冀DYQ565,0.9970723617213162,-0.05277477949857001,True,冀,baseline,0.31619790611937104,-1.1513869762420654
fenqusai/test_photo/1006.jpg,0,1,False,blue,green,,8,7,False,冀DYQ565,0.9970723617213162,-0.05277477949857001,True,冀,baseline,0.31619790611937104,-1.1513869762420654
fenqusai/test_photo/1006.jpg,0,2,False,blue,green,tractor_green,8,7,False,冀DYQ565,0.9970723617213162,-0.05277477949857001,True,冀,baseline,0.31619790611937104,-1.1513869762420654
fenqusai/test_photo/1006.jpg,0,3,False,blue,yellow,,7,7,True,冀DYQ565,0.9970723617213162,-0.05277477949857001,True,冀,baseline,0.31619790611937104,-1.1513869762420654
fenqusai/test_photo/1006.jpg,0,4,False,blue,black,,7,7,True,冀DYQ565,0.9970723617213162,-0.05277477949857001,True,冀,baseline,0.31619790611937104,-1.1513869762420654
fenqusai/test_photo/1006.jpg,0,5,False,blue,special_7,,7,7,True,冀DYQ565,0.9970723617213162,-0.05277477949857001,True,冀,baseline,0.31619790611937104,-1.1513869762420654
fenqusai/test_photo/1006.jpg,0,6,False,blue,unknown_8,,8,7,False,冀DYQ565,0.9970723617213162,-0.05277477949857001,True,冀,baseline,0.31619790611937104,-1.1513869762420654
fenqusai/test_photo/14.jpg,0,0,True,blue,blue,,7,7,True,琼C4298S,0.9727086769568574,-0.4980716758872177,True,琼,baseline,0.20267581695962647,-1.5961475372314453
fenqusai/test_photo/14.jpg,0,1,False,blue,green,,8,7,False,琼C4298S,0.9727086769568574,-0.4980716758872177,True,琼,baseline,0.20267581695962647,-1.5961475372314453
fenqusai/test_photo/14.jpg,0,2,False,blue,green,tractor_green,8,7,False,琼C4298S,0.9727086769568574,-0.4980716758872177,True,琼,baseline,0.20267581695962647,-1.5961475372314453
fenqusai/test_photo/14.jpg,0,3,False,blue,yellow,,7,7,True,琼C4298S,0.9727086769568574,-0.4980716758872177,True,琼,baseline,0.20267581695962647,-1.5961475372314453
fenqusai/test_photo/14.jpg,0,4,False,blue,black,,7,7,True,琼C4298S,0.9727086769568574,-0.4980716758872177,True,琼,baseline,0.20267581695962647,-1.5961475372314453
fenqusai/test_photo/14.jpg,0,5,False,blue,special_7,,7,7,True,琼C4298S,0.9727086769568574,-0.4980716758872177,True,琼,baseline,0.20267581695962647,-1.5961475372314453
fenqusai/test_photo/14.jpg,0,6,False,blue,unknown_8,,8,7,False,琼C4298S,0.9727086769568574,-0.4980716758872177,True,琼,baseline,0.20267581695962647,-1.5961475372314453
fenqusai/test_photo/18.jpg,0,0,True,blue,blue,,7,7,True,浙U6E55S,0.8817236593072985,-2.2657785031908446,True,浙,baseline,0.049524010776228214,-3.0052976608276367
fenqusai/test_photo/18.jpg,0,1,False,blue,green,,8,7,False,浙U6E55S,0.8817236593072985,-2.2657785031908446,True,浙,baseline,0.049524010776228214,-3.0052976608276367
fenqusai/test_photo/18.jpg,0,2,False,blue,green,tractor_green,8,7,False,浙U6E55S,0.8817236593072985,-2.2657785031908446,True,浙,baseline,0.049524010776228214,-3.0052976608276367
fenqusai/test_photo/18.jpg,0,3,False,blue,yellow,,7,7,True,浙U6E55S,0.8817236593072985,-2.2657785031908446,True,浙,baseline,0.049524010776228214,-3.0052976608276367
fenqusai/test_photo/18.jpg,0,4,False,blue,black,,7,7,True,浙U6E55S,0.8817236593072985,-2.2657785031908446,True,浙,baseline,0.049524010776228214,-3.0052976608276367
fenqusai/test_photo/18.jpg,0,5,False,blue,special_7,,7,7,True,浙U6E55S,0.8817236593072985,-2.2657785031908446,True,浙,baseline,0.049524010776228214,-3.0052976608276367
fenqusai/test_photo/18.jpg,0,6,False,blue,unknown_8,,8,7,False,浙U6E55S,0.8817236593072985,-2.2657785031908446,True,浙,baseline,0.049524010776228214,-3.0052976608276367
fenqusai/test_photo/195.jpg,0,0,True,green,green,,8,8,True,甘A4D8D0H,0.10502236216667864,-40.56447561271488,True,甘,baseline,0.33253129938578,-1.1010212898254395
fenqusai/test_photo/195.jpg,0,1,False,green,green,tractor_green,8,8,True,甘A4D8D0H,0.10502236216667864,-40.56447561271488,True,甘,baseline,0.33253129938578,-1.1010212898254395
fenqusai/test_photo/195.jpg,0,2,False,green,blue,,7,7,True,甘A4D8D0,0.00031895613308222185,-144.9082256127149,True,甘,baseline,0.33253129938578,-1.1010212898254395
fenqusai/test_photo/195.jpg,0,3,False,green,yellow,,7,7,True,甘A4D8D0,0.00031895613308222185,-144.9082256127149,True,甘,baseline,0.33253129938578,-1.1010212898254395
fenqusai/test_photo/195.jpg,0,4,False,green,black,,7,7,True,甘A4D8D0,0.00031895613308222185,-144.9082256127149,True,甘,baseline,0.33253129938578,-1.1010212898254395
fenqusai/test_photo/195.jpg,0,5,False,green,special_7,,7,7,True,甘4D8D0H,0.08122546903498419,-45.18947561271488,True,甘,baseline,0.33253129938578,-1.1010212898254395
fenqusai/test_photo/195.jpg,0,6,False,green,unknown_8,,8,8,True,甘A4D8D0H,0.10502236216667864,-40.56447561271488,True,甘,baseline,0.33253129938578,-1.1010212898254395
fenqusai/test_photo/204.jpg,0,0,True,blue,blue,,7,7,True,湘DDD544,0.9900400713946549,-0.18017748929559474,True,湘,baseline,0.32750996204356375,-1.1162368059158325
fenqusai/test_photo/204.jpg,0,1,False,blue,green,,8,7,False,湘DDD544,0.9900400713946549,-0.18017748929559474,True,湘,baseline,0.32750996204356375,-1.1162368059158325
fenqusai/test_photo/204.jpg,0,2,False,blue,green,tractor_green,8,7,False,湘DDD544,0.9900400713946549,-0.18017748929559474,True,湘,baseline,0.32750996204356375,-1.1162368059158325
fenqusai/test_photo/204.jpg,0,3,False,blue,yellow,,7,7,True,湘DDD544,0.9900400713946549,-0.18017748929559474,True,湘,baseline,0.32750996204356375,-1.1162368059158325
fenqusai/test_photo/204.jpg,0,4,False,blue,black,,7,7,True,湘DDD544,0.9900400713946549,-0.18017748929559474,True,湘,baseline,0.32750996204356375,-1.1162368059158325
fenqusai/test_photo/204.jpg,0,5,False,blue,special_7,,7,7,True,湘DDD544,0.9900400713946549,-0.18017748929559474,True,湘,baseline,0.32750996204356375,-1.1162368059158325
fenqusai/test_photo/204.jpg,0,6,False,blue,unknown_8,,8,7,False,湘DDD544,0.9900400713946549,-0.18017748929559474,True,湘,baseline,0.32750996204356375,-1.1162368059158325
fenqusai/test_photo/210.jpg,0,0,True,blue,blue,,7,7,True,吉D22222,0.9782986692894251,-0.3949248194494359,True,吉,baseline,0.2245783240921711,-1.4935307502746582
fenqusai/test_photo/210.jpg,0,1,False,blue,green,,8,8,True,吉D222229,0.3792401372392566,-17.452542006949436,True,吉,baseline,0.2245783240921711,-1.4935307502746582
fenqusai/test_photo/210.jpg,0,2,False,blue,green,tractor_green,8,8,True,吉D222229,0.3792401372392566,-17.452542006949436,True,吉,baseline,0.2245783240921711,-1.4935307502746582
fenqusai/test_photo/210.jpg,0,3,False,blue,yellow,,7,7,True,吉D22222,0.9782986692894251,-0.3949248194494359,True,吉,baseline,0.2245783240921711,-1.4935307502746582
fenqusai/test_photo/210.jpg,0,4,False,blue,black,,7,7,True,吉D22222,0.9782986692894251,-0.3949248194494359,True,吉,baseline,0.2245783240921711,-1.4935307502746582
fenqusai/test_photo/210.jpg,0,5,False,blue,special_7,,7,7,True,吉D22222,0.9782986692894251,-0.3949248194494359,True,吉,baseline,0.2245783240921711,-1.4935307502746582
fenqusai/test_photo/210.jpg,0,6,False,blue,unknown_8,,8,8,True,吉D222229,0.3792401372392566,-17.452542006949436,True,吉,baseline,0.2245783240921711,-1.4935307502746582
fenqusai/test_photo/211.jpg,0,0,True,blue,blue,,7,7,True,辽A26679,0.9243395331694928,-1.4161646645505357,True,辽,baseline,0.3333329293579171,-1.0986135005950928
fenqusai/test_photo/211.jpg,0,1,False,blue,green,,8,7,False,辽A26679,0.9243395331694928,-1.4161646645505357,True,辽,baseline,0.3333329293579171,-1.0986135005950928
fenqusai/test_photo/211.jpg,0,2,False,blue,green,tractor_green,8,7,False,辽A26679,0.9243395331694928,-1.4161646645505357,True,辽,baseline,0.3333329293579171,-1.0986135005950928
fenqusai/test_photo/211.jpg,0,3,False,blue,yellow,,7,7,True,辽A26679,0.9243395331694928,-1.4161646645505357,True,辽,baseline,0.3333329293579171,-1.0986135005950928
fenqusai/test_photo/211.jpg,0,4,False,blue,black,,7,7,True,辽A26679,0.9243395331694928,-1.4161646645505357,True,辽,baseline,0.3333329293579171,-1.0986135005950928
fenqusai/test_photo/211.jpg,0,5,False,blue,special_7,,7,7,True,辽A26679,0.9243395331694928,-1.4161646645505357,True,辽,baseline,0.3333329293579171,-1.0986135005950928
fenqusai/test_photo/211.jpg,0,6,False,blue,unknown_8,,8,7,False,辽A26679,0.9243395331694928,-1.4161646645505357,True,辽,baseline,0.3333329293579171,-1.0986135005950928
fenqusai/test_photo/212.jpg,0,0,True,blue,blue,,7,7,True,沪G00000,0.518694703278589,-11.815916565752332,True,沪,baseline,2.4643844524005517e-06,-12.913568496704102
fenqusai/test_photo/212.jpg,0,1,False,blue,green,,8,8,True,沪G600000,0.2097536118670176,-28.112790850496822,True,沪,baseline,2.4643844524005517e-06,-12.913568496704102
fenqusai/test_photo/212.jpg,0,2,False,blue,green,tractor_green,8,8,True,沪G600000,0.2097536118670176,-28.112790850496822,True,沪,baseline,2.4643844524005517e-06,-12.913568496704102
fenqusai/test_photo/212.jpg,0,3,False,blue,yellow,,7,7,True,沪G00000,0.518694703278589,-11.815916565752332,True,沪,baseline,2.4643844524005517e-06,-12.913568496704102
fenqusai/test_photo/212.jpg,0,4,False,blue,black,,7,7,True,沪G00000,0.518694703278589,-11.815916565752332,True,沪,baseline,2.4643844524005517e-06,-12.913568496704102
fenqusai/test_photo/212.jpg,0,5,False,blue,special_7,,7,7,True,沪G00000,0.518694703278589,-11.815916565752332,True,沪,baseline,2.4643844524005517e-06,-12.913568496704102
fenqusai/test_photo/212.jpg,0,6,False,blue,unknown_8,,8,8,True,沪G600000,0.2097536118670176,-28.112790850496822,True,沪,baseline,2.4643844524005517e-06,-12.913568496704102
fenqusai/test_photo/213.jpg,0,0,True,blue,blue,,7,7,True,浙E3D65E,0.7140613583885264,-6.062154915896372,True,浙,baseline,0.33107827768919074,-1.1054004430770874
fenqusai/test_photo/213.jpg,0,1,False,blue,green,,8,8,True,浙E3DB65E,0.4890656261573305,-12.874654686441772,True,浙,baseline,0.33107827768919074,-1.1054004430770874
fenqusai/test_photo/213.jpg,0,2,False,blue,green,tractor_green,8,8,True,浙E3DB65E,0.4890656261573305,-12.874654686441772,True,浙,baseline,0.33107827768919074,-1.1054004430770874
fenqusai/test_photo/213.jpg,0,3,False,blue,yellow,,7,7,True,浙E3D65E,0.7140613583885264,-6.062154915896372,True,浙,baseline,0.33107827768919074,-1.1054004430770874
fenqusai/test_photo/213.jpg,0,4,False,blue,black,,7,7,True,浙E领D65E,0.9828075561085119,-0.31215510029824145,True,浙,baseline,0.33107827768919074,-1.1054004430770874
fenqusai/test_photo/213.jpg,0,5,False,blue,special_7,,7,7,True,浙E领D65E,0.9828075561085119,-0.31215510029824145,True,浙,baseline,0.33107827768919074,-1.1054004430770874
fenqusai/test_photo/213.jpg,0,6,False,blue,unknown_8,,8,8,True,浙E3DB65E,0.4890656261573305,-12.874654686441772,True,浙,baseline,0.33107827768919074,-1.1054004430770874
fenqusai/test_photo/214.jpg,0,0,True,black,black,,7,7,True,吉B91999,0.5568037339882818,-10.539764348891367,True,吉,baseline,1.7146822776623472e-05,-10.973697662353516
fenqusai/test_photo/214.jpg,0,1,False,black,blue,,7,7,True,吉B91999,0.5568037339882818,-10.539764348891367,True,吉,baseline,1.7146822776623472e-05,-10.973697662353516
fenqusai/test_photo/214.jpg,0,2,False,black,green,,8,7,False,吉B91999,0.5568037339882818,-10.539764348891367,True,吉,baseline,1.7146822776623472e-05,-10.973697662353516
fenqusai/test_photo/214.jpg,0,3,False,black,green,tractor_green,8,7,False,吉B91999,0.5568037339882818,-10.539764348891367,True,吉,baseline,1.7146822776623472e-05,-10.973697662353516
fenqusai/test_photo/214.jpg,0,4,False,black,yellow,,7,7,True,吉B91999,0.5568037339882818,-10.539764348891367,True,吉,baseline,1.7146822776623472e-05,-10.973697662353516
fenqusai/test_photo/214.jpg,0,5,False,black,special_7,,7,7,True,吉B91999,0.5568037339882818,-10.539764348891367,True,吉,baseline,1.7146822776623472e-05,-10.973697662353516
fenqusai/test_photo/214.jpg,0,6,False,black,unknown_8,,8,7,False,吉B91999,0.5568037339882818,-10.539764348891367,True,吉,baseline,1.7146822776623472e-05,-10.973697662353516
fenqusai/test_photo/215.jpg,0,0,True,blue,blue,,7,7,True,京B911ZB,0.9643127316614877,-0.6541132777929306,True,京,baseline,0.21711828234708658,-1.527312994003296
fenqusai/test_photo/215.jpg,0,1,False,blue,green,,8,7,False,京B911ZB,0.9643127316614877,-0.6541132777929306,True,京,baseline,0.21711828234708658,-1.527312994003296
fenqusai/test_photo/215.jpg,0,2,False,blue,green,tractor_green,8,7,False,京B911ZB,0.9643127316614877,-0.6541132777929306,True,京,baseline,0.21711828234708658,-1.527312994003296
fenqusai/test_photo/215.jpg,0,3,False,blue,yellow,,7,7,True,京B911ZB,0.9643127316614877,-0.6541132777929306,True,京,baseline,0.21711828234708658,-1.527312994003296
fenqusai/test_photo/215.jpg,0,4,False,blue,black,,7,7,True,京B911ZB,0.9643127316614877,-0.6541132777929306,True,京,baseline,0.21711828234708658,-1.527312994003296
fenqusai/test_photo/215.jpg,0,5,False,blue,special_7,,7,7,True,京B911ZB,0.9643127316614877,-0.6541132777929306,True,京,baseline,0.21711828234708658,-1.527312994003296
fenqusai/test_photo/215.jpg,0,6,False,blue,unknown_8,,8,7,False,京B911ZB,0.9643127316614877,-0.6541132777929306,True,京,baseline,0.21711828234708658,-1.527312994003296
fenqusai/test_photo/216.jpg,0,0,True,unknown_7,blue,,7,7,True,川A85327,0.954490542731769,-0.8383957911282778,True,川,baseline,0.177051621176602,-1.731313943862915
fenqusai/test_photo/216.jpg,0,1,False,unknown_7,green,,8,8,True,川MA85327,0.8690735289965279,-2.525895791128278,True,川,baseline,0.177051621176602,-1.731313943862915
fenqusai/test_photo/216.jpg,0,2,False,unknown_7,green,tractor_green,8,8,True,川MA85327,0.8690735289965279,-2.525895791128278,True,川,baseline,0.177051621176602,-1.731313943862915
fenqusai/test_photo/216.jpg,0,3,False,unknown_7,yellow,,7,7,True,川A85327,0.954490542731769,-0.8383957911282778,True,川,baseline,0.177051621176602,-1.731313943862915
fenqusai/test_photo/216.jpg,0,4,False,unknown_7,black,,7,7,True,川A85327,0.954490542731769,-0.8383957911282778,True,川,baseline,0.177051621176602,-1.731313943862915
fenqusai/test_photo/216.jpg,0,5,False,unknown_7,special_7,,7,7,True,川A85327,0.954490542731769,-0.8383957911282778,True,川,baseline,0.177051621176602,-1.731313943862915
fenqusai/test_photo/216.jpg,0,6,False,unknown_7,unknown_8,,8,8,True,川MA85327,0.8690735289965279,-2.525895791128278,True,川,baseline,0.177051621176602,-1.731313943862915
fenqusai/test_photo/217.jpg,0,0,True,yellow,yellow,,7,7,True,川A87511,0.9857248916498951,-0.2588036015729358,True,川,baseline,0.33293683421084674,-1.0998024940490723
fenqusai/test_photo/217.jpg,0,1,False,yellow,blue,,7,7,True,川A87511,0.9857248916498951,-0.2588036015729358,True,川,baseline,0.33293683421084674,-1.0998024940490723
fenqusai/test_photo/217.jpg,0,2,False,yellow,green,,8,8,True,川A87T511,0.7312578977295715,-5.633803443248098,True,川,baseline,0.33293683421084674,-1.0998024940490723
fenqusai/test_photo/217.jpg,0,3,False,yellow,green,tractor_green,8,8,True,川A87T511,0.7312578977295715,-5.633803443248098,True,川,baseline,0.33293683421084674,-1.0998024940490723
fenqusai/test_photo/217.jpg,0,4,False,yellow,black,,7,7,True,川A87511,0.9857248916498951,-0.2588036015729358,True,川,baseline,0.33293683421084674,-1.0998024940490723
fenqusai/test_photo/217.jpg,0,5,False,yellow,special_7,,7,7,True,川A87511,0.9857248916498951,-0.2588036015729358,True,川,baseline,0.33293683421084674,-1.0998024940490723
fenqusai/test_photo/217.jpg,0,6,False,yellow,unknown_8,,8,8,True,川A87T511,0.7312578977295715,-5.633803443248098,True,川,baseline,0.33293683421084674,-1.0998024940490723
fenqusai/test_photo/218.jpg,0,0,True,blue,blue,,7,7,True,桂DJV826,0.9791413848911348,-0.37942612590268254,True,桂,baseline,0.23107338352080112,-1.465019941329956
fenqusai/test_photo/218.jpg,0,1,False,blue,green,,8,7,False,桂DJV826,0.9791413848911348,-0.37942612590268254,True,桂,baseline,0.23107338352080112,-1.465019941329956
fenqusai/test_photo/218.jpg,0,2,False,blue,green,tractor_green,8,7,False,桂DJV826,0.9791413848911348,-0.37942612590268254,True,桂,baseline,0.23107338352080112,-1.465019941329956
fenqusai/test_photo/218.jpg,0,3,False,blue,yellow,,7,7,True,桂DJV826,0.9791413848911348,-0.37942612590268254,True,桂,baseline,0.23107338352080112,-1.465019941329956
fenqusai/test_photo/218.jpg,0,4,False,blue,black,,7,7,True,桂DJV826,0.9791413848911348,-0.37942612590268254,True,桂,baseline,0.23107338352080112,-1.465019941329956
fenqusai/test_photo/218.jpg,0,5,False,blue,special_7,,7,7,True,桂DJV826,0.9791413848911348,-0.37942612590268254,True,桂,baseline,0.23107338352080112,-1.465019941329956
fenqusai/test_photo/218.jpg,0,6,False,blue,unknown_8,,8,7,False,桂DJV826,0.9791413848911348,-0.37942612590268254,True,桂,baseline,0.23107338352080112,-1.465019941329956
fenqusai/test_photo/219.jpg,0,0,True,blue,blue,,7,7,True,晋RB520T,0.9963327357770594,-0.06613209219358396,True,晋,baseline,0.3126939312734917,-1.1625304222106934
fenqusai/test_photo/219.jpg,0,1,False,blue,green,,8,7,False,晋RB520T,0.9963327357770594,-0.06613209219358396,True,晋,baseline,0.3126939312734917,-1.1625304222106934
fenqusai/test_photo/219.jpg,0,2,False,blue,green,tractor_green,8,7,False,晋RB520T,0.9963327357770594,-0.06613209219358396,True,晋,baseline,0.3126939312734917,-1.1625304222106934
fenqusai/test_photo/219.jpg,0,3,False,blue,yellow,,7,7,True,晋RB520T,0.9963327357770594,-0.06613209219358396,True,晋,baseline,0.3126939312734917,-1.1625304222106934
fenqusai/test_photo/219.jpg,0,4,False,blue,black,,7,7,True,晋RB520T,0.9963327357770594,-0.06613209219358396,True,晋,baseline,0.3126939312734917,-1.1625304222106934
fenqusai/test_photo/219.jpg,0,5,False,blue,special_7,,7,7,True,晋RB520T,0.9963327357770594,-0.06613209219358396,True,晋,baseline,0.3126939312734917,-1.1625304222106934
fenqusai/test_photo/219.jpg,0,6,False,blue,unknown_8,,8,7,False,晋RB520T,0.9963327357770594,-0.06613209219358396,True,晋,baseline,0.3126939312734917,-1.1625304222106934
fenqusai/test_photo/22.jpg,0,0,False,blue,blue,,7,7,True,沪A67LQV,0.3662528564522794,-18.079763750894926,True,沪,baseline,0.19658369242405874,-1.6266670227050781
fenqusai/test_photo/22.jpg,0,1,True,blue,green,,8,8,True,沪A67LQVF,0.5347482785172692,-11.267264704569243,True,沪,baseline,0.19658369242405874,-1.6266670227050781
fenqusai/test_photo/22.jpg,0,2,False,blue,green,tractor_green,8,8,True,沪A67LQV学,0.87859489959473,-2.3297643469413742,True,沪,baseline,0.19658369242405874,-1.6266670227050781
fenqusai/test_photo/22.jpg,0,3,False,blue,yellow,,7,7,True,沪A67LQV,0.3662528564522794,-18.079763750894926,True,沪,baseline,0.19658369242405874,-1.6266670227050781
fenqusai/test_photo/22.jpg,0,4,False,blue,black,,7,7,True,豫A67LQ领,0.5575001829830009,-10.517264053691179,True,豫,1,0.19658369242405874,-2.126667022705078
fenqusai/test_photo/22.jpg,0,5,False,blue,special_7,,7,7,True,豫A67LQ领,0.5575001829830009,-10.517264053691179,True,豫,1,0.19658369242405874,-2.126667022705078
fenqusai/test_photo/22.jpg,0,6,False,blue,unknown_8,,8,8,True,沪A67LQVF,0.5347482785172692,-11.267264704569243,True,沪,baseline,0.19658369242405874,-1.6266670227050781
fenqusai/test_photo/220.jpg,0,0,True,blue,blue,,7,7,True,川DP3333,0.9837575266066045,-0.2947649102191008,True,川,baseline,0.3323015413224059,-1.1017124652862549
fenqusai/test_photo/220.jpg,0,1,False,blue,green,,8,8,True,川DP33335,0.6861775425363462,-6.7791397748280815,True,川,baseline,0.3323015413224059,-1.1017124652862549
fenqusai/test_photo/220.jpg,0,2,False,blue,green,tractor_green,8,8,True,川DP33335,0.6861775425363462,-6.7791397748280815,True,川,baseline,0.3323015413224059,-1.1017124652862549
fenqusai/test_photo/220.jpg,0,3,False,blue,yellow,,7,7,True,川DP3333,0.9837575266066045,-0.2947649102191008,True,川,baseline,0.3323015413224059,-1.1017124652862549
fenqusai/test_photo/220.jpg,0,4,False,blue,black,,7,7,True,川DP3333,0.9837575266066045,-0.2947649102191008,True,川,baseline,0.3323015413224059,-1.1017124652862549
fenqusai/test_photo/220.jpg,0,5,False,blue,special_7,,7,7,True,川DP3333,0.9837575266066045,-0.2947649102191008,True,川,baseline,0.3323015413224059,-1.1017124652862549
fenqusai/test_photo/220.jpg,0,6,False,blue,unknown_8,,8,8,True,川DP33335,0.6861775425363462,-6.7791397748280815,True,川,baseline,0.3323015413224059,-1.1017124652862549
fenqusai/test_photo/221.jpg,0,0,True,blue,blue,,7,7,True,晋AMV062,0.9820816322925328,-0.32545521855351467,True,晋,baseline,0.24073290000699496,-1.4240672588348389
fenqusai/test_photo/221.jpg,0,1,False,blue,green,,8,7,False,晋AMV062,0.9820816322925328,-0.32545521855351467,True,晋,baseline,0.24073290000699496,-1.4240672588348389
fenqusai/test_photo/221.jpg,0,2,False,blue,green,tractor_green,8,7,False,晋AMV062,0.9820816322925328,-0.32545521855351467,True,晋,baseline,0.24073290000699496,-1.4240672588348389
fenqusai/test_photo/221.jpg,0,3,False,blue,yellow,,7,7,True,晋AMV062,0.9820816322925328,-0.32545521855351467,True,晋,baseline,0.24073290000699496,-1.4240672588348389
fenqusai/test_photo/221.jpg,0,4,False,blue,black,,7,7,True,晋AMV062,0.9820816322925328,-0.32545521855351467,True,晋,baseline,0.24073290000699496,-1.4240672588348389
fenqusai/test_photo/221.jpg,0,5,False,blue,special_7,,7,7,True,晋AMV062,0.9820816322925328,-0.32545521855351467,True,晋,baseline,0.24073290000699496,-1.4240672588348389
fenqusai/test_photo/221.jpg,0,6,False,blue,unknown_8,,8,7,False,晋AMV062,0.9820816322925328,-0.32545521855351467,True,晋,baseline,0.24073290000699496,-1.4240672588348389
fenqusai/test_photo/222.jpg,0,0,True,green,green,,8,8,True,川DF00006,0.7559397063925656,-5.036285869777203,True,川,baseline,0.0023738051776524905,-6.0432610511779785
fenqusai/test_photo/222.jpg,0,1,False,green,green,tractor_green,8,8,True,川DF00006,0.7559397063925656,-5.036285869777203,True,川,baseline,0.0023738051776524905,-6.0432610511779785
fenqusai/test_photo/222.jpg,0,2,False,green,blue,,7,7,True,川F00006,0.28992675215282626,-22.286285400390625,True,川,baseline,0.0023738051776524905,-6.0432610511779785
fenqusai/test_photo/222.jpg,0,3,False,green,yellow,,7,7,True,川F00006,0.28992675215282626,-22.286285400390625,True,川,baseline,0.0023738051776524905,-6.0432610511779785
fenqusai/test_photo/222.jpg,0,4,False,green,black,,7,7,True,川F00006,0.28992675215282626,-22.286285400390625,True,川,baseline,0.0023738051776524905,-6.0432610511779785
fenqusai/test_photo/222.jpg,0,5,False,green,special_7,,7,7,True,川F00006,0.28992675215282626,-22.286285400390625,True,川,baseline,0.0023738051776524905,-6.0432610511779785
fenqusai/test_photo/222.jpg,0,6,False,green,unknown_8,,8,8,True,川DF00006,0.7559397063925656,-5.036285869777203,True,川,baseline,0.0023738051776524905,-6.0432610511779785
fenqusai/test_photo/223.jpg,0,0,True,blue,blue,,7,7,True,桂AG9Z10,0.970553108823605,-0.5380047848448157,True,桂,baseline,0.33034924655403364,-1.1076048612594604
fenqusai/test_photo/223.jpg,0,1,False,blue,green,,8,8,True,桂AG9Z10U,0.8476344369044964,-2.9755048444494605,True,桂,baseline,0.33034924655403364,-1.1076048612594604
fenqusai/test_photo/223.jpg,0,2,False,blue,green,tractor_green,8,8,True,桂AG9Z10U,0.8476344369044964,-2.9755048444494605,True,桂,baseline,0.33034924655403364,-1.1076048612594604
fenqusai/test_photo/223.jpg,0,3,False,blue,yellow,,7,7,True,桂AG9Z10,0.970553108823605,-0.5380047848448157,True,桂,baseline,0.33034924655403364,-1.1076048612594604
fenqusai/test_photo/223.jpg,0,4,False,blue,black,,7,7,True,桂AG9Z10,0.970553108823605,-0.5380047848448157,True,桂,baseline,0.33034924655403364,-1.1076048612594604
fenqusai/test_photo/223.jpg,0,5,False,blue,special_7,,7,7,True,桂AG9Z10,0.970553108823605,-0.5380047848448157,True,桂,baseline,0.33034924655403364,-1.1076048612594604
fenqusai/test_photo/223.jpg,0,6,False,blue,unknown_8,,8,8,True,桂AG9Z10U,0.8476344369044964,-2.9755048444494605,True,桂,baseline,0.33034924655403364,-1.1076048612594604
fenqusai/test_photo/224.jpg,0,0,True,blue,blue,,7,7,True,辽NH1N10,0.987572406625123,-0.2250983111434266,True,辽,baseline,0.26615902050900936,-1.3236613273620605
fenqusai/test_photo/224.jpg,0,1,False,blue,green,,8,7,False,辽NH1N10,0.987572406625123,-0.2250983111434266,True,辽,baseline,0.26615902050900936,-1.3236613273620605
fenqusai/test_photo/224.jpg,0,2,False,blue,green,tractor_green,8,7,False,辽NH1N10,0.987572406625123,-0.2250983111434266,True,辽,baseline,0.26615902050900936,-1.3236613273620605
fenqusai/test_photo/224.jpg,0,3,False,blue,yellow,,7,7,True,辽NH1N10,0.987572406625123,-0.2250983111434266,True,辽,baseline,0.26615902050900936,-1.3236613273620605
fenqusai/test_photo/224.jpg,0,4,False,blue,black,,7,7,True,辽NH1N10,0.987572406625123,-0.2250983111434266,True,辽,baseline,0.26615902050900936,-1.3236613273620605
fenqusai/test_photo/224.jpg,0,5,False,blue,special_7,,7,7,True,辽NH1N10,0.987572406625123,-0.2250983111434266,True,辽,baseline,0.26615902050900936,-1.3236613273620605
fenqusai/test_photo/224.jpg,0,6,False,blue,unknown_8,,8,7,False,辽NH1N10,0.987572406625123,-0.2250983111434266,True,辽,baseline,0.26615902050900936,-1.3236613273620605
fenqusai/test_photo/225.jpg,0,0,True,blue,blue,,7,7,True,沪FP9178,0.47149586427663237,-13.533209070563316,True,沪,0,4.4545468902516426e-07,-14.624170303344727
fenqusai/test_photo/225.jpg,0,1,False,blue,green,,8,8,True,沪FP91786,0.11365496942800322,-39.142584070563316,True,沪,0,4.4545468902516426e-07,-14.624170303344727
fenqusai/test_photo/225.jpg,0,2,False,blue,green,tractor_green,8,8,True,沪FP91786,0.11365496942800322,-39.142584070563316,True,沪,0,4.4545468902516426e-07,-14.624170303344727
fenqusai/test_photo/225.jpg,0,3,False,blue,yellow,,7,7,True,沪FP9178,0.47149586427663237,-13.533209070563316,True,沪,0,4.4545468902516426e-07,-14.624170303344727
fenqusai/test_photo/225.jpg,0,4,False,blue,black,,7,7,True,沪FP9178,0.47149586427663237,-13.533209070563316,True,沪,0,4.4545468902516426e-07,-14.624170303344727
fenqusai/test_photo/225.jpg,0,5,False,blue,special_7,,7,7,True,沪FP9178,0.47149586427663237,-13.533209070563316,True,沪,0,4.4545468902516426e-07,-14.624170303344727
fenqusai/test_photo/225.jpg,0,6,False,blue,unknown_8,,8,8,True,沪FP91786,0.11365496942800322,-39.142584070563316,True,沪,0,4.4545468902516426e-07,-14.624170303344727
fenqusai/test_photo/226.jpg,0,0,True,blue,blue,,7,7,True,宁BQQ900,0.7511694266002525,-5.1502329239447135,True,宁,baseline,0.0019418272979777008,-6.244125843048096
fenqusai/test_photo/226.jpg,0,1,False,blue,green,,8,7,False,宁BQQ900,0.7511694266002525,-5.1502329239447135,True,宁,baseline,0.0019418272979777008,-6.244125843048096
fenqusai/test_photo/226.jpg,0,2,False,blue,green,tractor_green,8,7,False,宁BQQ900,0.7511694266002525,-5.1502329239447135,True,宁,baseline,0.0019418272979777008,-6.244125843048096
fenqusai/test_photo/226.jpg,0,3,False,blue,yellow,,7,7,True,宁BQQ900,0.7511694266002525,-5.1502329239447135,True,宁,baseline,0.0019418272979777008,-6.244125843048096
fenqusai/test_photo/226.jpg,0,4,False,blue,black,,7,7,True,宁BQQ900,0.7511694266002525,-5.1502329239447135,True,宁,baseline,0.0019418272979777008,-6.244125843048096
fenqusai/test_photo/226.jpg,0,5,False,blue,special_7,,7,7,True,宁BQQ900,0.7511694266002525,-5.1502329239447135,True,宁,baseline,0.0019418272979777008,-6.244125843048096
fenqusai/test_photo/226.jpg,0,6,False,blue,unknown_8,,8,7,False,宁BQQ900,0.7511694266002525,-5.1502329239447135,True,宁,baseline,0.0019418272979777008,-6.244125843048096
fenqusai/test_photo/227.jpg,0,0,True,black,black,,7,7,True,冀C05761,0.9729245692333407,-0.49407702684402466,True,冀,baseline,0.20337793628871026,-1.5926892757415771
fenqusai/test_photo/227.jpg,0,1,False,black,blue,,7,7,True,冀C05761,0.9729245692333407,-0.49407702684402466,True,冀,baseline,0.20337793628871026,-1.5926892757415771
fenqusai/test_photo/227.jpg,0,2,False,black,green,,8,7,False,冀C05761,0.9729245692333407,-0.49407702684402466,True,冀,baseline,0.20337793628871026,-1.5926892757415771
fenqusai/test_photo/227.jpg,0,3,False,black,green,tractor_green,8,7,False,冀C05761,0.9729245692333407,-0.49407702684402466,True,冀,baseline,0.20337793628871026,-1.5926892757415771
fenqusai/test_photo/227.jpg,0,4,False,black,yellow,,7,7,True,冀C05761,0.9729245692333407,-0.49407702684402466,True,冀,baseline,0.20337793628871026,-1.5926892757415771
fenqusai/test_photo/227.jpg,0,5,False,black,special_7,,7,7,True,冀C05761,0.9729245692333407,-0.49407702684402466,True,冀,baseline,0.20337793628871026,-1.5926892757415771
fenqusai/test_photo/227.jpg,0,6,False,black,unknown_8,,8,7,False,冀C05761,0.9729245692333407,-0.49407702684402466,True,冀,baseline,0.20337793628871026,-1.5926892757415771
fenqusai/test_photo/228.jpg,0,0,False,blue,blue,,7,7,True,鄂RL6789,0.8419202519269409,-3.097259674221263,True,鄂,baseline,0.25947009548816113,-1.3491138219833374
fenqusai/test_photo/228.jpg,0,1,False,blue,green,,8,8,True,鄂D8L6789,0.8131886145530267,-3.7222595661878444,True,鄂,baseline,0.25947009548816113,-1.3491138219833374
fenqusai/test_photo/228.jpg,0,2,False,blue,green,tractor_green,8,8,True,鄂D8L6789,0.8131886145530267,-3.7222595661878444,True,鄂,baseline,0.25947009548816113,-1.3491138219833374
fenqusai/test_photo/228.jpg,0,3,False,blue,yellow,,7,7,True,鄂RL6789,0.8419202519269409,-3.097259674221263,True,鄂,baseline,0.25947009548816113,-1.3491138219833374
fenqusai/test_photo/228.jpg,0,4,False,blue,black,,7,7,True,鄂RL6789,0.8419202519269409,-3.097259674221263,True,鄂,baseline,0.25947009548816113,-1.3491138219833374
fenqusai/test_photo/228.jpg,0,5,True,blue,special_7,,7,7,True,鄂8L6789,0.9808927035315441,-0.34725959971545706,True,鄂,baseline,0.25947009548816113,-1.3491138219833374
fenqusai/test_photo/228.jpg,0,6,False,blue,unknown_8,,8,8,True,鄂D8L6789,0.8131886145530267,-3.7222595661878444,True,鄂,baseline,0.25947009548816113,-1.3491138219833374
fenqusai/test_photo/229.jpg,0,0,False,blue,blue,,7,7,True,青C00000,0.08847592913311854,-43.65044552087783,True,青,baseline,0.2867748775584044,-1.2490577697753906
fenqusai/test_photo/229.jpg,0,1,False,blue,green,,8,8,True,青R000000,0.06770448343905423,-48.46685177087783,True,青,baseline,0.2867748775584044,-1.2490577697753906
fenqusai/test_photo/229.jpg,0,2,False,blue,green,tractor_green,8,8,True,青R000000,0.06770448343905423,-48.46685177087783,True,青,baseline,0.2867748775584044,-1.2490577697753906
fenqusai/test_photo/229.jpg,0,3,False,blue,yellow,,7,7,True,青C00000,0.08847592913311854,-43.65044552087783,True,青,baseline,0.2867748775584044,-1.2490577697753906
fenqusai/test_photo/229.jpg,0,4,False,blue,black,,7,7,True,青C00000,0.08847592913311854,-43.65044552087783,True,青,baseline,0.2867748775584044,-1.2490577697753906
fenqusai/test_photo/229.jpg,0,5,True,blue,special_7,,7,7,True,青000000,0.9916767471853947,-0.15044552087783103,True,青,baseline,0.2867748775584044,-1.2490577697753906
fenqusai/test_photo/229.jpg,0,6,False,blue,unknown_8,,8,8,True,青R000000,0.06770448343905423,-48.46685177087783,True,青,baseline,0.2867748775584044,-1.2490577697753906
fenqusai/test_photo/25.jpg,0,0,True,blue,blue,,7,7,True,粤ESB945,0.9828011019698623,-0.3122733074451389,True,粤,baseline,0.2664523545525113,-1.3225598335266113
fenqusai/test_photo/25.jpg,0,1,False,blue,green,,8,8,True,粤ESB945E,0.5660924832950369,-10.241960689425468,True,粤,baseline,0.2664523545525113,-1.3225598335266113
fenqusai/test_photo/25.jpg,0,2,False,blue,green,tractor_green,8,8,True,粤ESB945E,0.5660924832950369,-10.241960689425468,True,粤,baseline,0.2664523545525113,-1.3225598335266113
fenqusai/test_photo/25.jpg,0,3,False,blue,yellow,,7,7,True,粤ESB945,0.9828011019698623,-0.3122733074451389,True,粤,baseline,0.2664523545525113,-1.3225598335266113
fenqusai/test_photo/25.jpg,0,4,False,blue,black,,7,7,True,粤ESB945,0.9828011019698623,-0.3122733074451389,True,粤,baseline,0.2664523545525113,-1.3225598335266113
fenqusai/test_photo/25.jpg,0,5,False,blue,special_7,,7,7,True,粤ESB945,0.9828011019698623,-0.3122733074451389,True,粤,baseline,0.2664523545525113,-1.3225598335266113
fenqusai/test_photo/25.jpg,0,6,False,blue,unknown_8,,8,8,True,粤ESB945E,0.5660924832950369,-10.241960689425468,True,粤,baseline,0.2664523545525113,-1.3225598335266113
fenqusai/test_photo/26.jpg,0,0,True,blue,blue,,7,7,True,云E7382B,0.9523906254535149,-0.8780401349067688,True,云,baseline,0.13853221462865917,-1.9766523838043213
fenqusai/test_photo/26.jpg,0,1,False,blue,green,,8,8,True,云EZ7382B,0.288765776186526,-22.35850888490677,True,云,baseline,0.13853221462865917,-1.9766523838043213
fenqusai/test_photo/26.jpg,0,2,False,blue,green,tractor_green,8,8,True,云EZ7382B,0.288765776186526,-22.35850888490677,True,云,baseline,0.13853221462865917,-1.9766523838043213
fenqusai/test_photo/26.jpg,0,3,False,blue,yellow,,7,7,True,云E7382B,0.9523906254535149,-0.8780401349067688,True,云,baseline,0.13853221462865917,-1.9766523838043213
fenqusai/test_photo/26.jpg,0,4,False,blue,black,,7,7,True,云E7382B,0.9523906254535149,-0.8780401349067688,True,云,baseline,0.13853221462865917,-1.9766523838043213
fenqusai/test_photo/26.jpg,0,5,False,blue,special_7,,7,7,True,云E7382B,0.9523906254535149,-0.8780401349067688,True,云,baseline,0.13853221462865917,-1.9766523838043213
fenqusai/test_photo/26.jpg,0,6,False,blue,unknown_8,,8,8,True,云EZ7382B,0.288765776186526,-22.35850888490677,True,云,baseline,0.13853221462865917,-1.9766523838043213
fenqusai/test_photo/30.jpg,0,0,True,unknown_7,blue,,7,6,False,津AJH15,0.9996944010199075,-0.005501622329575184,True,津,baseline,0.3315054741591311,-1.1041109561920166
fenqusai/test_photo/30.jpg,0,1,False,unknown_7,green,,8,6,False,津AJH15,0.9996944010199075,-0.005501622329575184,True,津,baseline,0.3315054741591311,-1.1041109561920166
fenqusai/test_photo/30.jpg,0,2,False,unknown_7,green,tractor_green,8,6,False,津AJH15,0.9996944010199075,-0.005501622329575184,True,津,baseline,0.3315054741591311,-1.1041109561920166
fenqusai/test_photo/30.jpg,0,3,False,unknown_7,yellow,,7,6,False,津AJH15,0.9996944010199075,-0.005501622329575184,True,津,baseline,0.3315054741591311,-1.1041109561920166
fenqusai/test_photo/30.jpg,0,4,False,unknown_7,black,,7,6,False,津AJH15,0.9996944010199075,-0.005501622329575184,True,津,baseline,0.3315054741591311,-1.1041109561920166
fenqusai/test_photo/30.jpg,0,5,False,unknown_7,special_7,,7,6,False,津AJH15,0.9996944010199075,-0.005501622329575184,True,津,baseline,0.3315054741591311,-1.1041109561920166
fenqusai/test_photo/30.jpg,0,6,False,unknown_7,unknown_8,,8,6,False,津AJH15,0.9996944010199075,-0.005501622329575184,True,津,baseline,0.3315054741591311,-1.1041109561920166
fenqusai/test_photo/3040625-99_253-195&400_483&542-482&542_207&496_195&400_483&450-0_0_3_25_26_30_30_30-114-232.jpg,0,0,True,green,green,,8,8,True,云AD12668,0.950525007856424,-0.9133345293812454,True,云,baseline,0.1521606057961183,-1.8828186988830566
fenqusai/test_photo/3040625-99_253-195&400_483&542-482&542_207&496_195&400_483&450-0_0_3_25_26_30_30_30-114-232.jpg,0,1,False,green,green,tractor_green,8,8,True,云AD12668,0.950525007856424,-0.9133345293812454,True,云,baseline,0.1521606057961183,-1.8828186988830566
fenqusai/test_photo/3040625-99_253-195&400_483&542-482&542_207&496_195&400_483&450-0_0_3_25_26_30_30_30-114-232.jpg,0,2,False,green,blue,,7,7,True,云AD1266,0.10889105579925482,-39.91333292378113,True,云,baseline,0.1521606057961183,-1.8828186988830566
fenqusai/test_photo/3040625-99_253-195&400_483&542-482&542_207&496_195&400_483&450-0_0_3_25_26_30_30_30-114-232.jpg,0,3,False,green,yellow,,7,7,True,云AD1266,0.10889105579925482,-39.91333292378113,True,云,baseline,0.1521606057961183,-1.8828186988830566
fenqusai/test_photo/3040625-99_253-195&400_483&542-482&542_207&496_195&400_483&450-0_0_3_25_26_30_30_30-114-232.jpg,0,4,False,green,black,,7,7,True,粤AD1268,0.37547617237219394,-17.632084779441357,True,粤,1,0.1521606057961183,-3.0703186988830566
fenqusai/test_photo/3040625-99_253-195&400_483&542-482&542_207&496_195&400_483&450-0_0_3_25_26_30_30_30-114-232.jpg,0,5,False,green,special_7,,7,7,True,粤AD1268,0.37547617237219394,-17.632084779441357,True,粤,1,0.1521606057961183,-3.0703186988830566
fenqusai/test_photo/3040625-99_253-195&400_483&542-482&542_207&496_195&400_483&450-0_0_3_25_26_30_30_30-114-232.jpg,0,6,False,green,unknown_8,,8,8,True,云AD12668,0.950525007856424,-0.9133345293812454,True,云,baseline,0.1521606057961183,-1.8828186988830566
fenqusai/test_photo/304515625-74_83-221&426_493&594-493&512_237&594_221&506_482&426-0_0_5_24_29_33_29_32-108-73.jpg,0,0,True,green,green,,8,8,True,苏NEQ5958,0.7882599152495525,-4.282693232810743,True,苏,baseline,0.21733155542984975,-1.5263311862945557
fenqusai/test_photo/304515625-74_83-221&426_493&594-493&512_237&594_221&506_482&426-0_0_5_24_29_33_29_32-108-73.jpg,0,1,False,green,green,tractor_green,8,8,True,沪NEQ5958,0.7177188202952651,-5.970193232810743,True,沪,1,0.21733155542984975,-3.2138311862945557
fenqusai/test_photo/304515625-74_83-221&426_493&594-493&512_237&594_221&506_482&426-0_0_5_24_29_33_29_32-108-73.jpg,0,2,False,green,blue,,7,7,True,苏NEQ595,0.2879777964167245,-22.407694156682737,True,苏,baseline,0.21733155542984975,-1.5263311862945557
fenqusai/test_photo/304515625-74_83-221&426_493&594-493&512_237&594_221&506_482&426-0_0_5_24_29_33_29_32-108-73.jpg,0,3,False,green,yellow,,7,7,True,沪NEQ595,0.2622067674848177,-24.095194156682737,True,沪,1,0.21733155542984975,-3.2138311862945557
fenqusai/test_photo/304515625-74_83-221&426_493&594-493&512_237&594_221&506_482&426-0_0_5_24_29_33_29_32-108-73.jpg,0,4,False,green,black,,7,7,True,沪NEQ595,0.2622067674848177,-24.095194156682737,True,沪,1,0.21733155542984975,-3.2138311862945557
fenqusai/test_photo/304515625-74_83-221&426_493&594-493&512_237&594_221&506_482&426-0_0_5_24_29_33_29_32-108-73.jpg,0,5,False,green,special_7,,7,7,True,沪NEQ595,0.2622067674848177,-24.095194156682737,True,沪,1,0.21733155542984975,-3.2138311862945557
fenqusai/test_photo/304515625-74_83-221&426_493&594-493&512_237&594_221&506_482&426-0_0_5_24_29_33_29_32-108-73.jpg,0,6,False,green,unknown_8,,8,8,True,苏NEQ5958,0.7882599152495525,-4.282693232810743,True,苏,baseline,0.21733155542984975,-1.5263311862945557
fenqusai/test_photo/30671875-101_110-88&427_475&602-475&602_119&522_88&427_458&484-0_0_3_24_30_24_31_33-82-166.jpg,0,0,False,green,green,,8,6,False,闽DB575,0.9281106845889622,-1.3428770601944962,True,闽,baseline,0.21716979466410027,-1.5270757675170898
fenqusai/test_photo/30671875-101_110-88&427_475&602-475&602_119&522_88&427_458&484-0_0_3_24_30_24_31_33-82-166.jpg,0,1,False,green,green,tractor_green,8,6,False,闽DB575,0.9281106845889622,-1.3428770601944962,True,闽,baseline,0.21716979466410027,-1.5270757675170898
fenqusai/test_photo/30671875-101_110-88&427_475&602-475&602_119&522_88&427_458&484-0_0_3_24_30_24_31_33-82-166.jpg,0,2,True,green,blue,,7,7,True,闽ZDB575,0.8539030543414604,-2.8428770005898514,True,闽,baseline,0.21716979466410027,-1.5270757675170898
fenqusai/test_photo/30671875-101_110-88&427_475&602-475&602_119&522_88&427_458&484-0_0_3_24_30_24_31_33-82-166.jpg,0,3,False,green,yellow,,7,7,True,闽ZDB575,0.8539030543414604,-2.8428770005898514,True,闽,baseline,0.21716979466410027,-1.5270757675170898
fenqusai/test_photo/30671875-101_110-88&427_475&602-475&602_119&522_88&427_458&484-0_0_3_24_30_24_31_33-82-166.jpg,0,4,False,green,black,,7,7,True,闽ZDB575,0.8539030543414604,-2.8428770005898514,True,闽,baseline,0.21716979466410027,-1.5270757675170898
fenqusai/test_photo/30671875-101_110-88&427_475&602-475&602_119&522_88&427_458&484-0_0_3_24_30_24_31_33-82-166.jpg,0,5,False,green,special_7,,7,7,True,闽ZDB575,0.8539030543414604,-2.8428770005898514,True,闽,baseline,0.21716979466410027,-1.5270757675170898
fenqusai/test_photo/30671875-101_110-88&427_475&602-475&602_119&522_88&427_458&484-0_0_3_24_30_24_31_33-82-166.jpg,0,6,False,green,unknown_8,,8,6,False,闽DB575,0.9281106845889622,-1.3428770601944962,True,闽,baseline,0.21716979466410027,-1.5270757675170898
fenqusai/test_photo/32.jpg,0,0,True,blue,blue,,7,7,True,川AZ0E83,0.9763468492329875,-0.4308727929925169,True,川,baseline,0.32943797618570614,-1.1103671789169312
fenqusai/test_photo/32.jpg,0,1,False,blue,green,,8,8,True,川AZ0E83Z,0.776724144900539,-4.548060315344259,True,川,baseline,0.32943797618570614,-1.1103671789169312
fenqusai/test_photo/32.jpg,0,2,False,blue,green,tractor_green,8,8,True,川AZ0E83Z,0.776724144900539,-4.548060315344259,True,川,baseline,0.32943797618570614,-1.1103671789169312
fenqusai/test_photo/32.jpg,0,3,False,blue,yellow,,7,7,True,川AZ0E83,0.9763468492329875,-0.4308727929925169,True,川,baseline,0.32943797618570614,-1.1103671789169312
fenqusai/test_photo/32.jpg,0,4,False,blue,black,,7,7,True,川AZ0E83,0.9763468492329875,-0.4308727929925169,True,川,baseline,0.32943797618570614,-1.1103671789169312
fenqusai/test_photo/32.jpg,0,5,False,blue,special_7,,7,7,True,川AZ0E83,0.9763468492329875,-0.4308727929925169,True,川,baseline,0.32943797618570614,-1.1103671789169312
fenqusai/test_photo/32.jpg,0,6,False,blue,unknown_8,,8,8,True,川AZ0E83Z,0.776724144900539,-4.548060315344259,True,川,baseline,0.32943797618570614,-1.1103671789169312
fenqusai/test_photo/33.jpg,0,0,True,blue,blue,,7,7,True,辽A8H3J6,0.9506767123232163,-0.910461945815733,True,辽,baseline,0.33327340957268786,-1.0987920761108398
fenqusai/test_photo/33.jpg,0,1,False,blue,green,,8,7,False,辽A8H3J6,0.9506767123232163,-0.910461945815733,True,辽,baseline,0.33327340957268786,-1.0987920761108398
fenqusai/test_photo/33.jpg,0,2,False,blue,green,tractor_green,8,7,False,辽A8H3J6,0.9506767123232163,-0.910461945815733,True,辽,baseline,0.33327340957268786,-1.0987920761108398
fenqusai/test_photo/33.jpg,0,3,False,blue,yellow,,7,7,True,辽A8H3J6,0.9506767123232163,-0.910461945815733,True,辽,baseline,0.33327340957268786,-1.0987920761108398
fenqusai/test_photo/33.jpg,0,4,False,blue,black,,7,7,True,辽A8H3J6,0.9506767123232163,-0.910461945815733,True,辽,baseline,0.33327340957268786,-1.0987920761108398
fenqusai/test_photo/33.jpg,0,5,False,blue,special_7,,7,7,True,辽A8H3J6,0.9506767123232163,-0.910461945815733,True,辽,baseline,0.33327340957268786,-1.0987920761108398
fenqusai/test_photo/33.jpg,0,6,False,blue,unknown_8,,8,7,False,辽A8H3J6,0.9506767123232163,-0.910461945815733,True,辽,baseline,0.33327340957268786,-1.0987920761108398
fenqusai/test_photo/34.jpg,0,0,True,blue,blue,,7,7,True,黑AJP250,0.9997999830153076,-0.003600665833630501,True,黑,baseline,0.3333331280398848,-1.098612904548645
fenqusai/test_photo/34.jpg,0,1,False,blue,green,,8,7,False,黑AJP250,0.9997999830153076,-0.003600665833630501,True,黑,baseline,0.3333331280398848,-1.098612904548645
fenqusai/test_photo/34.jpg,0,2,False,blue,green,tractor_green,8,7,False,黑AJP250,0.9997999830153076,-0.003600665833630501,True,黑,baseline,0.3333331280398848,-1.098612904548645
fenqusai/test_photo/34.jpg,0,3,False,blue,yellow,,7,7,True,黑AJP250,0.9997999830153076,-0.003600665833630501,True,黑,baseline,0.3333331280398848,-1.098612904548645
fenqusai/test_photo/34.jpg,0,4,False,blue,black,,7,7,True,黑AJP250,0.9997999830153076,-0.003600665833630501,True,黑,baseline,0.3333331280398848,-1.098612904548645
fenqusai/test_photo/34.jpg,0,5,False,blue,special_7,,7,7,True,黑AJP250,0.9997999830153076,-0.003600665833630501,True,黑,baseline,0.3333331280398848,-1.098612904548645
fenqusai/test_photo/34.jpg,0,6,False,blue,unknown_8,,8,7,False,黑AJP250,0.9997999830153076,-0.003600665833630501,True,黑,baseline,0.3333331280398848,-1.098612904548645
fenqusai/test_photo/37.jpg,0,0,True,blue,blue,,7,7,True,冀B98Z10,0.9999995629010852,-7.867782187531702e-06,True,冀,baseline,0.33333332672197086,-1.0986123085021973
fenqusai/test_photo/37.jpg,0,1,False,blue,green,,8,8,True,冀B9B8Z10,0.2013189108386735,-28.85157012939453,True,冀,baseline,0.33333332672197086,-1.0986123085021973
fenqusai/test_photo/37.jpg,0,2,False,blue,green,tractor_green,8,8,True,冀B9B8Z10,0.2013189108386735,-28.85157012939453,True,冀,baseline,0.33333332672197086,-1.0986123085021973
fenqusai/test_photo/37.jpg,0,3,False,blue,yellow,,7,7,True,冀B98Z10,0.9999995629010852,-7.867782187531702e-06,True,冀,baseline,0.33333332672197086,-1.0986123085021973
fenqusai/test_photo/37.jpg,0,4,False,blue,black,,7,7,True,冀B98Z10,0.9999995629010852,-7.867782187531702e-06,True,冀,baseline,0.33333332672197086,-1.0986123085021973
fenqusai/test_photo/37.jpg,0,5,False,blue,special_7,,7,7,True,冀B98Z10,0.9999995629010852,-7.867782187531702e-06,True,冀,baseline,0.33333332672197086,-1.0986123085021973
fenqusai/test_photo/37.jpg,0,6,False,blue,unknown_8,,8,8,True,冀B9B8Z10,0.2013189108386735,-28.85157012939453,True,冀,baseline,0.33333332672197086,-1.0986123085021973
fenqusai/test_photo/374.jpg,0,0,True,blue,blue,,7,7,True,吉A12345,0.9994446836739836,-0.009998470282198468,True,吉,baseline,0.33325287016456945,-1.0988537073135376
fenqusai/test_photo/374.jpg,0,1,False,blue,green,,8,7,False,吉A12345,0.9994446836739836,-0.009998470282198468,True,吉,baseline,0.33325287016456945,-1.0988537073135376
fenqusai/test_photo/374.jpg,0,2,False,blue,green,tractor_green,8,7,False,吉A12345,0.9994446836739836,-0.009998470282198468,True,吉,baseline,0.33325287016456945,-1.0988537073135376
fenqusai/test_photo/374.jpg,0,3,False,blue,yellow,,7,7,True,吉A12345,0.9994446836739836,-0.009998470282198468,True,吉,baseline,0.33325287016456945,-1.0988537073135376
fenqusai/test_photo/374.jpg,0,4,False,blue,black,,7,7,True,吉A12345,0.9994446836739836,-0.009998470282198468,True,吉,baseline,0.33325287016456945,-1.0988537073135376
fenqusai/test_photo/374.jpg,0,5,False,blue,special_7,,7,7,True,吉A12345,0.9994446836739836,-0.009998470282198468,True,吉,baseline,0.33325287016456945,-1.0988537073135376
fenqusai/test_photo/374.jpg,0,6,False,blue,unknown_8,,8,7,False,吉A12345,0.9994446836739836,-0.009998470282198468,True,吉,baseline,0.33325287016456945,-1.0988537073135376
fenqusai/test_photo/38.jpg,0,0,True,blue,blue,,7,7,True,青AW6312,0.9869728055741933,-0.2360302656834392,True,青,baseline,0.26325314226040325,-1.3346391916275024
fenqusai/test_photo/38.jpg,0,1,False,blue,green,,8,8,True,青AW6312M,0.36625252041974093,-18.07978026568344,True,青,baseline,0.26325314226040325,-1.3346391916275024
fenqusai/test_photo/38.jpg,0,2,False,blue,green,tractor_green,8,8,True,青AW6312M,0.36625252041974093,-18.07978026568344,True,青,baseline,0.26325314226040325,-1.3346391916275024
fenqusai/test_photo/38.jpg,0,3,False,blue,yellow,,7,7,True,青AW6312,0.9869728055741933,-0.2360302656834392,True,青,baseline,0.26325314226040325,-1.3346391916275024
fenqusai/test_photo/38.jpg,0,4,False,blue,black,,7,7,True,青AW6312,0.9869728055741933,-0.2360302656834392,True,青,baseline,0.26325314226040325,-1.3346391916275024
fenqusai/test_photo/38.jpg,0,5,False,blue,special_7,,7,7,True,青AW6312,0.9869728055741933,-0.2360302656834392,True,青,baseline,0.26325314226040325,-1.3346391916275024
fenqusai/test_photo/38.jpg,0,6,False,blue,unknown_8,,8,8,True,青AW6312M,0.36625252041974093,-18.07978026568344,True,青,baseline,0.26325314226040325,-1.3346391916275024
fenqusai/test_photo/38_0576.jpg,0,0,True,blue,blue,,7,7,True,沪D703W6,0.6433684482010446,-7.938678681809506,True,沪,baseline,0.00014308799300449208,-8.85205078125
fenqusai/test_photo/38_0576.jpg,0,1,False,blue,green,,8,7,False,沪D703W6,0.6433684482010446,-7.938678681809506,True,沪,baseline,0.00014308799300449208,-8.85205078125
fenqusai/test_photo/38_0576.jpg,0,2,False,blue,green,tractor_green,8,7,False,沪D703W6,0.6433684482010446,-7.938678681809506,True,沪,baseline,0.00014308799300449208,-8.85205078125
fenqusai/test_photo/38_0576.jpg,0,3,False,blue,yellow,,7,7,True,沪D703W6,0.6433684482010446,-7.938678681809506,True,沪,baseline,0.00014308799300449208,-8.85205078125
fenqusai/test_photo/38_0576.jpg,0,4,False,blue,black,,7,7,True,沪D703W6,0.6433684482010446,-7.938678681809506,True,沪,baseline,0.00014308799300449208,-8.85205078125
fenqusai/test_photo/38_0576.jpg,0,5,False,blue,special_7,,7,7,True,沪D703W6,0.6433684482010446,-7.938678681809506,True,沪,baseline,0.00014308799300449208,-8.85205078125
fenqusai/test_photo/38_0576.jpg,0,6,False,blue,unknown_8,,8,7,False,沪D703W6,0.6433684482010446,-7.938678681809506,True,沪,baseline,0.00014308799300449208,-8.85205078125
fenqusai/test_photo/38_0576.jpg,1,0,True,blue,blue,,7,7,True,辽A79P2Z,0.9956776197753329,-0.07797147688688,True,辽,baseline,0.3084187902510177,-1.1762967109680176
fenqusai/test_photo/38_0576.jpg,1,1,False,blue,green,,8,8,True,辽NA79P2Z,0.3650196963271543,-18.140471357677598,True,辽,baseline,0.3084187902510177,-1.1762967109680176
fenqusai/test_photo/38_0576.jpg,1,2,False,blue,green,tractor_green,8,8,True,辽NA79P2Z,0.3650196963271543,-18.140471357677598,True,辽,baseline,0.3084187902510177,-1.1762967109680176
fenqusai/test_photo/38_0576.jpg,1,3,False,blue,yellow,,7,7,True,辽A79P2Z,0.9956776197753329,-0.07797147688688,True,辽,baseline,0.3084187902510177,-1.1762967109680176
fenqusai/test_photo/38_0576.jpg,1,4,False,blue,black,,7,7,True,辽A79P2Z,0.9956776197753329,-0.07797147688688,True,辽,baseline,0.3084187902510177,-1.1762967109680176
fenqusai/test_photo/38_0576.jpg,1,5,False,blue,special_7,,7,7,True,辽A79P2Z,0.9956776197753329,-0.07797147688688,True,辽,baseline,0.3084187902510177,-1.1762967109680176
fenqusai/test_photo/38_0576.jpg,1,6,False,blue,unknown_8,,8,8,True,辽NA79P2Z,0.3650196963271543,-18.140471357677598,True,辽,baseline,0.3084187902510177,-1.1762967109680176
fenqusai/test_photo/38_0665.jpg,0,0,True,blue,blue,,7,7,True,川A958CT,0.9636394571741123,-0.6666851053886376,True,川,baseline,0.3511342979266022,-1.046586513519287
fenqusai/test_photo/38_0665.jpg,0,1,False,blue,green,,8,8,True,川A95E8CT,0.4454191766454078,-14.557310463627687,True,川,baseline,0.3511342979266022,-1.046586513519287
fenqusai/test_photo/38_0665.jpg,0,2,False,blue,green,tractor_green,8,8,True,川A95E8CT,0.4454191766454078,-14.557310463627687,True,川,baseline,0.3511342979266022,-1.046586513519287
fenqusai/test_photo/38_0665.jpg,0,3,False,blue,yellow,,7,7,True,川A958CT,0.9636394571741123,-0.6666851053886376,True,川,baseline,0.3511342979266022,-1.046586513519287
fenqusai/test_photo/38_0665.jpg,0,4,False,blue,black,,7,7,True,川A958CT,0.9636394571741123,-0.6666851053886376,True,川,baseline,0.3511342979266022,-1.046586513519287
fenqusai/test_photo/38_0665.jpg,0,5,False,blue,special_7,,7,7,True,川A958CT,0.9636394571741123,-0.6666851053886376,True,川,baseline,0.3511342979266022,-1.046586513519287
fenqusai/test_photo/38_0665.jpg,0,6,False,blue,unknown_8,,8,8,True,川A95E8CT,0.4454191766454078,-14.557310463627687,True,川,baseline,0.3511342979266022,-1.046586513519287
fenqusai/test_photo/38_0665.jpg,1,0,True,blue,blue,,7,7,True,琼AFS675,0.9958970448938023,-0.0740051157772541,True,琼,baseline,0.3122338366788315,-1.1640028953552246
fenqusai/test_photo/38_0665.jpg,1,1,False,blue,green,,8,7,False,琼AFS675,0.9958970448938023,-0.0740051157772541,True,琼,baseline,0.3122338366788315,-1.1640028953552246
fenqusai/test_photo/38_0665.jpg,1,2,False,blue,green,tractor_green,8,7,False,琼AFS675,0.9958970448938023,-0.0740051157772541,True,琼,baseline,0.3122338366788315,-1.1640028953552246
fenqusai/test_photo/38_0665.jpg,1,3,False,blue,yellow,,7,7,True,琼AFS675,0.9958970448938023,-0.0740051157772541,True,琼,baseline,0.3122338366788315,-1.1640028953552246
fenqusai/test_photo/38_0665.jpg,1,4,False,blue,black,,7,7,True,琼AFS675,0.9958970448938023,-0.0740051157772541,True,琼,baseline,0.3122338366788315,-1.1640028953552246
fenqusai/test_photo/38_0665.jpg,1,5,False,blue,special_7,,7,7,True,琼AFS675,0.9958970448938023,-0.0740051157772541,True,琼,baseline,0.3122338366788315,-1.1640028953552246
fenqusai/test_photo/38_0665.jpg,1,6,False,blue,unknown_8,,8,7,False,琼AFS675,0.9958970448938023,-0.0740051157772541,True,琼,baseline,0.3122338366788315,-1.1640028953552246
fenqusai/test_photo/38_0665.jpg,2,0,True,blue,blue,,7,7,True,冀A2B9BU,0.9548057377952495,-0.8324527520598508,True,冀,baseline,0.3328429428916802,-1.1000845432281494
fenqusai/test_photo/38_0665.jpg,2,1,False,blue,green,,8,7,False,冀A2B9BU,0.9548057377952495,-0.8324527520598508,True,冀,baseline,0.3328429428916802,-1.1000845432281494
fenqusai/test_photo/38_0665.jpg,2,2,False,blue,green,tractor_green,8,7,False,冀A2B9BU,0.9548057377952495,-0.8324527520598508,True,冀,baseline,0.3328429428916802,-1.1000845432281494
fenqusai/test_photo/38_0665.jpg,2,3,False,blue,yellow,,7,7,True,冀A2B9BU,0.9548057377952495,-0.8324527520598508,True,冀,baseline,0.3328429428916802,-1.1000845432281494
fenqusai/test_photo/38_0665.jpg,2,4,False,blue,black,,7,7,True,冀A2B9BU,0.9548057377952495,-0.8324527520598508,True,冀,baseline,0.3328429428916802,-1.1000845432281494
fenqusai/test_photo/38_0665.jpg,2,5,False,blue,special_7,,7,7,True,冀42B9BU,0.9681594480352745,-0.5824527520598508,True,冀,baseline,0.3328429428916802,-1.1000845432281494
fenqusai/test_photo/38_0665.jpg,2,6,False,blue,unknown_8,,8,7,False,冀A2B9BU,0.9548057377952495,-0.8324527520598508,True,冀,baseline,0.3328429428916802,-1.1000845432281494
fenqusai/test_photo/38_0689.jpg,0,0,True,blue,blue,,7,7,True,渝CM3063,0.9999998542999451,-2.622601179780304e-06,True,渝,baseline,0.33333249225800504,-1.0986148118972778
fenqusai/test_photo/38_0689.jpg,0,1,False,blue,green,,8,8,True,渝CM32063,0.389233239373337,-16.984377503391897,True,渝,baseline,0.33333249225800504,-1.0986148118972778
fenqusai/test_photo/38_0689.jpg,0,2,False,blue,green,tractor_green,8,8,True,渝CM32063,0.389233239373337,-16.984377503391897,True,渝,baseline,0.33333249225800504,-1.0986148118972778
fenqusai/test_photo/38_0689.jpg,0,3,False,blue,yellow,,7,7,True,渝CM3063,0.9999998542999451,-2.622601179780304e-06,True,渝,baseline,0.33333249225800504,-1.0986148118972778
fenqusai/test_photo/38_0689.jpg,0,4,False,blue,black,,7,7,True,渝CM3063,0.9999998542999451,-2.622601179780304e-06,True,渝,baseline,0.33333249225800504,-1.0986148118972778
fenqusai/test_photo/38_0689.jpg,0,5,False,blue,special_7,,7,7,True,渝CM3063,0.9999998542999451,-2.622601179780304e-06,True,渝,baseline,0.33333249225800504,-1.0986148118972778
fenqusai/test_photo/38_0689.jpg,0,6,False,blue,unknown_8,,8,8,True,渝CM32063,0.389233239373337,-16.984377503391897,True,渝,baseline,0.33333249225800504,-1.0986148118972778
fenqusai/test_photo/38_0689.jpg,1,0,True,yellow,yellow,,7,7,True,沪A594D1,0.9822823656630129,-0.3217764699254815,True,沪,baseline,0.333316200761008,-1.0986636877059937
fenqusai/test_photo/38_0689.jpg,1,1,False,yellow,blue,,7,7,True,沪A594D1,0.9822823656630129,-0.3217764699254815,True,沪,baseline,0.333316200761008,-1.0986636877059937
fenqusai/test_photo/38_0689.jpg,1,2,False,yellow,green,,8,8,True,沪HA594D1,0.872901968268773,-2.446776402870256,True,沪,baseline,0.333316200761008,-1.0986636877059937
fenqusai/test_photo/38_0689.jpg,1,3,False,yellow,green,tractor_green,8,8,True,沪HA594D1,0.872901968268773,-2.446776402870256,True,沪,baseline,0.333316200761008,-1.0986636877059937
fenqusai/test_photo/38_0689.jpg,1,4,False,yellow,black,,7,7,True,沪A594D1,0.9822823656630129,-0.3217764699254815,True,沪,baseline,0.333316200761008,-1.0986636877059937
fenqusai/test_photo/38_0689.jpg,1,5,False,yellow,special_7,,7,7,True,沪A594D1,0.9822823656630129,-0.3217764699254815,True,沪,baseline,0.333316200761008,-1.0986636877059937
fenqusai/test_photo/38_0689.jpg,1,6,False,yellow,unknown_8,,8,8,True,沪HA594D1,0.872901968268773,-2.446776402870256,True,沪,baseline,0.333316200761008,-1.0986636877059937
fenqusai/test_photo/38_0727.jpg,0,0,True,blue,blue,,7,7,True,川GY8578,0.2790399365179278,-22.975206583738327,True,川,baseline,3.876079448120129e-11,-23.97361183166504
fenqusai/test_photo/38_0727.jpg,0,1,False,blue,green,,8,8,True,川QGY8578,0.09634994935775552,-42.11583137512207,True,川,baseline,3.876079448120129e-11,-23.97361183166504
fenqusai/test_photo/38_0727.jpg,0,2,False,blue,green,tractor_green,8,8,True,川QGY8578,0.09634994935775552,-42.11583137512207,True,川,baseline,3.876079448120129e-11,-23.97361183166504
fenqusai/test_photo/38_0727.jpg,0,3,False,blue,yellow,,7,7,True,川GY8578,0.2790399365179278,-22.975206583738327,True,川,baseline,3.876079448120129e-11,-23.97361183166504
fenqusai/test_photo/38_0727.jpg,0,4,False,blue,black,,7,7,True,川GY8578,0.2790399365179278,-22.975206583738327,True,川,baseline,3.876079448120129e-11,-23.97361183166504
fenqusai/test_photo/38_0727.jpg,0,5,False,blue,special_7,,7,7,True,川GY8578,0.2790399365179278,-22.975206583738327,True,川,baseline,3.876079448120129e-11,-23.97361183166504
fenqusai/test_photo/38_0727.jpg,0,6,False,blue,unknown_8,,8,8,True,川QGY8578,0.09634994935775552,-42.11583137512207,True,川,baseline,3.876079448120129e-11,-23.97361183166504
fenqusai/test_photo/38_0727.jpg,1,0,True,blue,blue,,7,7,True,川AH036Q,0.9648202585699766,-0.6446421997388754,True,川,baseline,0.33380656557915533,-1.0971935987472534
fenqusai/test_photo/38_0727.jpg,1,1,False,blue,green,,8,8,True,川DAH036Q,0.4645360059652785,-13.800891747581765,True,川,baseline,0.33380656557915533,-1.0971935987472534
fenqusai/test_photo/38_0727.jpg,1,2,False,blue,green,tractor_green,8,8,True,川DAH036Q,0.4645360059652785,-13.800891747581765,True,川,baseline,0.33380656557915533,-1.0971935987472534
fenqusai/test_photo/38_0727.jpg,1,3,False,blue,yellow,,7,7,True,川AH036Q,0.9648202585699766,-0.6446421997388754,True,川,baseline,0.33380656557915533,-1.0971935987472534
fenqusai/test_photo/38_0727.jpg,1,4,False,blue,black,,7,7,True,川AH036Q,0.9648202585699766,-0.6446421997388754,True,川,baseline,0.33380656557915533,-1.0971935987472534
fenqusai/test_photo/38_0727.jpg,1,5,False,blue,special_7,,7,7,True,川AH036Q,0.9648202585699766,-0.6446421997388754,True,川,baseline,0.33380656557915533,-1.0971935987472534
fenqusai/test_photo/38_0727.jpg,1,6,False,blue,unknown_8,,8,8,True,川DAH036Q,0.4645360059652785,-13.800891747581765,True,川,baseline,0.33380656557915533,-1.0971935987472534
fenqusai/test_photo/38_0738.jpg,0,0,True,blue,blue,,7,7,True,吉E6FY80,0.20560170594478477,-28.472660064697266,True,吉,baseline,0.33333332672197086,-1.0986123085021973
fenqusai/test_photo/38_0738.jpg,0,1,False,blue,green,,8,6,False,吉KFY80,0.20752927930251694,-28.304691195481155,True,吉,baseline,0.33333332672197086,-1.0986123085021973
fenqusai/test_photo/38_0738.jpg,0,2,False,blue,green,tractor_green,8,6,False,吉KFY80,0.20752927930251694,-28.304691195481155,True,吉,baseline,0.33333332672197086,-1.0986123085021973
fenqusai/test_photo/38_0738.jpg,0,3,False,blue,yellow,,7,7,True,吉E6FY80,0.20560170594478477,-28.472660064697266,True,吉,baseline,0.33333332672197086,-1.0986123085021973
fenqusai/test_photo/38_0738.jpg,0,4,False,blue,black,,7,7,True,吉E6FY80,0.20560170594478477,-28.472660064697266,True,吉,baseline,0.33333332672197086,-1.0986123085021973
fenqusai/test_photo/38_0738.jpg,0,5,False,blue,special_7,,7,7,True,吉6FY830,0.23927979220411189,-25.742191195481155,True,吉,baseline,0.33333332672197086,-1.0986123085021973
fenqusai/test_photo/38_0738.jpg,0,6,False,blue,unknown_8,,8,6,False,吉KFY80,0.20752927930251694,-28.304691195481155,True,吉,baseline,0.33333332672197086,-1.0986123085021973
fenqusai/test_photo/38_0738.jpg,1,0,True,blue,blue,,7,7,True,云BGZ027,0.7313864095806534,-5.630640386701998,True,云,baseline,0.0011954908129230685,-6.729198455810547
fenqusai/test_photo/38_0738.jpg,1,1,False,blue,green,,8,7,False,云BGZ027,0.7313864095806534,-5.630640386701998,True,云,baseline,0.0011954908129230685,-6.729198455810547
fenqusai/test_photo/38_0738.jpg,1,2,False,blue,green,tractor_green,8,7,False,云BGZ027,0.7313864095806534,-5.630640386701998,True,云,baseline,0.0011954908129230685,-6.729198455810547
fenqusai/test_photo/38_0738.jpg,1,3,False,blue,yellow,,7,7,True,云BGZ027,0.7313864095806534,-5.630640386701998,True,云,baseline,0.0011954908129230685,-6.729198455810547
fenqusai/test_photo/38_0738.jpg,1,4,False,blue,black,,7,7,True,云BGZ027,0.7313864095806534,-5.630640386701998,True,云,baseline,0.0011954908129230685,-6.729198455810547
fenqusai/test_photo/38_0738.jpg,1,5,False,blue,special_7,,7,7,True,云BGZ027,0.7313864095806534,-5.630640386701998,True,云,baseline,0.0011954908129230685,-6.729198455810547
fenqusai/test_photo/38_0738.jpg,1,6,False,blue,unknown_8,,8,7,False,云BGZ027,0.7313864095806534,-5.630640386701998,True,云,baseline,0.0011954908129230685,-6.729198455810547
fenqusai/test_photo/38_0738.jpg,2,0,True,blue,blue,,7,7,True,黑AG5RJ1,0.9976902835603211,-0.041622983083925646,True,黑,baseline,0.3333086513128821,-1.0986863374710083
fenqusai/test_photo/38_0738.jpg,2,1,False,blue,green,,8,8,True,黑AGE5RJ1,0.771624823255502,-4.666622891814313,True,黑,baseline,0.3333086513128821,-1.0986863374710083
fenqusai/test_photo/38_0738.jpg,2,2,False,blue,green,tractor_green,8,8,True,黑AGE5RJ1,0.771624823255502,-4.666622891814313,True,黑,baseline,0.3333086513128821,-1.0986863374710083
fenqusai/test_photo/38_0738.jpg,2,3,False,blue,yellow,,7,7,True,黑AG5RJ1,0.9976902835603211,-0.041622983083925646,True,黑,baseline,0.3333086513128821,-1.0986863374710083
fenqusai/test_photo/38_0738.jpg,2,4,False,blue,black,,7,7,True,黑AG5RJ1,0.9976902835603211,-0.041622983083925646,True,黑,baseline,0.3333086513128821,-1.0986863374710083
fenqusai/test_photo/38_0738.jpg,2,5,False,blue,special_7,,7,7,True,黑AG5RJ1,0.9976902835603211,-0.041622983083925646,True,黑,baseline,0.3333086513128821,-1.0986863374710083
fenqusai/test_photo/38_0738.jpg,2,6,False,blue,unknown_8,,8,8,True,黑AGE5RJ1,0.771624823255502,-4.666622891814313,True,黑,baseline,0.3333086513128821,-1.0986863374710083
fenqusai/test_photo/38_0751.jpg,0,0,True,blue,blue,,7,7,True,吉H67675,0.9873809686628455,-0.22858789563175463,True,吉,baseline,0.26521888396424975,-1.3271998167037964
fenqusai/test_photo/38_0751.jpg,0,1,False,blue,green,,8,7,False,吉H67675,0.9873809686628455,-0.22858789563175463,True,吉,baseline,0.26521888396424975,-1.3271998167037964
fenqusai/test_photo/38_0751.jpg,0,2,False,blue,green,tractor_green,8,7,False,吉H67675,0.9873809686628455,-0.22858789563175463,True,吉,baseline,0.26521888396424975,-1.3271998167037964
fenqusai/test_photo/38_0751.jpg,0,3,False,blue,yellow,,7,7,True,吉H67675,0.9873809686628455,-0.22858789563175463,True,吉,baseline,0.26521888396424975,-1.3271998167037964
fenqusai/test_photo/38_0751.jpg,0,4,False,blue,black,,7,7,True,吉H67675,0.9873809686628455,-0.22858789563175463,True,吉,baseline,0.26521888396424975,-1.3271998167037964
fenqusai/test_photo/38_0751.jpg,0,5,False,blue,special_7,,7,7,True,吉H67675,0.9873809686628455,-0.22858789563175463,True,吉,baseline,0.26521888396424975,-1.3271998167037964
fenqusai/test_photo/38_0751.jpg,0,6,False,blue,unknown_8,,8,7,False,吉H67675,0.9873809686628455,-0.22858789563175463,True,吉,baseline,0.26521888396424975,-1.3271998167037964
fenqusai/test_photo/38_0751.jpg,1,0,True,blue,blue,,7,7,True,琼ATU491,0.9611202356677162,-0.7138037282252299,True,琼,baseline,0.22012429438084957,-1.5135629177093506
fenqusai/test_photo/38_0751.jpg,1,1,False,blue,green,,8,8,True,琼HATU491,0.898978604721826,-1.9169287878298746,True,琼,baseline,0.22012429438084957,-1.5135629177093506
fenqusai/test_photo/38_0751.jpg,1,2,False,blue,green,tractor_green,8,8,True,琼HATU491,0.898978604721826,-1.9169287878298746,True,琼,baseline,0.22012429438084957,-1.5135629177093506
fenqusai/test_photo/38_0751.jpg,1,3,False,blue,yellow,,7,7,True,琼ATU491,0.9611202356677162,-0.7138037282252299,True,琼,baseline,0.22012429438084957,-1.5135629177093506
fenqusai/test_photo/38_0751.jpg,1,4,False,blue,black,,7,7,True,琼ATU491,0.9611202356677162,-0.7138037282252299,True,琼,baseline,0.22012429438084957,-1.5135629177093506
fenqusai/test_photo/38_0751.jpg,1,5,False,blue,special_7,,7,7,True,琼ATU491,0.9611202356677162,-0.7138037282252299,True,琼,baseline,0.22012429438084957,-1.5135629177093506
fenqusai/test_photo/38_0751.jpg,1,6,False,blue,unknown_8,,8,8,True,琼HATU491,0.898978604721826,-1.9169287878298746,True,琼,baseline,0.22012429438084957,-1.5135629177093506
fenqusai/test_photo/38_0751.jpg,2,0,True,unknown_7,blue,,7,7,True,川AG295V,0.9225289638115276,-1.4514571165439918,True,川,baseline,0.15101305852525906,-1.8903889656066895
fenqusai/test_photo/38_0751.jpg,2,1,False,unknown_7,green,,8,8,True,川AG295SV,0.8141289483904568,-3.70145722085212,True,川,baseline,0.15101305852525906,-1.8903889656066895
fenqusai/test_photo/38_0751.jpg,2,2,False,unknown_7,green,tractor_green,8,8,True,川AG295SV,0.8141289483904568,-3.70145722085212,True,川,baseline,0.15101305852525906,-1.8903889656066895
fenqusai/test_photo/38_0751.jpg,2,3,False,unknown_7,yellow,,7,7,True,川AG295V,0.9225289638115276,-1.4514571165439918,True,川,baseline,0.15101305852525906,-1.8903889656066895
fenqusai/test_photo/38_0751.jpg,2,4,False,unknown_7,black,,7,7,True,川AG295V,0.9225289638115276,-1.4514571165439918,True,川,baseline,0.15101305852525906,-1.8903889656066895
fenqusai/test_photo/38_0751.jpg,2,5,False,unknown_7,special_7,,7,7,True,川AG295V,0.9225289638115276,-1.4514571165439918,True,川,baseline,0.15101305852525906,-1.8903889656066895
fenqusai/test_photo/38_0751.jpg,2,6,False,unknown_7,unknown_8,,8,8,True,川AG295SV,0.8141289483904568,-3.70145722085212,True,川,baseline,0.15101305852525906,-1.8903889656066895
fenqusai/test_photo/38_0751.jpg,3,0,False,blue,blue,,7,7,True,沪P64N8Y,0.5163722180498161,-11.896693573333323,True,沪,baseline,0.17785377988346426,-1.7267935276031494
fenqusai/test_photo/38_0751.jpg,3,1,False,blue,green,,8,8,True,沪P464N8Y,0.43634145124676654,-14.927943547256291,True,沪,baseline,0.17785377988346426,-1.7267935276031494
fenqusai/test_photo/38_0751.jpg,3,2,False,blue,green,tractor_green,8,8,True,沪P464N8Y,0.43634145124676654,-14.927943547256291,True,沪,baseline,0.17785377988346426,-1.7267935276031494
fenqusai/test_photo/38_0751.jpg,3,3,False,blue,yellow,,7,7,True,沪P64N8Y,0.5163722180498161,-11.896693573333323,True,沪,baseline,0.17785377988346426,-1.7267935276031494
fenqusai/test_photo/38_0751.jpg,3,4,False,blue,black,,7,7,True,沪P64N8Y,0.5163722180498161,-11.896693573333323,True,沪,baseline,0.17785377988346426,-1.7267935276031494
fenqusai/test_photo/38_0751.jpg,3,5,True,blue,special_7,,7,7,True,沪264N8Y,0.9580341143562627,-0.7716940500613418,True,沪,baseline,0.17785377988346426,-1.7267935276031494
fenqusai/test_photo/38_0751.jpg,3,6,False,blue,unknown_8,,8,8,True,沪P464N8Y,0.43634145124676654,-14.927943547256291,True,沪,baseline,0.17785377988346426,-1.7267935276031494
fenqusai/test_photo/38_0754.jpg,0,0,True,blue,blue,,7,7,True,湘CTY806,0.9386324052842865,-1.1399643196327531,True,湘,baseline,0.11065022196109382,-2.201381206512451
fenqusai/test_photo/38_0754.jpg,0,1,False,blue,green,,8,8,True,湘CTY8065,0.4405969523278679,-14.753245711193784,True,湘,baseline,0.11065022196109382,-2.201381206512451
fenqusai/test_photo/38_0754.jpg,0,2,False,blue,green,tractor_green,8,8,True,湘CTY8065,0.4405969523278679,-14.753245711193784,True,湘,baseline,0.11065022196109382,-2.201381206512451
fenqusai/test_photo/38_0754.jpg,0,3,False,blue,yellow,,7,7,True,湘CTY806,0.9386324052842865,-1.1399643196327531,True,湘,baseline,0.11065022196109382,-2.201381206512451
fenqusai/test_photo/38_0754.jpg,0,4,False,blue,black,,7,7,True,湘CTY806,0.9386324052842865,-1.1399643196327531,True,湘,baseline,0.11065022196109382,-2.201381206512451
fenqusai/test_photo/38_0754.jpg,0,5,False,blue,special_7,,7,7,True,湘CTY806,0.9386324052842865,-1.1399643196327531,True,湘,baseline,0.11065022196109382,-2.201381206512451
fenqusai/test_photo/38_0754.jpg,0,6,False,blue,unknown_8,,8,8,True,湘CTY8065,0.4405969523278679,-14.753245711193784,True,湘,baseline,0.11065022196109382,-2.201381206512451
fenqusai/test_photo/38_0754.jpg,1,0,True,blue,blue,,7,7,True,川A3E2S0,0.9798353590768746,-0.3666730027180165,True,川,baseline,0.2317409338401806,-1.4621351957321167
fenqusai/test_photo/38_0754.jpg,1,1,False,blue,green,,8,8,True,川AL3E2S0,0.6073382923399532,-8.976047843694687,True,川,baseline,0.2317409338401806,-1.4621351957321167
fenqusai/test_photo/38_0754.jpg,1,2,False,blue,green,tractor_green,8,8,True,川AL3E2S0,0.6073382923399532,-8.976047843694687,True,川,baseline,0.2317409338401806,-1.4621351957321167
fenqusai/test_photo/38_0754.jpg,1,3,False,blue,yellow,,7,7,True,川A3E2S0,0.9798353590768746,-0.3666730027180165,True,川,baseline,0.2317409338401806,-1.4621351957321167
fenqusai/test_photo/38_0754.jpg,1,4,False,blue,black,,7,7,True,川A3E2S0,0.9798353590768746,-0.3666730027180165,True,川,baseline,0.2317409338401806,-1.4621351957321167
fenqusai/test_photo/38_0754.jpg,1,5,False,blue,special_7,,7,7,True,川A3E2S0,0.9798353590768746,-0.3666730027180165,True,川,baseline,0.2317409338401806,-1.4621351957321167
fenqusai/test_photo/38_0754.jpg,1,6,False,blue,unknown_8,,8,8,True,川AL3E2S0,0.6073382923399532,-8.976047843694687,True,川,baseline,0.2317409338401806,-1.4621351957321167
fenqusai/test_photo/38_0754.jpg,2,0,True,blue,blue,,7,7,True,新AM02J9,0.9365062003735334,-1.180784453867318,True,新,baseline,0.13329102229755965,-2.0152204036712646
fenqusai/test_photo/38_0754.jpg,2,1,False,blue,green,,8,7,False,新AM02J9,0.9365062003735334,-1.180784453867318,True,新,baseline,0.13329102229755965,-2.0152204036712646
fenqusai/test_photo/38_0754.jpg,2,2,False,blue,green,tractor_green,8,7,False,新AM02J9,0.9365062003735334,-1.180784453867318,True,新,baseline,0.13329102229755965,-2.0152204036712646
fenqusai/test_photo/38_0754.jpg,2,3,False,blue,yellow,,7,7,True,新AM02J9,0.9365062003735334,-1.180784453867318,True,新,baseline,0.13329102229755965,-2.0152204036712646
fenqusai/test_photo/38_0754.jpg,2,4,False,blue,black,,7,7,True,新AM02J9,0.9365062003735334,-1.180784453867318,True,新,baseline,0.13329102229755965,-2.0152204036712646
fenqusai/test_photo/38_0754.jpg,2,5,False,blue,special_7,,7,7,True,新AM02J9,0.9365062003735334,-1.180784453867318,True,新,baseline,0.13329102229755965,-2.0152204036712646
fenqusai/test_photo/38_0754.jpg,2,6,False,blue,unknown_8,,8,7,False,新AM02J9,0.9365062003735334,-1.180784453867318,True,新,baseline,0.13329102229755965,-2.0152204036712646
fenqusai/test_photo/38_0754.jpg,3,0,True,black,black,,7,3,False,辽X5,0.1367307226473185,-35.81535267829895,True,辽,0,1.124960303089402e-16,-36.72361373901367
fenqusai/test_photo/38_0754.jpg,3,1,False,black,blue,,7,3,False,辽X5,0.1367307226473185,-35.81535267829895,True,辽,0,1.124960303089402e-16,-36.72361373901367
fenqusai/test_photo/38_0754.jpg,3,2,False,black,green,,8,3,False,辽X5,0.1367307226473185,-35.81535267829895,True,辽,0,1.124960303089402e-16,-36.72361373901367
fenqusai/test_photo/38_0754.jpg,3,3,False,black,green,tractor_green,8,3,False,辽X5,0.1367307226473185,-35.81535267829895,True,辽,0,1.124960303089402e-16,-36.72361373901367
fenqusai/test_photo/38_0754.jpg,3,4,False,black,yellow,,7,3,False,辽X5,0.1367307226473185,-35.81535267829895,True,辽,0,1.124960303089402e-16,-36.72361373901367
fenqusai/test_photo/38_0754.jpg,3,5,False,black,special_7,,7,3,False,辽X5,0.1367307226473185,-35.81535267829895,True,辽,0,1.124960303089402e-16,-36.72361373901367
fenqusai/test_photo/38_0754.jpg,3,6,False,black,unknown_8,,8,3,False,辽X5,0.1367307226473185,-35.81535267829895,True,辽,0,1.124960303089402e-16,-36.72361373901367
fenqusai/test_photo/38_0778.jpg,0,0,True,yellow,yellow,,7,7,True,津BT9953,0.965070706312219,-0.6399703716742806,True,津,baseline,0.17851591258000113,-1.7230775356292725
fenqusai/test_photo/38_0778.jpg,0,1,False,yellow,blue,,7,7,True,津BT9953,0.965070706312219,-0.6399703716742806,True,津,baseline,0.17851591258000113,-1.7230775356292725
fenqusai/test_photo/38_0778.jpg,0,2,False,yellow,green,,8,7,False,津BT9953,0.965070706312219,-0.6399703716742806,True,津,baseline,0.17851591258000113,-1.7230775356292725
fenqusai/test_photo/38_0778.jpg,0,3,False,yellow,green,tractor_green,8,7,False,津BT9953,0.965070706312219,-0.6399703716742806,True,津,baseline,0.17851591258000113,-1.7230775356292725
fenqusai/test_photo/38_0778.jpg,0,4,False,yellow,black,,7,7,True,津BT9953,0.965070706312219,-0.6399703716742806,True,津,baseline,0.17851591258000113,-1.7230775356292725
fenqusai/test_photo/38_0778.jpg,0,5,False,yellow,special_7,,7,7,True,津BT9953,0.965070706312219,-0.6399703716742806,True,津,baseline,0.17851591258000113,-1.7230775356292725
fenqusai/test_photo/38_0778.jpg,0,6,False,yellow,unknown_8,,8,7,False,津BT9953,0.965070706312219,-0.6399703716742806,True,津,baseline,0.17851591258000113,-1.7230775356292725
fenqusai/test_photo/38_0778.jpg,1,0,True,blue,blue,,7,7,True,吉AE229X,0.949125771737482,-0.9398512502084486,True,吉,baseline,0.3332050424841336,-1.0989972352981567
fenqusai/test_photo/38_0778.jpg,1,1,False,blue,green,,8,7,False,吉AE229X,0.949125771737482,-0.9398512502084486,True,吉,baseline,0.3332050424841336,-1.0989972352981567
fenqusai/test_photo/38_0778.jpg,1,2,False,blue,green,tractor_green,8,7,False,吉AE229X,0.949125771737482,-0.9398512502084486,True,吉,baseline,0.3332050424841336,-1.0989972352981567
fenqusai/test_photo/38_0778.jpg,1,3,False,blue,yellow,,7,7,True,吉AE229X,0.949125771737482,-0.9398512502084486,True,吉,baseline,0.3332050424841336,-1.0989972352981567
fenqusai/test_photo/38_0778.jpg,1,4,False,blue,black,,7,7,True,吉AE229X,0.949125771737482,-0.9398512502084486,True,吉,baseline,0.3332050424841336,-1.0989972352981567
fenqusai/test_photo/38_0778.jpg,1,5,False,blue,special_7,,7,7,True,吉4E229X,0.972477437332508,-0.502351280010771,True,吉,baseline,0.3332050424841336,-1.0989972352981567
fenqusai/test_photo/38_0778.jpg,1,6,False,blue,unknown_8,,8,7,False,吉AE229X,0.949125771737482,-0.9398512502084486,True,吉,baseline,0.3332050424841336,-1.0989972352981567
fenqusai/test_photo/38_0831.jpg,0,0,True,blue,blue,,7,7,True,川A10JL2,0.9874626409125963,-0.22709906837553717,True,川,baseline,0.29257316597578376,-1.229040503501892
fenqusai/test_photo/38_0831.jpg,0,1,False,blue,green,,8,8,True,川NA10JL2,0.6532397529209749,-7.66459909817786,True,川,baseline,0.29257316597578376,-1.229040503501892
fenqusai/test_photo/38_0831.jpg,0,2,False,blue,green,tractor_green,8,8,True,川NA10JL2,0.6532397529209749,-7.66459909817786,True,川,baseline,0.29257316597578376,-1.229040503501892
fenqusai/test_photo/38_0831.jpg,0,3,False,blue,yellow,,7,7,True,川A10JL2,0.9874626409125963,-0.22709906837553717,True,川,baseline,0.29257316597578376,-1.229040503501892
fenqusai/test_photo/38_0831.jpg,0,4,False,blue,black,,7,7,True,川A10JL2,0.9874626409125963,-0.22709906837553717,True,川,baseline,0.29257316597578376,-1.229040503501892
fenqusai/test_photo/38_0831.jpg,0,5,False,blue,special_7,,7,7,True,川A10JL2,0.9874626409125963,-0.22709906837553717,True,川,baseline,0.29257316597578376,-1.229040503501892
fenqusai/test_photo/38_0831.jpg,0,6,False,blue,unknown_8,,8,8,True,川NA10JL2,0.6532397529209749,-7.66459909817786,True,川,baseline,0.29257316597578376,-1.229040503501892
fenqusai/test_photo/38_0831.jpg,1,0,True,blue,blue,,7,7,True,吉A639M1,0.9538111989464947,-0.8512115721805458,True,吉,baseline,0.3329364770085671,-1.0998035669326782
fenqusai/test_photo/38_0831.jpg,1,1,False,blue,green,,8,7,False,吉A639M1,0.9538111989464947,-0.8512115721805458,True,吉,baseline,0.3329364770085671,-1.0998035669326782
fenqusai/test_photo/38_0831.jpg,1,2,False,blue,green,tractor_green,8,7,False,吉A639M1,0.9538111989464947,-0.8512115721805458,True,吉,baseline,0.3329364770085671,-1.0998035669326782
fenqusai/test_photo/38_0831.jpg,1,3,False,blue,yellow,,7,7,True,吉A639M1,0.9538111989464947,-0.8512115721805458,True,吉,baseline,0.3329364770085671,-1.0998035669326782
fenqusai/test_photo/38_0831.jpg,1,4,False,blue,black,,7,7,True,吉A639M1,0.9538111989464947,-0.8512115721805458,True,吉,baseline,0.3329364770085671,-1.0998035669326782
fenqusai/test_photo/38_0831.jpg,1,5,False,blue,special_7,,7,7,True,吉A639M1,0.9538111989464947,-0.8512115721805458,True,吉,baseline,0.3329364770085671,-1.0998035669326782
fenqusai/test_photo/38_0831.jpg,1,6,False,blue,unknown_8,,8,7,False,吉A639M1,0.9538111989464947,-0.8512115721805458,True,吉,baseline,0.3329364770085671,-1.0998035669326782
fenqusai/test_photo/38_0838.jpg,0,0,True,blue,blue,,7,7,True,甘AVR196,0.7968080510138533,-4.088546434417367,True,甘,baseline,0.005613737785579154,-5.1825385093688965
fenqusai/test_photo/38_0838.jpg,0,1,False,blue,green,,8,8,True,甘AVPR196,0.22828932879228805,-26.588546434417367,True,甘,baseline,0.005613737785579154,-5.1825385093688965
fenqusai/test_photo/38_0838.jpg,0,2,False,blue,green,tractor_green,8,8,True,甘AVPR196,0.22828932879228805,-26.588546434417367,True,甘,baseline,0.005613737785579154,-5.1825385093688965
fenqusai/test_photo/38_0838.jpg,0,3,False,blue,yellow,,7,7,True,甘AVR196,0.7968080510138533,-4.088546434417367,True,甘,baseline,0.005613737785579154,-5.1825385093688965
fenqusai/test_photo/38_0838.jpg,0,4,False,blue,black,,7,7,True,甘AVR196,0.7968080510138533,-4.088546434417367,True,甘,baseline,0.005613737785579154,-5.1825385093688965
fenqusai/test_photo/38_0838.jpg,0,5,False,blue,special_7,,7,7,True,甘AVR196,0.7968080510138533,-4.088546434417367,True,甘,baseline,0.005613737785579154,-5.1825385093688965
fenqusai/test_photo/38_0838.jpg,0,6,False,blue,unknown_8,,8,8,True,甘AVPR196,0.22828932879228805,-26.588546434417367,True,甘,baseline,0.005613737785579154,-5.1825385093688965
fenqusai/test_photo/38_0838.jpg,1,0,True,blue,blue,,7,7,True,辽AV97R5,0.996105977874914,-0.07022922424414446,True,辽,baseline,0.3178939067046206,-1.1460375785827637
fenqusai/test_photo/38_0838.jpg,1,1,False,blue,green,,8,7,False,辽AV97R5,0.996105977874914,-0.07022922424414446,True,辽,baseline,0.3178939067046206,-1.1460375785827637
fenqusai/test_photo/38_0838.jpg,1,2,False,blue,green,tractor_green,8,7,False,辽AV97R5,0.996105977874914,-0.07022922424414446,True,辽,baseline,0.3178939067046206,-1.1460375785827637
fenqusai/test_photo/38_0838.jpg,1,3,False,blue,yellow,,7,7,True,辽AV97R5,0.996105977874914,-0.07022922424414446,True,辽,baseline,0.3178939067046206,-1.1460375785827637
fenqusai/test_photo/38_0838.jpg,1,4,False,blue,black,,7,7,True,辽AV97R5,0.996105977874914,-0.07022922424414446,True,辽,baseline,0.3178939067046206,-1.1460375785827637
fenqusai/test_photo/38_0838.jpg,1,5,False,blue,special_7,,7,7,True,辽AV97R5,0.996105977874914,-0.07022922424414446,True,辽,baseline,0.3178939067046206,-1.1460375785827637
fenqusai/test_photo/38_0838.jpg,1,6,False,blue,unknown_8,,8,7,False,辽AV97R5,0.996105977874914,-0.07022922424414446,True,辽,baseline,0.3178939067046206,-1.1460375785827637
fenqusai/test_photo/38_0860.jpg,0,0,True,yellow,yellow,,7,7,True,渝BX0675,0.7954414914455746,-4.119443699717522,True,渝,baseline,0.005766919419758681,-5.1556172370910645
fenqusai/test_photo/38_0860.jpg,0,1,False,yellow,blue,,7,7,True,渝BX0675,0.7954414914455746,-4.119443699717522,True,渝,baseline,0.005766919419758681,-5.1556172370910645
fenqusai/test_photo/38_0860.jpg,0,2,False,yellow,green,,8,8,True,渝BX0675E,0.1934143511766761,-29.572568893432617,True,渝,baseline,0.005766919419758681,-5.1556172370910645
fenqusai/test_photo/38_0860.jpg,0,3,False,yellow,green,tractor_green,8,8,True,渝BX0675E,0.1934143511766761,-29.572568893432617,True,渝,baseline,0.005766919419758681,-5.1556172370910645
fenqusai/test_photo/38_0860.jpg,0,4,False,yellow,black,,7,7,True,渝BX0675,0.7954414914455746,-4.119443699717522,True,渝,baseline,0.005766919419758681,-5.1556172370910645
fenqusai/test_photo/38_0860.jpg,0,5,False,yellow,special_7,,7,7,True,渝BX0675,0.7954414914455746,-4.119443699717522,True,渝,baseline,0.005766919419758681,-5.1556172370910645
fenqusai/test_photo/38_0860.jpg,0,6,False,yellow,unknown_8,,8,8,True,渝BX0675E,0.1934143511766761,-29.572568893432617,True,渝,baseline,0.005766919419758681,-5.1556172370910645
fenqusai/test_photo/38_0860.jpg,1,0,True,blue,blue,,7,7,True,川AZ4Z28,0.9875281769687959,-0.2259044815436937,True,川,baseline,0.3331719564202937,-1.0990965366363525
fenqusai/test_photo/38_0860.jpg,1,1,False,blue,green,,8,7,False,川AZ4Z28,0.9875281769687959,-0.2259044815436937,True,川,baseline,0.3331719564202937,-1.0990965366363525
fenqusai/test_photo/38_0860.jpg,1,2,False,blue,green,tractor_green,8,7,False,川AZ4Z28,0.9875281769687959,-0.2259044815436937,True,川,baseline,0.3331719564202937,-1.0990965366363525
fenqusai/test_photo/38_0860.jpg,1,3,False,blue,yellow,,7,7,True,川AZ4Z28,0.9875281769687959,-0.2259044815436937,True,川,baseline,0.3331719564202937,-1.0990965366363525
fenqusai/test_photo/38_0860.jpg,1,4,False,blue,black,,7,7,True,川AZ4Z28,0.9875281769687959,-0.2259044815436937,True,川,baseline,0.3331719564202937,-1.0990965366363525
fenqusai/test_photo/38_0860.jpg,1,5,False,blue,special_7,,7,7,True,川AZ4Z28,0.9875281769687959,-0.2259044815436937,True,川,baseline,0.3331719564202937,-1.0990965366363525
fenqusai/test_photo/38_0860.jpg,1,6,False,blue,unknown_8,,8,7,False,川AZ4Z28,0.9875281769687959,-0.2259044815436937,True,川,baseline,0.3331719564202937,-1.0990965366363525
fenqusai/test_photo/39.jpg,0,0,True,unknown_7,blue,,7,7,True,云B07559,0.7729754734029683,-4.635143280029297,True,云,baseline,0.0032349054180629915,-5.733755588531494
fenqusai/test_photo/39.jpg,0,1,False,unknown_7,green,,8,8,True,云ZB07559,0.15487346521839562,-33.5726432800293,True,云,baseline,0.0032349054180629915,-5.733755588531494
fenqusai/test_photo/39.jpg,0,2,False,unknown_7,green,tractor_green,8,8,True,云ZB07559,0.15487346521839562,-33.5726432800293,True,云,baseline,0.0032349054180629915,-5.733755588531494
fenqusai/test_photo/39.jpg,0,3,False,unknown_7,yellow,,7,7,True,云B07559,0.7729754734029683,-4.635143280029297,True,云,baseline,0.0032349054180629915,-5.733755588531494
fenqusai/test_photo/39.jpg,0,4,False,unknown_7,black,,7,7,True,云B07559,0.7729754734029683,-4.635143280029297,True,云,baseline,0.0032349054180629915,-5.733755588531494
fenqusai/test_photo/39.jpg,0,5,False,unknown_7,special_7,,7,7,True,云B07559,0.7729754734029683,-4.635143280029297,True,云,baseline,0.0032349054180629915,-5.733755588531494
fenqusai/test_photo/39.jpg,0,6,False,unknown_7,unknown_8,,8,8,True,云ZB07559,0.15487346521839562,-33.5726432800293,True,云,baseline,0.0032349054180629915,-5.733755588531494
fenqusai/test_photo/39.jpg,1,0,False,unknown_7,blue,,7,7,True,宁F141MT,0.4875973942579227,-12.92877405729081,True,宁,baseline,0.1862015466688839,-1.6809256076812744
fenqusai/test_photo/39.jpg,1,1,False,unknown_7,green,,8,8,True,宁F14V1MT,0.580042377013726,-9.80377405729081,True,宁,baseline,0.1862015466688839,-1.6809256076812744
fenqusai/test_photo/39.jpg,1,2,False,unknown_7,green,tractor_green,8,8,True,宁F14V1MT,0.580042377013726,-9.80377405729081,True,宁,baseline,0.1862015466688839,-1.6809256076812744
fenqusai/test_photo/39.jpg,1,3,False,unknown_7,yellow,,7,7,True,宁F141MT,0.4875973942579227,-12.92877405729081,True,宁,baseline,0.1862015466688839,-1.6809256076812744
fenqusai/test_photo/39.jpg,1,4,True,unknown_7,black,,7,7,True,宁F领V1MT,0.8859958698672095,-2.17877381887223,True,宁,baseline,0.1862015466688839,-1.6809256076812744
fenqusai/test_photo/39.jpg,1,5,False,unknown_7,special_7,,7,7,True,宁F领V1MT,0.8859958698672095,-2.17877381887223,True,宁,baseline,0.1862015466688839,-1.6809256076812744
fenqusai/test_photo/39.jpg,1,6,False,unknown_7,unknown_8,,8,8,True,宁F14V1MT,0.580042377013726,-9.80377405729081,True,宁,baseline,0.1862015466688839,-1.6809256076812744
fenqusai/test_photo/40.jpg,0,0,True,blue,blue,,7,7,True,藏JN8888,0.6348814040734885,-8.177707129875216,True,藏,baseline,0.00013465378221062064,-8.912803649902344
fenqusai/test_photo/40.jpg,0,1,False,blue,green,,8,8,True,藏LJN8888,0.4767441096517511,-13.333957016253862,True,藏,baseline,0.00013465378221062064,-8.912803649902344
fenqusai/test_photo/40.jpg,0,2,False,blue,green,tractor_green,8,8,True,藏LJN8888,0.4767441096517511,-13.333957016253862,True,藏,baseline,0.00013465378221062064,-8.912803649902344
fenqusai/test_photo/40.jpg,0,3,False,blue,yellow,,7,7,True,藏JN8888,0.6348814040734885,-8.177707129875216,True,藏,baseline,0.00013465378221062064,-8.912803649902344
fenqusai/test_photo/40.jpg,0,4,False,blue,black,,7,7,True,藏JN8888,0.6348814040734885,-8.177707129875216,True,藏,baseline,0.00013465378221062064,-8.912803649902344
fenqusai/test_photo/40.jpg,0,5,False,blue,special_7,,7,7,True,藏JN8888,0.6348814040734885,-8.177707129875216,True,藏,baseline,0.00013465378221062064,-8.912803649902344
fenqusai/test_photo/40.jpg,0,6,False,blue,unknown_8,,8,8,True,藏LJN8888,0.4767441096517511,-13.333957016253862,True,藏,baseline,0.00013465378221062064,-8.912803649902344
fenqusai/test_photo/41_0670.jpg,0,0,True,blue,blue,,7,7,True,津A857LG,0.9540255772660933,-0.8471663521521577,True,津,baseline,0.1428941952459002,-1.9456508159637451
fenqusai/test_photo/41_0670.jpg,0,1,False,blue,green,,8,7,False,津A857LG,0.9540255772660933,-0.8471663521521577,True,津,baseline,0.1428941952459002,-1.9456508159637451
fenqusai/test_photo/41_0670.jpg,0,2,False,blue,green,tractor_green,8,7,False,津A857LG,0.9540255772660933,-0.8471663521521577,True,津,baseline,0.1428941952459002,-1.9456508159637451
fenqusai/test_photo/41_0670.jpg,0,3,False,blue,yellow,,7,7,True,津A857LG,0.9540255772660933,-0.8471663521521577,True,津,baseline,0.1428941952459002,-1.9456508159637451
fenqusai/test_photo/41_0670.jpg,0,4,False,blue,black,,7,7,True,津A857LG,0.9540255772660933,-0.8471663521521577,True,津,baseline,0.1428941952459002,-1.9456508159637451
fenqusai/test_photo/41_0670.jpg,0,5,False,blue,special_7,,7,7,True,津A857LG,0.9540255772660933,-0.8471663521521577,True,津,baseline,0.1428941952459002,-1.9456508159637451
fenqusai/test_photo/41_0670.jpg,0,6,False,blue,unknown_8,,8,7,False,津A857LG,0.9540255772660933,-0.8471663521521577,True,津,baseline,0.1428941952459002,-1.9456508159637451
fenqusai/test_photo/41_0670.jpg,1,0,True,blue,blue,,7,7,True,冀A51YK7,0.9787070850366685,-0.3874118281964911,True,冀,baseline,0.2262922307380379,-1.4859280586242676
fenqusai/test_photo/41_0670.jpg,1,1,False,blue,green,,8,7,False,冀A51YK7,0.9787070850366685,-0.3874118281964911,True,冀,baseline,0.2262922307380379,-1.4859280586242676
fenqusai/test_photo/41_0670.jpg,1,2,False,blue,green,tractor_green,8,7,False,冀A51YK7,0.9787070850366685,-0.3874118281964911,True,冀,baseline,0.2262922307380379,-1.4859280586242676
fenqusai/test_photo/41_0670.jpg,1,3,False,blue,yellow,,7,7,True,冀A51YK7,0.9787070850366685,-0.3874118281964911,True,冀,baseline,0.2262922307380379,-1.4859280586242676
fenqusai/test_photo/41_0670.jpg,1,4,False,blue,black,,7,7,True,冀A51YK7,0.9787070850366685,-0.3874118281964911,True,冀,baseline,0.2262922307380379,-1.4859280586242676
fenqusai/test_photo/41_0670.jpg,1,5,False,blue,special_7,,7,7,True,冀A51YK7,0.9787070850366685,-0.3874118281964911,True,冀,baseline,0.2262922307380379,-1.4859280586242676
fenqusai/test_photo/41_0670.jpg,1,6,False,blue,unknown_8,,8,7,False,冀A51YK7,0.9787070850366685,-0.3874118281964911,True,冀,baseline,0.2262922307380379,-1.4859280586242676
fenqusai/test_photo/41_0686.jpg,0,0,True,blue,blue,,7,7,True,云D6868X,0.9648117644990113,-0.6448006685822065,True,云,baseline,0.23400749952914218,-1.452402114868164
fenqusai/test_photo/41_0686.jpg,0,1,False,blue,green,,8,8,True,云D6868YX,0.8484921141601341,-2.957300787791496,True,云,baseline,0.23400749952914218,-1.452402114868164
fenqusai/test_photo/41_0686.jpg,0,2,False,blue,green,tractor_green,8,8,True,云D6868YX,0.8484921141601341,-2.957300787791496,True,云,baseline,0.23400749952914218,-1.452402114868164
fenqusai/test_photo/41_0686.jpg,0,3,False,blue,yellow,,7,7,True,云D6868X,0.9648117644990113,-0.6448006685822065,True,云,baseline,0.23400749952914218,-1.452402114868164
fenqusai/test_photo/41_0686.jpg,0,4,False,blue,black,,7,7,True,云D6868X,0.9648117644990113,-0.6448006685822065,True,云,baseline,0.23400749952914218,-1.452402114868164
fenqusai/test_photo/41_0686.jpg,0,5,False,blue,special_7,,7,7,True,云D6868X,0.9648117644990113,-0.6448006685822065,True,云,baseline,0.23400749952914218,-1.452402114868164
fenqusai/test_photo/41_0686.jpg,0,6,False,blue,unknown_8,,8,8,True,云D6868YX,0.8484921141601341,-2.957300787791496,True,云,baseline,0.23400749952914218,-1.452402114868164
fenqusai/test_photo/41_0686.jpg,1,0,True,blue,blue,,7,7,True,辽A8H403,0.9997702386030531,-0.004136180330526429,True,辽,baseline,0.33196369178018653,-1.1027296781539917
fenqusai/test_photo/41_0686.jpg,1,1,False,blue,green,,8,8,True,辽AA8H403,0.4153216480558508,-15.816636061121244,True,辽,baseline,0.33196369178018653,-1.1027296781539917
fenqusai/test_photo/41_0686.jpg,1,2,False,blue,green,tractor_green,8,8,True,辽AA8H403,0.4153216480558508,-15.816636061121244,True,辽,baseline,0.33196369178018653,-1.1027296781539917
fenqusai/test_photo/41_0686.jpg,1,3,False,blue,yellow,,7,7,True,辽A8H403,0.9997702386030531,-0.004136180330526429,True,辽,baseline,0.33196369178018653,-1.1027296781539917
fenqusai/test_photo/41_0686.jpg,1,4,False,blue,black,,7,7,True,辽A8H403,0.9997702386030531,-0.004136180330526429,True,辽,baseline,0.33196369178018653,-1.1027296781539917
fenqusai/test_photo/41_0686.jpg,1,5,False,blue,special_7,,7,7,True,辽A8H403,0.9997702386030531,-0.004136180330526429,True,辽,baseline,0.33196369178018653,-1.1027296781539917
fenqusai/test_photo/41_0686.jpg,1,6,False,blue,unknown_8,,8,8,True,辽AA8H403,0.4153216480558508,-15.816636061121244,True,辽,baseline,0.33196369178018653,-1.1027296781539917
fenqusai/test_photo/41_0705.jpg,0,0,True,green,green,,8,8,True,川AAP8176,0.9999908478148717,-0.00016474008617706204,True,川,baseline,0.33334020119508523,-1.098591685295105
fenqusai/test_photo/41_0705.jpg,0,1,False,green,green,tractor_green,8,8,True,川AAP8176,0.9999908478148717,-0.00016474008617706204,True,川,baseline,0.33334020119508523,-1.098591685295105
fenqusai/test_photo/41_0705.jpg,0,2,False,green,blue,,7,7,True,川AAP817,0.04908259985814349,-54.256512396556275,True,川,baseline,0.33334020119508523,-1.098591685295105
fenqusai/test_photo/41_0705.jpg,0,3,False,green,yellow,,7,7,True,川AAP817,0.04908259985814349,-54.256512396556275,True,川,baseline,0.33334020119508523,-1.098591685295105
fenqusai/test_photo/41_0705.jpg,0,4,False,green,black,,7,7,True,川AAP817,0.04908259985814349,-54.256512396556275,True,川,baseline,0.33334020119508523,-1.098591685295105
fenqusai/test_photo/41_0705.jpg,0,5,False,green,special_7,,7,7,True,川AAP817,0.04908259985814349,-54.256512396556275,True,川,baseline,0.33334020119508523,-1.098591685295105
fenqusai/test_photo/41_0705.jpg,0,6,False,green,unknown_8,,8,8,True,川AAP8176,0.9999908478148717,-0.00016474008617706204,True,川,baseline,0.33334020119508523,-1.098591685295105
fenqusai/test_photo/41_0705.jpg,1,0,True,blue,blue,,7,7,True,京ATZ369,0.9408162711550436,-1.0981333254076162,True,京,baseline,0.1111663805736351,-2.1967272758483887
fenqusai/test_photo/41_0705.jpg,1,1,False,blue,green,,8,7,False,京ATZ369,0.9408162711550436,-1.0981333254076162,True,京,baseline,0.1111663805736351,-2.1967272758483887
fenqusai/test_photo/41_0705.jpg,1,2,False,blue,green,tractor_green,8,7,False,京ATZ369,0.9408162711550436,-1.0981333254076162,True,京,baseline,0.1111663805736351,-2.1967272758483887
fenqusai/test_photo/41_0705.jpg,1,3,False,blue,yellow,,7,7,True,京ATZ369,0.9408162711550436,-1.0981333254076162,True,京,baseline,0.1111663805736351,-2.1967272758483887
fenqusai/test_photo/41_0705.jpg,1,4,False,blue,black,,7,7,True,京ATZ369,0.9408162711550436,-1.0981333254076162,True,京,baseline,0.1111663805736351,-2.1967272758483887
fenqusai/test_photo/41_0705.jpg,1,5,False,blue,special_7,,7,7,True,京ATZ369,0.9408162711550436,-1.0981333254076162,True,京,baseline,0.1111663805736351,-2.1967272758483887
fenqusai/test_photo/41_0705.jpg,1,6,False,blue,unknown_8,,8,7,False,京ATZ369,0.9408162711550436,-1.0981333254076162,True,京,baseline,0.1111663805736351,-2.1967272758483887
fenqusai/test_photo/41_0734.jpg,0,0,True,blue,blue,,7,7,True,云A5J6V7,0.9999980926670563,-3.4332025727223936e-05,True,云,baseline,0.3333268894826207,-1.0986316204071045
fenqusai/test_photo/41_0734.jpg,0,1,False,blue,green,,8,8,True,云A5J65V7,0.39347899394418956,-16.789096712816445,True,云,baseline,0.3333268894826207,-1.0986316204071045
fenqusai/test_photo/41_0734.jpg,0,2,False,blue,green,tractor_green,8,8,True,云A5J65V7,0.39347899394418956,-16.789096712816445,True,云,baseline,0.3333268894826207,-1.0986316204071045
fenqusai/test_photo/41_0734.jpg,0,3,False,blue,yellow,,7,7,True,云A5J6V7,0.9999980926670563,-3.4332025727223936e-05,True,云,baseline,0.3333268894826207,-1.0986316204071045
fenqusai/test_photo/41_0734.jpg,0,4,False,blue,black,,7,7,True,云A5J6V7,0.9999980926670563,-3.4332025727223936e-05,True,云,baseline,0.3333268894826207,-1.0986316204071045
fenqusai/test_photo/41_0734.jpg,0,5,False,blue,special_7,,7,7,True,云A5J6V7,0.9999980926670563,-3.4332025727223936e-05,True,云,baseline,0.3333268894826207,-1.0986316204071045
fenqusai/test_photo/41_0734.jpg,0,6,False,blue,unknown_8,,8,8,True,云A5J65V7,0.39347899394418956,-16.789096712816445,True,云,baseline,0.3333268894826207,-1.0986316204071045
fenqusai/test_photo/41_0734.jpg,1,0,True,yellow,yellow,,7,7,True,冀A3382学,0.979773026753626,-0.3678181109212346,True,冀,baseline,0.2871438816173702,-1.2477718591690063
fenqusai/test_photo/41_0734.jpg,1,1,False,yellow,blue,,7,7,True,冀A3382W,0.2988139003025139,-21.74281751487797,True,冀,baseline,0.2871438816173702,-1.2477718591690063
fenqusai/test_photo/41_0734.jpg,1,2,False,yellow,green,,8,8,True,冀A3U382W,0.26832047890021665,-23.68031752977913,True,冀,baseline,0.2871438816173702,-1.2477718591690063
fenqusai/test_photo/41_0734.jpg,1,3,False,yellow,green,tractor_green,8,8,True,冀A3U382学,0.8797889505337579,-2.305318125822396,True,冀,baseline,0.2871438816173702,-1.2477718591690063
fenqusai/test_photo/41_0734.jpg,1,4,False,yellow,black,,7,7,True,冀A3382学,0.979773026753626,-0.3678181109212346,True,冀,baseline,0.2871438816173702,-1.2477718591690063
fenqusai/test_photo/41_0734.jpg,1,5,False,yellow,special_7,,7,7,True,冀A3382学,0.979773026753626,-0.3678181109212346,True,冀,baseline,0.2871438816173702,-1.2477718591690063
fenqusai/test_photo/41_0734.jpg,1,6,False,yellow,unknown_8,,8,8,True,冀A3U382W,0.26832047890021665,-23.68031752977913,True,冀,baseline,0.2871438816173702,-1.2477718591690063
fenqusai/test_photo/41_0752.jpg,0,0,True,blue,blue,,7,7,True,云NH1103,0.9998686709057091,-0.0023640789368073456,True,云,baseline,0.3331089709078228,-1.09928560256958
fenqusai/test_photo/41_0752.jpg,0,1,False,blue,green,,8,7,False,云NH1103,0.9998686709057091,-0.0023640789368073456,True,云,baseline,0.3331089709078228,-1.09928560256958
fenqusai/test_photo/41_0752.jpg,0,2,False,blue,green,tractor_green,8,7,False,云NH1103,0.9998686709057091,-0.0023640789368073456,True,云,baseline,0.3331089709078228,-1.09928560256958
fenqusai/test_photo/41_0752.jpg,0,3,False,blue,yellow,,7,7,True,云NH1103,0.9998686709057091,-0.0023640789368073456,True,云,baseline,0.3331089709078228,-1.09928560256958
fenqusai/test_photo/41_0752.jpg,0,4,False,blue,black,,7,7,True,云NH1103,0.9998686709057091,-0.0023640789368073456,True,云,baseline,0.3331089709078228,-1.09928560256958
fenqusai/test_photo/41_0752.jpg,0,5,False,blue,special_7,,7,7,True,云NH1103,0.9998686709057091,-0.0023640789368073456,True,云,baseline,0.3331089709078228,-1.09928560256958
fenqusai/test_photo/41_0752.jpg,0,6,False,blue,unknown_8,,8,7,False,云NH1103,0.9998686709057091,-0.0023640789368073456,True,云,baseline,0.3331089709078228,-1.09928560256958
fenqusai/test_photo/41_0752.jpg,1,0,True,blue,blue,,7,7,True,川A62B20,0.9990309311786572,-0.0174516960978508,True,川,baseline,0.333082604721324,-1.0993647575378418
fenqusai/test_photo/41_0752.jpg,1,1,False,blue,green,,8,8,True,川A62B20Q,0.7958057978378462,-4.111201718449593,True,川,baseline,0.333082604721324,-1.0993647575378418
fenqusai/test_photo/41_0752.jpg,1,2,False,blue,green,tractor_green,8,8,True,川A62B20Q,0.7958057978378462,-4.111201718449593,True,川,baseline,0.333082604721324,-1.0993647575378418
fenqusai/test_photo/41_0752.jpg,1,3,False,blue,yellow,,7,7,True,川A62B20,0.9990309311786572,-0.0174516960978508,True,川,baseline,0.333082604721324,-1.0993647575378418
fenqusai/test_photo/41_0752.jpg,1,4,False,blue,black,,7,7,True,川A62B20,0.9990309311786572,-0.0174516960978508,True,川,baseline,0.333082604721324,-1.0993647575378418
fenqusai/test_photo/41_0752.jpg,1,5,False,blue,special_7,,7,7,True,川A62B20,0.9990309311786572,-0.0174516960978508,True,川,baseline,0.333082604721324,-1.0993647575378418
fenqusai/test_photo/41_0752.jpg,1,6,False,blue,unknown_8,,8,8,True,川A62B20Q,0.7958057978378462,-4.111201718449593,True,川,baseline,0.333082604721324,-1.0993647575378418
fenqusai/test_photo/41_0752.jpg,2,0,True,blue,blue,,7,6,False,津AA22A,0.9138150893829705,-1.6222866696766687,True,津,baseline,0.09579184558071417,-2.3455777168273926
fenqusai/test_photo/41_0752.jpg,2,1,False,blue,green,,8,6,False,津AA22A,0.9138150893829705,-1.6222866696766687,True,津,baseline,0.09579184558071417,-2.3455777168273926
fenqusai/test_photo/41_0752.jpg,2,2,False,blue,green,tractor_green,8,6,False,津AA22A,0.9138150893829705,-1.6222866696766687,True,津,baseline,0.09579184558071417,-2.3455777168273926
fenqusai/test_photo/41_0752.jpg,2,3,False,blue,yellow,,7,6,False,津AA22A,0.9138150893829705,-1.6222866696766687,True,津,baseline,0.09579184558071417,-2.3455777168273926
fenqusai/test_photo/41_0752.jpg,2,4,False,blue,black,,7,6,False,津AA22A,0.9138150893829705,-1.6222866696766687,True,津,baseline,0.09579184558071417,-2.3455777168273926
fenqusai/test_photo/41_0752.jpg,2,5,False,blue,special_7,,7,6,False,津AA22A,0.9138150893829705,-1.6222866696766687,True,津,baseline,0.09579184558071417,-2.3455777168273926
fenqusai/test_photo/41_0752.jpg,2,6,False,blue,unknown_8,,8,6,False,津AA22A,0.9138150893829705,-1.6222866696766687,True,津,baseline,0.09579184558071417,-2.3455777168273926
fenqusai/test_photo/41_0752.jpg,3,0,True,blue,blue,,7,2,False,甘M,0.5917524375248981,-9.444004405493445,True,甘,baseline,1.7375392488363162e-10,-22.47338104248047
fenqusai/test_photo/41_0752.jpg,3,1,False,blue,green,,8,2,False,甘M,0.5917524375248981,-9.444004405493445,True,甘,baseline,1.7375392488363162e-10,-22.47338104248047
fenqusai/test_photo/41_0752.jpg,3,2,False,blue,green,tractor_green,8,2,False,甘M,0.5917524375248981,-9.444004405493445,True,甘,baseline,1.7375392488363162e-10,-22.47338104248047
fenqusai/test_photo/41_0752.jpg,3,3,False,blue,yellow,,7,2,False,甘M,0.5917524375248981,-9.444004405493445,True,甘,baseline,1.7375392488363162e-10,-22.47338104248047
fenqusai/test_photo/41_0752.jpg,3,4,False,blue,black,,7,2,False,甘M,0.5917524375248981,-9.444004405493445,True,甘,baseline,1.7375392488363162e-10,-22.47338104248047
fenqusai/test_photo/41_0752.jpg,3,5,False,blue,special_7,,7,2,False,甘M,0.5917524375248981,-9.444004405493445,True,甘,baseline,1.7375392488363162e-10,-22.47338104248047
fenqusai/test_photo/41_0752.jpg,3,6,False,blue,unknown_8,,8,2,False,甘M,0.5917524375248981,-9.444004405493445,True,甘,baseline,1.7375392488363162e-10,-22.47338104248047
fenqusai/test_photo/41_0775.jpg,0,0,True,blue,blue,,7,7,True,吉AA666F,0.8425739089576301,-3.083290107076209,True,吉,baseline,0.015334121499280226,-4.177674770355225
fenqusai/test_photo/41_0775.jpg,0,1,False,blue,green,,8,8,True,吉AAL666F,0.5882113789374396,-9.552040338509869,True,吉,baseline,0.015334121499280226,-4.177674770355225
fenqusai/test_photo/41_0775.jpg,0,2,False,blue,green,tractor_green,8,8,True,吉AAL666F,0.5882113789374396,-9.552040338509869,True,吉,baseline,0.015334121499280226,-4.177674770355225
fenqusai/test_photo/41_0775.jpg,0,3,False,blue,yellow,,7,7,True,吉AA666F,0.8425739089576301,-3.083290107076209,True,吉,baseline,0.015334121499280226,-4.177674770355225
fenqusai/test_photo/41_0775.jpg,0,4,False,blue,black,,7,7,True,吉AA666F,0.8425739089576301,-3.083290107076209,True,吉,baseline,0.015334121499280226,-4.177674770355225
fenqusai/test_photo/41_0775.jpg,0,5,False,blue,special_7,,7,7,True,吉AA666F,0.8425739089576301,-3.083290107076209,True,吉,baseline,0.015334121499280226,-4.177674770355225
fenqusai/test_photo/41_0775.jpg,0,6,False,blue,unknown_8,,8,8,True,吉AAL666F,0.5882113789374396,-9.552040338509869,True,吉,baseline,0.015334121499280226,-4.177674770355225
fenqusai/test_photo/41_0775.jpg,1,0,True,blue,blue,,7,7,True,川A77H3Q,0.8998946513808381,-1.8985963775485288,True,川,baseline,0.609449200129044,-0.49519968032836914
fenqusai/test_photo/41_0775.jpg,1,1,False,blue,green,,8,8,True,川LA77H3Q,0.5810156532520413,-9.77359645042452,True,川,baseline,0.609449200129044,-0.49519968032836914
fenqusai/test_photo/41_0775.jpg,1,2,False,blue,green,tractor_green,8,8,True,川LA77H3Q,0.5810156532520413,-9.77359645042452,True,川,baseline,0.609449200129044,-0.49519968032836914
fenqusai/test_photo/41_0775.jpg,1,3,False,blue,yellow,,7,7,True,川A77H3Q,0.8998946513808381,-1.8985963775485288,True,川,baseline,0.609449200129044,-0.49519968032836914
fenqusai/test_photo/41_0775.jpg,1,4,False,blue,black,,7,7,True,川A77H3Q,0.8998946513808381,-1.8985963775485288,True,川,baseline,0.609449200129044,-0.49519968032836914
fenqusai/test_photo/41_0775.jpg,1,5,False,blue,special_7,,7,7,True,川A77H3Q,0.8998946513808381,-1.8985963775485288,True,川,baseline,0.609449200129044,-0.49519968032836914
fenqusai/test_photo/41_0775.jpg,1,6,False,blue,unknown_8,,8,8,True,川LA77H3Q,0.5810156532520413,-9.77359645042452,True,川,baseline,0.609449200129044,-0.49519968032836914
fenqusai/test_photo/41_0793.jpg,0,0,True,blue,blue,,7,7,True,云SC8685,0.9997341735025883,-0.004785513039678335,True,云,baseline,0.3317419583274819,-1.1033978462219238
fenqusai/test_photo/41_0793.jpg,0,1,False,blue,green,,8,7,False,云SC8685,0.9997341735025883,-0.004785513039678335,True,云,baseline,0.3317419583274819,-1.1033978462219238
fenqusai/test_photo/41_0793.jpg,0,2,False,blue,green,tractor_green,8,7,False,云SC8685,0.9997341735025883,-0.004785513039678335,True,云,baseline,0.3317419583274819,-1.1033978462219238
fenqusai/test_photo/41_0793.jpg,0,3,False,blue,yellow,,7,7,True,云SC8685,0.9997341735025883,-0.004785513039678335,True,云,baseline,0.3317419583274819,-1.1033978462219238
fenqusai/test_photo/41_0793.jpg,0,4,False,blue,black,,7,7,True,云SC8685,0.9997341735025883,-0.004785513039678335,True,云,baseline,0.3317419583274819,-1.1033978462219238
fenqusai/test_photo/41_0793.jpg,0,5,False,blue,special_7,,7,7,True,云SC8685,0.9997341735025883,-0.004785513039678335,True,云,baseline,0.3317419583274819,-1.1033978462219238
fenqusai/test_photo/41_0793.jpg,0,6,False,blue,unknown_8,,8,7,False,云SC8685,0.9997341735025883,-0.004785513039678335,True,云,baseline,0.3317419583274819,-1.1033978462219238
fenqusai/test_photo/41_0793.jpg,1,0,True,blue,blue,,7,7,True,京A8Y33W,0.9805616985053913,-0.35333477589199447,True,京,baseline,0.3272544132736199,-1.117017388343811
fenqusai/test_photo/41_0793.jpg,1,1,False,blue,green,,8,7,False,京A8Y33W,0.9805616985053913,-0.35333477589199447,True,京,baseline,0.3272544132736199,-1.117017388343811
fenqusai/test_photo/41_0793.jpg,1,2,False,blue,green,tractor_green,8,7,False,京A8Y33W,0.9805616985053913,-0.35333477589199447,True,京,baseline,0.3272544132736199,-1.117017388343811
fenqusai/test_photo/41_0793.jpg,1,3,False,blue,yellow,,7,7,True,京A8Y33W,0.9805616985053913,-0.35333477589199447,True,京,baseline,0.3272544132736199,-1.117017388343811
fenqusai/test_photo/41_0793.jpg,1,4,False,blue,black,,7,7,True,京A8Y33W,0.9805616985053913,-0.35333477589199447,True,京,baseline,0.3272544132736199,-1.117017388343811
fenqusai/test_photo/41_0793.jpg,1,5,False,blue,special_7,,7,7,True,京A8Y33W,0.9805616985053913,-0.35333477589199447,True,京,baseline,0.3272544132736199,-1.117017388343811
fenqusai/test_photo/41_0793.jpg,1,6,False,blue,unknown_8,,8,7,False,京A8Y33W,0.9805616985053913,-0.35333477589199447,True,京,baseline,0.3272544132736199,-1.117017388343811
fenqusai/test_photo/41_0797.jpg,0,0,True,blue,blue,,7,7,True,云HDF666,0.9999999337726571,-1.1920922133867862e-06,True,云,baseline,0.33333332672197086,-1.0986123085021973
fenqusai/test_photo/41_0797.jpg,0,1,False,blue,green,,8,8,True,云HDHF666,0.3071080430592346,-21.250001907348633,True,云,baseline,0.33333332672197086,-1.0986123085021973
fenqusai/test_photo/41_0797.jpg,0,2,False,blue,green,tractor_green,8,8,True,云HDHF666,0.3071080430592346,-21.250001907348633,True,云,baseline,0.33333332672197086,-1.0986123085021973
fenqusai/test_photo/41_0797.jpg,0,3,False,blue,yellow,,7,7,True,云HDF666,0.9999999337726571,-1.1920922133867862e-06,True,云,baseline,0.33333332672197086,-1.0986123085021973
fenqusai/test_photo/41_0797.jpg,0,4,False,blue,black,,7,7,True,云HDF666,0.9999999337726571,-1.1920922133867862e-06,True,云,baseline,0.33333332672197086,-1.0986123085021973
fenqusai/test_photo/41_0797.jpg,0,5,False,blue,special_7,,7,7,True,云HDF666,0.9999999337726571,-1.1920922133867862e-06,True,云,baseline,0.33333332672197086,-1.0986123085021973
fenqusai/test_photo/41_0797.jpg,0,6,False,blue,unknown_8,,8,8,True,云HDHF666,0.3071080430592346,-21.250001907348633,True,云,baseline,0.33333332672197086,-1.0986123085021973
fenqusai/test_photo/41_0797.jpg,1,0,True,blue,blue,,7,7,True,吉A38SU9,0.908488724739915,-1.7275104373693395,True,吉,baseline,0.07266947918208506,-2.6218338012695312
fenqusai/test_photo/41_0797.jpg,1,1,False,blue,green,,8,7,False,吉A38SU9,0.908488724739915,-1.7275104373693395,True,吉,baseline,0.07266947918208506,-2.6218338012695312
fenqusai/test_photo/41_0797.jpg,1,2,False,blue,green,tractor_green,8,7,False,吉A38SU9,0.908488724739915,-1.7275104373693395,True,吉,baseline,0.07266947918208506,-2.6218338012695312
fenqusai/test_photo/41_0797.jpg,1,3,False,blue,yellow,,7,7,True,吉A38SU9,0.908488724739915,-1.7275104373693395,True,吉,baseline,0.07266947918208506,-2.6218338012695312
fenqusai/test_photo/41_0797.jpg,1,4,False,blue,black,,7,7,True,吉A38SU9,0.908488724739915,-1.7275104373693395,True,吉,baseline,0.07266947918208506,-2.6218338012695312
fenqusai/test_photo/41_0797.jpg,1,5,False,blue,special_7,,7,7,True,吉A38SU9,0.908488724739915,-1.7275104373693395,True,吉,baseline,0.07266947918208506,-2.6218338012695312
fenqusai/test_photo/41_0797.jpg,1,6,False,blue,unknown_8,,8,7,False,吉A38SU9,0.908488724739915,-1.7275104373693395,True,吉,baseline,0.07266947918208506,-2.6218338012695312
fenqusai/test_photo/41_0801.jpg,0,0,False,blue,blue,,7,7,True,辽A9YN87,0.41388827282055063,-15.878865851875162,True,辽,baseline,0.3334507288034406,-1.0988579988479614
fenqusai/test_photo/41_0801.jpg,0,1,True,blue,green,,8,8,True,辽AA9YN87,0.5521338558892497,-10.691365851875162,True,辽,baseline,0.3334507288034406,-1.0988579988479614
fenqusai/test_photo/41_0801.jpg,0,2,False,blue,green,tractor_green,8,8,True,辽AA9YN87,0.5521338558892497,-10.691365851875162,True,辽,baseline,0.3334507288034406,-1.0988579988479614
fenqusai/test_photo/41_0801.jpg,0,3,False,blue,yellow,,7,7,True,辽A9YN87,0.41388827282055063,-15.878865851875162,True,辽,baseline,0.3334507288034406,-1.0988579988479614
fenqusai/test_photo/41_0801.jpg,0,4,False,blue,black,,7,7,True,辽A9YN87,0.41388827282055063,-15.878865851875162,True,辽,baseline,0.3334507288034406,-1.0988579988479614
fenqusai/test_photo/41_0801.jpg,0,5,False,blue,special_7,,7,7,True,辽A9YN87,0.41388827282055063,-15.878865851875162,True,辽,baseline,0.3334507288034406,-1.0988579988479614
fenqusai/test_photo/41_0801.jpg,0,6,False,blue,unknown_8,,8,8,True,辽AA9YN87,0.5521338558892497,-10.691365851875162,True,辽,baseline,0.3334507288034406,-1.0988579988479614
fenqusai/test_photo/41_0801.jpg,1,0,True,blue,blue,,7,7,True,云A5G1W0,0.9597058573768052,-0.7403119206428528,True,云,baseline,0.16666040467348223,-1.7917970418930054
fenqusai/test_photo/41_0801.jpg,1,1,False,blue,green,,8,7,False,云A5G1W0,0.9597058573768052,-0.7403119206428528,True,云,baseline,0.16666040467348223,-1.7917970418930054
fenqusai/test_photo/41_0801.jpg,1,2,False,blue,green,tractor_green,8,7,False,云A5G1W0,0.9597058573768052,-0.7403119206428528,True,云,baseline,0.16666040467348223,-1.7917970418930054
fenqusai/test_photo/41_0801.jpg,1,3,False,blue,yellow,,7,7,True,云A5G1W0,0.9597058573768052,-0.7403119206428528,True,云,baseline,0.16666040467348223,-1.7917970418930054
fenqusai/test_photo/41_0801.jpg,1,4,False,blue,black,,7,7,True,云A5G1W0,0.9597058573768052,-0.7403119206428528,True,云,baseline,0.16666040467348223,-1.7917970418930054
fenqusai/test_photo/41_0801.jpg,1,5,False,blue,special_7,,7,7,True,云A5G1W0,0.9597058573768052,-0.7403119206428528,True,云,baseline,0.16666040467348223,-1.7917970418930054
fenqusai/test_photo/41_0801.jpg,1,6,False,blue,unknown_8,,8,7,False,云A5G1W0,0.9597058573768052,-0.7403119206428528,True,云,baseline,0.16666040467348223,-1.7917970418930054
fenqusai/test_photo/41_0801.jpg,2,0,True,blue,blue,,7,7,True,苏A1EM22,0.9997756164906019,-0.004039356368593872,True,苏,baseline,0.33212083439071804,-1.102256417274475
fenqusai/test_photo/41_0801.jpg,2,1,False,blue,green,,8,8,True,苏A1LEM22,0.304253353367576,-21.418101457646117,True,苏,baseline,0.33212083439071804,-1.102256417274475
fenqusai/test_photo/41_0801.jpg,2,2,False,blue,green,tractor_green,8,8,True,苏A1LEM22,0.304253353367576,-21.418101457646117,True,苏,baseline,0.33212083439071804,-1.102256417274475
fenqusai/test_photo/41_0801.jpg,2,3,False,blue,yellow,,7,7,True,苏A1EM22,0.9997756164906019,-0.004039356368593872,True,苏,baseline,0.33212083439071804,-1.102256417274475
fenqusai/test_photo/41_0801.jpg,2,4,False,blue,black,,7,7,True,苏A1EM22,0.9997756164906019,-0.004039356368593872,True,苏,baseline,0.33212083439071804,-1.102256417274475
fenqusai/test_photo/41_0801.jpg,2,5,False,blue,special_7,,7,7,True,苏A1EM22,0.9997756164906019,-0.004039356368593872,True,苏,baseline,0.33212083439071804,-1.102256417274475
fenqusai/test_photo/41_0801.jpg,2,6,False,blue,unknown_8,,8,8,True,苏A1LEM22,0.304253353367576,-21.418101457646117,True,苏,baseline,0.33212083439071804,-1.102256417274475
fenqusai/test_photo/41_0803.jpg,0,0,True,blue,blue,,7,7,True,辽CY3683,0.3941654635349581,-16.757720993365524,True,辽,baseline,1.7719292279183868e-08,-17.84861183166504
fenqusai/test_photo/41_0803.jpg,0,1,False,blue,green,,8,8,True,辽CY36834,0.30051672635641663,-21.640533566474346,True,辽,baseline,1.7719292279183868e-08,-17.84861183166504
fenqusai/test_photo/41_0803.jpg,0,2,False,blue,green,tractor_green,8,8,True,辽CY36834,0.30051672635641663,-21.640533566474346,True,辽,baseline,1.7719292279183868e-08,-17.84861183166504
fenqusai/test_photo/41_0803.jpg,0,3,False,blue,yellow,,7,7,True,辽CY3683,0.3941654635349581,-16.757720993365524,True,辽,baseline,1.7719292279183868e-08,-17.84861183166504
fenqusai/test_photo/41_0803.jpg,0,4,False,blue,black,,7,7,True,辽CY3683,0.3941654635349581,-16.757720993365524,True,辽,baseline,1.7719292279183868e-08,-17.84861183166504
fenqusai/test_photo/41_0803.jpg,0,5,False,blue,special_7,,7,7,True,辽CY3683,0.3941654635349581,-16.757720993365524,True,辽,baseline,1.7719292279183868e-08,-17.84861183166504
fenqusai/test_photo/41_0803.jpg,0,6,False,blue,unknown_8,,8,8,True,辽CY36834,0.30051672635641663,-21.640533566474346,True,辽,baseline,1.7719292279183868e-08,-17.84861183166504
fenqusai/test_photo/41_0803.jpg,1,0,True,blue,blue,,7,7,True,川A758CP,0.9998513112165015,-0.002676597097888589,True,川,baseline,0.33333332672197086,-1.0986123085021973
fenqusai/test_photo/41_0803.jpg,1,1,False,blue,green,,8,8,True,川A7Z58CP,0.21288063546545088,-27.846426010131836,True,川,baseline,0.33333332672197086,-1.0986123085021973
fenqusai/test_photo/41_0803.jpg,1,2,False,blue,green,tractor_green,8,8,True,川A7Z58CP,0.21288063546545088,-27.846426010131836,True,川,baseline,0.33333332672197086,-1.0986123085021973
fenqusai/test_photo/41_0803.jpg,1,3,False,blue,yellow,,7,7,True,川A758CP,0.9998513112165015,-0.002676597097888589,True,川,baseline,0.33333332672197086,-1.0986123085021973
fenqusai/test_photo/41_0803.jpg,1,4,False,blue,black,,7,7,True,川A758CP,0.9998513112165015,-0.002676597097888589,True,川,baseline,0.33333332672197086,-1.0986123085021973
fenqusai/test_photo/41_0803.jpg,1,5,False,blue,special_7,,7,7,True,川A758CP,0.9998513112165015,-0.002676597097888589,True,川,baseline,0.33333332672197086,-1.0986123085021973
fenqusai/test_photo/41_0803.jpg,1,6,False,blue,unknown_8,,8,8,True,川A7Z58CP,0.21288063546545088,-27.846426010131836,True,川,baseline,0.33333332672197086,-1.0986123085021973
fenqusai/test_photo/41_0812.jpg,0,0,True,blue,blue,,7,7,True,辽A172LE,0.5464739033726554,-10.876837046351284,True,辽,baseline,7.607942235747417e-06,-11.786317825317383
fenqusai/test_photo/41_0812.jpg,0,1,False,blue,green,,8,8,True,辽A172LFE,0.37720911199477597,-17.549200288485736,True,辽,baseline,7.607942235747417e-06,-11.786317825317383
fenqusai/test_photo/41_0812.jpg,0,2,False,blue,green,tractor_green,8,8,True,辽A172LFE,0.37720911199477597,-17.549200288485736,True,辽,baseline,7.607942235747417e-06,-11.786317825317383
fenqusai/test_photo/41_0812.jpg,0,3,False,blue,yellow,,7,7,True,辽A172LE,0.5464739033726554,-10.876837046351284,True,辽,baseline,7.607942235747417e-06,-11.786317825317383
fenqusai/test_photo/41_0812.jpg,0,4,False,blue,black,,7,7,True,辽A172LE,0.5464739033726554,-10.876837046351284,True,辽,baseline,7.607942235747417e-06,-11.786317825317383
fenqusai/test_photo/41_0812.jpg,0,5,False,blue,special_7,,7,7,True,辽A172LE,0.5464739033726554,-10.876837046351284,True,辽,baseline,7.607942235747417e-06,-11.786317825317383
fenqusai/test_photo/41_0812.jpg,0,6,False,blue,unknown_8,,8,8,True,辽A172LFE,0.37720911199477597,-17.549200288485736,True,辽,baseline,7.607942235747417e-06,-11.786317825317383
fenqusai/test_photo/41_0812.jpg,1,0,True,unknown_7,blue,,7,7,True,黑L286MD,0.9673458009174366,-0.5975864221873053,True,黑,baseline,0.2929519357933203,-1.2277467250823975
fenqusai/test_photo/41_0812.jpg,1,1,False,unknown_7,green,,8,7,False,黑L286MD,0.9673458009174366,-0.5975864221873053,True,黑,baseline,0.2929519357933203,-1.2277467250823975
fenqusai/test_photo/41_0812.jpg,1,2,False,unknown_7,green,tractor_green,8,7,False,黑L286MD,0.9673458009174366,-0.5975864221873053,True,黑,baseline,0.2929519357933203,-1.2277467250823975
fenqusai/test_photo/41_0812.jpg,1,3,False,unknown_7,yellow,,7,7,True,黑L286MD,0.9673458009174366,-0.5975864221873053,True,黑,baseline,0.2929519357933203,-1.2277467250823975
fenqusai/test_photo/41_0812.jpg,1,4,False,unknown_7,black,,7,7,True,黑L286MD,0.9673458009174366,-0.5975864221873053,True,黑,baseline,0.2929519357933203,-1.2277467250823975
fenqusai/test_photo/41_0812.jpg,1,5,False,unknown_7,special_7,,7,7,True,黑L286MD,0.9673458009174366,-0.5975864221873053,True,黑,baseline,0.2929519357933203,-1.2277467250823975
fenqusai/test_photo/41_0812.jpg,1,6,False,unknown_7,unknown_8,,8,7,False,黑L286MD,0.9673458009174366,-0.5975864221873053,True,黑,baseline,0.2929519357933203,-1.2277467250823975
fenqusai/test_photo/41_0837.jpg,0,0,True,blue,blue,,7,7,True,云A3T0Y1,0.9524541308187042,-0.8768399357093628,True,云,baseline,0.1387003002511972,-1.9754397869110107
fenqusai/test_photo/41_0837.jpg,0,1,False,blue,green,,8,8,True,云A3YT0Y1,0.3843255087356618,-17.21277731650008,True,云,baseline,0.1387003002511972,-1.9754397869110107
fenqusai/test_photo/41_0837.jpg,0,2,False,blue,green,tractor_green,8,8,True,云A3YT0Y1,0.3843255087356618,-17.21277731650008,True,云,baseline,0.1387003002511972,-1.9754397869110107
fenqusai/test_photo/41_0837.jpg,0,3,False,blue,yellow,,7,7,True,云A3T0Y1,0.9524541308187042,-0.8768399357093628,True,云,baseline,0.1387003002511972,-1.9754397869110107
fenqusai/test_photo/41_0837.jpg,0,4,False,blue,black,,7,7,True,云A3T0Y1,0.9524541308187042,-0.8768399357093628,True,云,baseline,0.1387003002511972,-1.9754397869110107
fenqusai/test_photo/41_0837.jpg,0,5,False,blue,special_7,,7,7,True,云A3T0Y1,0.9524541308187042,-0.8768399357093628,True,云,baseline,0.1387003002511972,-1.9754397869110107
fenqusai/test_photo/41_0837.jpg,0,6,False,blue,unknown_8,,8,8,True,云A3YT0Y1,0.3843255087356618,-17.21277731650008,True,云,baseline,0.1387003002511972,-1.9754397869110107
fenqusai/test_photo/41_0837.jpg,1,0,True,blue,blue,,7,7,True,冀A3P041,0.9852402396745308,-0.26765584922941343,True,冀,baseline,0.25506246080198725,-1.3662468194961548
fenqusai/test_photo/41_0837.jpg,1,1,False,blue,green,,8,7,False,冀A3P041,0.9852402396745308,-0.26765584922941343,True,冀,baseline,0.25506246080198725,-1.3662468194961548
fenqusai/test_photo/41_0837.jpg,1,2,False,blue,green,tractor_green,8,7,False,冀A3P041,0.9852402396745308,-0.26765584922941343,True,冀,baseline,0.25506246080198725,-1.3662468194961548
fenqusai/test_photo/41_0837.jpg,1,3,False,blue,yellow,,7,7,True,冀A3P041,0.9852402396745308,-0.26765584922941343,True,冀,baseline,0.25506246080198725,-1.3662468194961548
fenqusai/test_photo/41_0837.jpg,1,4,False,blue,black,,7,7,True,冀A3P041,0.9852402396745308,-0.26765584922941343,True,冀,baseline,0.25506246080198725,-1.3662468194961548
fenqusai/test_photo/41_0837.jpg,1,5,False,blue,special_7,,7,7,True,冀A3P041,0.9852402396745308,-0.26765584922941343,True,冀,baseline,0.25506246080198725,-1.3662468194961548
fenqusai/test_photo/41_0837.jpg,1,6,False,blue,unknown_8,,8,7,False,冀A3P041,0.9852402396745308,-0.26765584922941343,True,冀,baseline,0.25506246080198725,-1.3662468194961548
fenqusai/test_photo/41_0837.jpg,2,0,True,blue,blue,,7,6,False,桂L8403,0.9630388660065383,-0.6779071565597405,True,桂,baseline,0.16926177889675148,-1.7763087749481201
fenqusai/test_photo/41_0837.jpg,2,1,False,blue,green,,8,6,False,桂L8403,0.9630388660065383,-0.6779071565597405,True,桂,baseline,0.16926177889675148,-1.7763087749481201
fenqusai/test_photo/41_0837.jpg,2,2,False,blue,green,tractor_green,8,6,False,桂L8403,0.9630388660065383,-0.6779071565597405,True,桂,baseline,0.16926177889675148,-1.7763087749481201
fenqusai/test_photo/41_0837.jpg,2,3,False,blue,yellow,,7,6,False,桂L8403,0.9630388660065383,-0.6779071565597405,True,桂,baseline,0.16926177889675148,-1.7763087749481201
fenqusai/test_photo/41_0837.jpg,2,4,False,blue,black,,7,6,False,桂L8403,0.9630388660065383,-0.6779071565597405,True,桂,baseline,0.16926177889675148,-1.7763087749481201
fenqusai/test_photo/41_0837.jpg,2,5,False,blue,special_7,,7,6,False,桂L8403,0.9630388660065383,-0.6779071565597405,True,桂,baseline,0.16926177889675148,-1.7763087749481201
fenqusai/test_photo/41_0837.jpg,2,6,False,blue,unknown_8,,8,6,False,桂L8403,0.9630388660065383,-0.6779071565597405,True,桂,baseline,0.16926177889675148,-1.7763087749481201
fenqusai/test_photo/41_0847.jpg,0,0,True,blue,blue,,7,7,True,津AD9G57,0.9806263691380049,-0.3521476675196027,True,津,baseline,0.2344029783047591,-1.4507135152816772
fenqusai/test_photo/41_0847.jpg,0,1,False,blue,green,,8,7,False,津AD9G57,0.9806263691380049,-0.3521476675196027,True,津,baseline,0.2344029783047591,-1.4507135152816772
fenqusai/test_photo/41_0847.jpg,0,2,False,blue,green,tractor_green,8,7,False,津AD9G57,0.9806263691380049,-0.3521476675196027,True,津,baseline,0.2344029783047591,-1.4507135152816772
fenqusai/test_photo/41_0847.jpg,0,3,False,blue,yellow,,7,7,True,津AD9G57,0.9806263691380049,-0.3521476675196027,True,津,baseline,0.2344029783047591,-1.4507135152816772
fenqusai/test_photo/41_0847.jpg,0,4,False,blue,black,,7,7,True,津AD9G57,0.9806263691380049,-0.3521476675196027,True,津,baseline,0.2344029783047591,-1.4507135152816772
fenqusai/test_photo/41_0847.jpg,0,5,False,blue,special_7,,7,7,True,津AD9G57,0.9806263691380049,-0.3521476675196027,True,津,baseline,0.2344029783047591,-1.4507135152816772
fenqusai/test_photo/41_0847.jpg,0,6,False,blue,unknown_8,,8,7,False,津AD9G57,0.9806263691380049,-0.3521476675196027,True,津,baseline,0.2344029783047591,-1.4507135152816772
fenqusai/test_photo/41_0847.jpg,1,0,True,blue,blue,,7,7,True,川A720HM,0.9982068978199811,-0.03230481081703829,True,川,baseline,0.3318959098851629,-1.1029338836669922
fenqusai/test_photo/41_0847.jpg,1,1,False,blue,green,,8,8,True,川AA720HM,0.8189670897322698,-3.59480482944349,True,川,baseline,0.3318959098851629,-1.1029338836669922
fenqusai/test_photo/41_0847.jpg,1,2,False,blue,green,tractor_green,8,8,True,川AA720HM,0.8189670897322698,-3.59480482944349,True,川,baseline,0.3318959098851629,-1.1029338836669922
fenqusai/test_photo/41_0847.jpg,1,3,False,blue,yellow,,7,7,True,川A720HM,0.9982068978199811,-0.03230481081703829,True,川,baseline,0.3318959098851629,-1.1029338836669922
fenqusai/test_photo/41_0847.jpg,1,4,False,blue,black,,7,7,True,川A720HM,0.9982068978199811,-0.03230481081703829,True,川,baseline,0.3318959098851629,-1.1029338836669922
fenqusai/test_photo/41_0847.jpg,1,5,False,blue,special_7,,7,7,True,川A720HM,0.9982068978199811,-0.03230481081703829,True,川,baseline,0.3318959098851629,-1.1029338836669922
fenqusai/test_photo/41_0847.jpg,1,6,False,blue,unknown_8,,8,8,True,川AA720HM,0.8189670897322698,-3.59480482944349,True,川,baseline,0.3318959098851629,-1.1029338836669922
fenqusai/test_photo/41_0862.jpg,0,0,True,blue,blue,,7,7,True,云A2UP33,0.9959045756155598,-0.07386900484106462,True,云,baseline,0.3333323333127246,-1.098615288734436
fenqusai/test_photo/41_0862.jpg,0,1,False,blue,green,,8,8,True,云A2UP334,0.6106366739518576,-8.878556489939903,True,云,baseline,0.3333323333127246,-1.098615288734436
fenqusai/test_photo/41_0862.jpg,0,2,False,blue,green,tractor_green,8,8,True,云A2UP334,0.6106366739518576,-8.878556489939903,True,云,baseline,0.3333323333127246,-1.098615288734436
fenqusai/test_photo/41_0862.jpg,0,3,False,blue,yellow,,7,7,True,云A2UP33,0.9959045756155598,-0.07386900484106462,True,云,baseline,0.3333323333127246,-1.098615288734436
fenqusai/test_photo/41_0862.jpg,0,4,False,blue,black,,7,7,True,云A2UP33,0.9959045756155598,-0.07386900484106462,True,云,baseline,0.3333323333127246,-1.098615288734436
fenqusai/test_photo/41_0862.jpg,0,5,False,blue,special_7,,7,7,True,云A2UP33,0.9959045756155598,-0.07386900484106462,True,云,baseline,0.3333323333127246,-1.098615288734436
fenqusai/test_photo/41_0862.jpg,0,6,False,blue,unknown_8,,8,8,True,云A2UP334,0.6106366739518576,-8.878556489939903,True,云,baseline,0.3333323333127246,-1.098615288734436
fenqusai/test_photo/41_0862.jpg,1,0,True,blue,blue,,7,7,True,川AQ27N5,0.9748914145372993,-0.45772531005042083,True,川,baseline,0.21120487736448554,-1.5549266338348389
fenqusai/test_photo/41_0862.jpg,1,1,False,blue,green,,8,7,False,川AQ27N5,0.9748914145372993,-0.45772531005042083,True,川,baseline,0.21120487736448554,-1.5549266338348389
fenqusai/test_photo/41_0862.jpg,1,2,False,blue,green,tractor_green,8,7,False,川AQ27N5,0.9748914145372993,-0.45772531005042083,True,川,baseline,0.21120487736448554,-1.5549266338348389
fenqusai/test_photo/41_0862.jpg,1,3,False,blue,yellow,,7,7,True,川AQ27N5,0.9748914145372993,-0.45772531005042083,True,川,baseline,0.21120487736448554,-1.5549266338348389
fenqusai/test_photo/41_0862.jpg,1,4,False,blue,black,,7,7,True,川AQ27N5,0.9748914145372993,-0.45772531005042083,True,川,baseline,0.21120487736448554,-1.5549266338348389
fenqusai/test_photo/41_0862.jpg,1,5,False,blue,special_7,,7,7,True,川AQ27N5,0.9748914145372993,-0.45772531005042083,True,川,baseline,0.21120487736448554,-1.5549266338348389
fenqusai/test_photo/41_0862.jpg,1,6,False,blue,unknown_8,,8,7,False,川AQ27N5,0.9748914145372993,-0.45772531005042083,True,川,baseline,0.21120487736448554,-1.5549266338348389
fenqusai/test_photo/41_0862.jpg,2,0,True,blue,blue,,7,7,True,黑AL743D,0.9573685644586406,-0.7842030632018577,True,黑,baseline,0.3012273757325753,-1.199889898300171
fenqusai/test_photo/41_0862.jpg,2,1,False,blue,green,,8,8,True,黑AL743MD,0.7065323646684067,-6.252952824783279,True,黑,baseline,0.3012273757325753,-1.199889898300171
fenqusai/test_photo/41_0862.jpg,2,2,False,blue,green,tractor_green,8,8,True,黑AL743MD,0.7065323646684067,-6.252952824783279,True,黑,baseline,0.3012273757325753,-1.199889898300171
fenqusai/test_photo/41_0862.jpg,2,3,False,blue,yellow,,7,7,True,黑AL743D,0.9573685644586406,-0.7842030632018577,True,黑,baseline,0.3012273757325753,-1.199889898300171
fenqusai/test_photo/41_0862.jpg,2,4,False,blue,black,,7,7,True,黑AL743D,0.9573685644586406,-0.7842030632018577,True,黑,baseline,0.3012273757325753,-1.199889898300171
fenqusai/test_photo/41_0862.jpg,2,5,False,blue,special_7,,7,7,True,黑AL743D,0.9573685644586406,-0.7842030632018577,True,黑,baseline,0.3012273757325753,-1.199889898300171
fenqusai/test_photo/41_0862.jpg,2,6,False,blue,unknown_8,,8,8,True,黑AL743MD,0.7065323646684067,-6.252952824783279,True,黑,baseline,0.3012273757325753,-1.199889898300171
fenqusai/test_photo/41_0878.jpg,0,0,True,blue,blue,,7,7,True,云A036MA,0.9949811918624938,-0.09056600375330959,True,云,baseline,0.3333332472491222,-1.0986125469207764
fenqusai/test_photo/41_0878.jpg,0,1,False,blue,green,,8,8,True,云A036MNA,0.6755796506771327,-7.059315867722006,True,云,baseline,0.3333332472491222,-1.0986125469207764
fenqusai/test_photo/41_0878.jpg,0,2,False,blue,green,tractor_green,8,8,True,云A036MNA,0.6755796506771327,-7.059315867722006,True,云,baseline,0.3333332472491222,-1.0986125469207764
fenqusai/test_photo/41_0878.jpg,0,3,False,blue,yellow,,7,7,True,云A036MA,0.9949811918624938,-0.09056600375330959,True,云,baseline,0.3333332472491222,-1.0986125469207764
fenqusai/test_photo/41_0878.jpg,0,4,False,blue,black,,7,7,True,云A036MA,0.9949811918624938,-0.09056600375330959,True,云,baseline,0.3333332472491222,-1.0986125469207764
fenqusai/test_photo/41_0878.jpg,0,5,False,blue,special_7,,7,7,True,云A036MA,0.9949811918624938,-0.09056600375330959,True,云,baseline,0.3333332472491222,-1.0986125469207764
fenqusai/test_photo/41_0878.jpg,0,6,False,blue,unknown_8,,8,8,True,云A036MNA,0.6755796506771327,-7.059315867722006,True,云,baseline,0.3333332472491222,-1.0986125469207764
fenqusai/test_photo/41_0878.jpg,1,0,False,blue,blue,,7,7,True,川AX4X9G,0.44543690719029744,-14.556593962244698,True,川,baseline,0.33333332672197086,-1.0986123085021973
fenqusai/test_photo/41_0878.jpg,1,1,True,blue,green,,8,8,True,川AX4X98G,0.7544321522489505,-5.072218720937563,True,川,baseline,0.33333332672197086,-1.0986123085021973
fenqusai/test_photo/41_0878.jpg,1,2,False,blue,green,tractor_green,8,8,True,川AX4X98G,0.7544321522489505,-5.072218720937563,True,川,baseline,0.33333332672197086,-1.0986123085021973
fenqusai/test_photo/41_0878.jpg,1,3,False,blue,yellow,,7,7,True,川AX4X9G,0.44543690719029744,-14.556593962244698,True,川,baseline,0.33333332672197086,-1.0986123085021973
fenqusai/test_photo/41_0878.jpg,1,4,False,blue,black,,7,7,True,川AX4X9G,0.44543690719029744,-14.556593962244698,True,川,baseline,0.33333332672197086,-1.0986123085021973
fenqusai/test_photo/41_0878.jpg,1,5,False,blue,special_7,,7,7,True,川AX4X9G,0.44543690719029744,-14.556593962244698,True,川,baseline,0.33333332672197086,-1.0986123085021973
fenqusai/test_photo/41_0878.jpg,1,6,False,blue,unknown_8,,8,8,True,川AX4X98G,0.7544321522489505,-5.072218720937563,True,川,baseline,0.33333332672197086,-1.0986123085021973
fenqusai/test_photo/41_0902.jpg,0,0,True,blue,blue,,7,7,True,吉A678AY,0.9882581291196014,-0.2126043192014322,True,吉,baseline,0.3243482993334008,-1.1259373426437378
fenqusai/test_photo/41_0902.jpg,0,1,False,blue,green,,8,7,False,吉A678AY,0.9882581291196014,-0.2126043192014322,True,吉,baseline,0.3243482993334008,-1.1259373426437378
fenqusai/test_photo/41_0902.jpg,0,2,False,blue,green,tractor_green,8,7,False,吉A678AY,0.9882581291196014,-0.2126043192014322,True,吉,baseline,0.3243482993334008,-1.1259373426437378
fenqusai/test_photo/41_0902.jpg,0,3,False,blue,yellow,,7,7,True,吉A678AY,0.9882581291196014,-0.2126043192014322,True,吉,baseline,0.3243482993334008,-1.1259373426437378
fenqusai/test_photo/41_0902.jpg,0,4,False,blue,black,,7,7,True,吉A678AY,0.9882581291196014,-0.2126043192014322,True,吉,baseline,0.3243482993334008,-1.1259373426437378
fenqusai/test_photo/41_0902.jpg,0,5,False,blue,special_7,,7,7,True,吉A678AY,0.9882581291196014,-0.2126043192014322,True,吉,baseline,0.3243482993334008,-1.1259373426437378
fenqusai/test_photo/41_0902.jpg,0,6,False,blue,unknown_8,,8,7,False,吉A678AY,0.9882581291196014,-0.2126043192014322,True,吉,baseline,0.3243482993334008,-1.1259373426437378
fenqusai/test_photo/41_0902.jpg,1,0,True,blue,blue,,7,7,True,新A92354,0.9978051302269091,-0.03955107654223866,True,新,baseline,0.32616542120983927,-1.1203505992889404
fenqusai/test_photo/41_0902.jpg,1,1,False,blue,green,,8,8,True,新A9235U4,0.6893618656174572,-6.695800951512183,True,新,baseline,0.32616542120983927,-1.1203505992889404
fenqusai/test_photo/41_0902.jpg,1,2,False,blue,green,tractor_green,8,8,True,新A9235U4,0.6893618656174572,-6.695800951512183,True,新,baseline,0.32616542120983927,-1.1203505992889404
fenqusai/test_photo/41_0902.jpg,1,3,False,blue,yellow,,7,7,True,新A92354,0.9978051302269091,-0.03955107654223866,True,新,baseline,0.32616542120983927,-1.1203505992889404
fenqusai/test_photo/41_0902.jpg,1,4,False,blue,black,,7,7,True,新A92354,0.9978051302269091,-0.03955107654223866,True,新,baseline,0.32616542120983927,-1.1203505992889404
fenqusai/test_photo/41_0902.jpg,1,5,False,blue,special_7,,7,7,True,新A92354,0.9978051302269091,-0.03955107654223866,True,新,baseline,0.32616542120983927,-1.1203505992889404
fenqusai/test_photo/41_0902.jpg,1,6,False,blue,unknown_8,,8,8,True,新A9235U4,0.6893618656174572,-6.695800951512183,True,新,baseline,0.32616542120983927,-1.1203505992889404
fenqusai/test_photo/41_0902.jpg,2,0,True,blue,blue,,7,7,True,黑A965AB,0.9519370383020614,-0.8866148870735913,True,黑,baseline,0.3034453837377618,-1.1925536394119263
fenqusai/test_photo/41_0902.jpg,2,1,False,blue,green,,8,8,True,黑EA965AB,0.9619048748013479,-0.6991148870735913,True,黑,baseline,0.3034453837377618,-1.1925536394119263
fenqusai/test_photo/41_0902.jpg,2,2,False,blue,green,tractor_green,8,8,True,黑EA965AB,0.9619048748013479,-0.6991148870735913,True,黑,baseline,0.3034453837377618,-1.1925536394119263
fenqusai/test_photo/41_0902.jpg,2,3,False,blue,yellow,,7,7,True,黑A965AB,0.9519370383020614,-0.8866148870735913,True,黑,baseline,0.3034453837377618,-1.1925536394119263
fenqusai/test_photo/41_0902.jpg,2,4,False,blue,black,,7,7,True,黑A965AB,0.9519370383020614,-0.8866148870735913,True,黑,baseline,0.3034453837377618,-1.1925536394119263
fenqusai/test_photo/41_0902.jpg,2,5,False,blue,special_7,,7,7,True,黑A965AB,0.9519370383020614,-0.8866148870735913,True,黑,baseline,0.3034453837377618,-1.1925536394119263
fenqusai/test_photo/41_0902.jpg,2,6,False,blue,unknown_8,,8,8,True,黑EA965AB,0.9619048748013479,-0.6991148870735913,True,黑,baseline,0.3034453837377618,-1.1925536394119263
fenqusai/test_photo/41_0902.jpg,3,0,False,blue,blue,,7,7,True,辽APH008,0.6523763390887972,-7.688406174913325,True,辽,baseline,0.3078430519816342,-1.1781651973724365
fenqusai/test_photo/41_0902.jpg,3,1,True,blue,green,,8,8,True,辽APH0068,0.7869160730754019,-4.313406200990357,True,辽,baseline,0.3078430519816342,-1.1781651973724365
fenqusai/test_photo/41_0902.jpg,3,2,False,blue,green,tractor_green,8,8,True,辽APH0068,0.7869160730754019,-4.313406200990357,True,辽,baseline,0.3078430519816342,-1.1781651973724365
fenqusai/test_photo/41_0902.jpg,3,3,False,blue,yellow,,7,7,True,辽APH008,0.6523763390887972,-7.688406174913325,True,辽,baseline,0.3078430519816342,-1.1781651973724365
fenqusai/test_photo/41_0902.jpg,3,4,False,blue,black,,7,7,True,辽APH008,0.6523763390887972,-7.688406174913325,True,辽,baseline,0.3078430519816342,-1.1781651973724365
fenqusai/test_photo/41_0902.jpg,3,5,False,blue,special_7,,7,7,True,辽APH008,0.6523763390887972,-7.688406174913325,True,辽,baseline,0.3078430519816342,-1.1781651973724365
fenqusai/test_photo/41_0902.jpg,3,6,False,blue,unknown_8,,8,8,True,辽APH0068,0.7869160730754019,-4.313406200990357,True,辽,baseline,0.3078430519816342,-1.1781651973724365
fenqusai/test_photo/41_0902.jpg,4,0,False,blue,blue,,7,6,False,桂GB703,0.04390270383244327,-56.26402866146509,True,桂,baseline,0.2902530200297301,-1.2370022535324097
fenqusai/test_photo/41_0902.jpg,4,1,False,blue,green,,8,6,False,桂GB703,0.04390270383244327,-56.26402866146509,True,桂,baseline,0.2902530200297301,-1.2370022535324097
fenqusai/test_photo/41_0902.jpg,4,2,False,blue,green,tractor_green,8,6,False,桂GB703,0.04390270383244327,-56.26402866146509,True,桂,baseline,0.2902530200297301,-1.2370022535324097
fenqusai/test_photo/41_0902.jpg,4,3,False,blue,yellow,,7,6,False,桂GB703,0.04390270383244327,-56.26402866146509,True,桂,baseline,0.2902530200297301,-1.2370022535324097
fenqusai/test_photo/41_0902.jpg,4,4,False,blue,black,,7,6,False,桂GB703,0.04390270383244327,-56.26402866146509,True,桂,baseline,0.2902530200297301,-1.2370022535324097
fenqusai/test_photo/41_0902.jpg,4,5,True,blue,special_7,,7,6,False,桂6B703,0.9923059309088563,-0.13902878067437285,True,桂,baseline,0.2902530200297301,-1.2370022535324097
fenqusai/test_photo/41_0902.jpg,4,6,False,blue,unknown_8,,8,6,False,桂GB703,0.04390270383244327,-56.26402866146509,True,桂,baseline,0.2902530200297301,-1.2370022535324097
fenqusai/test_photo/41_0929.jpg,0,0,True,blue,blue,,7,7,True,冀A0TC57,0.9040001177971854,-1.8166641891002655,True,冀,baseline,0.06152474834448501,-2.788315773010254
fenqusai/test_photo/41_0929.jpg,0,1,False,blue,green,,8,7,False,冀A0TC57,0.9040001177971854,-1.8166641891002655,True,冀,baseline,0.06152474834448501,-2.788315773010254
fenqusai/test_photo/41_0929.jpg,0,2,False,blue,green,tractor_green,8,7,False,冀A0TC57,0.9040001177971854,-1.8166641891002655,True,冀,baseline,0.06152474834448501,-2.788315773010254
fenqusai/test_photo/41_0929.jpg,0,3,False,blue,yellow,,7,7,True,冀A0TC57,0.9040001177971854,-1.8166641891002655,True,冀,baseline,0.06152474834448501,-2.788315773010254
fenqusai/test_photo/41_0929.jpg,0,4,False,blue,black,,7,7,True,冀A0TC57,0.9040001177971854,-1.8166641891002655,True,冀,baseline,0.06152474834448501,-2.788315773010254
fenqusai/test_photo/41_0929.jpg,0,5,False,blue,special_7,,7,7,True,冀A0TC57,0.9040001177971854,-1.8166641891002655,True,冀,baseline,0.06152474834448501,-2.788315773010254
fenqusai/test_photo/41_0929.jpg,0,6,False,blue,unknown_8,,8,7,False,冀A0TC57,0.9040001177971854,-1.8166641891002655,True,冀,baseline,0.06152474834448501,-2.788315773010254
fenqusai/test_photo/41_0929.jpg,1,0,True,blue,blue,,7,7,True,晋AK7936,0.9506499311748277,-0.9109690240420605,True,晋,baseline,0.3291694254926008,-1.111182689666748
fenqusai/test_photo/41_0929.jpg,1,1,False,blue,green,,8,7,False,晋AK7936,0.9506499311748277,-0.9109690240420605,True,晋,baseline,0.3291694254926008,-1.111182689666748
fenqusai/test_photo/41_0929.jpg,1,2,False,blue,green,tractor_green,8,7,False,晋AK7936,0.9506499311748277,-0.9109690240420605,True,晋,baseline,0.3291694254926008,-1.111182689666748
fenqusai/test_photo/41_0929.jpg,1,3,False,blue,yellow,,7,7,True,晋AK7936,0.9506499311748277,-0.9109690240420605,True,晋,baseline,0.3291694254926008,-1.111182689666748
fenqusai/test_photo/41_0929.jpg,1,4,False,blue,black,,7,7,True,晋AK7936,0.9506499311748277,-0.9109690240420605,True,晋,baseline,0.3291694254926008,-1.111182689666748
fenqusai/test_photo/41_0929.jpg,1,5,False,blue,special_7,,7,7,True,晋AK7936,0.9506499311748277,-0.9109690240420605,True,晋,baseline,0.3291694254926008,-1.111182689666748
fenqusai/test_photo/41_0929.jpg,1,6,False,blue,unknown_8,,8,7,False,晋AK7936,0.9506499311748277,-0.9109690240420605,True,晋,baseline,0.3291694254926008,-1.111182689666748
fenqusai/test_photo/41_0929.jpg,2,0,True,unknown_7,blue,,7,7,True,沪A7020U,0.9908915516776973,-0.16470330951051437,True,沪,baseline,0.28271710081323437,-1.2633085250854492
fenqusai/test_photo/41_0929.jpg,2,1,False,unknown_7,green,,8,7,False,沪A7020U,0.9908915516776973,-0.16470330951051437,True,沪,baseline,0.28271710081323437,-1.2633085250854492
fenqusai/test_photo/41_0929.jpg,2,2,False,unknown_7,green,tractor_green,8,7,False,沪A7020U,0.9908915516776973,-0.16470330951051437,True,沪,baseline,0.28271710081323437,-1.2633085250854492
fenqusai/test_photo/41_0929.jpg,2,3,False,unknown_7,yellow,,7,7,True,沪A7020U,0.9908915516776973,-0.16470330951051437,True,沪,baseline,0.28271710081323437,-1.2633085250854492
fenqusai/test_photo/41_0929.jpg,2,4,False,unknown_7,black,,7,7,True,沪A7020U,0.9908915516776973,-0.16470330951051437,True,沪,baseline,0.28271710081323437,-1.2633085250854492
fenqusai/test_photo/41_0929.jpg,2,5,False,unknown_7,special_7,,7,7,True,沪A7020U,0.9908915516776973,-0.16470330951051437,True,沪,baseline,0.28271710081323437,-1.2633085250854492
fenqusai/test_photo/41_0929.jpg,2,6,False,unknown_7,unknown_8,,8,7,False,沪A7020U,0.9908915516776973,-0.16470330951051437,True,沪,baseline,0.28271710081323437,-1.2633085250854492
fenqusai/test_photo/41_0953.jpg,0,0,True,blue,blue,,7,7,True,云GEY129,0.9372083396678458,-1.1672941301076207,True,云,baseline,0.14570231734122846,-1.926189661026001
fenqusai/test_photo/41_0953.jpg,0,1,False,blue,green,,8,8,True,云GEY1299,0.6611278775586823,-7.448543947568396,True,云,baseline,0.14570231734122846,-1.926189661026001
fenqusai/test_photo/41_0953.jpg,0,2,False,blue,green,tractor_green,8,8,True,云GEY12学9,0.6838929835349594,-6.839168947568396,True,云,baseline,0.14570231734122846,-1.926189661026001
fenqusai/test_photo/41_0953.jpg,0,3,False,blue,yellow,,7,7,True,云GEY129,0.9372083396678458,-1.1672941301076207,True,云,baseline,0.14570231734122846,-1.926189661026001
fenqusai/test_photo/41_0953.jpg,0,4,False,blue,black,,7,7,True,云GEY129,0.9372083396678458,-1.1672941301076207,True,云,baseline,0.14570231734122846,-1.926189661026001
fenqusai/test_photo/41_0953.jpg,0,5,False,blue,special_7,,7,7,True,云GEY129,0.9372083396678458,-1.1672941301076207,True,云,baseline,0.14570231734122846,-1.926189661026001
fenqusai/test_photo/41_0953.jpg,0,6,False,blue,unknown_8,,8,8,True,云GEY1299,0.6611278775586823,-7.448543947568396,True,云,baseline,0.14570231734122846,-1.926189661026001
fenqusai/test_photo/41_0953.jpg,1,0,True,blue,blue,,7,7,True,川AM609H,0.9558292552643876,-0.8131677329183447,True,川,baseline,0.14841919573033663,-1.907714605331421
fenqusai/test_photo/41_0953.jpg,1,1,False,blue,green,,8,8,True,川AM6809H,0.7035617829872679,-6.328792511729233,True,川,baseline,0.14841919573033663,-1.907714605331421
fenqusai/test_photo/41_0953.jpg,1,2,False,blue,green,tractor_green,8,8,True,川AM6809H,0.7035617829872679,-6.328792511729233,True,川,baseline,0.14841919573033663,-1.907714605331421
fenqusai/test_photo/41_0953.jpg,1,3,False,blue,yellow,,7,7,True,川AM609H,0.9558292552643876,-0.8131677329183447,True,川,baseline,0.14841919573033663,-1.907714605331421
fenqusai/test_photo/41_0953.jpg,1,4,False,blue,black,,7,7,True,川AM609H,0.9558292552643876,-0.8131677329183447,True,川,baseline,0.14841919573033663,-1.907714605331421
fenqusai/test_photo/41_0953.jpg,1,5,False,blue,special_7,,7,7,True,川AM609H,0.9558292552643876,-0.8131677329183447,True,川,baseline,0.14841919573033663,-1.907714605331421
fenqusai/test_photo/41_0953.jpg,1,6,False,blue,unknown_8,,8,8,True,川AM6809H,0.7035617829872679,-6.328792511729233,True,川,baseline,0.14841919573033663,-1.907714605331421
fenqusai/test_photo/41_0953.jpg,2,0,True,blue,blue,,7,7,True,黑A80J21,0.9269209929869726,-1.3659650236299967,True,黑,baseline,0.2788401344177915,-1.2771166563034058
fenqusai/test_photo/41_0953.jpg,2,1,False,blue,green,,8,7,False,黑A80J21,0.9269209929869726,-1.3659650236299967,True,黑,baseline,0.2788401344177915,-1.2771166563034058
fenqusai/test_photo/41_0953.jpg,2,2,False,blue,green,tractor_green,8,7,False,黑A80J21,0.9269209929869726,-1.3659650236299967,True,黑,baseline,0.2788401344177915,-1.2771166563034058
fenqusai/test_photo/41_0953.jpg,2,3,False,blue,yellow,,7,7,True,黑A80J21,0.9269209929869726,-1.3659650236299967,True,黑,baseline,0.2788401344177915,-1.2771166563034058
fenqusai/test_photo/41_0953.jpg,2,4,False,blue,black,,7,7,True,黑A80J21,0.9269209929869726,-1.3659650236299967,True,黑,baseline,0.2788401344177915,-1.2771166563034058
fenqusai/test_photo/41_0953.jpg,2,5,False,blue,special_7,,7,7,True,黑A80J21,0.9269209929869726,-1.3659650236299967,True,黑,baseline,0.2788401344177915,-1.2771166563034058
fenqusai/test_photo/41_0953.jpg,2,6,False,blue,unknown_8,,8,7,False,黑A80J21,0.9269209929869726,-1.3659650236299967,True,黑,baseline,0.2788401344177915,-1.2771166563034058
fenqusai/test_photo/41_0999.jpg,0,0,True,blue,blue,,7,7,True,云GFD112,0.9920686337895595,-0.14333376244917417,True,云,baseline,0.28883295680220733,-1.241906762123108
fenqusai/test_photo/41_0999.jpg,0,1,False,blue,green,,8,7,False,云GFD112,0.9920686337895595,-0.14333376244917417,True,云,baseline,0.28883295680220733,-1.241906762123108
fenqusai/test_photo/41_0999.jpg,0,2,False,blue,green,tractor_green,8,7,False,云GFD112,0.9920686337895595,-0.14333376244917417,True,云,baseline,0.28883295680220733,-1.241906762123108
fenqusai/test_photo/41_0999.jpg,0,3,False,blue,yellow,,7,7,True,云GFD112,0.9920686337895595,-0.14333376244917417,True,云,baseline,0.28883295680220733,-1.241906762123108
fenqusai/test_photo/41_0999.jpg,0,4,False,blue,black,,7,7,True,云GFD112,0.9920686337895595,-0.14333376244917417,True,云,baseline,0.28883295680220733,-1.241906762123108
fenqusai/test_photo/41_0999.jpg,0,5,False,blue,special_7,,7,7,True,云GFD112,0.9920686337895595,-0.14333376244917417,True,云,baseline,0.28883295680220733,-1.241906762123108
fenqusai/test_photo/41_0999.jpg,0,6,False,blue,unknown_8,,8,7,False,云GFD112,0.9920686337895595,-0.14333376244917417,True,云,baseline,0.28883295680220733,-1.241906762123108
fenqusai/test_photo/41_0999.jpg,1,0,True,blue,blue,,7,7,True,冀A2S8Y5,0.9713233542831664,-0.5237253811210323,True,冀,baseline,0.20078104850501605,-1.6055402755737305
fenqusai/test_photo/41_0999.jpg,1,1,False,blue,green,,8,7,False,冀A2S8Y5,0.9713233542831664,-0.5237253811210323,True,冀,baseline,0.20078104850501605,-1.6055402755737305
fenqusai/test_photo/41_0999.jpg,1,2,False,blue,green,tractor_green,8,7,False,冀A2S8Y5,0.9713233542831664,-0.5237253811210323,True,冀,baseline,0.20078104850501605,-1.6055402755737305
fenqusai/test_photo/41_0999.jpg,1,3,False,blue,yellow,,7,7,True,冀A2S8Y5,0.9713233542831664,-0.5237253811210323,True,冀,baseline,0.20078104850501605,-1.6055402755737305
fenqusai/test_photo/41_0999.jpg,1,4,False,blue,black,,7,7,True,冀A2S8Y5,0.9713233542831664,-0.5237253811210323,True,冀,baseline,0.20078104850501605,-1.6055402755737305
fenqusai/test_photo/41_0999.jpg,1,5,False,blue,special_7,,7,7,True,冀A2S8Y5,0.9713233542831664,-0.5237253811210323,True,冀,baseline,0.20078104850501605,-1.6055402755737305
fenqusai/test_photo/41_0999.jpg,1,6,False,blue,unknown_8,,8,7,False,冀A2S8Y5,0.9713233542831664,-0.5237253811210323,True,冀,baseline,0.20078104850501605,-1.6055402755737305
fenqusai/test_photo/41_0999.jpg,2,0,True,blue,blue,,7,7,True,辽AR6363,0.9789217811411087,-0.383463653992294,True,辽,baseline,0.31745412602076556,-1.147421956062317
fenqusai/test_photo/41_0999.jpg,2,1,False,blue,green,,8,7,False,辽AR6363,0.9789217811411087,-0.383463653992294,True,辽,baseline,0.31745412602076556,-1.147421956062317
fenqusai/test_photo/41_0999.jpg,2,2,False,blue,green,tractor_green,8,7,False,辽AR6363,0.9789217811411087,-0.383463653992294,True,辽,baseline,0.31745412602076556,-1.147421956062317
fenqusai/test_photo/41_0999.jpg,2,3,False,blue,yellow,,7,7,True,辽AR6363,0.9789217811411087,-0.383463653992294,True,辽,baseline,0.31745412602076556,-1.147421956062317
fenqusai/test_photo/41_0999.jpg,2,4,False,blue,black,,7,7,True,辽AR6363,0.9789217811411087,-0.383463653992294,True,辽,baseline,0.31745412602076556,-1.147421956062317
fenqusai/test_photo/41_0999.jpg,2,5,False,blue,special_7,,7,7,True,辽AR6363,0.9789217811411087,-0.383463653992294,True,辽,baseline,0.31745412602076556,-1.147421956062317
fenqusai/test_photo/41_0999.jpg,2,6,False,blue,unknown_8,,8,7,False,辽AR6363,0.9789217811411087,-0.383463653992294,True,辽,baseline,0.31745412602076556,-1.147421956062317
fenqusai/test_photo/42.jpg,0,0,True,blue,blue,,7,7,True,贵H00351,0.9633608440166236,-0.6718901246786118,True,贵,baseline,0.1943996247372159,-1.6378393173217773
fenqusai/test_photo/42.jpg,0,1,False,blue,green,,8,7,False,贵H00351,0.9633608440166236,-0.6718901246786118,True,贵,baseline,0.1943996247372159,-1.6378393173217773
fenqusai/test_photo/42.jpg,0,2,False,blue,green,tractor_green,8,7,False,贵H00351,0.9633608440166236,-0.6718901246786118,True,贵,baseline,0.1943996247372159,-1.6378393173217773
fenqusai/test_photo/42.jpg,0,3,False,blue,yellow,,7,7,True,贵H00351,0.9633608440166236,-0.6718901246786118,True,贵,baseline,0.1943996247372159,-1.6378393173217773
fenqusai/test_photo/42.jpg,0,4,False,blue,black,,7,7,True,贵H00351,0.9633608440166236,-0.6718901246786118,True,贵,baseline,0.1943996247372159,-1.6378393173217773
fenqusai/test_photo/42.jpg,0,5,False,blue,special_7,,7,7,True,贵H00351,0.9633608440166236,-0.6718901246786118,True,贵,baseline,0.1943996247372159,-1.6378393173217773
fenqusai/test_photo/42.jpg,0,6,False,blue,unknown_8,,8,7,False,贵H00351,0.9633608440166236,-0.6718901246786118,True,贵,baseline,0.1943996247372159,-1.6378393173217773
fenqusai/test_photo/44.jpg,0,0,True,blue,blue,,7,7,True,苏CFM951,0.634525598619023,-8.187797665589159,True,苏,baseline,9.267557881028397e-05,-9.286405563354492
fenqusai/test_photo/44.jpg,0,1,False,blue,green,,8,7,False,苏CFM951,0.634525598619023,-8.187797665589159,True,苏,baseline,9.267557881028397e-05,-9.286405563354492
fenqusai/test_photo/44.jpg,0,2,False,blue,green,tractor_green,8,7,False,苏CFM951,0.634525598619023,-8.187797665589159,True,苏,baseline,9.267557881028397e-05,-9.286405563354492
fenqusai/test_photo/44.jpg,0,3,False,blue,yellow,,7,7,True,苏CFM951,0.634525598619023,-8.187797665589159,True,苏,baseline,9.267557881028397e-05,-9.286405563354492
fenqusai/test_photo/44.jpg,0,4,False,blue,black,,7,7,True,苏CFM951,0.634525598619023,-8.187797665589159,True,苏,baseline,9.267557881028397e-05,-9.286405563354492
fenqusai/test_photo/44.jpg,0,5,False,blue,special_7,,7,7,True,苏CFM951,0.634525598619023,-8.187797665589159,True,苏,baseline,9.267557881028397e-05,-9.286405563354492
fenqusai/test_photo/44.jpg,0,6,False,blue,unknown_8,,8,7,False,苏CFM951,0.634525598619023,-8.187797665589159,True,苏,baseline,9.267557881028397e-05,-9.286405563354492
fenqusai/test_photo/46.jpg,0,0,True,blue,blue,,7,7,True,川ATQ621,0.9730397237144414,-0.49194668902668326,True,川,baseline,0.20392395186596102,-1.5900081396102905
fenqusai/test_photo/46.jpg,0,1,False,blue,green,,8,7,False,川ATQ621,0.9730397237144414,-0.49194668902668326,True,川,baseline,0.20392395186596102,-1.5900081396102905
fenqusai/test_photo/46.jpg,0,2,False,blue,green,tractor_green,8,7,False,川ATQ621,0.9730397237144414,-0.49194668902668326,True,川,baseline,0.20392395186596102,-1.5900081396102905
fenqusai/test_photo/46.jpg,0,3,False,blue,yellow,,7,7,True,川ATQ621,0.9730397237144414,-0.49194668902668326,True,川,baseline,0.20392395186596102,-1.5900081396102905
fenqusai/test_photo/46.jpg,0,4,False,blue,black,,7,7,True,川ATQ621,0.9730397237144414,-0.49194668902668326,True,川,baseline,0.20392395186596102,-1.5900081396102905
fenqusai/test_photo/46.jpg,0,5,False,blue,special_7,,7,7,True,川ATQ621,0.9730397237144414,-0.49194668902668326,True,川,baseline,0.20392395186596102,-1.5900081396102905
fenqusai/test_photo/46.jpg,0,6,False,blue,unknown_8,,8,7,False,川ATQ621,0.9730397237144414,-0.49194668902668326,True,川,baseline,0.20392395186596102,-1.5900081396102905
fenqusai/test_photo/47.jpg,0,0,True,blue,blue,,7,7,True,川E98888,0.5575432248464044,-10.51587441533951,True,川,baseline,0.3333252205890079,-1.0986366271972656
fenqusai/test_photo/47.jpg,0,1,False,blue,green,,8,7,False,川E98888,0.5575432248464044,-10.51587441533951,True,川,baseline,0.3333252205890079,-1.0986366271972656
fenqusai/test_photo/47.jpg,0,2,False,blue,green,tractor_green,8,7,False,川E98888,0.5575432248464044,-10.51587441533951,True,川,baseline,0.3333252205890079,-1.0986366271972656
fenqusai/test_photo/47.jpg,0,3,False,blue,yellow,,7,7,True,川E98888,0.5575432248464044,-10.51587441533951,True,川,baseline,0.3333252205890079,-1.0986366271972656
fenqusai/test_photo/47.jpg,0,4,False,blue,black,,7,7,True,川E98888,0.5575432248464044,-10.51587441533951,True,川,baseline,0.3333252205890079,-1.0986366271972656
fenqusai/test_photo/47.jpg,0,5,False,blue,special_7,,7,7,True,川E98888,0.5575432248464044,-10.51587441533951,True,川,baseline,0.3333252205890079,-1.0986366271972656
fenqusai/test_photo/47.jpg,0,6,False,blue,unknown_8,,8,7,False,川E98888,0.5575432248464044,-10.51587441533951,True,川,baseline,0.3333252205890079,-1.0986366271972656
fenqusai/test_photo/48.jpg,0,0,True,blue,blue,,7,7,True,苏A9412B,0.9691055100433972,-0.5648721754547523,True,苏,baseline,0.2231848547810853,-1.4997549057006836
fenqusai/test_photo/48.jpg,0,1,False,blue,green,,8,7,False,苏A9412B,0.9691055100433972,-0.5648721754547523,True,苏,baseline,0.2231848547810853,-1.4997549057006836
fenqusai/test_photo/48.jpg,0,2,False,blue,green,tractor_green,8,7,False,苏A9412B,0.9691055100433972,-0.5648721754547523,True,苏,baseline,0.2231848547810853,-1.4997549057006836
fenqusai/test_photo/48.jpg,0,3,False,blue,yellow,,7,7,True,苏A9412B,0.9691055100433972,-0.5648721754547523,True,苏,baseline,0.2231848547810853,-1.4997549057006836
fenqusai/test_photo/48.jpg,0,4,False,blue,black,,7,7,True,苏A9412B,0.9691055100433972,-0.5648721754547523,True,苏,baseline,0.2231848547810853,-1.4997549057006836
fenqusai/test_photo/48.jpg,0,5,False,blue,special_7,,7,7,True,苏A9412B,0.9691055100433972,-0.5648721754547523,True,苏,baseline,0.2231848547810853,-1.4997549057006836
fenqusai/test_photo/48.jpg,0,6,False,blue,unknown_8,,8,7,False,苏A9412B,0.9691055100433972,-0.5648721754547523,True,苏,baseline,0.2231848547810853,-1.4997549057006836
fenqusai/test_photo/48_0073.jpg,0,0,True,blue,blue,,7,7,True,吉E69T3D,0.9060072242967356,-1.7767439844028559,True,吉,baseline,0.08161411611943044,-2.5057530403137207
fenqusai/test_photo/48_0073.jpg,0,1,False,blue,green,,8,8,True,吉E689T3D,0.6995006538152233,-6.432993903377792,True,吉,baseline,0.08161411611943044,-2.5057530403137207
fenqusai/test_photo/48_0073.jpg,0,2,False,blue,green,tractor_green,8,8,True,吉E689T3D,0.6995006538152233,-6.432993903377792,True,吉,baseline,0.08161411611943044,-2.5057530403137207
fenqusai/test_photo/48_0073.jpg,0,3,False,blue,yellow,,7,7,True,吉E69T3D,0.9060072242967356,-1.7767439844028559,True,吉,baseline,0.08161411611943044,-2.5057530403137207
fenqusai/test_photo/48_0073.jpg,0,4,False,blue,black,,7,7,True,吉E69T3D,0.9060072242967356,-1.7767439844028559,True,吉,baseline,0.08161411611943044,-2.5057530403137207
fenqusai/test_photo/48_0073.jpg,0,5,False,blue,special_7,,7,7,True,吉E69T3D,0.9060072242967356,-1.7767439844028559,True,吉,baseline,0.08161411611943044,-2.5057530403137207
fenqusai/test_photo/48_0073.jpg,0,6,False,blue,unknown_8,,8,8,True,吉E689T3D,0.6995006538152233,-6.432993903377792,True,吉,baseline,0.08161411611943044,-2.5057530403137207
fenqusai/test_photo/48_0073.jpg,1,0,True,blue,blue,,7,7,True,冀A94BC2,0.9988505305420071,-0.02070235088467598,True,冀,baseline,0.32650348041154925,-1.1193146705627441
fenqusai/test_photo/48_0073.jpg,1,1,False,blue,green,,8,7,False,冀A94BC2,0.9988505305420071,-0.02070235088467598,True,冀,baseline,0.32650348041154925,-1.1193146705627441
fenqusai/test_photo/48_0073.jpg,1,2,False,blue,green,tractor_green,8,7,False,冀A94BC2,0.9988505305420071,-0.02070235088467598,True,冀,baseline,0.32650348041154925,-1.1193146705627441
fenqusai/test_photo/48_0073.jpg,1,3,False,blue,yellow,,7,7,True,冀A94BC2,0.9988505305420071,-0.02070235088467598,True,冀,baseline,0.32650348041154925,-1.1193146705627441
fenqusai/test_photo/48_0073.jpg,1,4,False,blue,black,,7,7,True,冀A94BC2,0.9988505305420071,-0.02070235088467598,True,冀,baseline,0.32650348041154925,-1.1193146705627441
fenqusai/test_photo/48_0073.jpg,1,5,False,blue,special_7,,7,7,True,冀A94BC2,0.9988505305420071,-0.02070235088467598,True,冀,baseline,0.32650348041154925,-1.1193146705627441
fenqusai/test_photo/48_0073.jpg,1,6,False,blue,unknown_8,,8,7,False,冀A94BC2,0.9988505305420071,-0.02070235088467598,True,冀,baseline,0.32650348041154925,-1.1193146705627441
fenqusai/test_photo/48_0193.jpg,0,0,True,blue,blue,,7,7,True,云E65LP3,0.9951398358729104,-0.08769623638363555,True,云,baseline,0.3333076579771742,-1.098689317703247
fenqusai/test_photo/48_0193.jpg,0,1,False,blue,green,,8,7,False,云E65LP3,0.9951398358729104,-0.08769623638363555,True,云,baseline,0.3333076579771742,-1.098689317703247
fenqusai/test_photo/48_0193.jpg,0,2,False,blue,green,tractor_green,8,7,False,云E65LP3,0.9951398358729104,-0.08769623638363555,True,云,baseline,0.3333076579771742,-1.098689317703247
fenqusai/test_photo/48_0193.jpg,0,3,False,blue,yellow,,7,7,True,云E65LP3,0.9951398358729104,-0.08769623638363555,True,云,baseline,0.3333076579771742,-1.098689317703247
fenqusai/test_photo/48_0193.jpg,0,4,False,blue,black,,7,7,True,云E65LP3,0.9951398358729104,-0.08769623638363555,True,云,baseline,0.3333076579771742,-1.098689317703247
fenqusai/test_photo/48_0193.jpg,0,5,False,blue,special_7,,7,7,True,云E65LP3,0.9951398358729104,-0.08769623638363555,True,云,baseline,0.3333076579771742,-1.098689317703247
fenqusai/test_photo/48_0193.jpg,0,6,False,blue,unknown_8,,8,7,False,云E65LP3,0.9951398358729104,-0.08769623638363555,True,云,baseline,0.3333076579771742,-1.098689317703247
fenqusai/test_photo/48_0193.jpg,1,0,True,blue,blue,,7,7,True,川A152RK,0.9662822448830141,-0.6173875525978403,True,川,baseline,0.28583547776284723,-1.2523388862609863
fenqusai/test_photo/48_0193.jpg,1,1,False,blue,green,,8,8,True,川A152RKL,0.6953831010719481,-6.5392624929931955,True,川,baseline,0.28583547776284723,-1.2523388862609863
fenqusai/test_photo/48_0193.jpg,1,2,False,blue,green,tractor_green,8,8,True,川A152RKL,0.6953831010719481,-6.5392624929931955,True,川,baseline,0.28583547776284723,-1.2523388862609863
fenqusai/test_photo/48_0193.jpg,1,3,False,blue,yellow,,7,7,True,川A152RK,0.9662822448830141,-0.6173875525978403,True,川,baseline,0.28583547776284723,-1.2523388862609863
fenqusai/test_photo/48_0193.jpg,1,4,False,blue,black,,7,7,True,川A152RK,0.9662822448830141,-0.6173875525978403,True,川,baseline,0.28583547776284723,-1.2523388862609863
fenqusai/test_photo/48_0193.jpg,1,5,False,blue,special_7,,7,7,True,川A152RK,0.9662822448830141,-0.6173875525978403,True,川,baseline,0.28583547776284723,-1.2523388862609863
fenqusai/test_photo/48_0193.jpg,1,6,False,blue,unknown_8,,8,8,True,川A152RKL,0.6953831010719481,-6.5392624929931955,True,川,baseline,0.28583547776284723,-1.2523388862609863
fenqusai/test_photo/48_0193.jpg,2,0,True,blue,blue,,7,7,True,川A0U58C,0.9698627659758392,-0.5508125256445453,True,川,baseline,0.19225164771477635,-1.6489500999450684
fenqusai/test_photo/48_0193.jpg,2,1,False,blue,green,,8,7,False,川A0U58C,0.9698627659758392,-0.5508125256445453,True,川,baseline,0.19225164771477635,-1.6489500999450684
fenqusai/test_photo/48_0193.jpg,2,2,False,blue,green,tractor_green,8,7,False,川A0U58C,0.9698627659758392,-0.5508125256445453,True,川,baseline,0.19225164771477635,-1.6489500999450684
fenqusai/test_photo/48_0193.jpg,2,3,False,blue,yellow,,7,7,True,川A0U58C,0.9698627659758392,-0.5508125256445453,True,川,baseline,0.19225164771477635,-1.6489500999450684
fenqusai/test_photo/48_0193.jpg,2,4,False,blue,black,,7,7,True,川A0U58C,0.9698627659758392,-0.5508125256445453,True,川,baseline,0.19225164771477635,-1.6489500999450684
fenqusai/test_photo/48_0193.jpg,2,5,False,blue,special_7,,7,7,True,川A0U58C,0.9698627659758392,-0.5508125256445453,True,川,baseline,0.19225164771477635,-1.6489500999450684
fenqusai/test_photo/48_0193.jpg,2,6,False,blue,unknown_8,,8,7,False,川A0U58C,0.9698627659758392,-0.5508125256445453,True,川,baseline,0.19225164771477635,-1.6489500999450684
fenqusai/test_photo/48_0283.jpg,0,0,True,blue,blue,,7,7,True,蒙AH6T16,0.9755174946831993,-0.4461693302146088,True,蒙,baseline,0.22285800377543674,-1.501220464706421
fenqusai/test_photo/48_0283.jpg,0,1,False,blue,green,,8,7,False,蒙AH6T16,0.9755174946831993,-0.4461693302146088,True,蒙,baseline,0.22285800377543674,-1.501220464706421
fenqusai/test_photo/48_0283.jpg,0,2,False,blue,green,tractor_green,8,7,False,蒙AH6T16,0.9755174946831993,-0.4461693302146088,True,蒙,baseline,0.22285800377543674,-1.501220464706421
fenqusai/test_photo/48_0283.jpg,0,3,False,blue,yellow,,7,7,True,蒙AH6T16,0.9755174946831993,-0.4461693302146088,True,蒙,baseline,0.22285800377543674,-1.501220464706421
fenqusai/test_photo/48_0283.jpg,0,4,False,blue,black,,7,7,True,蒙AH6T16,0.9755174946831993,-0.4461693302146088,True,蒙,baseline,0.22285800377543674,-1.501220464706421
fenqusai/test_photo/48_0283.jpg,0,5,False,blue,special_7,,7,7,True,蒙AH6T16,0.9755174946831993,-0.4461693302146088,True,蒙,baseline,0.22285800377543674,-1.501220464706421
fenqusai/test_photo/48_0283.jpg,0,6,False,blue,unknown_8,,8,7,False,蒙AH6T16,0.9755174946831993,-0.4461693302146088,True,蒙,baseline,0.22285800377543674,-1.501220464706421
fenqusai/test_photo/48_0283.jpg,1,0,True,blue,blue,,7,7,True,辽BJS012,0.8659635502649006,-2.5904242992401123,True,辽,baseline,0.024996071467990284,-3.6890366077423096
fenqusai/test_photo/48_0283.jpg,1,1,False,blue,green,,8,8,True,辽BJUS012,0.1664237526278173,-32.27792429924011,True,辽,baseline,0.024996071467990284,-3.6890366077423096
fenqusai/test_photo/48_0283.jpg,1,2,False,blue,green,tractor_green,8,8,True,辽BJUS012,0.1664237526278173,-32.27792429924011,True,辽,baseline,0.024996071467990284,-3.6890366077423096
fenqusai/test_photo/48_0283.jpg,1,3,False,blue,yellow,,7,7,True,辽BJS012,0.8659635502649006,-2.5904242992401123,True,辽,baseline,0.024996071467990284,-3.6890366077423096
fenqusai/test_photo/48_0283.jpg,1,4,False,blue,black,,7,7,True,辽BJS012,0.8659635502649006,-2.5904242992401123,True,辽,baseline,0.024996071467990284,-3.6890366077423096
fenqusai/test_photo/48_0283.jpg,1,5,False,blue,special_7,,7,7,True,辽BJS012,0.8659635502649006,-2.5904242992401123,True,辽,baseline,0.024996071467990284,-3.6890366077423096
fenqusai/test_photo/48_0283.jpg,1,6,False,blue,unknown_8,,8,8,True,辽BJUS012,0.1664237526278173,-32.27792429924011,True,辽,baseline,0.024996071467990284,-3.6890366077423096
fenqusai/test_photo/48_0283.jpg,2,0,True,blue,blue,,7,7,True,冀A82MDD,0.994791670981147,-0.09399491359348389,True,冀,baseline,0.3035220089019596,-1.1923011541366577
fenqusai/test_photo/48_0283.jpg,2,1,False,blue,green,,8,7,False,冀A82MDD,0.994791670981147,-0.09399491359348389,True,冀,baseline,0.3035220089019596,-1.1923011541366577
fenqusai/test_photo/48_0283.jpg,2,2,False,blue,green,tractor_green,8,7,False,冀A82MDD,0.994791670981147,-0.09399491359348389,True,冀,baseline,0.3035220089019596,-1.1923011541366577
fenqusai/test_photo/48_0283.jpg,2,3,False,blue,yellow,,7,7,True,冀A82MDD,0.994791670981147,-0.09399491359348389,True,冀,baseline,0.3035220089019596,-1.1923011541366577
fenqusai/test_photo/48_0283.jpg,2,4,False,blue,black,,7,7,True,冀A82MDD,0.994791670981147,-0.09399491359348389,True,冀,baseline,0.3035220089019596,-1.1923011541366577
fenqusai/test_photo/48_0283.jpg,2,5,False,blue,special_7,,7,7,True,冀A82MDD,0.994791670981147,-0.09399491359348389,True,冀,baseline,0.3035220089019596,-1.1923011541366577
fenqusai/test_photo/48_0283.jpg,2,6,False,blue,unknown_8,,8,7,False,冀A82MDD,0.994791670981147,-0.09399491359348389,True,冀,baseline,0.3035220089019596,-1.1923011541366577
fenqusai/test_photo/49.jpg,0,0,True,blue,blue,,7,7,True,川B444A4,0.9225593888738177,-1.4508634852195357,True,川,baseline,0.1245507042176521,-2.0830423831939697
fenqusai/test_photo/49.jpg,0,1,False,blue,green,,8,8,True,川B444A44,0.8312952954227375,-3.3258635597253416,True,川,baseline,0.1245507042176521,-2.0830423831939697
fenqusai/test_photo/49.jpg,0,2,False,blue,green,tractor_green,8,8,True,川B444A44,0.8312952954227375,-3.3258635597253416,True,川,baseline,0.1245507042176521,-2.0830423831939697
fenqusai/test_photo/49.jpg,0,3,False,blue,yellow,,7,7,True,川B444A4,0.9225593888738177,-1.4508634852195357,True,川,baseline,0.1245507042176521,-2.0830423831939697
fenqusai/test_photo/49.jpg,0,4,False,blue,black,,7,7,True,川B444A4,0.9225593888738177,-1.4508634852195357,True,川,baseline,0.1245507042176521,-2.0830423831939697
fenqusai/test_photo/49.jpg,0,5,False,blue,special_7,,7,7,True,川B444A4,0.9225593888738177,-1.4508634852195357,True,川,baseline,0.1245507042176521,-2.0830423831939697
fenqusai/test_photo/49.jpg,0,6,False,blue,unknown_8,,8,8,True,川B444A44,0.8312952954227375,-3.3258635597253416,True,川,baseline,0.1245507042176521,-2.0830423831939697
fenqusai/test_photo/55.jpg,0,0,False,green,green,,8,6,False,藏K4313,0.9055782401010257,-1.7852687996200913,True,藏,baseline,0.16662180665258822,-1.7920286655426025
fenqusai/test_photo/55.jpg,0,1,False,green,green,tractor_green,8,6,False,藏K4313,0.9055782401010257,-1.7852687996200913,True,藏,baseline,0.16662180665258822,-1.7920286655426025
fenqusai/test_photo/55.jpg,0,2,True,green,blue,,7,7,True,藏K4313S,0.8216803576238421,-3.5352687400154466,True,藏,baseline,0.16662180665258822,-1.7920286655426025
fenqusai/test_photo/55.jpg,0,3,False,green,yellow,,7,7,True,藏K4313S,0.8216803576238421,-3.5352687400154466,True,藏,baseline,0.16662180665258822,-1.7920286655426025
fenqusai/test_photo/55.jpg,0,4,False,green,black,,7,7,True,藏K4313S,0.8216803576238421,-3.5352687400154466,True,藏,baseline,0.16662180665258822,-1.7920286655426025
fenqusai/test_photo/55.jpg,0,5,False,green,special_7,,7,7,True,藏K4313S,0.8216803576238421,-3.5352687400154466,True,藏,baseline,0.16662180665258822,-1.7920286655426025
fenqusai/test_photo/55.jpg,0,6,False,green,unknown_8,,8,6,False,藏K4313,0.9055782401010257,-1.7852687996200913,True,藏,baseline,0.16662180665258822,-1.7920286655426025
fenqusai/test_photo/58.jpg,0,0,True,blue,blue,,7,7,True,浙E22602,0.8576025990513055,-2.7650602450798942,True,浙,baseline,0.049142618750966933,-3.013028621673584
fenqusai/test_photo/58.jpg,0,1,False,blue,green,,8,8,True,浙E22602E,0.8711078748643498,-2.4838102450798942,True,浙,baseline,0.049142618750966933,-3.013028621673584
fenqusai/test_photo/58.jpg,0,2,False,blue,green,tractor_green,8,8,True,浙E22602E,0.8711078748643498,-2.4838102450798942,True,浙,baseline,0.049142618750966933,-3.013028621673584
fenqusai/test_photo/58.jpg,0,3,False,blue,yellow,,7,7,True,浙E22602,0.8576025990513055,-2.7650602450798942,True,浙,baseline,0.049142618750966933,-3.013028621673584
fenqusai/test_photo/58.jpg,0,4,False,blue,black,,7,7,True,浙E22602,0.8576025990513055,-2.7650602450798942,True,浙,baseline,0.049142618750966933,-3.013028621673584
fenqusai/test_photo/58.jpg,0,5,False,blue,special_7,,7,7,True,浙E22602,0.8576025990513055,-2.7650602450798942,True,浙,baseline,0.049142618750966933,-3.013028621673584
fenqusai/test_photo/58.jpg,0,6,False,blue,unknown_8,,8,8,True,浙E22602E,0.8711078748643498,-2.4838102450798942,True,浙,baseline,0.049142618750966933,-3.013028621673584
fenqusai/test_photo/64_0236.jpg,0,0,True,blue,blue,,7,7,True,冀A1QT20,0.9539855247593952,-0.8479220554286258,True,冀,baseline,0.20418698137634753,-1.588719129562378
fenqusai/test_photo/64_0236.jpg,0,1,False,blue,green,,8,7,False,冀A1QT20,0.9539855247593952,-0.8479220554286258,True,冀,baseline,0.20418698137634753,-1.588719129562378
fenqusai/test_photo/64_0236.jpg,0,2,False,blue,green,tractor_green,8,7,False,冀A1QT20,0.9539855247593952,-0.8479220554286258,True,冀,baseline,0.20418698137634753,-1.588719129562378
fenqusai/test_photo/64_0236.jpg,0,3,False,blue,yellow,,7,7,True,冀A1QT20,0.9539855247593952,-0.8479220554286258,True,冀,baseline,0.20418698137634753,-1.588719129562378
fenqusai/test_photo/64_0236.jpg,0,4,False,blue,black,,7,7,True,冀A1QT20,0.9539855247593952,-0.8479220554286258,True,冀,baseline,0.20418698137634753,-1.588719129562378
fenqusai/test_photo/64_0236.jpg,0,5,False,blue,special_7,,7,7,True,冀A1QT20,0.9539855247593952,-0.8479220554286258,True,冀,baseline,0.20418698137634753,-1.588719129562378
fenqusai/test_photo/64_0236.jpg,0,6,False,blue,unknown_8,,8,7,False,冀A1QT20,0.9539855247593952,-0.8479220554286258,True,冀,baseline,0.20418698137634753,-1.588719129562378
fenqusai/test_photo/64_0236.jpg,1,0,True,yellow,yellow,,7,7,True,鄂E63893,0.9997713015513677,-0.004117042873986065,True,鄂,baseline,0.3326004005136879,-1.1008135080337524
fenqusai/test_photo/64_0236.jpg,1,1,False,yellow,blue,,7,7,True,鄂E63893,0.9997713015513677,-0.004117042873986065,True,鄂,baseline,0.3326004005136879,-1.1008135080337524
fenqusai/test_photo/64_0236.jpg,1,2,False,yellow,green,,8,8,True,鄂EK63893,0.26631445037054224,-23.815395434387028,True,鄂,baseline,0.3326004005136879,-1.1008135080337524
fenqusai/test_photo/64_0236.jpg,1,3,False,yellow,green,tractor_green,8,8,True,鄂EK63893,0.26631445037054224,-23.815395434387028,True,鄂,baseline,0.3326004005136879,-1.1008135080337524
fenqusai/test_photo/64_0236.jpg,1,4,False,yellow,black,,7,7,True,鄂E63893,0.9997713015513677,-0.004117042873986065,True,鄂,baseline,0.3326004005136879,-1.1008135080337524
fenqusai/test_photo/64_0236.jpg,1,5,False,yellow,special_7,,7,7,True,鄂E63893,0.9997713015513677,-0.004117042873986065,True,鄂,baseline,0.3326004005136879,-1.1008135080337524
fenqusai/test_photo/64_0236.jpg,1,6,False,yellow,unknown_8,,8,8,True,鄂EK63893,0.26631445037054224,-23.815395434387028,True,鄂,baseline,0.3326004005136879,-1.1008135080337524
fenqusai/test_photo/64_0236.jpg,2,0,True,blue,blue,,7,7,True,苏J8W671,0.931596974735361,-1.275389790534966,True,苏,baseline,0.09310736588588367,-2.374001979827881
fenqusai/test_photo/64_0236.jpg,2,1,False,blue,green,,8,7,False,苏J8W671,0.931596974735361,-1.275389790534966,True,苏,baseline,0.09310736588588367,-2.374001979827881
fenqusai/test_photo/64_0236.jpg,2,2,False,blue,green,tractor_green,8,7,False,苏J8W671,0.931596974735361,-1.275389790534966,True,苏,baseline,0.09310736588588367,-2.374001979827881
fenqusai/test_photo/64_0236.jpg,2,3,False,blue,yellow,,7,7,True,苏J8W671,0.931596974735361,-1.275389790534966,True,苏,baseline,0.09310736588588367,-2.374001979827881
fenqusai/test_photo/64_0236.jpg,2,4,False,blue,black,,7,7,True,苏J8W671,0.931596974735361,-1.275389790534966,True,苏,baseline,0.09310736588588367,-2.374001979827881
fenqusai/test_photo/64_0236.jpg,2,5,False,blue,special_7,,7,7,True,苏J8W671,0.931596974735361,-1.275389790534966,True,苏,baseline,0.09310736588588367,-2.374001979827881
fenqusai/test_photo/64_0236.jpg,2,6,False,blue,unknown_8,,8,7,False,苏J8W671,0.931596974735361,-1.275389790534966,True,苏,baseline,0.09310736588588367,-2.374001979827881
fenqusai/test_photo/64_0833.jpg,0,0,False,yellow,yellow,,7,7,True,吉M81920,0.1186806773580157,-38.36373797059059,True,吉,baseline,0.292885276150101,-1.22797429561615
fenqusai/test_photo/64_0833.jpg,0,1,False,yellow,blue,,7,7,True,吉M81920,0.1186806773580157,-38.36373797059059,True,吉,baseline,0.292885276150101,-1.22797429561615
fenqusai/test_photo/64_0833.jpg,0,2,False,yellow,green,,8,8,True,吉M819210,0.26193678325820796,-24.113737612962552,True,吉,baseline,0.292885276150101,-1.22797429561615
fenqusai/test_photo/64_0833.jpg,0,3,False,yellow,green,tractor_green,8,8,True,吉M819210,0.26193678325820796,-24.113737612962552,True,吉,baseline,0.292885276150101,-1.22797429561615
fenqusai/test_photo/64_0833.jpg,0,4,False,yellow,black,,7,7,True,吉M81920,0.1186806773580157,-38.36373797059059,True,吉,baseline,0.292885276150101,-1.22797429561615
fenqusai/test_photo/64_0833.jpg,0,5,True,yellow,special_7,,7,7,True,吉819210,0.9928389515451043,-0.12936261296255225,True,吉,baseline,0.292885276150101,-1.22797429561615
fenqusai/test_photo/64_0833.jpg,0,6,False,yellow,unknown_8,,8,8,True,吉M819210,0.26193678325820796,-24.113737612962552,True,吉,baseline,0.292885276150101,-1.22797429561615
fenqusai/test_photo/64_0833.jpg,1,0,True,blue,blue,,7,7,True,川A6P2V8,0.9848822023038784,-0.2741982575644215,True,川,baseline,0.2733700567101814,-1.296928882598877
fenqusai/test_photo/64_0833.jpg,1,1,False,blue,green,,8,7,False,川A6P2V8,0.9848822023038784,-0.2741982575644215,True,川,baseline,0.2733700567101814,-1.296928882598877
fenqusai/test_photo/64_0833.jpg,1,2,False,blue,green,tractor_green,8,7,False,川A6P2V8,0.9848822023038784,-0.2741982575644215,True,川,baseline,0.2733700567101814,-1.296928882598877
fenqusai/test_photo/64_0833.jpg,1,3,False,blue,yellow,,7,7,True,川A6P2V8,0.9848822023038784,-0.2741982575644215,True,川,baseline,0.2733700567101814,-1.296928882598877
fenqusai/test_photo/64_0833.jpg,1,4,False,blue,black,,7,7,True,川A6P2V8,0.9848822023038784,-0.2741982575644215,True,川,baseline,0.2733700567101814,-1.296928882598877
fenqusai/test_photo/64_0833.jpg,1,5,False,blue,special_7,,7,7,True,川A6P2V8,0.9848822023038784,-0.2741982575644215,True,川,baseline,0.2733700567101814,-1.296928882598877
fenqusai/test_photo/64_0833.jpg,1,6,False,blue,unknown_8,,8,7,False,川A6P2V8,0.9848822023038784,-0.2741982575644215,True,川,baseline,0.2733700567101814,-1.296928882598877
fenqusai/test_photo/64_0833.jpg,2,0,True,blue,blue,,7,7,True,辽A09Y34,0.9385879638169262,-1.140816586554422,True,辽,baseline,0.17150917667855328,-1.7631185054779053
fenqusai/test_photo/64_0833.jpg,2,1,False,blue,green,,8,8,True,辽A095Y34,0.6690340139057993,-7.234566790281235,True,辽,baseline,0.17150917667855328,-1.7631185054779053
fenqusai/test_photo/64_0833.jpg,2,2,False,blue,green,tractor_green,8,8,True,辽A095Y34,0.6690340139057993,-7.234566790281235,True,辽,baseline,0.17150917667855328,-1.7631185054779053
fenqusai/test_photo/64_0833.jpg,2,3,False,blue,yellow,,7,7,True,辽A09Y34,0.9385879638169262,-1.140816586554422,True,辽,baseline,0.17150917667855328,-1.7631185054779053
fenqusai/test_photo/64_0833.jpg,2,4,False,blue,black,,7,7,True,辽A09Y34,0.9385879638169262,-1.140816586554422,True,辽,baseline,0.17150917667855328,-1.7631185054779053
fenqusai/test_photo/64_0833.jpg,2,5,False,blue,special_7,,7,7,True,辽A09Y34,0.9385879638169262,-1.140816586554422,True,辽,baseline,0.17150917667855328,-1.7631185054779053
fenqusai/test_photo/64_0833.jpg,2,6,False,blue,unknown_8,,8,8,True,辽A095Y34,0.6690340139057993,-7.234566790281235,True,辽,baseline,0.17150917667855328,-1.7631185054779053
fenqusai/test_photo/653.jpg,0,0,True,blue,blue,,7,7,True,桂AG9Z10,0.9924143708833207,-0.13706183395594707,True,桂,baseline,0.3333328498851632,-1.0986137390136719
fenqusai/test_photo/653.jpg,0,1,False,blue,green,,8,8,True,桂ACG9Z10,0.651972145351632,-7.6995619167854485,True,桂,baseline,0.3333328498851632,-1.0986137390136719
fenqusai/test_photo/653.jpg,0,2,False,blue,green,tractor_green,8,8,True,桂ACG9Z10,0.651972145351632,-7.6995619167854485,True,桂,baseline,0.3333328498851632,-1.0986137390136719
fenqusai/test_photo/653.jpg,0,3,False,blue,yellow,,7,7,True,桂AG9Z10,0.9924143708833207,-0.13706183395594707,True,桂,baseline,0.3333328498851632,-1.0986137390136719
fenqusai/test_photo/653.jpg,0,4,False,blue,black,,7,7,True,桂AG9Z10,0.9924143708833207,-0.13706183395594707,True,桂,baseline,0.3333328498851632,-1.0986137390136719
fenqusai/test_photo/653.jpg,0,5,False,blue,special_7,,7,7,True,桂AG9Z10,0.9924143708833207,-0.13706183395594707,True,桂,baseline,0.3333328498851632,-1.0986137390136719
fenqusai/test_photo/653.jpg,0,6,False,blue,unknown_8,,8,8,True,桂ACG9Z10,0.651972145351632,-7.6995619167854485,True,桂,baseline,0.3333328498851632,-1.0986137390136719
fenqusai/test_photo/655.jpg,0,0,True,blue,blue,,7,7,True,云A70M53,0.8103004133181478,-3.786303949833382,True,云,baseline,0.007565472169802681,-4.88416051864624
fenqusai/test_photo/655.jpg,0,1,False,blue,green,,8,8,True,云A70M534,0.15225093679057655,-33.88005394983338,True,云,baseline,0.007565472169802681,-4.88416051864624
fenqusai/test_photo/655.jpg,0,2,False,blue,green,tractor_green,8,8,True,云A70M534,0.15225093679057655,-33.88005394983338,True,云,baseline,0.007565472169802681,-4.88416051864624
fenqusai/test_photo/655.jpg,0,3,False,blue,yellow,,7,7,True,云A70M53,0.8103004133181478,-3.786303949833382,True,云,baseline,0.007565472169802681,-4.88416051864624
fenqusai/test_photo/655.jpg,0,4,False,blue,black,,7,7,True,云A70M53,0.8103004133181478,-3.786303949833382,True,云,baseline,0.007565472169802681,-4.88416051864624
fenqusai/test_photo/655.jpg,0,5,False,blue,special_7,,7,7,True,云A70M53,0.8103004133181478,-3.786303949833382,True,云,baseline,0.007565472169802681,-4.88416051864624
fenqusai/test_photo/655.jpg,0,6,False,blue,unknown_8,,8,8,True,云A70M534,0.15225093679057655,-33.88005394983338,True,云,baseline,0.007565472169802681,-4.88416051864624
fenqusai/test_photo/657.jpg,0,0,True,blue,blue,,7,7,True,黑D8880D,0.7127196635919961,-6.0960080623626425,True,黑,baseline,0.6659148683161731,-0.4065934419631958
fenqusai/test_photo/657.jpg,0,1,False,blue,green,,8,8,True,黑BD8880D,0.49411522869374985,-12.689757585525484,True,黑,baseline,0.6659148683161731,-0.4065934419631958
fenqusai/test_photo/657.jpg,0,2,False,blue,green,tractor_green,8,8,True,黑BD8880D,0.49411522869374985,-12.689757585525484,True,黑,baseline,0.6659148683161731,-0.4065934419631958
fenqusai/test_photo/657.jpg,0,3,False,blue,yellow,,7,7,True,黑D8880D,0.7127196635919961,-6.0960080623626425,True,黑,baseline,0.6659148683161731,-0.4065934419631958
fenqusai/test_photo/657.jpg,0,4,False,blue,black,,7,7,True,黑D8880D,0.7127196635919961,-6.0960080623626425,True,黑,baseline,0.6659148683161731,-0.4065934419631958
fenqusai/test_photo/657.jpg,0,5,False,blue,special_7,,7,7,True,黑D8880D,0.7127196635919961,-6.0960080623626425,True,黑,baseline,0.6659148683161731,-0.4065934419631958
fenqusai/test_photo/657.jpg,0,6,False,blue,unknown_8,,8,8,True,黑BD8880D,0.49411522869374985,-12.689757585525484,True,黑,baseline,0.6659148683161731,-0.4065934419631958
fenqusai/test_photo/667.jpg,0,0,True,blue,blue,,7,7,True,宁G04444,0.9722399418243735,-0.50674772261317,True,宁,baseline,0.20081862991860008,-1.6053531169891357
fenqusai/test_photo/667.jpg,0,1,False,blue,green,,8,8,True,宁GC04444,0.41742985710305097,-15.725497603405927,True,宁,baseline,0.20081862991860008,-1.6053531169891357
fenqusai/test_photo/667.jpg,0,2,False,blue,green,tractor_green,8,8,True,宁GC04444,0.41742985710305097,-15.725497603405927,True,宁,baseline,0.20081862991860008,-1.6053531169891357
fenqusai/test_photo/667.jpg,0,3,False,blue,yellow,,7,7,True,宁G04444,0.9722399418243735,-0.50674772261317,True,宁,baseline,0.20081862991860008,-1.6053531169891357
fenqusai/test_photo/667.jpg,0,4,False,blue,black,,7,7,True,宁G04444,0.9722399418243735,-0.50674772261317,True,宁,baseline,0.20081862991860008,-1.6053531169891357
fenqusai/test_photo/667.jpg,0,5,False,blue,special_7,,7,7,True,宁G04444,0.9722399418243735,-0.50674772261317,True,宁,baseline,0.20081862991860008,-1.6053531169891357
fenqusai/test_photo/667.jpg,0,6,False,blue,unknown_8,,8,8,True,宁GC04444,0.41742985710305097,-15.725497603405927,True,宁,baseline,0.20081862991860008,-1.6053531169891357
fenqusai/test_photo/668.jpg,0,0,True,unknown_7,blue,,7,7,True,沪B0X288,0.9851918026022894,-0.26854079961776733,True,沪,baseline,0.2548313901235622,-1.3671531677246094
fenqusai/test_photo/668.jpg,0,1,False,unknown_7,green,,8,8,True,沪LB0X288,0.3299979181057064,-19.956040799617767,True,沪,baseline,0.2548313901235622,-1.3671531677246094
fenqusai/test_photo/668.jpg,0,2,False,unknown_7,green,tractor_green,8,8,True,沪LB0X288,0.3299979181057064,-19.956040799617767,True,沪,baseline,0.2548313901235622,-1.3671531677246094
fenqusai/test_photo/668.jpg,0,3,False,unknown_7,yellow,,7,7,True,沪B0X288,0.9851918026022894,-0.26854079961776733,True,沪,baseline,0.2548313901235622,-1.3671531677246094
fenqusai/test_photo/668.jpg,0,4,False,unknown_7,black,,7,7,True,沪B0X288,0.9851918026022894,-0.26854079961776733,True,沪,baseline,0.2548313901235622,-1.3671531677246094
fenqusai/test_photo/668.jpg,0,5,False,unknown_7,special_7,,7,7,True,沪B0X288,0.9851918026022894,-0.26854079961776733,True,沪,baseline,0.2548313901235622,-1.3671531677246094
fenqusai/test_photo/668.jpg,0,6,False,unknown_7,unknown_8,,8,8,True,沪LB0X288,0.3299979181057064,-19.956040799617767,True,沪,baseline,0.2548313901235622,-1.3671531677246094
fenqusai/test_photo/673.jpg,0,0,True,blue,blue,,7,7,True,苏F43795,0.9697469014261034,-0.5529630221416255,True,苏,baseline,0.1958218605674816,-1.6305499076843262
fenqusai/test_photo/673.jpg,0,1,False,blue,green,,8,7,False,苏F43795,0.9697469014261034,-0.5529630221416255,True,苏,baseline,0.1958218605674816,-1.6305499076843262
fenqusai/test_photo/673.jpg,0,2,False,blue,green,tractor_green,8,7,False,苏F43795,0.9697469014261034,-0.5529630221416255,True,苏,baseline,0.1958218605674816,-1.6305499076843262
fenqusai/test_photo/673.jpg,0,3,False,blue,yellow,,7,7,True,苏F43795,0.9697469014261034,-0.5529630221416255,True,苏,baseline,0.1958218605674816,-1.6305499076843262
fenqusai/test_photo/673.jpg,0,4,False,blue,black,,7,7,True,苏F43795,0.9697469014261034,-0.5529630221416255,True,苏,baseline,0.1958218605674816,-1.6305499076843262
fenqusai/test_photo/673.jpg,0,5,False,blue,special_7,,7,7,True,苏F43795,0.9697469014261034,-0.5529630221416255,True,苏,baseline,0.1958218605674816,-1.6305499076843262
fenqusai/test_photo/673.jpg,0,6,False,blue,unknown_8,,8,7,False,苏F43795,0.9697469014261034,-0.5529630221416255,True,苏,baseline,0.1958218605674816,-1.6305499076843262
fenqusai/test_photo/675.jpg,0,0,True,blue,blue,,7,7,True,黑AV6600,0.964298399409705,-0.6543808076520463,True,黑,baseline,0.23321695787934194,-1.455786108970642
fenqusai/test_photo/675.jpg,0,1,False,blue,green,,8,8,True,黑BAV6600,0.5161517322169964,-11.9043810367574,True,黑,baseline,0.23321695787934194,-1.455786108970642
fenqusai/test_photo/675.jpg,0,2,False,blue,green,tractor_green,8,8,True,黑BAV6600,0.5161517322169964,-11.9043810367574,True,黑,baseline,0.23321695787934194,-1.455786108970642
fenqusai/test_photo/675.jpg,0,3,False,blue,yellow,,7,7,True,黑AV6600,0.964298399409705,-0.6543808076520463,True,黑,baseline,0.23321695787934194,-1.455786108970642
fenqusai/test_photo/675.jpg,0,4,False,blue,black,,7,7,True,黑AV6600,0.964298399409705,-0.6543808076520463,True,黑,baseline,0.23321695787934194,-1.455786108970642
fenqusai/test_photo/675.jpg,0,5,False,blue,special_7,,7,7,True,黑AV6600,0.964298399409705,-0.6543808076520463,True,黑,baseline,0.23321695787934194,-1.455786108970642
fenqusai/test_photo/675.jpg,0,6,False,blue,unknown_8,,8,8,True,黑BAV6600,0.5161517322169964,-11.9043810367574,True,黑,baseline,0.23321695787934194,-1.455786108970642
fenqusai/test_photo/677.jpg,0,0,True,unknown_7,blue,,7,7,True,京A00145,0.9983542957496148,-0.02964707836508751,True,京,baseline,0.323596011137764,-1.1282594203948975
fenqusai/test_photo/677.jpg,0,1,False,unknown_7,green,,8,8,True,京LA00145,0.17124364821508622,-31.764022078365088,True,京,baseline,0.323596011137764,-1.1282594203948975
fenqusai/test_photo/677.jpg,0,2,False,unknown_7,green,tractor_green,8,8,True,京LA00145,0.17124364821508622,-31.764022078365088,True,京,baseline,0.323596011137764,-1.1282594203948975
fenqusai/test_photo/677.jpg,0,3,False,unknown_7,yellow,,7,7,True,京A00145,0.9983542957496148,-0.02964707836508751,True,京,baseline,0.323596011137764,-1.1282594203948975
fenqusai/test_photo/677.jpg,0,4,False,unknown_7,black,,7,7,True,京A00145,0.9983542957496148,-0.02964707836508751,True,京,baseline,0.323596011137764,-1.1282594203948975
fenqusai/test_photo/677.jpg,0,5,False,unknown_7,special_7,,7,7,True,京A00145,0.9983542957496148,-0.02964707836508751,True,京,baseline,0.323596011137764,-1.1282594203948975
fenqusai/test_photo/677.jpg,0,6,False,unknown_7,unknown_8,,8,8,True,京LA00145,0.17124364821508622,-31.764022078365088,True,京,baseline,0.323596011137764,-1.1282594203948975
fenqusai/test_photo/678.jpg,0,0,True,blue,blue,,7,7,True,川R56789,0.5696972174832091,-10.127704620361328,True,川,baseline,1.3319033546860787e-05,-11.226316452026367
fenqusai/test_photo/678.jpg,0,1,False,blue,green,,8,7,False,川R56789,0.5696972174832091,-10.127704620361328,True,川,baseline,1.3319033546860787e-05,-11.226316452026367
fenqusai/test_photo/678.jpg,0,2,False,blue,green,tractor_green,8,7,False,川R56789,0.5696972174832091,-10.127704620361328,True,川,baseline,1.3319033546860787e-05,-11.226316452026367
fenqusai/test_photo/678.jpg,0,3,False,blue,yellow,,7,7,True,川R56789,0.5696972174832091,-10.127704620361328,True,川,baseline,1.3319033546860787e-05,-11.226316452026367
fenqusai/test_photo/678.jpg,0,4,False,blue,black,,7,7,True,川R56789,0.5696972174832091,-10.127704620361328,True,川,baseline,1.3319033546860787e-05,-11.226316452026367
fenqusai/test_photo/678.jpg,0,5,False,blue,special_7,,7,7,True,川R56789,0.5696972174832091,-10.127704620361328,True,川,baseline,1.3319033546860787e-05,-11.226316452026367
fenqusai/test_photo/678.jpg,0,6,False,blue,unknown_8,,8,7,False,川R56789,0.5696972174832091,-10.127704620361328,True,川,baseline,1.3319033546860787e-05,-11.226316452026367
fenqusai/test_photo/680.jpg,0,0,True,blue,blue,,7,7,True,鲁D19H58,0.9607303269617253,-0.7211074769563766,True,鲁,baseline,0.162090074065449,-1.8196030855178833
fenqusai/test_photo/680.jpg,0,1,False,blue,green,,8,8,True,鲁DD19H58,0.48560818695353014,-13.00235723855053,True,鲁,baseline,0.162090074065449,-1.8196030855178833
fenqusai/test_photo/680.jpg,0,2,False,blue,green,tractor_green,8,8,True,鲁DD19H58,0.48560818695353014,-13.00235723855053,True,鲁,baseline,0.162090074065449,-1.8196030855178833
fenqusai/test_photo/680.jpg,0,3,False,blue,yellow,,7,7,True,鲁D19H58,0.9607303269617253,-0.7211074769563766,True,鲁,baseline,0.162090074065449,-1.8196030855178833
fenqusai/test_photo/680.jpg,0,4,False,blue,black,,7,7,True,鲁D19H58,0.9607303269617253,-0.7211074769563766,True,鲁,baseline,0.162090074065449,-1.8196030855178833
fenqusai/test_photo/680.jpg,0,5,False,blue,special_7,,7,7,True,鲁D19H58,0.9607303269617253,-0.7211074769563766,True,鲁,baseline,0.162090074065449,-1.8196030855178833
fenqusai/test_photo/680.jpg,0,6,False,blue,unknown_8,,8,8,True,鲁DD19H58,0.48560818695353014,-13.00235723855053,True,鲁,baseline,0.162090074065449,-1.8196030855178833
fenqusai/test_photo/681.jpg,0,0,True,blue,blue,,7,7,True,吉EZ1H19,0.6192919836058395,-8.625211477279436,True,吉,baseline,5.9840758592585005e-05,-9.723823547363281
fenqusai/test_photo/681.jpg,0,1,False,blue,green,,8,8,True,吉EZ1H194,0.2740944304423924,-23.297086715698242,True,吉,baseline,5.9840758592585005e-05,-9.723823547363281
fenqusai/test_photo/681.jpg,0,2,False,blue,green,tractor_green,8,8,True,吉EZ1H194,0.2740944304423924,-23.297086715698242,True,吉,baseline,5.9840758592585005e-05,-9.723823547363281
fenqusai/test_photo/681.jpg,0,3,False,blue,yellow,,7,7,True,吉EZ1H19,0.6192919836058395,-8.625211477279436,True,吉,baseline,5.9840758592585005e-05,-9.723823547363281
fenqusai/test_photo/681.jpg,0,4,False,blue,black,,7,7,True,吉EZ1H19,0.6192919836058395,-8.625211477279436,True,吉,baseline,5.9840758592585005e-05,-9.723823547363281
fenqusai/test_photo/681.jpg,0,5,False,blue,special_7,,7,7,True,吉EZ1H19,0.6192919836058395,-8.625211477279436,True,吉,baseline,5.9840758592585005e-05,-9.723823547363281
fenqusai/test_photo/681.jpg,0,6,False,blue,unknown_8,,8,8,True,吉EZ1H194,0.2740944304423924,-23.297086715698242,True,吉,baseline,5.9840758592585005e-05,-9.723823547363281
fenqusai/test_photo/684.jpg,0,0,True,blue,blue,,7,7,True,云CP6586,0.5604743042637296,-10.421493872971041,True,云,baseline,1.6082745068292015e-05,-11.037763595581055
fenqusai/test_photo/684.jpg,0,1,False,blue,green,,8,8,True,云CPP6586,0.34172001650203954,-19.327743763336912,True,云,baseline,1.6082745068292015e-05,-11.037763595581055
fenqusai/test_photo/684.jpg,0,2,False,blue,green,tractor_green,8,8,True,云CPP6586,0.34172001650203954,-19.327743763336912,True,云,baseline,1.6082745068292015e-05,-11.037763595581055
fenqusai/test_photo/684.jpg,0,3,False,blue,yellow,,7,7,True,云CP6586,0.5604743042637296,-10.421493872971041,True,云,baseline,1.6082745068292015e-05,-11.037763595581055
fenqusai/test_photo/684.jpg,0,4,False,blue,black,,7,7,True,云CP6586,0.5604743042637296,-10.421493872971041,True,云,baseline,1.6082745068292015e-05,-11.037763595581055
fenqusai/test_photo/684.jpg,0,5,False,blue,special_7,,7,7,True,云CP6586,0.5604743042637296,-10.421493872971041,True,云,baseline,1.6082745068292015e-05,-11.037763595581055
fenqusai/test_photo/684.jpg,0,6,False,blue,unknown_8,,8,8,True,云CPP6586,0.34172001650203954,-19.327743763336912,True,云,baseline,1.6082745068292015e-05,-11.037763595581055
fenqusai/test_photo/686.jpg,0,0,True,blue,blue,,7,7,True,京P9WH18,0.9908133996742327,-0.16612303252441052,True,京,baseline,0.3333301478228041,-1.0986218452453613
fenqusai/test_photo/686.jpg,0,1,False,blue,green,,8,8,True,京P9WH168,0.5138041562980686,-11.98643589015228,True,京,baseline,0.3333301478228041,-1.0986218452453613
fenqusai/test_photo/686.jpg,0,2,False,blue,green,tractor_green,8,8,True,京P9WH168,0.5138041562980686,-11.98643589015228,True,京,baseline,0.3333301478228041,-1.0986218452453613
fenqusai/test_photo/686.jpg,0,3,False,blue,yellow,,7,7,True,京P9WH18,0.9908133996742327,-0.16612303252441052,True,京,baseline,0.3333301478228041,-1.0986218452453613
fenqusai/test_photo/686.jpg,0,4,False,blue,black,,7,7,True,京P9WH18,0.9908133996742327,-0.16612303252441052,True,京,baseline,0.3333301478228041,-1.0986218452453613
fenqusai/test_photo/686.jpg,0,5,False,blue,special_7,,7,7,True,京P9WH18,0.9908133996742327,-0.16612303252441052,True,京,baseline,0.3333301478228041,-1.0986218452453613
fenqusai/test_photo/686.jpg,0,6,False,blue,unknown_8,,8,8,True,京P9WH168,0.5138041562980686,-11.98643589015228,True,京,baseline,0.3333301478228041,-1.0986218452453613
fenqusai/test_photo/687.jpg,0,0,True,blue,blue,,7,7,True,辽A9826N,0.9998284001340128,-0.003089062636718154,True,辽,baseline,0.33230522539187873,-1.1017013788223267
fenqusai/test_photo/687.jpg,0,1,False,blue,green,,8,8,True,辽A29826N,0.3312863045534172,-19.885901562636718,True,辽,baseline,0.33230522539187873,-1.1017013788223267
fenqusai/test_photo/687.jpg,0,2,False,blue,green,tractor_green,8,8,True,辽A29826N,0.3312863045534172,-19.885901562636718,True,辽,baseline,0.33230522539187873,-1.1017013788223267
fenqusai/test_photo/687.jpg,0,3,False,blue,yellow,,7,7,True,辽A9826N,0.9998284001340128,-0.003089062636718154,True,辽,baseline,0.33230522539187873,-1.1017013788223267
fenqusai/test_photo/687.jpg,0,4,False,blue,black,,7,7,True,辽A9826N,0.9998284001340128,-0.003089062636718154,True,辽,baseline,0.33230522539187873,-1.1017013788223267
fenqusai/test_photo/687.jpg,0,5,False,blue,special_7,,7,7,True,辽A9826N,0.9998284001340128,-0.003089062636718154,True,辽,baseline,0.33230522539187873,-1.1017013788223267
fenqusai/test_photo/687.jpg,0,6,False,blue,unknown_8,,8,8,True,辽A29826N,0.3312863045534172,-19.885901562636718,True,辽,baseline,0.33230522539187873,-1.1017013788223267
fenqusai/test_photo/690.jpg,0,0,True,blue,blue,,7,7,True,川AY607E,0.9982891482841243,-0.030821704092829805,True,川,baseline,0.3433673723533466,-1.068954348564148
fenqusai/test_photo/690.jpg,0,1,False,blue,green,,8,8,True,川AAY607E,0.3226934122281926,-20.35894670409283,True,川,baseline,0.3433673723533466,-1.068954348564148
fenqusai/test_photo/690.jpg,0,2,False,blue,green,tractor_green,8,8,True,川AAY607E,0.3226934122281926,-20.35894670409283,True,川,baseline,0.3433673723533466,-1.068954348564148
fenqusai/test_photo/690.jpg,0,3,False,blue,yellow,,7,7,True,川AY607E,0.9982891482841243,-0.030821704092829805,True,川,baseline,0.3433673723533466,-1.068954348564148
fenqusai/test_photo/690.jpg,0,4,False,blue,black,,7,7,True,川AY607E,0.9982891482841243,-0.030821704092829805,True,川,baseline,0.3433673723533466,-1.068954348564148
fenqusai/test_photo/690.jpg,0,5,False,blue,special_7,,7,7,True,川AY607E,0.9982891482841243,-0.030821704092829805,True,川,baseline,0.3433673723533466,-1.068954348564148
fenqusai/test_photo/690.jpg,0,6,False,blue,unknown_8,,8,8,True,川AAY607E,0.3226934122281926,-20.35894670409283,True,川,baseline,0.3433673723533466,-1.068954348564148
fenqusai/test_photo/691.jpg,0,0,True,blue,blue,,7,7,True,辽AAS999,0.3622206164161049,-18.27903267314104,True,辽,baseline,2.0069399490525122e-08,-17.724069595336914
fenqusai/test_photo/691.jpg,0,1,False,blue,green,,8,8,True,辽EAAS999,0.3923344134344541,-16.841532732745684,True,辽,baseline,2.0069399490525122e-08,-17.724069595336914
fenqusai/test_photo/691.jpg,0,2,False,blue,green,tractor_green,8,8,True,辽EAAS999,0.3923344134344541,-16.841532732745684,True,辽,baseline,2.0069399490525122e-08,-17.724069595336914
fenqusai/test_photo/691.jpg,0,3,False,blue,yellow,,7,7,True,辽AAS999,0.3622206164161049,-18.27903267314104,True,辽,baseline,2.0069399490525122e-08,-17.724069595336914
fenqusai/test_photo/691.jpg,0,4,False,blue,black,,7,7,True,辽AAS999,0.3622206164161049,-18.27903267314104,True,辽,baseline,2.0069399490525122e-08,-17.724069595336914
fenqusai/test_photo/691.jpg,0,5,False,blue,special_7,,7,7,True,辽AAS999,0.3622206164161049,-18.27903267314104,True,辽,baseline,2.0069399490525122e-08,-17.724069595336914
fenqusai/test_photo/691.jpg,0,6,False,blue,unknown_8,,8,8,True,辽EAAS999,0.3923344134344541,-16.841532732745684,True,辽,baseline,2.0069399490525122e-08,-17.724069595336914
fenqusai/test_photo/696.jpg,0,0,True,blue,blue,,7,7,True,鄂N77777,0.993982956984152,-0.10863393054751214,True,鄂,baseline,0.3331402636083765,-1.099191665649414
fenqusai/test_photo/696.jpg,0,1,False,blue,green,,8,7,False,鄂N77777,0.993982956984152,-0.10863393054751214,True,鄂,baseline,0.3331402636083765,-1.099191665649414
fenqusai/test_photo/696.jpg,0,2,False,blue,green,tractor_green,8,7,False,鄂N77777,0.993982956984152,-0.10863393054751214,True,鄂,baseline,0.3331402636083765,-1.099191665649414
fenqusai/test_photo/696.jpg,0,3,False,blue,yellow,,7,7,True,鄂N77777,0.993982956984152,-0.10863393054751214,True,鄂,baseline,0.3331402636083765,-1.099191665649414
fenqusai/test_photo/696.jpg,0,4,False,blue,black,,7,7,True,鄂N77777,0.993982956984152,-0.10863393054751214,True,鄂,baseline,0.3331402636083765,-1.099191665649414
fenqusai/test_photo/696.jpg,0,5,False,blue,special_7,,7,7,True,鄂N77777,0.993982956984152,-0.10863393054751214,True,鄂,baseline,0.3331402636083765,-1.099191665649414
fenqusai/test_photo/696.jpg,0,6,False,blue,unknown_8,,8,7,False,鄂N77777,0.993982956984152,-0.10863393054751214,True,鄂,baseline,0.3331402636083765,-1.099191665649414
fenqusai/test_photo/716.jpg,0,0,True,black,black,,7,7,True,吉B91999,0.9535043981797999,-0.8570023431011577,True,吉,baseline,0.142282036409061,-1.949944019317627
fenqusai/test_photo/716.jpg,0,1,False,black,blue,,7,7,True,吉B91999,0.9535043981797999,-0.8570023431011577,True,吉,baseline,0.142282036409061,-1.949944019317627
fenqusai/test_photo/716.jpg,0,2,False,black,green,,8,8,True,吉B919994,0.4169169827081885,-15.747626866273094,True,吉,baseline,0.142282036409061,-1.949944019317627
fenqusai/test_photo/716.jpg,0,3,False,black,green,tractor_green,8,8,True,吉B91999学,0.43089878754996297,-15.153876866273094,True,吉,baseline,0.142282036409061,-1.949944019317627
fenqusai/test_photo/716.jpg,0,4,False,black,yellow,,7,7,True,吉B91999,0.9535043981797999,-0.8570023431011577,True,吉,baseline,0.142282036409061,-1.949944019317627
fenqusai/test_photo/716.jpg,0,5,False,black,special_7,,7,7,True,吉B91999,0.9535043981797999,-0.8570023431011577,True,吉,baseline,0.142282036409061,-1.949944019317627
fenqusai/test_photo/716.jpg,0,6,False,black,unknown_8,,8,8,True,吉B919994,0.4169169827081885,-15.747626866273094,True,吉,baseline,0.142282036409061,-1.949944019317627
fenqusai/test_photo/847.jpg,0,0,True,yellow,yellow,,7,7,True,沪B87057,0.9986727141185415,-0.023907015100114393,True,沪,baseline,0.3254588472439482,-1.1225192546844482
fenqusai/test_photo/847.jpg,0,1,False,yellow,blue,,7,7,True,沪B87057,0.9986727141185415,-0.023907015100114393,True,沪,baseline,0.3254588472439482,-1.1225192546844482
fenqusai/test_photo/847.jpg,0,2,False,yellow,green,,8,7,False,沪B87057,0.9986727141185415,-0.023907015100114393,True,沪,baseline,0.3254588472439482,-1.1225192546844482
fenqusai/test_photo/847.jpg,0,3,False,yellow,green,tractor_green,8,7,False,沪B87057,0.9986727141185415,-0.023907015100114393,True,沪,baseline,0.3254588472439482,-1.1225192546844482
fenqusai/test_photo/847.jpg,0,4,False,yellow,black,,7,7,True,沪B87057,0.9986727141185415,-0.023907015100114393,True,沪,baseline,0.3254588472439482,-1.1225192546844482
fenqusai/test_photo/847.jpg,0,5,False,yellow,special_7,,7,7,True,沪B87057,0.9986727141185415,-0.023907015100114393,True,沪,baseline,0.3254588472439482,-1.1225192546844482
fenqusai/test_photo/847.jpg,0,6,False,yellow,unknown_8,,8,7,False,沪B87057,0.9986727141185415,-0.023907015100114393,True,沪,baseline,0.3254588472439482,-1.1225192546844482
fenqusai/test_photo/968.jpg,0,0,True,black,black,,7,7,True,辽A60888,0.8164215653819861,-3.650839797235669,True,辽,baseline,0.011954948415372904,-4.426609992980957
fenqusai/test_photo/968.jpg,0,1,False,black,blue,,7,7,True,辽A60888,0.8164215653819861,-3.650839797235669,True,辽,baseline,0.011954948415372904,-4.426609992980957
fenqusai/test_photo/968.jpg,0,2,False,black,green,,8,7,False,辽A60888,0.8164215653819861,-3.650839797235669,True,辽,baseline,0.011954948415372904,-4.426609992980957
fenqusai/test_photo/968.jpg,0,3,False,black,green,tractor_green,8,7,False,辽A60888,0.8164215653819861,-3.650839797235669,True,辽,baseline,0.011954948415372904,-4.426609992980957
fenqusai/test_photo/968.jpg,0,4,False,black,yellow,,7,7,True,辽A60888,0.8164215653819861,-3.650839797235669,True,辽,baseline,0.011954948415372904,-4.426609992980957
fenqusai/test_photo/968.jpg,0,5,False,black,special_7,,7,7,True,辽A60888,0.8164215653819861,-3.650839797235669,True,辽,baseline,0.011954948415372904,-4.426609992980957
fenqusai/test_photo/968.jpg,0,6,False,black,unknown_8,,8,7,False,辽A60888,0.8164215653819861,-3.650839797235669,True,辽,baseline,0.011954948415372904,-4.426609992980957
fenqusai/test_photo/969.jpg,0,0,True,blue,blue,,7,7,True,鲁AG6666,0.40123396651017845,-16.437790155409658,True,鲁,baseline,2.4212426561291497e-08,-17.536399841308594
fenqusai/test_photo/969.jpg,0,1,False,blue,green,,8,8,True,鲁A6G6666,0.1164620607735707,-38.70341491699111,True,鲁,0,2.4212426561291497e-08,-17.536399841308594
fenqusai/test_photo/969.jpg,0,2,False,blue,green,tractor_green,8,8,True,鲁A6G6666,0.1164620607735707,-38.70341491699111,True,鲁,0,2.4212426561291497e-08,-17.536399841308594
fenqusai/test_photo/969.jpg,0,3,False,blue,yellow,,7,7,True,鲁AG6666,0.40123396651017845,-16.437790155409658,True,鲁,baseline,2.4212426561291497e-08,-17.536399841308594
fenqusai/test_photo/969.jpg,0,4,False,blue,black,,7,7,True,鲁AG6666,0.40123396651017845,-16.437790155409658,True,鲁,baseline,2.4212426561291497e-08,-17.536399841308594
fenqusai/test_photo/969.jpg,0,5,False,blue,special_7,,7,7,True,鲁AG6666,0.40123396651017845,-16.437790155409658,True,鲁,baseline,2.4212426561291497e-08,-17.536399841308594
fenqusai/test_photo/969.jpg,0,6,False,blue,unknown_8,,8,8,True,鲁A6G6666,0.1164620607735707,-38.70341491699111,True,鲁,0,2.4212426561291497e-08,-17.536399841308594
fenqusai/test_photo/971.jpg,0,0,True,blue,blue,,7,7,True,辽F88888,0.8071262354066194,-3.856953553389758,True,辽,baseline,0.007598183328107247,-4.879846096038818
fenqusai/test_photo/971.jpg,0,1,False,blue,green,,8,7,False,辽F88888,0.8071262354066194,-3.856953553389758,True,辽,baseline,0.007598183328107247,-4.879846096038818
fenqusai/test_photo/971.jpg,0,2,False,blue,green,tractor_green,8,7,False,辽F88888,0.8071262354066194,-3.856953553389758,True,辽,baseline,0.007598183328107247,-4.879846096038818
fenqusai/test_photo/971.jpg,0,3,False,blue,yellow,,7,7,True,辽F88888,0.8071262354066194,-3.856953553389758,True,辽,baseline,0.007598183328107247,-4.879846096038818
fenqusai/test_photo/971.jpg,0,4,False,blue,black,,7,7,True,辽F88888,0.8071262354066194,-3.856953553389758,True,辽,baseline,0.007598183328107247,-4.879846096038818
fenqusai/test_photo/971.jpg,0,5,False,blue,special_7,,7,7,True,辽F88888,0.8071262354066194,-3.856953553389758,True,辽,baseline,0.007598183328107247,-4.879846096038818
fenqusai/test_photo/971.jpg,0,6,False,blue,unknown_8,,8,7,False,辽F88888,0.8071262354066194,-3.856953553389758,True,辽,baseline,0.007598183328107247,-4.879846096038818
fenqusai/test_photo/974.jpg,0,0,True,blue,blue,,7,7,True,辽AAV990,0.7640529098052687,-4.844128293751027,True,辽,baseline,0.197473072887353,-1.6221530437469482
fenqusai/test_photo/974.jpg,0,1,False,blue,green,,8,8,True,辽NAAV990,0.8049018722143666,-3.906628323553349,True,辽,baseline,0.197473072887353,-1.6221530437469482
fenqusai/test_photo/974.jpg,0,2,False,blue,green,tractor_green,8,8,True,辽NAAV990,0.8049018722143666,-3.906628323553349,True,辽,baseline,0.197473072887353,-1.6221530437469482
fenqusai/test_photo/974.jpg,0,3,False,blue,yellow,,7,7,True,辽AAV990,0.7640529098052687,-4.844128293751027,True,辽,baseline,0.197473072887353,-1.6221530437469482
fenqusai/test_photo/974.jpg,0,4,False,blue,black,,7,7,True,辽AAV99领,0.9010561703163164,-1.875378260223414,True,辽,baseline,0.197473072887353,-1.6221530437469482
fenqusai/test_photo/974.jpg,0,5,False,blue,special_7,,7,7,True,辽AAV99领,0.9010561703163164,-1.875378260223414,True,辽,baseline,0.197473072887353,-1.6221530437469482
fenqusai/test_photo/974.jpg,0,6,False,blue,unknown_8,,8,8,True,辽NAAV990,0.8049018722143666,-3.906628323553349,True,辽,baseline,0.197473072887353,-1.6221530437469482
fenqusai/test_photo/977.jpg,0,0,True,blue,blue,,7,7,True,皖A779D1,0.9791344985011424,-0.3795527219772339,True,皖,baseline,0.22805578007917518,-1.4781650304794312
fenqusai/test_photo/977.jpg,0,1,False,blue,green,,8,7,False,皖A779D1,0.9791344985011424,-0.3795527219772339,True,皖,baseline,0.22805578007917518,-1.4781650304794312
fenqusai/test_photo/977.jpg,0,2,False,blue,green,tractor_green,8,7,False,皖A779D1,0.9791344985011424,-0.3795527219772339,True,皖,baseline,0.22805578007917518,-1.4781650304794312
fenqusai/test_photo/977.jpg,0,3,False,blue,yellow,,7,7,True,皖A779D1,0.9791344985011424,-0.3795527219772339,True,皖,baseline,0.22805578007917518,-1.4781650304794312
fenqusai/test_photo/977.jpg,0,4,False,blue,black,,7,7,True,皖A779D1,0.9791344985011424,-0.3795527219772339,True,皖,baseline,0.22805578007917518,-1.4781650304794312
fenqusai/test_photo/977.jpg,0,5,False,blue,special_7,,7,7,True,皖A779D1,0.9791344985011424,-0.3795527219772339,True,皖,baseline,0.22805578007917518,-1.4781650304794312
fenqusai/test_photo/977.jpg,0,6,False,blue,unknown_8,,8,7,False,皖A779D1,0.9791344985011424,-0.3795527219772339,True,皖,baseline,0.22805578007917518,-1.4781650304794312
fenqusai/test_photo/985.jpg,0,0,True,blue,blue,,7,7,True,桂FD5352,0.5260484228652772,-11.562516212441999,True,桂,baseline,3.172085282851608e-06,-12.661121368408203
fenqusai/test_photo/985.jpg,0,1,False,blue,green,,8,7,False,桂FD5352,0.5260484228652772,-11.562516212441999,True,桂,baseline,3.172085282851608e-06,-12.661121368408203
fenqusai/test_photo/985.jpg,0,2,False,blue,green,tractor_green,8,7,False,桂FD5352,0.5260484228652772,-11.562516212441999,True,桂,baseline,3.172085282851608e-06,-12.661121368408203
fenqusai/test_photo/985.jpg,0,3,False,blue,yellow,,7,7,True,桂FD5352,0.5260484228652772,-11.562516212441999,True,桂,baseline,3.172085282851608e-06,-12.661121368408203
fenqusai/test_photo/985.jpg,0,4,False,blue,black,,7,7,True,桂FD5352,0.5260484228652772,-11.562516212441999,True,桂,baseline,3.172085282851608e-06,-12.661121368408203
fenqusai/test_photo/985.jpg,0,5,False,blue,special_7,,7,7,True,桂FD5352,0.5260484228652772,-11.562516212441999,True,桂,baseline,3.172085282851608e-06,-12.661121368408203
fenqusai/test_photo/985.jpg,0,6,False,blue,unknown_8,,8,7,False,桂FD5352,0.5260484228652772,-11.562516212441999,True,桂,baseline,3.172085282851608e-06,-12.661121368408203
fenqusai/test_photo/987.jpg,0,0,True,blue,blue,,7,7,True,京AQ2152,0.9863184432175057,-0.24796821235941024,True,京,baseline,0.3295861044428734,-1.1099176406860352
fenqusai/test_photo/987.jpg,0,1,False,blue,green,,8,7,False,京AQ2152,0.9863184432175057,-0.24796821235941024,True,京,baseline,0.3295861044428734,-1.1099176406860352
fenqusai/test_photo/987.jpg,0,2,False,blue,green,tractor_green,8,7,False,京AQ2152,0.9863184432175057,-0.24796821235941024,True,京,baseline,0.3295861044428734,-1.1099176406860352
fenqusai/test_photo/987.jpg,0,3,False,blue,yellow,,7,7,True,京AQ2152,0.9863184432175057,-0.24796821235941024,True,京,baseline,0.3295861044428734,-1.1099176406860352
fenqusai/test_photo/987.jpg,0,4,False,blue,black,,7,7,True,京AQ2152,0.9863184432175057,-0.24796821235941024,True,京,baseline,0.3295861044428734,-1.1099176406860352
fenqusai/test_photo/987.jpg,0,5,False,blue,special_7,,7,7,True,京AQ2152,0.9863184432175057,-0.24796821235941024,True,京,baseline,0.3295861044428734,-1.1099176406860352
fenqusai/test_photo/987.jpg,0,6,False,blue,unknown_8,,8,7,False,京AQ2152,0.9863184432175057,-0.24796821235941024,True,京,baseline,0.3295861044428734,-1.1099176406860352
fenqusai/test_photo/989.jpg,0,0,True,blue,blue,,7,7,True,京JAY888,0.6704974778803737,-7.195236080724044,True,京,0,0.00025007854632437554,-8.29373550415039
fenqusai/test_photo/989.jpg,0,1,False,blue,green,,8,7,False,京JAY888,0.6704974778803737,-7.195236080724044,True,京,0,0.00025007854632437554,-8.29373550415039
fenqusai/test_photo/989.jpg,0,2,False,blue,green,tractor_green,8,7,False,京JAY888,0.6704974778803737,-7.195236080724044,True,京,0,0.00025007854632437554,-8.29373550415039
fenqusai/test_photo/989.jpg,0,3,False,blue,yellow,,7,7,True,京JAY888,0.6704974778803737,-7.195236080724044,True,京,0,0.00025007854632437554,-8.29373550415039
fenqusai/test_photo/989.jpg,0,4,False,blue,black,,7,7,True,京JAY888,0.6704974778803737,-7.195236080724044,True,京,0,0.00025007854632437554,-8.29373550415039
fenqusai/test_photo/989.jpg,0,5,False,blue,special_7,,7,7,True,京JAY888,0.6704974778803737,-7.195236080724044,True,京,0,0.00025007854632437554,-8.29373550415039
fenqusai/test_photo/989.jpg,0,6,False,blue,unknown_8,,8,7,False,京JAY888,0.6704974778803737,-7.195236080724044,True,京,0,0.00025007854632437554,-8.29373550415039
fenqusai/test_photo/992.jpg,0,0,True,blue,blue,,7,7,True,苏B99999,0.9887114712821745,-0.2043490996293258,True,苏,baseline,0.2719483888094299,-1.3021429777145386
fenqusai/test_photo/992.jpg,0,1,False,blue,green,,8,7,False,苏B99999,0.9887114712821745,-0.2043490996293258,True,苏,baseline,0.2719483888094299,-1.3021429777145386
fenqusai/test_photo/992.jpg,0,2,False,blue,green,tractor_green,8,7,False,苏B99999,0.9887114712821745,-0.2043490996293258,True,苏,baseline,0.2719483888094299,-1.3021429777145386
fenqusai/test_photo/992.jpg,0,3,False,blue,yellow,,7,7,True,苏B99999,0.9887114712821745,-0.2043490996293258,True,苏,baseline,0.2719483888094299,-1.3021429777145386
fenqusai/test_photo/992.jpg,0,4,False,blue,black,,7,7,True,苏B99999,0.9887114712821745,-0.2043490996293258,True,苏,baseline,0.2719483888094299,-1.3021429777145386
fenqusai/test_photo/992.jpg,0,5,False,blue,special_7,,7,7,True,苏B99999,0.9887114712821745,-0.2043490996293258,True,苏,baseline,0.2719483888094299,-1.3021429777145386
fenqusai/test_photo/992.jpg,0,6,False,blue,unknown_8,,8,7,False,苏B99999,0.9887114712821745,-0.2043490996293258,True,苏,baseline,0.2719483888094299,-1.3021429777145386
fenqusai/test_photo/999.jpg,0,0,True,blue,blue,,7,7,True,琼A562H3,0.8770936421003382,-2.360547302851046,True,琼,baseline,0.03145779127950409,-3.459108591079712
fenqusai/test_photo/999.jpg,0,1,False,blue,green,,8,7,False,琼A562H3,0.8770936421003382,-2.360547302851046,True,琼,baseline,0.03145779127950409,-3.459108591079712
fenqusai/test_photo/999.jpg,0,2,False,blue,green,tractor_green,8,7,False,琼A562H3,0.8770936421003382,-2.360547302851046,True,琼,baseline,0.03145779127950409,-3.459108591079712
fenqusai/test_photo/999.jpg,0,3,False,blue,yellow,,7,7,True,琼A562H3,0.8770936421003382,-2.360547302851046,True,琼,baseline,0.03145779127950409,-3.459108591079712
fenqusai/test_photo/999.jpg,0,4,False,blue,black,,7,7,True,琼A562H3,0.8770936421003382,-2.360547302851046,True,琼,baseline,0.03145779127950409,-3.459108591079712
fenqusai/test_photo/999.jpg,0,5,False,blue,special_7,,7,7,True,琼A562H3,0.8770936421003382,-2.360547302851046,True,琼,baseline,0.03145779127950409,-3.459108591079712
fenqusai/test_photo/999.jpg,0,6,False,blue,unknown_8,,8,7,False,琼A562H3,0.8770936421003382,-2.360547302851046,True,琼,baseline,0.03145779127950409,-3.459108591079712
