image,plate_index,candidate_rank,selected,estimated_type,plate_type,plate_subtype,target_len,text_len,length_ok,text,lpr_score,beam_score,province_aware,province_char,province_rank,province_conf,province_score
fenqusai/test_photo/000000109.jpg,0,0,True,green,green,,8,8,True,鄂H02143D,0.9952084596363515,-0.0864550187081008,True,鄂,baseline,0.33333332672197086,-1.0986123085021973
fenqusai/test_photo/000000109.jpg,0,1,False,green,green,tractor_green,8,8,True,鄂H02143D,0.9952084596363515,-0.0864550187081008,True,鄂,baseline,0.33333332672197086,-1.0986123085021973
fenqusai/test_photo/000000109.jpg,0,2,False,green,blue,,7,7,True,鄂H02143,0.14275244143073887,-35.03957989949938,True,鄂,baseline,0.33333332672197086,-1.0986123085021973
fenqusai/test_photo/000000109.jpg,0,3,False,green,yellow,,7,7,True,鄂H02143,0.14275244143073887,-35.03957989949938,True,鄂,baseline,0.33333332672197086,-1.0986123085021973
fenqusai/test_photo/000000109.jpg,0,4,False,green,black,,7,7,True,鄂H02143,0.14275244143073887,-35.03957989949938,True,鄂,baseline,0.33333332672197086,-1.0986123085021973
fenqusai/test_photo/000000109.jpg,0,5,False,green,special_7,,7,7,True,鄂H02143,0.14275244143073887,-35.03957989949938,True,鄂,baseline,0.33333332672197086,-1.0986123085021973
fenqusai/test_photo/000000109.jpg,0,6,False,green,unknown_8,,8,8,True,鄂H02143D,0.9952084596363515,-0.0864550187081008,True,鄂,baseline,0.33333332672197086,-1.0986123085021973
fenqusai/test_photo/000000110.jpg,0,0,True,green,green,,8,8,True,晋R40096F,0.999708338008933,-0.005250681588556461,True,晋,baseline,0.33333332672197086,-1.0986123085021973
fenqusai/test_photo/000000110.jpg,0,1,False,green,green,tractor_green,8,8,True,晋R40096F,0.999708338008933,-0.005250681588556461,True,晋,baseline,0.33333332672197086,-1.0986123085021973
fenqusai/test_photo/000000110.jpg,0,2,False,green,blue,,7,7,True,晋R40096,0.10518571092176693,-40.53650068158856,True,晋,baseline,0.33333332672197086,-1.0986123085021973
fenqusai/test_photo/000000110.jpg,0,3,False,green,yellow,,7,7,True,晋R40096,0.10518571092176693,-40.53650068158856,True,晋,baseline,0.33333332672197086,-1.0986123085021973
fenqusai/test_photo/000000110.jpg,0,4,False,green,black,,7,7,True,晋R40096,0.10518571092176693,-40.53650068158856,True,晋,baseline,0.33333332672197086,-1.0986123085021973
fenqusai/test_photo/000000110.jpg,0,5,False,green,special_7,,7,7,True,晋R40096,0.10518571092176693,-40.53650068158856,True,晋,baseline,0.33333332672197086,-1.0986123085021973
fenqusai/test_photo/000000110.jpg,0,6,False,green,unknown_8,,8,8,True,晋R40096F,0.999708338008933,-0.005250681588556461,True,晋,baseline,0.33333332672197086,-1.0986123085021973
fenqusai/test_photo/000000125.jpg,0,0,True,green,green,,8,8,True,皖E98075D,0.9900653601159769,-0.17971771884440813,True,皖,baseline,0.31879049740167364,-1.143221139907837
fenqusai/test_photo/000000125.jpg,0,1,False,green,green,tractor_green,8,8,True,皖E98075D,0.9900653601159769,-0.17971771884440813,True,皖,baseline,0.31879049740167364,-1.143221139907837
fenqusai/test_photo/000000125.jpg,0,2,False,green,blue,,7,7,True,皖E9807D,0.24052893777901502,-25.648467718844408,True,皖,baseline,0.31879049740167364,-1.143221139907837
fenqusai/test_photo/000000125.jpg,0,3,False,green,yellow,,7,7,True,皖E9807D,0.24052893777901502,-25.648467718844408,True,皖,baseline,0.31879049740167364,-1.143221139907837
fenqusai/test_photo/000000125.jpg,0,4,False,green,black,,7,7,True,皖E9807D,0.24052893777901502,-25.648467718844408,True,皖,baseline,0.31879049740167364,-1.143221139907837
fenqusai/test_photo/000000125.jpg,0,5,False,green,special_7,,7,7,True,皖E9807D,0.24052893777901502,-25.648467718844408,True,皖,baseline,0.31879049740167364,-1.143221139907837
fenqusai/test_photo/000000125.jpg,0,6,False,green,unknown_8,,8,8,True,皖E98075D,0.9900653601159769,-0.17971771884440813,True,皖,baseline,0.31879049740167364,-1.143221139907837
fenqusai/test_photo/000000126.jpg,0,0,False,green,green,,8,7,False,桂NFS061,0.9981736849970567,-0.032903725490761815,True,桂,baseline,0.33333026703097574,-1.0986214876174927
fenqusai/test_photo/000000126.jpg,0,1,False,green,green,tractor_green,8,7,False,桂NFS061,0.9981736849970567,-0.032903725490761815,True,桂,baseline,0.33333026703097574,-1.0986214876174927
fenqusai/test_photo/000000126.jpg,0,2,True,green,blue,,7,7,True,桂NFS061,0.9981736849970567,-0.032903725490761815,True,桂,baseline,0.33333026703097574,-1.0986214876174927
fenqusai/test_photo/000000126.jpg,0,3,False,green,yellow,,7,7,True,桂NFS061,0.9981736849970567,-0.032903725490761815,True,桂,baseline,0.33333026703097574,-1.0986214876174927
fenqusai/test_photo/000000126.jpg,0,4,False,green,black,,7,7,True,桂NFS061,0.9981736849970567,-0.032903725490761815,True,桂,baseline,0.33333026703097574,-1.0986214876174927
fenqusai/test_photo/000000126.jpg,0,5,False,green,special_7,,7,7,True,桂NFS061,0.9981736849970567,-0.032903725490761815,True,桂,baseline,0.33333026703097574,-1.0986214876174927
fenqusai/test_photo/000000126.jpg,0,6,False,green,unknown_8,,8,7,False,桂NFS061,0.9981736849970567,-0.032903725490761815,True,桂,baseline,0.33333026703097574,-1.0986214876174927
fenqusai/test_photo/000000200.jpg,0,0,True,blue,blue,,7,7,True,黑ATFNU0,0.9735169874703018,-0.48312007973421345,True,黑,baseline,0.332843776130109,-1.1000820398330688
fenqusai/test_photo/000000200.jpg,0,1,False,blue,green,,8,7,False,黑ATFNU0,0.9735169874703018,-0.48312007973421345,True,黑,baseline,0.332843776130109,-1.1000820398330688
fenqusai/test_photo/000000200.jpg,0,2,False,blue,green,tractor_green,8,7,False,黑ATFNU0,0.9735169874703018,-0.48312007973421345,True,黑,baseline,0.332843776130109,-1.1000820398330688
fenqusai/test_photo/000000200.jpg,0,3,False,blue,yellow,,7,7,True,黑ATFNU0,0.9735169874703018,-0.48312007973421345,True,黑,baseline,0.332843776130109,-1.1000820398330688
fenqusai/test_photo/000000200.jpg,0,4,False,blue,black,,7,7,True,黑ATFNU0,0.9735169874703018,-0.48312007973421345,True,黑,baseline,0.332843776130109,-1.1000820398330688
fenqusai/test_photo/000000200.jpg,0,5,False,blue,special_7,,7,7,True,黑ATFNU0,0.9735169874703018,-0.48312007973421345,True,黑,baseline,0.332843776130109,-1.1000820398330688
fenqusai/test_photo/000000200.jpg,0,6,False,blue,unknown_8,,8,7,False,黑ATFNU0,0.9735169874703018,-0.48312007973421345,True,黑,baseline,0.332843776130109,-1.1000820398330688
fenqusai/test_photo/000000206.jpg,0,0,True,yellow,yellow,,7,7,True,晋ME8U5R,0.925907138654607,-1.3856639687100483,True,晋,baseline,0.33324258107239485,-1.0988845825195312
fenqusai/test_photo/000000206.jpg,0,1,False,yellow,blue,,7,7,True,晋ME8U5R,0.925907138654607,-1.3856639687100483,True,晋,baseline,0.33324258107239485,-1.0988845825195312
fenqusai/test_photo/000000206.jpg,0,2,False,yellow,green,,8,7,False,晋ME8U5R,0.925907138654607,-1.3856639687100483,True,晋,baseline,0.33324258107239485,-1.0988845825195312
fenqusai/test_photo/000000206.jpg,0,3,False,yellow,green,tractor_green,8,7,False,晋ME8U5R,0.925907138654607,-1.3856639687100483,True,晋,baseline,0.33324258107239485,-1.0988845825195312
fenqusai/test_photo/000000206.jpg,0,4,False,yellow,black,,7,7,True,晋ME8U5R,0.925907138654607,-1.3856639687100483,True,晋,baseline,0.33324258107239485,-1.0988845825195312
fenqusai/test_photo/000000206.jpg,0,5,False,yellow,special_7,,7,7,True,晋ME8U5R,0.925907138654607,-1.3856639687100483,True,晋,baseline,0.33324258107239485,-1.0988845825195312
fenqusai/test_photo/000000206.jpg,0,6,False,yellow,unknown_8,,8,7,False,晋ME8U5R,0.925907138654607,-1.3856639687100483,True,晋,baseline,0.33324258107239485,-1.0988845825195312
fenqusai/test_photo/0302734375-95_254-229&410_508&519-508&519_241&483_229&410_498&439-0_0_5_24_31_24_24_24-105-51.jpg,0,0,True,green,green,,8,8,True,川XFD7000,0.8153830384578794,-3.6737512256184672,True,川,baseline,0.14143396274890202,-1.9559223651885986
fenqusai/test_photo/0302734375-95_254-229&410_508&519-508&519_241&483_229&410_498&439-0_0_5_24_31_24_24_24-105-51.jpg,0,1,False,green,green,tractor_green,8,8,True,川XFD7000,0.8153830384578794,-3.6737512256184672,True,川,baseline,0.14143396274890202,-1.9559223651885986
fenqusai/test_photo/0302734375-95_254-229&410_508&519-508&519_241&483_229&410_498&439-0_0_5_24_31_24_24_24-105-51.jpg,0,2,False,green,blue,,7,7,True,川XFD700,0.7258464927833047,-5.767501121310339,True,川,baseline,0.14143396274890202,-1.9559223651885986
fenqusai/test_photo/0302734375-95_254-229&410_508&519-508&519_241&483_229&410_498&439-0_0_5_24_31_24_24_24-105-51.jpg,0,3,False,green,yellow,,7,7,True,川XFD700,0.7258464927833047,-5.767501121310339,True,川,baseline,0.14143396274890202,-1.9559223651885986
fenqusai/test_photo/0302734375-95_254-229&410_508&519-508&519_241&483_229&410_498&439-0_0_5_24_31_24_24_24-105-51.jpg,0,4,False,green,black,,7,7,True,川XFD700,0.7258464927833047,-5.767501121310339,True,川,baseline,0.14143396274890202,-1.9559223651885986
fenqusai/test_photo/0302734375-95_254-229&410_508&519-508&519_241&483_229&410_498&439-0_0_5_24_31_24_24_24-105-51.jpg,0,5,False,green,special_7,,7,7,True,川XFD700,0.7258464927833047,-5.767501121310339,True,川,baseline,0.14143396274890202,-1.9559223651885986
fenqusai/test_photo/0302734375-95_254-229&410_508&519-508&519_241&483_229&410_498&439-0_0_5_24_31_24_24_24-105-51.jpg,0,6,False,green,unknown_8,,8,8,True,川XFD7000,0.8153830384578794,-3.6737512256184672,True,川,baseline,0.14143396274890202,-1.9559223651885986
fenqusai/test_photo/0348046875-94_241-216&458_513&576-513&576_249&537_216&458_480&480-0_0_5_24_31_24_30_32-69-40.jpg,0,0,False,green,green,,8,6,False,川V7088,0.7006821244608106,-6.402617188283557,True,川,baseline,0.057171400980100415,-2.861701488494873
fenqusai/test_photo/0348046875-94_241-216&458_513&576-513&576_249&537_216&458_480&480-0_0_5_24_31_24_30_32-69-40.jpg,0,1,False,green,green,tractor_green,8,6,False,川V7088,0.7006821244608106,-6.402617188283557,True,川,baseline,0.057171400980100415,-2.861701488494873
fenqusai/test_photo/0348046875-94_241-216&458_513&576-513&576_249&537_216&458_480&480-0_0_5_24_31_24_30_32-69-40.jpg,0,2,False,green,blue,,7,7,True,川HV7088,0.6674358025238832,-7.277617247888202,True,川,baseline,0.057171400980100415,-2.861701488494873
fenqusai/test_photo/0348046875-94_241-216&458_513&576-513&576_249&537_216&458_480&480-0_0_5_24_31_24_30_32-69-40.jpg,0,3,False,green,yellow,,7,7,True,川HV7088,0.6674358025238832,-7.277617247888202,True,川,baseline,0.057171400980100415,-2.861701488494873
fenqusai/test_photo/0348046875-94_241-216&458_513&576-513&576_249&537_216&458_480&480-0_0_5_24_31_24_30_32-69-40.jpg,0,4,False,green,black,,7,7,True,川HV7088,0.6674358025238832,-7.277617247888202,True,川,baseline,0.057171400980100415,-2.861701488494873
fenqusai/test_photo/0348046875-94_241-216&458_513&576-513&576_249&537_216&458_480&480-0_0_5_24_31_24_30_32-69-40.jpg,0,5,True,green,special_7,,7,7,True,川1V7088,0.8320806080187583,-3.3088672478882017,True,川,baseline,0.057171400980100415,-2.861701488494873
fenqusai/test_photo/0348046875-94_241-216&458_513&576-513&576_249&537_216&458_480&480-0_0_5_24_31_24_30_32-69-40.jpg,0,6,False,green,unknown_8,,8,6,False,川V7088,0.7006821244608106,-6.402617188283557,True,川,baseline,0.057171400980100415,-2.861701488494873
fenqusai/test_photo/034921875-97_247-191&443_489&561-489&561_209&516_191&443_477&482-0_0_3_24_30_28_33_32-65-188.jpg,0,0,False,green,green,,8,7,False,粤FQT898,0.4669225395790613,-13.708654257778846,True,粤,baseline,0.07123830693554047,-2.6417245864868164
fenqusai/test_photo/034921875-97_247-191&443_489&561-489&561_209&516_191&443_477&482-0_0_3_24_30_28_33_32-65-188.jpg,0,1,False,green,green,tractor_green,8,7,False,粤FQT898,0.4669225395790613,-13.708654257778846,True,粤,baseline,0.07123830693554047,-2.6417245864868164
fenqusai/test_photo/034921875-97_247-191&443_489&561-489&561_209&516_191&443_477&482-0_0_3_24_30_28_33_32-65-188.jpg,0,2,True,green,blue,,7,7,True,粤FQT898,0.4669225395790613,-13.708654257778846,True,粤,baseline,0.07123830693554047,-2.6417245864868164
fenqusai/test_photo/034921875-97_247-191&443_489&561-489&561_209&516_191&443_477&482-0_0_3_24_30_28_33_32-65-188.jpg,0,3,False,green,yellow,,7,7,True,粤FQT898,0.4669225395790613,-13.708654257778846,True,粤,baseline,0.07123830693554047,-2.6417245864868164
fenqusai/test_photo/034921875-97_247-191&443_489&561-489&561_209&516_191&443_477&482-0_0_3_24_30_28_33_32-65-188.jpg,0,4,False,green,black,,7,7,True,粤F领领898,0.6864820177015418,-6.771154469189071,True,粤,baseline,0.07123830693554047,-2.6417245864868164
fenqusai/test_photo/034921875-97_247-191&443_489&561-489&561_209&516_191&443_477&482-0_0_3_24_30_28_33_32-65-188.jpg,0,5,False,green,special_7,,7,7,True,粤F领领898,0.6864820177015418,-6.771154469189071,True,粤,baseline,0.07123830693554047,-2.6417245864868164
fenqusai/test_photo/034921875-97_247-191&443_489&561-489&561_209&516_191&443_477&482-0_0_3_24_30_28_33_32-65-188.jpg,0,6,False,green,unknown_8,,8,7,False,粤FQT898,0.4669225395790613,-13.708654257778846,True,粤,baseline,0.07123830693554047,-2.6417245864868164
fenqusai/test_photo/03671875-106_247-213&385_448&542-448&542_221&459_213&385_443&457-0_0_3_26_30_30_26_33-107-61.jpg,0,0,True,green,green,,8,8,True,沪CFT8889,0.7952321918656813,-4.124180551152669,True,沪,baseline,0.1027751862253525,-2.2752113342285156
fenqusai/test_photo/03671875-106_247-213&385_448&542-448&542_221&459_213&385_443&457-0_0_3_26_30_30_26_33-107-61.jpg,0,1,False,green,green,tractor_green,8,8,True,沪CFT8889,0.7952321918656813,-4.124180551152669,True,沪,baseline,0.1027751862253525,-2.2752113342285156
fenqusai/test_photo/03671875-106_247-213&385_448&542-448&542_221&459_213&385_443&457-0_0_3_26_30_30_26_33-107-61.jpg,0,2,False,green,blue,,7,7,True,沪CFT888,0.44299774107080575,-14.65543094603344,True,沪,baseline,0.1027751862253525,-2.2752113342285156
fenqusai/test_photo/03671875-106_247-213&385_448&542-448&542_221&459_213&385_443&457-0_0_3_26_30_30_26_33-107-61.jpg,0,3,False,green,yellow,,7,7,True,沪CFT888,0.44299774107080575,-14.65543094603344,True,沪,baseline,0.1027751862253525,-2.2752113342285156
fenqusai/test_photo/03671875-106_247-213&385_448&542-448&542_221&459_213&385_443&457-0_0_3_26_30_30_26_33-107-61.jpg,0,4,False,green,black,,7,7,True,沪CFT888,0.44299774107080575,-14.65543094603344,True,沪,baseline,0.1027751862253525,-2.2752113342285156
fenqusai/test_photo/03671875-106_247-213&385_448&542-448&542_221&459_213&385_443&457-0_0_3_26_30_30_26_33-107-61.jpg,0,5,False,green,special_7,,7,7,True,沪CFT888,0.44299774107080575,-14.65543094603344,True,沪,baseline,0.1027751862253525,-2.2752113342285156
fenqusai/test_photo/03671875-106_247-213&385_448&542-448&542_221&459_213&385_443&457-0_0_3_26_30_30_26_33-107-61.jpg,0,6,False,green,unknown_8,,8,8,True,沪CFT8889,0.7952321918656813,-4.124180551152669,True,沪,baseline,0.1027751862253525,-2.2752113342285156
fenqusai/test_photo/0369140625-81_260-299&432_569&570-559&507_299&570_300&482_569&432-0_0_3_25_24_24_24_26-93-44.jpg,0,0,True,green,green,,8,8,True,湘AD1D4H2,0.9572760605132004,-0.7859423635372877,True,湘,baseline,0.3280779718863807,-1.1145039796829224
fenqusai/test_photo/0369140625-81_260-299&432_569&570-559&507_299&570_300&482_569&432-0_0_3_25_24_24_24_26-93-44.jpg,0,1,False,green,green,tractor_green,8,8,True,湘AD1D4H2,0.9572760605132004,-0.7859423635372877,True,湘,baseline,0.3280779718863807,-1.1145039796829224
fenqusai/test_photo/0369140625-81_260-299&432_569&570-559&507_299&570_300&482_569&432-0_0_3_25_24_24_24_26-93-44.jpg,0,2,False,green,blue,,7,7,True,湘AD1DH2,0.8655778944202578,-2.5984423635372877,True,湘,baseline,0.3280779718863807,-1.1145039796829224
fenqusai/test_photo/0369140625-81_260-299&432_569&570-559&507_299&570_300&482_569&432-0_0_3_25_24_24_24_26-93-44.jpg,0,3,False,green,yellow,,7,7,True,湘AD1DH2,0.8655778944202578,-2.5984423635372877,True,湘,baseline,0.3280779718863807,-1.1145039796829224
fenqusai/test_photo/0369140625-81_260-299&432_569&570-559&507_299&570_300&482_569&432-0_0_3_25_24_24_24_26-93-44.jpg,0,4,False,green,black,,7,7,True,湘AD1DH2,0.8655778944202578,-2.5984423635372877,True,湘,baseline,0.3280779718863807,-1.1145039796829224
fenqusai/test_photo/0369140625-81_260-299&432_569&570-559&507_299&570_300&482_569&432-0_0_3_25_24_24_24_26-93-44.jpg,0,5,False,green,special_7,,7,7,True,湘AD1DH2,0.8655778944202578,-2.5984423635372877,True,湘,baseline,0.3280779718863807,-1.1145039796829224
fenqusai/test_photo/0369140625-81_260-299&432_569&570-559&507_299&570_300&482_569&432-0_0_3_25_24_24_24_26-93-44.jpg,0,6,False,green,unknown_8,,8,8,True,湘AD1D4H2,0.9572760605132004,-0.7859423635372877,True,湘,baseline,0.3280779718863807,-1.1145039796829224
fenqusai/test_photo/046015625-97_243-180&408_522&543-522&543_208&495_180&408_501&451-0_0_3_24_30_30_33_25-61-79.jpg,0,0,True,green,green,,8,5,False,湘APZM,0.7488170138583773,-5.206691386403691,True,湘,baseline,0.09228800429418064,-2.382841110229492
fenqusai/test_photo/046015625-97_243-180&408_522&543-522&543_208&495_180&408_501&451-0_0_3_24_30_30_33_25-61-79.jpg,0,1,False,green,green,tractor_green,8,5,False,湘APZM,0.7488170138583773,-5.206691386403691,True,湘,baseline,0.09228800429418064,-2.382841110229492
fenqusai/test_photo/046015625-97_243-180&408_522&543-522&543_208&495_180&408_501&451-0_0_3_24_30_30_33_25-61-79.jpg,0,2,False,green,blue,,7,5,False,湘APZM,0.7488170138583773,-5.206691386403691,True,湘,baseline,0.09228800429418064,-2.382841110229492
fenqusai/test_photo/046015625-97_243-180&408_522&543-522&543_208&495_180&408_501&451-0_0_3_24_30_30_33_25-61-79.jpg,0,3,False,green,yellow,,7,5,False,湘APZM,0.7488170138583773,-5.206691386403691,True,湘,baseline,0.09228800429418064,-2.382841110229492
fenqusai/test_photo/046015625-97_243-180&408_522&543-522&543_208&495_180&408_501&451-0_0_3_24_30_30_33_25-61-79.jpg,0,4,False,green,black,,7,5,False,湘APZM,0.7488170138583773,-5.206691386403691,True,湘,baseline,0.09228800429418064,-2.382841110229492
fenqusai/test_photo/046015625-97_243-180&408_522&543-522&543_208&495_180&408_501&451-0_0_3_24_30_30_33_25-61-79.jpg,0,5,False,green,special_7,,7,5,False,湘APZM,0.7488170138583773,-5.206691386403691,True,湘,baseline,0.09228800429418064,-2.382841110229492
fenqusai/test_photo/046015625-97_243-180&408_522&543-522&543_208&495_180&408_501&451-0_0_3_24_30_30_33_25-61-79.jpg,0,6,False,green,unknown_8,,8,5,False,湘APZM,0.7488170138583773,-5.206691386403691,True,湘,baseline,0.09228800429418064,-2.382841110229492
fenqusai/test_photo/049921875-80_275-250&410_534&587-534&506_259&587_250&469_530&410-0_0_3_17_25_25_30_25-128-23.jpg,0,0,True,green,green,,8,8,True,湘ADT1A8L,0.7127654536297988,-6.094851655086586,True,湘,1,0.06628305903364175,-3.0888209342956543
fenqusai/test_photo/049921875-80_275-250&410_534&587-534&506_259&587_250&469_530&410-0_0_3_17_25_25_30_25-128-23.jpg,0,1,False,green,green,tractor_green,8,8,True,湘ADT1A8L,0.7127654536297988,-6.094851655086586,True,湘,1,0.06628305903364175,-3.0888209342956543
fenqusai/test_photo/049921875-80_275-250&410_534&587-534&506_259&587_250&469_530&410-0_0_3_17_25_25_30_25-128-23.jpg,0,2,False,green,blue,,7,7,True,湘ADT1A8,0.3815158498555129,-17.344851893505165,True,湘,1,0.06628305903364175,-3.0888209342956543
fenqusai/test_photo/049921875-80_275-250&410_534&587-534&506_259&587_250&469_530&410-0_0_3_17_25_25_30_25-128-23.jpg,0,3,False,green,yellow,,7,7,True,湘ADT1A8,0.3815158498555129,-17.344851893505165,True,湘,1,0.06628305903364175,-3.0888209342956543
fenqusai/test_photo/049921875-80_275-250&410_534&587-534&506_259&587_250&469_530&410-0_0_3_17_25_25_30_25-128-23.jpg,0,4,False,green,black,,7,7,True,湘ADT1A8,0.3815158498555129,-17.344851893505165,True,湘,1,0.06628305903364175,-3.0888209342956543
fenqusai/test_photo/049921875-80_275-250&410_534&587-534&506_259&587_250&469_530&410-0_0_3_17_25_25_30_25-128-23.jpg,0,5,False,green,special_7,,7,7,True,湘ADT1A8,0.3815158498555129,-17.344851893505165,True,湘,1,0.06628305903364175,-3.0888209342956543
fenqusai/test_photo/049921875-80_275-250&410_534&587-534&506_259&587_250&469_530&410-0_0_3_17_25_25_30_25-128-23.jpg,0,6,False,green,unknown_8,,8,8,True,湘ADT1A8L,0.7127654536297988,-6.094851655086586,True,湘,1,0.06628305903364175,-3.0888209342956543
fenqusai/test_photo/1006.jpg,0,0,True,blue,blue,,7,7,True,川DYQ565,0.9562869741583371,-0.8045501184431529,True,川,baseline,0.15287831032802482,-1.878113031387329
fenqusai/test_photo/1006.jpg,0,1,False,blue,green,,8,7,False,川DYQ565,0.9562869741583371,-0.8045501184431529,True,川,baseline,0.15287831032802482,-1.878113031387329
fenqusai/test_photo/1006.jpg,0,2,False,blue,green,tractor_green,8,7,False,川DYQ565,0.9562869741583371,-0.8045501184431529,True,川,baseline,0.15287831032802482,-1.878113031387329
fenqusai/test_photo/1006.jpg,0,3,False,blue,yellow,,7,7,True,川DYQ565,0.9562869741583371,-0.8045501184431529,True,川,baseline,0.15287831032802482,-1.878113031387329
fenqusai/test_photo/1006.jpg,0,4,False,blue,black,,7,7,True,川DYQ565,0.9562869741583371,-0.8045501184431529,True,川,baseline,0.15287831032802482,-1.878113031387329
fenqusai/test_photo/1006.jpg,0,5,False,blue,special_7,,7,7,True,川DYQ565,0.9562869741583371,-0.8045501184431529,True,川,baseline,0.15287831032802482,-1.878113031387329
fenqusai/test_photo/1006.jpg,0,6,False,blue,unknown_8,,8,7,False,川DYQ565,0.9562869741583371,-0.8045501184431529,True,川,baseline,0.15287831032802482,-1.878113031387329
fenqusai/test_photo/14.jpg,0,0,True,blue,blue,,7,7,True,津C4298S,0.9153425448932222,-1.5922245196901201,True,津,baseline,0.09891030108642636,-2.313541889190674
fenqusai/test_photo/14.jpg,0,1,False,blue,green,,8,7,False,津C4298S,0.9153425448932222,-1.5922245196901201,True,津,baseline,0.09891030108642636,-2.313541889190674
fenqusai/test_photo/14.jpg,0,2,False,blue,green,tractor_green,8,7,False,津C4298S,0.9153425448932222,-1.5922245196901201,True,津,baseline,0.09891030108642636,-2.313541889190674
fenqusai/test_photo/14.jpg,0,3,False,blue,yellow,,7,7,True,津C4298S,0.9153425448932222,-1.5922245196901201,True,津,baseline,0.09891030108642636,-2.313541889190674
fenqusai/test_photo/14.jpg,0,4,False,blue,black,,7,7,True,津C4298S,0.9153425448932222,-1.5922245196901201,True,津,baseline,0.09891030108642636,-2.313541889190674
fenqusai/test_photo/14.jpg,0,5,False,blue,special_7,,7,7,True,津C4298S,0.9153425448932222,-1.5922245196901201,True,津,baseline,0.09891030108642636,-2.313541889190674
fenqusai/test_photo/14.jpg,0,6,False,blue,unknown_8,,8,7,False,津C4298S,0.9153425448932222,-1.5922245196901201,True,津,baseline,0.09891030108642636,-2.313541889190674
fenqusai/test_photo/18.jpg,0,0,True,blue,blue,,7,7,True,湘C6E599,0.602453508797606,-9.121406047488158,True,湘,baseline,0.08305326385891613,-2.4882731437683105
fenqusai/test_photo/18.jpg,0,1,False,blue,green,,8,8,True,湘CC6E599,0.510852010448825,-12.090156092191641,True,湘,baseline,0.08305326385891613,-2.4882731437683105
fenqusai/test_photo/18.jpg,0,2,False,blue,green,tractor_green,8,7,False,湘C6E59学,0.6685941104935479,-7.246406047488158,True,湘,baseline,0.08305326385891613,-2.4882731437683105
fenqusai/test_photo/18.jpg,0,3,False,blue,yellow,,7,7,True,湘C6E59学,0.6685941104935479,-7.246406047488158,True,湘,baseline,0.08305326385891613,-2.4882731437683105
fenqusai/test_photo/18.jpg,0,4,False,blue,black,,7,7,True,湘C6E59港,0.7843845407870094,-4.37140607729048,True,湘,baseline,0.08305326385891613,-2.4882731437683105
fenqusai/test_photo/18.jpg,0,5,False,blue,special_7,,7,7,True,湘C6E59港,0.7843845407870094,-4.37140607729048,True,湘,baseline,0.08305326385891613,-2.4882731437683105
fenqusai/test_photo/18.jpg,0,6,False,blue,unknown_8,,8,8,True,湘CC6E599,0.510852010448825,-12.090156092191641,True,湘,baseline,0.08305326385891613,-2.4882731437683105
fenqusai/test_photo/195.jpg,0,0,True,green,green,,8,8,True,辽F89D0DH,0.2415613469647548,-25.571372642091774,True,辽,baseline,0.04766900136191935,-3.043473958969116
fenqusai/test_photo/195.jpg,0,1,False,green,green,tractor_green,8,8,True,辽F89D0DH,0.2415613469647548,-25.571372642091774,True,辽,baseline,0.04766900136191935,-3.043473958969116
fenqusai/test_photo/195.jpg,0,2,False,green,blue,,7,7,True,辽F89D0H,0.21842201067253875,-27.383872656992935,True,辽,baseline,0.04766900136191935,-3.043473958969116
fenqusai/test_photo/195.jpg,0,3,False,green,yellow,,7,7,True,辽F89D0H,0.21842201067253875,-27.383872656992935,True,辽,baseline,0.04766900136191935,-3.043473958969116
fenqusai/test_photo/195.jpg,0,4,False,green,black,,7,7,True,辽F8领D0H,0.3502514025031062,-18.88387361066725,True,辽,baseline,0.04766900136191935,-3.043473958969116
fenqusai/test_photo/195.jpg,0,5,False,green,special_7,,7,7,True,辽8领D0DH,0.4246900138670966,-15.41512359576609,True,辽,baseline,0.04766900136191935,-3.043473958969116
fenqusai/test_photo/195.jpg,0,6,False,green,unknown_8,,8,8,True,辽F89D0DH,0.2415613469647548,-25.571372642091774,True,辽,baseline,0.04766900136191935,-3.043473958969116
fenqusai/test_photo/204.jpg,0,0,True,blue,blue,,7,7,True,浙DDD544,0.9276101144801173,-1.3525878552475703,True,浙,baseline,0.10540849761997302,-2.2499120235443115
fenqusai/test_photo/204.jpg,0,1,False,blue,green,,8,7,False,浙DDD544,0.9276101144801173,-1.3525878552475703,True,浙,baseline,0.10540849761997302,-2.2499120235443115
fenqusai/test_photo/204.jpg,0,2,False,blue,green,tractor_green,8,7,False,浙DDD544,0.9276101144801173,-1.3525878552475703,True,浙,baseline,0.10540849761997302,-2.2499120235443115
fenqusai/test_photo/204.jpg,0,3,False,blue,yellow,,7,7,True,浙DDD544,0.9276101144801173,-1.3525878552475703,True,浙,baseline,0.10540849761997302,-2.2499120235443115
fenqusai/test_photo/204.jpg,0,4,False,blue,black,,7,7,True,浙DDD544,0.9276101144801173,-1.3525878552475703,True,浙,baseline,0.10540849761997302,-2.2499120235443115
fenqusai/test_photo/204.jpg,0,5,False,blue,special_7,,7,7,True,浙DDD544,0.9276101144801173,-1.3525878552475703,True,浙,baseline,0.10540849761997302,-2.2499120235443115
fenqusai/test_photo/204.jpg,0,6,False,blue,unknown_8,,8,7,False,浙DDD544,0.9276101144801173,-1.3525878552475703,True,浙,baseline,0.10540849761997302,-2.2499120235443115
fenqusai/test_photo/210.jpg,0,0,True,blue,blue,,7,7,True,鲁D22222,0.9815528523319801,-0.33514952734116576,True,鲁,baseline,0.2386225994386488,-1.4328720569610596
fenqusai/test_photo/210.jpg,0,1,False,blue,green,,8,7,False,鲁D22222,0.9815528523319801,-0.33514952734116576,True,鲁,baseline,0.2386225994386488,-1.4328720569610596
fenqusai/test_photo/210.jpg,0,2,False,blue,green,tractor_green,8,7,False,鲁D22222,0.9815528523319801,-0.33514952734116576,True,鲁,baseline,0.2386225994386488,-1.4328720569610596
fenqusai/test_photo/210.jpg,0,3,False,blue,yellow,,7,7,True,鲁D22222,0.9815528523319801,-0.33514952734116576,True,鲁,baseline,0.2386225994386488,-1.4328720569610596
fenqusai/test_photo/210.jpg,0,4,False,blue,black,,7,7,True,鲁D22222,0.9815528523319801,-0.33514952734116576,True,鲁,baseline,0.2386225994386488,-1.4328720569610596
fenqusai/test_photo/210.jpg,0,5,False,blue,special_7,,7,7,True,鲁D22222,0.9815528523319801,-0.33514952734116576,True,鲁,baseline,0.2386225994386488,-1.4328720569610596
fenqusai/test_photo/210.jpg,0,6,False,blue,unknown_8,,8,7,False,鲁D22222,0.9815528523319801,-0.33514952734116576,True,鲁,baseline,0.2386225994386488,-1.4328720569610596
fenqusai/test_photo/211.jpg,0,0,True,blue,blue,,7,7,True,辽A2A6Y9,0.9392476859555408,-1.1281690484324756,True,辽,baseline,0.3320937150542252,-1.1023380756378174
fenqusai/test_photo/211.jpg,0,1,False,blue,green,,8,8,True,辽A2A6Y39,0.7895539074836904,-4.253169007454282,True,辽,baseline,0.3320937150542252,-1.1023380756378174
fenqusai/test_photo/211.jpg,0,2,False,blue,green,tractor_green,8,8,True,辽A2A6Y39,0.7895539074836904,-4.253169007454282,True,辽,baseline,0.3320937150542252,-1.1023380756378174
fenqusai/test_photo/211.jpg,0,3,False,blue,yellow,,7,7,True,辽A2A6Y9,0.9392476859555408,-1.1281690484324756,True,辽,baseline,0.3320937150542252,-1.1023380756378174
fenqusai/test_photo/211.jpg,0,4,False,blue,black,,7,7,True,辽A2A6Y9,0.9392476859555408,-1.1281690484324756,True,辽,baseline,0.3320937150542252,-1.1023380756378174
fenqusai/test_photo/211.jpg,0,5,False,blue,special_7,,7,7,True,辽A2A6Y9,0.9392476859555408,-1.1281690484324756,True,辽,baseline,0.3320937150542252,-1.1023380756378174
fenqusai/test_photo/211.jpg,0,6,False,blue,unknown_8,,8,8,True,辽A2A6Y39,0.7895539074836904,-4.253169007454282,True,辽,baseline,0.3320937150542252,-1.1023380756378174
fenqusai/test_photo/212.jpg,0,0,True,blue,blue,,7,7,True,桂G00000,0.8937875748975098,-2.0211685922571405,True,桂,baseline,0.04935654619452904,-3.0086848735809326
fenqusai/test_photo/212.jpg,0,1,False,blue,green,,8,8,True,桂BG00000,0.7901353439854463,-4.239918480498432,True,桂,baseline,0.04935654619452904,-3.0086848735809326
fenqusai/test_photo/212.jpg,0,2,False,blue,green,tractor_green,8,8,True,桂BG00000,0.7901353439854463,-4.239918480498432,True,桂,baseline,0.04935654619452904,-3.0086848735809326
fenqusai/test_photo/212.jpg,0,3,False,blue,yellow,,7,7,True,桂G00000,0.8937875748975098,-2.0211685922571405,True,桂,baseline,0.04935654619452904,-3.0086848735809326
fenqusai/test_photo/212.jpg,0,4,False,blue,black,,7,7,True,桂G00000,0.8937875748975098,-2.0211685922571405,True,桂,baseline,0.04935654619452904,-3.0086848735809326
fenqusai/test_photo/212.jpg,0,5,False,blue,special_7,,7,7,True,桂G00000,0.8937875748975098,-2.0211685922571405,True,桂,baseline,0.04935654619452904,-3.0086848735809326
fenqusai/test_photo/212.jpg,0,6,False,blue,unknown_8,,8,8,True,桂BG00000,0.7901353439854463,-4.239918480498432,True,桂,baseline,0.04935654619452904,-3.0086848735809326
fenqusai/test_photo/213.jpg,0,0,True,blue,blue,,7,7,True,辽SN469B,0.8941875811192085,-2.0131146636704145,True,辽,baseline,0.15004923344722634,-1.8967918157577515
fenqusai/test_photo/213.jpg,0,1,False,blue,green,,8,8,True,辽SN4698B,0.8015445647061471,-3.9818647232750592,True,辽,baseline,0.15004923344722634,-1.8967918157577515
fenqusai/test_photo/213.jpg,0,2,False,blue,green,tractor_green,8,8,True,辽SN4698B,0.8015445647061471,-3.9818647232750592,True,辽,baseline,0.15004923344722634,-1.8967918157577515
fenqusai/test_photo/213.jpg,0,3,False,blue,yellow,,7,7,True,辽SN469B,0.8941875811192085,-2.0131146636704145,True,辽,baseline,0.15004923344722634,-1.8967918157577515
fenqusai/test_photo/213.jpg,0,4,False,blue,black,,7,7,True,辽SN469B,0.8941875811192085,-2.0131146636704145,True,辽,baseline,0.15004923344722634,-1.8967918157577515
fenqusai/test_photo/213.jpg,0,5,False,blue,special_7,,7,7,True,辽SN469B,0.8941875811192085,-2.0131146636704145,True,辽,baseline,0.15004923344722634,-1.8967918157577515
fenqusai/test_photo/213.jpg,0,6,False,blue,unknown_8,,8,8,True,辽SN4698B,0.8015445647061471,-3.9818647232750592,True,辽,baseline,0.15004923344722634,-1.8967918157577515
fenqusai/test_photo/214.jpg,0,0,True,black,black,,7,7,True,鲁B91999,0.9530674539286231,-0.8652527498720133,True,鲁,baseline,0.17034558180998263,-1.7699260711669922
fenqusai/test_photo/214.jpg,0,1,False,black,blue,,7,7,True,鲁B91999,0.9530674539286231,-0.8652527498720133,True,鲁,baseline,0.17034558180998263,-1.7699260711669922
fenqusai/test_photo/214.jpg,0,2,False,black,green,,8,8,True,鲁EB91999,0.647120740063087,-7.834002959652423,True,鲁,baseline,0.17034558180998263,-1.7699260711669922
fenqusai/test_photo/214.jpg,0,3,False,black,green,tractor_green,8,8,True,鲁EB91999,0.647120740063087,-7.834002959652423,True,鲁,baseline,0.17034558180998263,-1.7699260711669922
fenqusai/test_photo/214.jpg,0,4,False,black,yellow,,7,7,True,鲁B91999,0.9530674539286231,-0.8652527498720133,True,鲁,baseline,0.17034558180998263,-1.7699260711669922
fenqusai/test_photo/214.jpg,0,5,False,black,special_7,,7,7,True,鲁B91999,0.9530674539286231,-0.8652527498720133,True,鲁,baseline,0.17034558180998263,-1.7699260711669922
fenqusai/test_photo/214.jpg,0,6,False,black,unknown_8,,8,8,True,鲁EB91999,0.647120740063087,-7.834002959652423,True,鲁,baseline,0.17034558180998263,-1.7699260711669922
fenqusai/test_photo/215.jpg,0,0,True,blue,blue,,7,7,True,京B911ZB,0.9892749718366359,-0.19409320501488736,True,京,baseline,0.33021750501113206,-1.1080037355422974
fenqusai/test_photo/215.jpg,0,1,False,blue,green,,8,7,False,京B911ZB,0.9892749718366359,-0.19409320501488736,True,京,baseline,0.33021750501113206,-1.1080037355422974
fenqusai/test_photo/215.jpg,0,2,False,blue,green,tractor_green,8,7,False,京B911ZB,0.9892749718366359,-0.19409320501488736,True,京,baseline,0.33021750501113206,-1.1080037355422974
fenqusai/test_photo/215.jpg,0,3,False,blue,yellow,,7,7,True,京B911ZB,0.9892749718366359,-0.19409320501488736,True,京,baseline,0.33021750501113206,-1.1080037355422974
fenqusai/test_photo/215.jpg,0,4,False,blue,black,,7,7,True,京B911ZB,0.9892749718366359,-0.19409320501488736,True,京,baseline,0.33021750501113206,-1.1080037355422974
fenqusai/test_photo/215.jpg,0,5,False,blue,special_7,,7,7,True,京B911ZB,0.9892749718366359,-0.19409320501488736,True,京,baseline,0.33021750501113206,-1.1080037355422974
fenqusai/test_photo/215.jpg,0,6,False,blue,unknown_8,,8,7,False,京B911ZB,0.9892749718366359,-0.19409320501488736,True,京,baseline,0.33021750501113206,-1.1080037355422974
fenqusai/test_photo/216.jpg,0,0,True,unknown_7,blue,,7,7,True,川A85327,0.9837553625151431,-0.2948045070588705,True,川,baseline,0.32455754623722916,-1.125292420387268
fenqusai/test_photo/216.jpg,0,1,False,unknown_7,green,,8,8,True,川MA85327,0.9114059064470944,-1.669804551762354,True,川,baseline,0.32455754623722916,-1.125292420387268
fenqusai/test_photo/216.jpg,0,2,False,unknown_7,green,tractor_green,8,8,True,川MA85327,0.9114059064470944,-1.669804551762354,True,川,baseline,0.32455754623722916,-1.125292420387268
fenqusai/test_photo/216.jpg,0,3,False,unknown_7,yellow,,7,7,True,川A85327,0.9837553625151431,-0.2948045070588705,True,川,baseline,0.32455754623722916,-1.125292420387268
fenqusai/test_photo/216.jpg,0,4,False,unknown_7,black,,7,7,True,川A85327,0.9837553625151431,-0.2948045070588705,True,川,baseline,0.32455754623722916,-1.125292420387268
fenqusai/test_photo/216.jpg,0,5,False,unknown_7,special_7,,7,7,True,川A85327,0.9837553625151431,-0.2948045070588705,True,川,baseline,0.32455754623722916,-1.125292420387268
fenqusai/test_photo/216.jpg,0,6,False,unknown_7,unknown_8,,8,8,True,川MA85327,0.9114059064470944,-1.669804551762354,True,川,baseline,0.32455754623722916,-1.125292420387268
fenqusai/test_photo/217.jpg,0,0,True,yellow,yellow,,7,7,True,川A8T511,0.8322998448886152,-3.3041252267074626,True,川,baseline,0.035660194680338604,-3.3337202072143555
fenqusai/test_photo/217.jpg,0,1,False,yellow,blue,,7,7,True,川A8T511,0.8322998448886152,-3.3041252267074626,True,川,baseline,0.035660194680338604,-3.3337202072143555
fenqusai/test_photo/217.jpg,0,2,False,yellow,green,,8,7,False,川A8T511,0.8322998448886152,-3.3041252267074626,True,川,baseline,0.035660194680338604,-3.3337202072143555
fenqusai/test_photo/217.jpg,0,3,False,yellow,green,tractor_green,8,7,False,川A8T511,0.8322998448886152,-3.3041252267074626,True,川,baseline,0.035660194680338604,-3.3337202072143555
fenqusai/test_photo/217.jpg,0,4,False,yellow,black,,7,7,True,川A8T511,0.8322998448886152,-3.3041252267074626,True,川,baseline,0.035660194680338604,-3.3337202072143555
fenqusai/test_photo/217.jpg,0,5,False,yellow,special_7,,7,7,True,川A8T511,0.8322998448886152,-3.3041252267074626,True,川,baseline,0.035660194680338604,-3.3337202072143555
fenqusai/test_photo/217.jpg,0,6,False,yellow,unknown_8,,8,7,False,川A8T511,0.8322998448886152,-3.3041252267074626,True,川,baseline,0.035660194680338604,-3.3337202072143555
fenqusai/test_photo/218.jpg,0,0,True,blue,blue,,7,7,True,皖DJV826,0.8517454791037193,-2.8884155441199226,True,皖,baseline,0.04793571256253183,-3.0378944873809814
fenqusai/test_photo/218.jpg,0,1,False,blue,green,,8,7,False,皖DJV826,0.8517454791037193,-2.8884155441199226,True,皖,baseline,0.04793571256253183,-3.0378944873809814
fenqusai/test_photo/218.jpg,0,2,False,blue,green,tractor_green,8,7,False,皖DJV826,0.8517454791037193,-2.8884155441199226,True,皖,baseline,0.04793571256253183,-3.0378944873809814
fenqusai/test_photo/218.jpg,0,3,False,blue,yellow,,7,7,True,皖DJV826,0.8517454791037193,-2.8884155441199226,True,皖,baseline,0.04793571256253183,-3.0378944873809814
fenqusai/test_photo/218.jpg,0,4,False,blue,black,,7,7,True,皖DJV826,0.8517454791037193,-2.8884155441199226,True,皖,baseline,0.04793571256253183,-3.0378944873809814
fenqusai/test_photo/218.jpg,0,5,False,blue,special_7,,7,7,True,皖DJV826,0.8517454791037193,-2.8884155441199226,True,皖,baseline,0.04793571256253183,-3.0378944873809814
fenqusai/test_photo/218.jpg,0,6,False,blue,unknown_8,,8,7,False,皖DJV826,0.8517454791037193,-2.8884155441199226,True,皖,baseline,0.04793571256253183,-3.0378944873809814
fenqusai/test_photo/219.jpg,0,0,True,blue,blue,,7,7,True,晋RB520T,0.9213729532419025,-1.4740268560589058,True,晋,baseline,0.07704372595632653,-2.563382148742676
fenqusai/test_photo/219.jpg,0,1,False,blue,green,,8,8,True,晋R8B520T,0.6882817244975693,-6.7240267484911485,True,晋,baseline,0.07704372595632653,-2.563382148742676
fenqusai/test_photo/219.jpg,0,2,False,blue,green,tractor_green,8,8,True,晋R8B520T,0.6882817244975693,-6.7240267484911485,True,晋,baseline,0.07704372595632653,-2.563382148742676
fenqusai/test_photo/219.jpg,0,3,False,blue,yellow,,7,7,True,晋RB520T,0.9213729532419025,-1.4740268560589058,True,晋,baseline,0.07704372595632653,-2.563382148742676
fenqusai/test_photo/219.jpg,0,4,False,blue,black,,7,7,True,晋RB520T,0.9213729532419025,-1.4740268560589058,True,晋,baseline,0.07704372595632653,-2.563382148742676
fenqusai/test_photo/219.jpg,0,5,False,blue,special_7,,7,7,True,晋RB520T,0.9213729532419025,-1.4740268560589058,True,晋,baseline,0.07704372595632653,-2.563382148742676
fenqusai/test_photo/219.jpg,0,6,False,blue,unknown_8,,8,8,True,晋R8B520T,0.6882817244975693,-6.7240267484911485,True,晋,baseline,0.07704372595632653,-2.563382148742676
fenqusai/test_photo/22.jpg,0,0,False,blue,blue,,7,7,True,湘A67LBF,0.5294686846533974,-11.445862626773135,True,湘,baseline,0.09081775172711727,-2.3989005088806152
fenqusai/test_photo/22.jpg,0,1,True,blue,green,,8,8,True,湘A67LBVF,0.8594124856782872,-2.7271130288425525,True,湘,baseline,0.09081775172711727,-2.3989005088806152
fenqusai/test_photo/22.jpg,0,2,False,blue,green,tractor_green,8,8,True,湘A67LBVF,0.8594124856782872,-2.7271130288425525,True,湘,baseline,0.09081775172711727,-2.3989005088806152
fenqusai/test_photo/22.jpg,0,3,False,blue,yellow,,7,7,True,湘A67LBF,0.5294686846533974,-11.445862626773135,True,湘,baseline,0.09081775172711727,-2.3989005088806152
fenqusai/test_photo/22.jpg,0,4,False,blue,black,,7,7,True,湘A67LBF,0.5294686846533974,-11.445862626773135,True,湘,baseline,0.09081775172711727,-2.3989005088806152
fenqusai/test_photo/22.jpg,0,5,False,blue,special_7,,7,7,True,湘A67LBF,0.5294686846533974,-11.445862626773135,True,湘,baseline,0.09081775172711727,-2.3989005088806152
fenqusai/test_photo/22.jpg,0,6,False,blue,unknown_8,,8,8,True,湘A67LBVF,0.8594124856782872,-2.7271130288425525,True,湘,baseline,0.09081775172711727,-2.3989005088806152
fenqusai/test_photo/220.jpg,0,0,True,blue,blue,,7,7,True,川DP3333,0.8935453344022538,-2.026047738071128,True,川,baseline,0.06255823056901579,-2.7716574668884277
fenqusai/test_photo/220.jpg,0,1,False,blue,green,,8,7,False,川DP3333,0.8935453344022538,-2.026047738071128,True,川,baseline,0.06255823056901579,-2.7716574668884277
fenqusai/test_photo/220.jpg,0,2,False,blue,green,tractor_green,8,7,False,川DP3333,0.8935453344022538,-2.026047738071128,True,川,baseline,0.06255823056901579,-2.7716574668884277
fenqusai/test_photo/220.jpg,0,3,False,blue,yellow,,7,7,True,川DP3333,0.8935453344022538,-2.026047738071128,True,川,baseline,0.06255823056901579,-2.7716574668884277
fenqusai/test_photo/220.jpg,0,4,False,blue,black,,7,7,True,川DP3333,0.8935453344022538,-2.026047738071128,True,川,baseline,0.06255823056901579,-2.7716574668884277
fenqusai/test_photo/220.jpg,0,5,False,blue,special_7,,7,7,True,川DP3333,0.8935453344022538,-2.026047738071128,True,川,baseline,0.06255823056901579,-2.7716574668884277
fenqusai/test_photo/220.jpg,0,6,False,blue,unknown_8,,8,7,False,川DP3333,0.8935453344022538,-2.026047738071128,True,川,baseline,0.06255823056901579,-2.7716574668884277
fenqusai/test_photo/221.jpg,0,0,True,blue,blue,,7,7,True,晋AMV062,0.934333584678044,-1.2225914545646717,True,晋,baseline,0.11858026646677439,-2.1321651935577393
fenqusai/test_photo/221.jpg,0,1,False,blue,green,,8,7,False,晋AMV062,0.934333584678044,-1.2225914545646717,True,晋,baseline,0.11858026646677439,-2.1321651935577393
fenqusai/test_photo/221.jpg,0,2,False,blue,green,tractor_green,8,7,False,晋AMV062,0.934333584678044,-1.2225914545646717,True,晋,baseline,0.11858026646677439,-2.1321651935577393
fenqusai/test_photo/221.jpg,0,3,False,blue,yellow,,7,7,True,晋AMV062,0.934333584678044,-1.2225914545646717,True,晋,baseline,0.11858026646677439,-2.1321651935577393
fenqusai/test_photo/221.jpg,0,4,False,blue,black,,7,7,True,晋AMV062,0.934333584678044,-1.2225914545646717,True,晋,baseline,0.11858026646677439,-2.1321651935577393
fenqusai/test_photo/221.jpg,0,5,False,blue,special_7,,7,7,True,晋AMV062,0.934333584678044,-1.2225914545646717,True,晋,baseline,0.11858026646677439,-2.1321651935577393
fenqusai/test_photo/221.jpg,0,6,False,blue,unknown_8,,8,7,False,晋AMV062,0.934333584678044,-1.2225914545646717,True,晋,baseline,0.11858026646677439,-2.1321651935577393
fenqusai/test_photo/222.jpg,0,0,False,green,green,,8,8,True,川DF00006,0.782339501664812,-4.418396771386135,True,川,baseline,0.3306260512498117,-1.1067672967910767
fenqusai/test_photo/222.jpg,0,1,False,green,green,tractor_green,8,8,True,川DF00006,0.782339501664812,-4.418396771386135,True,川,baseline,0.3306260512498117,-1.1067672967910767
fenqusai/test_photo/222.jpg,0,2,True,green,blue,,7,7,True,川F00006,0.9984583156548519,-0.02777173133926425,True,川,baseline,0.3306260512498117,-1.1067672967910767
fenqusai/test_photo/222.jpg,0,3,False,green,yellow,,7,7,True,川F00006,0.9984583156548519,-0.02777173133926425,True,川,baseline,0.3306260512498117,-1.1067672967910767
fenqusai/test_photo/222.jpg,0,4,False,green,black,,7,7,True,川F00006,0.9984583156548519,-0.02777173133926425,True,川,baseline,0.3306260512498117,-1.1067672967910767
fenqusai/test_photo/222.jpg,0,5,False,green,special_7,,7,7,True,川F00006,0.9984583156548519,-0.02777173133926425,True,川,baseline,0.3306260512498117,-1.1067672967910767
fenqusai/test_photo/222.jpg,0,6,False,green,unknown_8,,8,8,True,川DF00006,0.782339501664812,-4.418396771386135,True,川,baseline,0.3306260512498117,-1.1067672967910767
fenqusai/test_photo/223.jpg,0,0,True,blue,blue,,7,7,True,桂AG9Z10,0.920109768392282,-1.4987214465563738,True,桂,baseline,0.10955312663812383,-2.211345672607422
fenqusai/test_photo/223.jpg,0,1,False,blue,green,,8,7,False,桂AG9Z10,0.920109768392282,-1.4987214465563738,True,桂,baseline,0.10955312663812383,-2.211345672607422
fenqusai/test_photo/223.jpg,0,2,False,blue,green,tractor_green,8,7,False,桂AG9Z10,0.920109768392282,-1.4987214465563738,True,桂,baseline,0.10955312663812383,-2.211345672607422
fenqusai/test_photo/223.jpg,0,3,False,blue,yellow,,7,7,True,桂AG9Z10,0.920109768392282,-1.4987214465563738,True,桂,baseline,0.10955312663812383,-2.211345672607422
fenqusai/test_photo/223.jpg,0,4,False,blue,black,,7,7,True,桂AG9Z10,0.920109768392282,-1.4987214465563738,True,桂,baseline,0.10955312663812383,-2.211345672607422
fenqusai/test_photo/223.jpg,0,5,False,blue,special_7,,7,7,True,桂AG9Z10,0.920109768392282,-1.4987214465563738,True,桂,baseline,0.10955312663812383,-2.211345672607422
fenqusai/test_photo/223.jpg,0,6,False,blue,unknown_8,,8,7,False,桂AG9Z10,0.920109768392282,-1.4987214465563738,True,桂,baseline,0.10955312663812383,-2.211345672607422
fenqusai/test_photo/224.jpg,0,0,True,blue,blue,,7,7,True,京NH1N10,0.9797731633193287,-0.3678156019906851,True,京,baseline,0.31999200996563487,-1.139459252357483
fenqusai/test_photo/224.jpg,0,1,False,blue,green,,8,7,False,京NH1N10,0.9797731633193287,-0.3678156019906851,True,京,baseline,0.31999200996563487,-1.139459252357483
fenqusai/test_photo/224.jpg,0,2,False,blue,green,tractor_green,8,7,False,京NH1N10,0.9797731633193287,-0.3678156019906851,True,京,baseline,0.31999200996563487,-1.139459252357483
fenqusai/test_photo/224.jpg,0,3,False,blue,yellow,,7,7,True,京NH1N10,0.9797731633193287,-0.3678156019906851,True,京,baseline,0.31999200996563487,-1.139459252357483
fenqusai/test_photo/224.jpg,0,4,False,blue,black,,7,7,True,京NH1N10,0.9797731633193287,-0.3678156019906851,True,京,baseline,0.31999200996563487,-1.139459252357483
fenqusai/test_photo/224.jpg,0,5,False,blue,special_7,,7,7,True,京NH1N10,0.9797731633193287,-0.3678156019906851,True,京,baseline,0.31999200996563487,-1.139459252357483
fenqusai/test_photo/224.jpg,0,6,False,blue,unknown_8,,8,7,False,京NH1N10,0.9797731633193287,-0.3678156019906851,True,京,baseline,0.31999200996563487,-1.139459252357483
fenqusai/test_photo/225.jpg,0,0,True,blue,blue,,7,7,True,赣FP9178,0.9238304372412901,-1.4260812058710144,True,赣,baseline,0.12929550295854234,-2.045654773712158
fenqusai/test_photo/225.jpg,0,1,False,blue,green,,8,7,False,赣FP9178,0.9238304372412901,-1.4260812058710144,True,赣,baseline,0.12929550295854234,-2.045654773712158
fenqusai/test_photo/225.jpg,0,2,False,blue,green,tractor_green,8,7,False,赣FP9178,0.9238304372412901,-1.4260812058710144,True,赣,baseline,0.12929550295854234,-2.045654773712158
fenqusai/test_photo/225.jpg,0,3,False,blue,yellow,,7,7,True,赣FP9178,0.9238304372412901,-1.4260812058710144,True,赣,baseline,0.12929550295854234,-2.045654773712158
fenqusai/test_photo/225.jpg,0,4,False,blue,black,,7,7,True,赣FP9178,0.9238304372412901,-1.4260812058710144,True,赣,baseline,0.12929550295854234,-2.045654773712158
fenqusai/test_photo/225.jpg,0,5,False,blue,special_7,,7,7,True,赣FP9178,0.9238304372412901,-1.4260812058710144,True,赣,baseline,0.12929550295854234,-2.045654773712158
fenqusai/test_photo/225.jpg,0,6,False,blue,unknown_8,,8,7,False,赣FP9178,0.9238304372412901,-1.4260812058710144,True,赣,baseline,0.12929550295854234,-2.045654773712158
fenqusai/test_photo/226.jpg,0,0,True,blue,blue,,7,7,True,晋BQQ900,0.8901954370928706,-2.09365646622512,True,晋,baseline,0.054517705669606384,-2.9092297554016113
fenqusai/test_photo/226.jpg,0,1,False,blue,green,,8,8,True,晋B0QQ900,0.7896970289080533,-4.24990646622512,True,晋,baseline,0.054517705669606384,-2.9092297554016113
fenqusai/test_photo/226.jpg,0,2,False,blue,green,tractor_green,8,8,True,晋B0QQ900,0.7896970289080533,-4.24990646622512,True,晋,baseline,0.054517705669606384,-2.9092297554016113
fenqusai/test_photo/226.jpg,0,3,False,blue,yellow,,7,7,True,晋BQQ900,0.8901954370928706,-2.09365646622512,True,晋,baseline,0.054517705669606384,-2.9092297554016113
fenqusai/test_photo/226.jpg,0,4,False,blue,black,,7,7,True,晋BQQ900,0.8901954370928706,-2.09365646622512,True,晋,baseline,0.054517705669606384,-2.9092297554016113
fenqusai/test_photo/226.jpg,0,5,False,blue,special_7,,7,7,True,晋BQQ900,0.8901954370928706,-2.09365646622512,True,晋,baseline,0.054517705669606384,-2.9092297554016113
fenqusai/test_photo/226.jpg,0,6,False,blue,unknown_8,,8,8,True,晋B0QQ900,0.7896970289080533,-4.24990646622512,True,晋,baseline,0.054517705669606384,-2.9092297554016113
fenqusai/test_photo/227.jpg,0,0,True,black,black,,7,7,True,皖C05761,0.9409658808768501,-1.0952711715761723,True,皖,baseline,0.19983912618063093,-1.6102426052093506
fenqusai/test_photo/227.jpg,0,1,False,black,blue,,7,7,True,皖C05761,0.9409658808768501,-1.0952711715761723,True,皖,baseline,0.19983912618063093,-1.6102426052093506
fenqusai/test_photo/227.jpg,0,2,False,black,green,,8,8,True,皖AC05761,0.9167778729531401,-1.564021231180817,True,皖,baseline,0.19983912618063093,-1.6102426052093506
fenqusai/test_photo/227.jpg,0,3,False,black,green,tractor_green,8,8,True,皖AC05761,0.9167778729531401,-1.564021231180817,True,皖,baseline,0.19983912618063093,-1.6102426052093506
fenqusai/test_photo/227.jpg,0,4,False,black,yellow,,7,7,True,皖C05761,0.9409658808768501,-1.0952711715761723,True,皖,baseline,0.19983912618063093,-1.6102426052093506
fenqusai/test_photo/227.jpg,0,5,False,black,special_7,,7,7,True,皖C05761,0.9409658808768501,-1.0952711715761723,True,皖,baseline,0.19983912618063093,-1.6102426052093506
fenqusai/test_photo/227.jpg,0,6,False,black,unknown_8,,8,8,True,皖AC05761,0.9167778729531401,-1.564021231180817,True,皖,baseline,0.19983912618063093,-1.6102426052093506
fenqusai/test_photo/228.jpg,0,0,False,blue,blue,,7,7,True,蒙RL6789,0.7558446809004399,-5.038548704179902,True,蒙,baseline,0.16751681925767084,-1.78667151927948
fenqusai/test_photo/228.jpg,0,1,False,blue,green,,8,8,True,蒙K8L6789,0.7730976383892117,-4.6322986930040315,True,蒙,baseline,0.16751681925767084,-1.78667151927948
fenqusai/test_photo/228.jpg,0,2,False,blue,green,tractor_green,8,8,True,蒙K8L6789,0.7730976383892117,-4.6322986930040315,True,蒙,baseline,0.16751681925767084,-1.78667151927948
fenqusai/test_photo/228.jpg,0,3,False,blue,yellow,,7,7,True,蒙RL6789,0.7558446809004399,-5.038548704179902,True,蒙,baseline,0.16751681925767084,-1.78667151927948
fenqusai/test_photo/228.jpg,0,4,False,blue,black,,7,7,True,蒙RL6789,0.7558446809004399,-5.038548704179902,True,蒙,baseline,0.16751681925767084,-1.78667151927948
fenqusai/test_photo/228.jpg,0,5,True,blue,special_7,,7,7,True,蒙8L6789,0.9571374638947686,-0.7885486333993867,True,蒙,baseline,0.16751681925767084,-1.78667151927948
fenqusai/test_photo/228.jpg,0,6,False,blue,unknown_8,,8,8,True,蒙K8L6789,0.7730976383892117,-4.6322986930040315,True,蒙,baseline,0.16751681925767084,-1.78667151927948
fenqusai/test_photo/229.jpg,0,0,False,blue,blue,,7,7,True,皖Q00000,0.3431494152968054,-19.252607644040822,True,皖,baseline,0.1530973800094497,-1.8766810894012451
fenqusai/test_photo/229.jpg,0,1,False,blue,green,,8,8,True,皖A000000,0.6771233508378873,-7.018232769769369,True,皖,baseline,0.1530973800094497,-1.8766810894012451
fenqusai/test_photo/229.jpg,0,2,False,blue,green,tractor_green,8,8,True,皖A000000,0.6771233508378873,-7.018232769769369,True,皖,baseline,0.1530973800094497,-1.8766810894012451
fenqusai/test_photo/229.jpg,0,3,False,blue,yellow,,7,7,True,皖Q00000,0.3431494152968054,-19.252607644040822,True,皖,baseline,0.1530973800094497,-1.8766810894012451
fenqusai/test_photo/229.jpg,0,4,False,blue,black,,7,7,True,皖Q00000,0.3431494152968054,-19.252607644040822,True,皖,baseline,0.1530973800094497,-1.8766810894012451
fenqusai/test_photo/229.jpg,0,5,True,blue,special_7,,7,7,True,皖000000,0.9573869364930492,-0.7838576440408218,True,皖,baseline,0.1530973800094497,-1.8766810894012451
fenqusai/test_photo/229.jpg,0,6,False,blue,unknown_8,,8,8,True,皖A000000,0.6771233508378873,-7.018232769769369,True,皖,baseline,0.1530973800094497,-1.8766810894012451
fenqusai/test_photo/25.jpg,0,0,True,blue,blue,,7,7,True,琼ESB945,0.9881146600646912,-0.21521763487452006,True,琼,baseline,0.30116274628419304,-1.2001044750213623
fenqusai/test_photo/25.jpg,0,1,False,blue,green,,8,7,False,琼ESB945,0.9881146600646912,-0.21521763487452006,True,琼,baseline,0.30116274628419304,-1.2001044750213623
fenqusai/test_photo/25.jpg,0,2,False,blue,green,tractor_green,8,7,False,琼ESB945,0.9881146600646912,-0.21521763487452006,True,琼,baseline,0.30116274628419304,-1.2001044750213623
fenqusai/test_photo/25.jpg,0,3,False,blue,yellow,,7,7,True,琼ESB945,0.9881146600646912,-0.21521763487452006,True,琼,baseline,0.30116274628419304,-1.2001044750213623
fenqusai/test_photo/25.jpg,0,4,False,blue,black,,7,7,True,琼ESB945,0.9881146600646912,-0.21521763487452006,True,琼,baseline,0.30116274628419304,-1.2001044750213623
fenqusai/test_photo/25.jpg,0,5,False,blue,special_7,,7,7,True,琼ESB945,0.9881146600646912,-0.21521763487452006,True,琼,baseline,0.30116274628419304,-1.2001044750213623
fenqusai/test_photo/25.jpg,0,6,False,blue,unknown_8,,8,7,False,琼ESB945,0.9881146600646912,-0.21521763487452006,True,琼,baseline,0.30116274628419304,-1.2001044750213623
fenqusai/test_photo/26.jpg,0,0,True,blue,blue,,7,7,True,晋E7382B,0.9259740990616299,-1.3843622790526453,True,晋,baseline,0.12131954867558713,-2.1093273162841797
fenqusai/test_photo/26.jpg,0,1,False,blue,green,,8,7,False,晋E7382B,0.9259740990616299,-1.3843622790526453,True,晋,baseline,0.12131954867558713,-2.1093273162841797
fenqusai/test_photo/26.jpg,0,2,False,blue,green,tractor_green,8,7,False,晋E7382B,0.9259740990616299,-1.3843622790526453,True,晋,baseline,0.12131954867558713,-2.1093273162841797
fenqusai/test_photo/26.jpg,0,3,False,blue,yellow,,7,7,True,晋E7382B,0.9259740990616299,-1.3843622790526453,True,晋,baseline,0.12131954867558713,-2.1093273162841797
fenqusai/test_photo/26.jpg,0,4,False,blue,black,,7,7,True,晋E7382B,0.9259740990616299,-1.3843622790526453,True,晋,baseline,0.12131954867558713,-2.1093273162841797
fenqusai/test_photo/26.jpg,0,5,False,blue,special_7,,7,7,True,晋E7382B,0.9259740990616299,-1.3843622790526453,True,晋,baseline,0.12131954867558713,-2.1093273162841797
fenqusai/test_photo/26.jpg,0,6,False,blue,unknown_8,,8,7,False,晋E7382B,0.9259740990616299,-1.3843622790526453,True,晋,baseline,0.12131954867558713,-2.1093273162841797
fenqusai/test_photo/30.jpg,0,0,True,unknown_7,blue,,7,7,True,云AJH155,0.9679384465332893,-0.5865620763498782,True,云,baseline,0.1885847512045391,-1.6682077646255493
fenqusai/test_photo/30.jpg,0,1,False,unknown_7,green,,8,8,True,云AAJH155,0.7415002170079501,-5.38343684538188,True,云,baseline,0.1885847512045391,-1.6682077646255493
fenqusai/test_photo/30.jpg,0,2,False,unknown_7,green,tractor_green,8,8,True,云AAJH155,0.7415002170079501,-5.38343684538188,True,云,baseline,0.1885847512045391,-1.6682077646255493
fenqusai/test_photo/30.jpg,0,3,False,unknown_7,yellow,,7,7,True,云AJH155,0.9679384465332893,-0.5865620763498782,True,云,baseline,0.1885847512045391,-1.6682077646255493
fenqusai/test_photo/30.jpg,0,4,False,unknown_7,black,,7,7,True,云AJH155,0.9679384465332893,-0.5865620763498782,True,云,baseline,0.1885847512045391,-1.6682077646255493
fenqusai/test_photo/30.jpg,0,5,False,unknown_7,special_7,,7,7,True,云AJH155,0.9679384465332893,-0.5865620763498782,True,云,baseline,0.1885847512045391,-1.6682077646255493
fenqusai/test_photo/30.jpg,0,6,False,unknown_7,unknown_8,,8,8,True,云AAJH155,0.7415002170079501,-5.38343684538188,True,云,baseline,0.1885847512045391,-1.6682077646255493
fenqusai/test_photo/3040625-99_253-195&400_483&542-482&542_207&496_195&400_483&450-0_0_3_25_26_30_30_30-114-232.jpg,0,0,True,green,green,,8,8,True,辽AD12668,0.8792214033992277,-2.316933576241098,True,辽,baseline,0.054448807670113016,-2.910494327545166
fenqusai/test_photo/3040625-99_253-195&400_483&542-482&542_207&496_195&400_483&450-0_0_3_25_26_30_30_30-114-232.jpg,0,1,False,green,green,tractor_green,8,8,True,辽AD12668,0.8792214033992277,-2.316933576241098,True,辽,baseline,0.054448807670113016,-2.910494327545166
fenqusai/test_photo/3040625-99_253-195&400_483&542-482&542_207&496_195&400_483&450-0_0_3_25_26_30_30_30-114-232.jpg,0,2,False,green,blue,,7,7,True,川D12668,0.6579350334346543,-7.535683546438776,True,川,1,0.054448807670113016,-3.2229928970336914
fenqusai/test_photo/3040625-99_253-195&400_483&542-482&542_207&496_195&400_483&450-0_0_3_25_26_30_30_30-114-232.jpg,0,3,False,green,yellow,,7,7,True,川D12668,0.6579350334346543,-7.535683546438776,True,川,1,0.054448807670113016,-3.2229928970336914
fenqusai/test_photo/3040625-99_253-195&400_483&542-482&542_207&496_195&400_483&450-0_0_3_25_26_30_30_30-114-232.jpg,0,4,False,green,black,,7,7,True,川D12668,0.6579350334346543,-7.535683546438776,True,川,1,0.054448807670113016,-3.2229928970336914
fenqusai/test_photo/3040625-99_253-195&400_483&542-482&542_207&496_195&400_483&450-0_0_3_25_26_30_30_30-114-232.jpg,0,5,False,green,special_7,,7,7,True,川D12668,0.6579350334346543,-7.535683546438776,True,川,1,0.054448807670113016,-3.2229928970336914
fenqusai/test_photo/3040625-99_253-195&400_483&542-482&542_207&496_195&400_483&450-0_0_3_25_26_30_30_30-114-232.jpg,0,6,False,green,unknown_8,,8,8,True,辽AD12668,0.8792214033992277,-2.316933576241098,True,辽,baseline,0.054448807670113016,-2.910494327545166
fenqusai/test_photo/304515625-74_83-221&426_493&594-493&512_237&594_221&506_482&426-0_0_5_24_29_33_29_32-108-73.jpg,0,0,True,green,green,,8,8,True,湘RAEQ95F,0.7864941611462136,-4.323059646407501,True,湘,baseline,0.1332458719075256,-2.015559196472168
fenqusai/test_photo/304515625-74_83-221&426_493&594-493&512_237&594_221&506_482&426-0_0_5_24_29_33_29_32-108-73.jpg,0,1,False,green,green,tractor_green,8,8,True,湘RAEQ95F,0.7864941611462136,-4.323059646407501,True,湘,baseline,0.1332458719075256,-2.015559196472168
fenqusai/test_photo/304515625-74_83-221&426_493&594-493&512_237&594_221&506_482&426-0_0_5_24_29_33_29_32-108-73.jpg,0,2,False,green,blue,,7,7,True,湘RAQ95F,0.7756461389999323,-4.573059646407501,True,湘,baseline,0.1332458719075256,-2.015559196472168
fenqusai/test_photo/304515625-74_83-221&426_493&594-493&512_237&594_221&506_482&426-0_0_5_24_29_33_29_32-108-73.jpg,0,3,False,green,yellow,,7,7,True,湘RAQ95F,0.7756461389999323,-4.573059646407501,True,湘,baseline,0.1332458719075256,-2.015559196472168
fenqusai/test_photo/304515625-74_83-221&426_493&594-493&512_237&594_221&506_482&426-0_0_5_24_29_33_29_32-108-73.jpg,0,4,False,green,black,,7,7,True,湘RAQ95警,0.7864941637505861,-4.323059586802856,True,湘,baseline,0.1332458719075256,-2.015559196472168
fenqusai/test_photo/304515625-74_83-221&426_493&594-493&512_237&594_221&506_482&426-0_0_5_24_29_33_29_32-108-73.jpg,0,5,False,green,special_7,,7,7,True,湘RAQ95警,0.7864941637505861,-4.323059586802856,True,湘,baseline,0.1332458719075256,-2.015559196472168
fenqusai/test_photo/304515625-74_83-221&426_493&594-493&512_237&594_221&506_482&426-0_0_5_24_29_33_29_32-108-73.jpg,0,6,False,green,unknown_8,,8,8,True,湘RAEQ95F,0.7864941611462136,-4.323059646407501,True,湘,baseline,0.1332458719075256,-2.015559196472168
fenqusai/test_photo/30671875-101_110-88&427_475&602-475&602_119&522_88&427_458&484-0_0_3_24_30_24_31_33-82-166.jpg,0,0,True,green,green,,8,8,True,沪A3DB47P,0.38297773870153234,-17.27601146973757,True,沪,1,0.06557131143357743,-2.9746317863464355
fenqusai/test_photo/30671875-101_110-88&427_475&602-475&602_119&522_88&427_458&484-0_0_3_24_30_24_31_33-82-166.jpg,0,1,False,green,green,tractor_green,8,8,True,沪A3DB47学,0.4635661448129378,-13.838511544243374,True,沪,1,0.06557131143357743,-2.9746317863464355
fenqusai/test_photo/30671875-101_110-88&427_475&602-475&602_119&522_88&427_458&484-0_0_3_24_30_24_31_33-82-166.jpg,0,2,False,green,blue,,7,7,True,川A3DB47,0.23883062735001534,-25.776011708156148,True,川,baseline,0.06557131143357743,-2.7246170043945312
fenqusai/test_photo/30671875-101_110-88&427_475&602-475&602_119&522_88&427_458&484-0_0_3_24_30_24_31_33-82-166.jpg,0,3,False,green,yellow,,7,7,True,川A3DB47,0.23883062735001534,-25.776011708156148,True,川,baseline,0.06557131143357743,-2.7246170043945312
fenqusai/test_photo/30671875-101_110-88&427_475&602-475&602_119&522_88&427_458&484-0_0_3_24_30_24_31_33-82-166.jpg,0,4,False,green,black,,7,7,True,沪A领DB47,0.2972295178414261,-21.83851172305731,True,沪,1,0.06557131143357743,-2.9746317863464355
fenqusai/test_photo/30671875-101_110-88&427_475&602-475&602_119&522_88&427_458&484-0_0_3_24_30_24_31_33-82-166.jpg,0,5,False,green,special_7,,7,7,True,川3领DB47,0.3444931049026314,-19.182261663452664,True,川,baseline,0.06557131143357743,-2.7246170043945312
fenqusai/test_photo/30671875-101_110-88&427_475&602-475&602_119&522_88&427_458&484-0_0_3_24_30_24_31_33-82-166.jpg,0,6,False,green,unknown_8,,8,8,True,沪A3DB47P,0.38297773870153234,-17.27601146973757,True,沪,1,0.06557131143357743,-2.9746317863464355
fenqusai/test_photo/32.jpg,0,0,True,blue,blue,,7,7,True,川AZ0EB3,0.9419719284943224,-1.0760364854940576,True,川,baseline,0.13566848887658065,-1.9975409507751465
fenqusai/test_photo/32.jpg,0,1,False,blue,green,,8,7,False,川AZ0EB3,0.9419719284943224,-1.0760364854940576,True,川,baseline,0.13566848887658065,-1.9975409507751465
fenqusai/test_photo/32.jpg,0,2,False,blue,green,tractor_green,8,7,False,川AZ0EB3,0.9419719284943224,-1.0760364854940576,True,川,baseline,0.13566848887658065,-1.9975409507751465
fenqusai/test_photo/32.jpg,0,3,False,blue,yellow,,7,7,True,川AZ0EB3,0.9419719284943224,-1.0760364854940576,True,川,baseline,0.13566848887658065,-1.9975409507751465
fenqusai/test_photo/32.jpg,0,4,False,blue,black,,7,7,True,川AZ0EB3,0.9419719284943224,-1.0760364854940576,True,川,baseline,0.13566848887658065,-1.9975409507751465
fenqusai/test_photo/32.jpg,0,5,False,blue,special_7,,7,7,True,川AZ0EB3,0.9419719284943224,-1.0760364854940576,True,川,baseline,0.13566848887658065,-1.9975409507751465
fenqusai/test_photo/32.jpg,0,6,False,blue,unknown_8,,8,7,False,川AZ0EB3,0.9419719284943224,-1.0760364854940576,True,川,baseline,0.13566848887658065,-1.9975409507751465
fenqusai/test_photo/33.jpg,0,0,True,blue,blue,,7,7,True,辽A8H3J6,0.7681709758518568,-4.747373024482528,True,辽,baseline,0.0036481766840659275,-5.613527774810791
fenqusai/test_photo/33.jpg,0,1,False,blue,green,,8,8,True,辽DA8H3J6,0.5610310329313772,-10.403623040780673,True,辽,baseline,0.0036481766840659275,-5.613527774810791
fenqusai/test_photo/33.jpg,0,2,False,blue,green,tractor_green,8,8,True,辽DA8H3J6,0.5610310329313772,-10.403623040780673,True,辽,baseline,0.0036481766840659275,-5.613527774810791
fenqusai/test_photo/33.jpg,0,3,False,blue,yellow,,7,7,True,辽A8H3J6,0.7681709758518568,-4.747373024482528,True,辽,baseline,0.0036481766840659275,-5.613527774810791
fenqusai/test_photo/33.jpg,0,4,False,blue,black,,7,7,True,辽A8H3J6,0.7681709758518568,-4.747373024482528,True,辽,baseline,0.0036481766840659275,-5.613527774810791
fenqusai/test_photo/33.jpg,0,5,False,blue,special_7,,7,7,True,辽A8H3J6,0.7681709758518568,-4.747373024482528,True,辽,baseline,0.0036481766840659275,-5.613527774810791
fenqusai/test_photo/33.jpg,0,6,False,blue,unknown_8,,8,8,True,辽DA8H3J6,0.5610310329313772,-10.403623040780673,True,辽,baseline,0.0036481766840659275,-5.613527774810791
fenqusai/test_photo/34.jpg,0,0,True,blue,blue,,7,7,True,黑AJP250,0.9776559688702198,-0.40675393627694234,True,黑,baseline,0.2724344559165648,-1.3003572225570679
fenqusai/test_photo/34.jpg,0,1,False,blue,green,,8,7,False,黑AJP250,0.9776559688702198,-0.40675393627694234,True,黑,baseline,0.2724344559165648,-1.3003572225570679
fenqusai/test_photo/34.jpg,0,2,False,blue,green,tractor_green,8,7,False,黑AJP250,0.9776559688702198,-0.40675393627694234,True,黑,baseline,0.2724344559165648,-1.3003572225570679
fenqusai/test_photo/34.jpg,0,3,False,blue,yellow,,7,7,True,黑AJP250,0.9776559688702198,-0.40675393627694234,True,黑,baseline,0.2724344559165648,-1.3003572225570679
fenqusai/test_photo/34.jpg,0,4,False,blue,black,,7,7,True,黑AJP250,0.9776559688702198,-0.40675393627694234,True,黑,baseline,0.2724344559165648,-1.3003572225570679
fenqusai/test_photo/34.jpg,0,5,False,blue,special_7,,7,7,True,黑AJP250,0.9776559688702198,-0.40675393627694234,True,黑,baseline,0.2724344559165648,-1.3003572225570679
fenqusai/test_photo/34.jpg,0,6,False,blue,unknown_8,,8,7,False,黑AJP250,0.9776559688702198,-0.40675393627694234,True,黑,baseline,0.2724344559165648,-1.3003572225570679
fenqusai/test_photo/37.jpg,0,0,True,blue,blue,,7,7,True,藏B98Z10,0.9919119089025872,-0.14617758869712816,True,藏,baseline,0.2886864876154656,-1.2424139976501465
fenqusai/test_photo/37.jpg,0,1,False,blue,green,,8,7,False,藏B98Z10,0.9919119089025872,-0.14617758869712816,True,藏,baseline,0.2886864876154656,-1.2424139976501465
fenqusai/test_photo/37.jpg,0,2,False,blue,green,tractor_green,8,7,False,藏B98Z10,0.9919119089025872,-0.14617758869712816,True,藏,baseline,0.2886864876154656,-1.2424139976501465
fenqusai/test_photo/37.jpg,0,3,False,blue,yellow,,7,7,True,藏B98Z10,0.9919119089025872,-0.14617758869712816,True,藏,baseline,0.2886864876154656,-1.2424139976501465
fenqusai/test_photo/37.jpg,0,4,False,blue,black,,7,7,True,藏B98Z10,0.9919119089025872,-0.14617758869712816,True,藏,baseline,0.2886864876154656,-1.2424139976501465
fenqusai/test_photo/37.jpg,0,5,False,blue,special_7,,7,7,True,藏B98Z10,0.9919119089025872,-0.14617758869712816,True,藏,baseline,0.2886864876154656,-1.2424139976501465
fenqusai/test_photo/37.jpg,0,6,False,blue,unknown_8,,8,7,False,藏B98Z10,0.9919119089025872,-0.14617758869712816,True,藏,baseline,0.2886864876154656,-1.2424139976501465
fenqusai/test_photo/374.jpg,0,0,True,blue,blue,,7,7,True,云A12345,0.8767130912185148,-2.368358786123622,True,云,baseline,0.19705928618729293,-1.6242506504058838
fenqusai/test_photo/374.jpg,0,1,False,blue,green,,8,8,True,云LA12345,0.9332562276628569,-1.243358786123622,True,云,baseline,0.19705928618729293,-1.6242506504058838
fenqusai/test_photo/374.jpg,0,2,False,blue,green,tractor_green,8,8,True,云LA12345,0.9332562276628569,-1.243358786123622,True,云,baseline,0.19705928618729293,-1.6242506504058838
fenqusai/test_photo/374.jpg,0,3,False,blue,yellow,,7,7,True,云A12345,0.8767130912185148,-2.368358786123622,True,云,baseline,0.19705928618729293,-1.6242506504058838
fenqusai/test_photo/374.jpg,0,4,False,blue,black,,7,7,True,云A12345,0.8767130912185148,-2.368358786123622,True,云,baseline,0.19705928618729293,-1.6242506504058838
fenqusai/test_photo/374.jpg,0,5,False,blue,special_7,,7,7,True,云A12345,0.8767130912185148,-2.368358786123622,True,云,baseline,0.19705928618729293,-1.6242506504058838
fenqusai/test_photo/374.jpg,0,6,False,blue,unknown_8,,8,8,True,云LA12345,0.9332562276628569,-1.243358786123622,True,云,baseline,0.19705928618729293,-1.6242506504058838
fenqusai/test_photo/38.jpg,0,0,True,blue,blue,,7,7,True,新AW6312,0.9863717175068337,-0.24699599966506014,True,新,baseline,0.2617993729246499,-1.3401768207550049
fenqusai/test_photo/38.jpg,0,1,False,blue,green,,8,7,False,新AW6312,0.9863717175068337,-0.24699599966506014,True,新,baseline,0.2617993729246499,-1.3401768207550049
fenqusai/test_photo/38.jpg,0,2,False,blue,green,tractor_green,8,7,False,新AW6312,0.9863717175068337,-0.24699599966506014,True,新,baseline,0.2617993729246499,-1.3401768207550049
fenqusai/test_photo/38.jpg,0,3,False,blue,yellow,,7,7,True,新AW6312,0.9863717175068337,-0.24699599966506014,True,新,baseline,0.2617993729246499,-1.3401768207550049
fenqusai/test_photo/38.jpg,0,4,False,blue,black,,7,7,True,新AW6312,0.9863717175068337,-0.24699599966506014,True,新,baseline,0.2617993729246499,-1.3401768207550049
fenqusai/test_photo/38.jpg,0,5,False,blue,special_7,,7,7,True,新AW6312,0.9863717175068337,-0.24699599966506014,True,新,baseline,0.2617993729246499,-1.3401768207550049
fenqusai/test_photo/38.jpg,0,6,False,blue,unknown_8,,8,7,False,新AW6312,0.9863717175068337,-0.24699599966506014,True,新,baseline,0.2617993729246499,-1.3401768207550049
fenqusai/test_photo/38_0576.jpg,0,0,True,blue,blue,,7,7,True,黑D703W6,0.9262580070257279,-1.37884424124627,True,黑,baseline,0.10235732196807404,-2.279285430908203
fenqusai/test_photo/38_0576.jpg,0,1,False,blue,green,,8,7,False,黑D703W6,0.9262580070257279,-1.37884424124627,True,黑,baseline,0.10235732196807404,-2.279285430908203
fenqusai/test_photo/38_0576.jpg,0,2,False,blue,green,tractor_green,8,7,False,黑D703W6,0.9262580070257279,-1.37884424124627,True,黑,baseline,0.10235732196807404,-2.279285430908203
fenqusai/test_photo/38_0576.jpg,0,3,False,blue,yellow,,7,7,True,黑D703W6,0.9262580070257279,-1.37884424124627,True,黑,baseline,0.10235732196807404,-2.279285430908203
fenqusai/test_photo/38_0576.jpg,0,4,False,blue,black,,7,7,True,黑D703W6,0.9262580070257279,-1.37884424124627,True,黑,baseline,0.10235732196807404,-2.279285430908203
fenqusai/test_photo/38_0576.jpg,0,5,False,blue,special_7,,7,7,True,黑D703W6,0.9262580070257279,-1.37884424124627,True,黑,baseline,0.10235732196807404,-2.279285430908203
fenqusai/test_photo/38_0576.jpg,0,6,False,blue,unknown_8,,8,7,False,黑D703W6,0.9262580070257279,-1.37884424124627,True,黑,baseline,0.10235732196807404,-2.279285430908203
fenqusai/test_photo/38_0576.jpg,1,0,True,blue,blue,,7,7,True,辽A79P2Z,0.9572987955562077,-0.785514873567017,True,辽,baseline,0.17191396311298907,-1.7607611417770386
fenqusai/test_photo/38_0576.jpg,1,1,False,blue,green,,8,8,True,辽DA79P2Z,0.6587984494553497,-7.512077416873517,True,辽,baseline,0.17191396311298907,-1.7607611417770386
fenqusai/test_photo/38_0576.jpg,1,2,False,blue,green,tractor_green,8,8,True,辽DA79P2Z,0.6587984494553497,-7.512077416873517,True,辽,baseline,0.17191396311298907,-1.7607611417770386
fenqusai/test_photo/38_0576.jpg,1,3,False,blue,yellow,,7,7,True,辽A79P2Z,0.9572987955562077,-0.785514873567017,True,辽,baseline,0.17191396311298907,-1.7607611417770386
fenqusai/test_photo/38_0576.jpg,1,4,False,blue,black,,7,7,True,辽A79P2Z,0.9572987955562077,-0.785514873567017,True,辽,baseline,0.17191396311298907,-1.7607611417770386
fenqusai/test_photo/38_0576.jpg,1,5,False,blue,special_7,,7,7,True,辽A79P2Z,0.9572987955562077,-0.785514873567017,True,辽,baseline,0.17191396311298907,-1.7607611417770386
fenqusai/test_photo/38_0576.jpg,1,6,False,blue,unknown_8,,8,8,True,辽DA79P2Z,0.6587984494553497,-7.512077416873517,True,辽,baseline,0.17191396311298907,-1.7607611417770386
fenqusai/test_photo/38_0665.jpg,0,0,True,blue,blue,,7,7,True,川A958CT,0.9924084939506405,-0.13716842763754755,True,川,baseline,0.37491686603195606,-0.981050968170166
fenqusai/test_photo/38_0665.jpg,0,1,False,blue,green,,8,8,True,川DA958CT,0.5813846428310687,-9.762168695858449,True,川,baseline,0.37491686603195606,-0.981050968170166
fenqusai/test_photo/38_0665.jpg,0,2,False,blue,green,tractor_green,8,8,True,川DA958CT,0.5813846428310687,-9.762168695858449,True,川,baseline,0.37491686603195606,-0.981050968170166
fenqusai/test_photo/38_0665.jpg,0,3,False,blue,yellow,,7,7,True,川A958CT,0.9924084939506405,-0.13716842763754755,True,川,baseline,0.37491686603195606,-0.981050968170166
fenqusai/test_photo/38_0665.jpg,0,4,False,blue,black,,7,7,True,川A958CT,0.9924084939506405,-0.13716842763754755,True,川,baseline,0.37491686603195606,-0.981050968170166
fenqusai/test_photo/38_0665.jpg,0,5,False,blue,special_7,,7,7,True,川A958CT,0.9924084939506405,-0.13716842763754755,True,川,baseline,0.37491686603195606,-0.981050968170166
fenqusai/test_photo/38_0665.jpg,0,6,False,blue,unknown_8,,8,8,True,川DA958CT,0.5813846428310687,-9.762168695858449,True,川,baseline,0.37491686603195606,-0.981050968170166
fenqusai/test_photo/38_0665.jpg,1,0,True,blue,blue,,7,7,True,皖AFS675,0.9424524197397298,-1.066857191442935,True,皖,baseline,0.13000134460581714,-2.040210485458374
fenqusai/test_photo/38_0665.jpg,1,1,False,blue,green,,8,7,False,皖AFS675,0.9424524197397298,-1.066857191442935,True,皖,baseline,0.13000134460581714,-2.040210485458374
fenqusai/test_photo/38_0665.jpg,1,2,False,blue,green,tractor_green,8,7,False,皖AFS675,0.9424524197397298,-1.066857191442935,True,皖,baseline,0.13000134460581714,-2.040210485458374
fenqusai/test_photo/38_0665.jpg,1,3,False,blue,yellow,,7,7,True,皖AFS675,0.9424524197397298,-1.066857191442935,True,皖,baseline,0.13000134460581714,-2.040210485458374
fenqusai/test_photo/38_0665.jpg,1,4,False,blue,black,,7,7,True,皖AFS675,0.9424524197397298,-1.066857191442935,True,皖,baseline,0.13000134460581714,-2.040210485458374
fenqusai/test_photo/38_0665.jpg,1,5,False,blue,special_7,,7,7,True,皖AFS675,0.9424524197397298,-1.066857191442935,True,皖,baseline,0.13000134460581714,-2.040210485458374
fenqusai/test_photo/38_0665.jpg,1,6,False,blue,unknown_8,,8,7,False,皖AFS675,0.9424524197397298,-1.066857191442935,True,皖,baseline,0.13000134460581714,-2.040210485458374
fenqusai/test_photo/38_0665.jpg,2,0,True,blue,blue,,7,7,True,川A2898U,0.9911083060354078,-0.160766297669511,True,川,baseline,0.32242670209928587,-1.131879448890686
fenqusai/test_photo/38_0665.jpg,2,1,False,blue,green,,8,8,True,川AA2898U,0.8302613119155475,-3.3482662939442207,True,川,baseline,0.32242670209928587,-1.131879448890686
fenqusai/test_photo/38_0665.jpg,2,2,False,blue,green,tractor_green,8,8,True,川AA2898U,0.8302613119155475,-3.3482662939442207,True,川,baseline,0.32242670209928587,-1.131879448890686
fenqusai/test_photo/38_0665.jpg,2,3,False,blue,yellow,,7,7,True,川A2898U,0.9911083060354078,-0.160766297669511,True,川,baseline,0.32242670209928587,-1.131879448890686
fenqusai/test_photo/38_0665.jpg,2,4,False,blue,black,,7,7,True,川A2898U,0.9911083060354078,-0.160766297669511,True,川,baseline,0.32242670209928587,-1.131879448890686
fenqusai/test_photo/38_0665.jpg,2,5,False,blue,special_7,,7,7,True,川A2898U,0.9911083060354078,-0.160766297669511,True,川,baseline,0.32242670209928587,-1.131879448890686
fenqusai/test_photo/38_0665.jpg,2,6,False,blue,unknown_8,,8,8,True,川AA2898U,0.8302613119155475,-3.3482662939442207,True,川,baseline,0.32242670209928587,-1.131879448890686
fenqusai/test_photo/38_0689.jpg,0,0,True,blue,blue,,7,7,True,渝CM3063,0.941397585488291,-1.0870148669027913,True,渝,baseline,0.14896613459112834,-1.904036283493042
fenqusai/test_photo/38_0689.jpg,0,1,False,blue,green,,8,7,False,渝CM3063,0.941397585488291,-1.0870148669027913,True,渝,baseline,0.14896613459112834,-1.904036283493042
fenqusai/test_photo/38_0689.jpg,0,2,False,blue,green,tractor_green,8,7,False,渝CM3063,0.941397585488291,-1.0870148669027913,True,渝,baseline,0.14896613459112834,-1.904036283493042
fenqusai/test_photo/38_0689.jpg,0,3,False,blue,yellow,,7,7,True,渝CM3063,0.941397585488291,-1.0870148669027913,True,渝,baseline,0.14896613459112834,-1.904036283493042
fenqusai/test_photo/38_0689.jpg,0,4,False,blue,black,,7,7,True,渝CM3063,0.941397585488291,-1.0870148669027913,True,渝,baseline,0.14896613459112834,-1.904036283493042
fenqusai/test_photo/38_0689.jpg,0,5,False,blue,special_7,,7,7,True,渝CM3063,0.941397585488291,-1.0870148669027913,True,渝,baseline,0.14896613459112834,-1.904036283493042
fenqusai/test_photo/38_0689.jpg,0,6,False,blue,unknown_8,,8,7,False,渝CM3063,0.941397585488291,-1.0870148669027913,True,渝,baseline,0.14896613459112834,-1.904036283493042
fenqusai/test_photo/38_0689.jpg,1,0,True,yellow,yellow,,7,7,True,川A5930V,0.8468818458606029,-2.9914936429267343,True,川,baseline,0.14811434129889892,-1.9097707271575928
fenqusai/test_photo/38_0689.jpg,1,1,False,yellow,blue,,7,7,True,川A5930V,0.8468818458606029,-2.9914936429267343,True,川,baseline,0.14811434129889892,-1.9097707271575928
fenqusai/test_photo/38_0689.jpg,1,2,False,yellow,green,,8,6,False,川A590V,0.9046366878809179,-1.8039935833220895,True,川,baseline,0.14811434129889892,-1.9097707271575928
fenqusai/test_photo/38_0689.jpg,1,3,False,yellow,green,tractor_green,8,6,False,川A590V,0.9046366878809179,-1.8039935833220895,True,川,baseline,0.14811434129889892,-1.9097707271575928
fenqusai/test_photo/38_0689.jpg,1,4,False,yellow,black,,7,7,True,川A5930V,0.8468818458606029,-2.9914936429267343,True,川,baseline,0.14811434129889892,-1.9097707271575928
fenqusai/test_photo/38_0689.jpg,1,5,False,yellow,special_7,,7,7,True,川A5930V,0.8468818458606029,-2.9914936429267343,True,川,baseline,0.14811434129889892,-1.9097707271575928
fenqusai/test_photo/38_0689.jpg,1,6,False,yellow,unknown_8,,8,6,False,川A590V,0.9046366878809179,-1.8039935833220895,True,川,baseline,0.14811434129889892,-1.9097707271575928
fenqusai/test_photo/38_0727.jpg,0,0,True,blue,blue,,7,7,True,宁GY8578,0.8927245545748541,-2.042589513783895,True,宁,baseline,0.06971713882243845,-2.663309097290039
fenqusai/test_photo/38_0727.jpg,0,1,False,blue,green,,8,7,False,宁GY8578,0.8927245545748541,-2.042589513783895,True,宁,baseline,0.06971713882243845,-2.663309097290039
fenqusai/test_photo/38_0727.jpg,0,2,False,blue,green,tractor_green,8,7,False,宁GY8578,0.8927245545748541,-2.042589513783895,True,宁,baseline,0.06971713882243845,-2.663309097290039
fenqusai/test_photo/38_0727.jpg,0,3,False,blue,yellow,,7,7,True,宁GY8578,0.8927245545748541,-2.042589513783895,True,宁,baseline,0.06971713882243845,-2.663309097290039
fenqusai/test_photo/38_0727.jpg,0,4,False,blue,black,,7,7,True,宁GY8578,0.8927245545748541,-2.042589513783895,True,宁,baseline,0.06971713882243845,-2.663309097290039
fenqusai/test_photo/38_0727.jpg,0,5,False,blue,special_7,,7,7,True,宁GY8578,0.8927245545748541,-2.042589513783895,True,宁,baseline,0.06971713882243845,-2.663309097290039
fenqusai/test_photo/38_0727.jpg,0,6,False,blue,unknown_8,,8,7,False,宁GY8578,0.8927245545748541,-2.042589513783895,True,宁,baseline,0.06971713882243845,-2.663309097290039
fenqusai/test_photo/38_0727.jpg,1,0,True,blue,blue,,7,7,True,黑AH036Q,0.9274195364083818,-1.3562863463220012,True,黑,baseline,0.3134285713835595,-1.1601837873458862
fenqusai/test_photo/38_0727.jpg,1,1,False,blue,green,,8,8,True,黑DAH036Q,0.9719273308596261,-0.5125363165196788,True,黑,baseline,0.3134285713835595,-1.1601837873458862
fenqusai/test_photo/38_0727.jpg,1,2,False,blue,green,tractor_green,8,8,True,黑DAH036Q,0.9719273308596261,-0.5125363165196788,True,黑,baseline,0.3134285713835595,-1.1601837873458862
fenqusai/test_photo/38_0727.jpg,1,3,False,blue,yellow,,7,7,True,黑AH036Q,0.9274195364083818,-1.3562863463220012,True,黑,baseline,0.3134285713835595,-1.1601837873458862
fenqusai/test_photo/38_0727.jpg,1,4,False,blue,black,,7,7,True,黑AH036Q,0.9274195364083818,-1.3562863463220012,True,黑,baseline,0.3134285713835595,-1.1601837873458862
fenqusai/test_photo/38_0727.jpg,1,5,False,blue,special_7,,7,7,True,黑AH036Q,0.9274195364083818,-1.3562863463220012,True,黑,baseline,0.3134285713835595,-1.1601837873458862
fenqusai/test_photo/38_0727.jpg,1,6,False,blue,unknown_8,,8,8,True,黑DAH036Q,0.9719273308596261,-0.5125363165196788,True,黑,baseline,0.3134285713835595,-1.1601837873458862
fenqusai/test_photo/38_0738.jpg,0,0,True,blue,blue,,7,7,True,吉A6FY80,0.8783049811516745,-2.3357049609508067,True,吉,baseline,0.28262005425970504,-1.2636518478393555
fenqusai/test_photo/38_0738.jpg,0,1,False,blue,green,,8,7,False,吉A6FY80,0.8783049811516745,-2.3357049609508067,True,吉,baseline,0.28262005425970504,-1.2636518478393555
fenqusai/test_photo/38_0738.jpg,0,2,False,blue,green,tractor_green,8,7,False,吉A6FY80,0.8783049811516745,-2.3357049609508067,True,吉,baseline,0.28262005425970504,-1.2636518478393555
fenqusai/test_photo/38_0738.jpg,0,3,False,blue,yellow,,7,7,True,吉A6FY80,0.8783049811516745,-2.3357049609508067,True,吉,baseline,0.28262005425970504,-1.2636518478393555
fenqusai/test_photo/38_0738.jpg,0,4,False,blue,black,,7,7,True,吉A6FY80,0.8783049811516745,-2.3357049609508067,True,吉,baseline,0.28262005425970504,-1.2636518478393555
fenqusai/test_photo/38_0738.jpg,0,5,False,blue,special_7,,7,7,True,吉A6FY80,0.8783049811516745,-2.3357049609508067,True,吉,baseline,0.28262005425970504,-1.2636518478393555
fenqusai/test_photo/38_0738.jpg,0,6,False,blue,unknown_8,,8,7,False,吉A6FY80,0.8783049811516745,-2.3357049609508067,True,吉,baseline,0.28262005425970504,-1.2636518478393555
fenqusai/test_photo/38_0738.jpg,1,0,True,blue,blue,,7,7,True,冀BGZ027,0.9264624955384523,-1.3748708483476761,True,冀,baseline,0.2681356246401209,-1.3162623643875122
fenqusai/test_photo/38_0738.jpg,1,1,False,blue,green,,8,7,False,冀BGZ027,0.9264624955384523,-1.3748708483476761,True,冀,baseline,0.2681356246401209,-1.3162623643875122
fenqusai/test_photo/38_0738.jpg,1,2,False,blue,green,tractor_green,8,7,False,冀BGZ027,0.9264624955384523,-1.3748708483476761,True,冀,baseline,0.2681356246401209,-1.3162623643875122
fenqusai/test_photo/38_0738.jpg,1,3,False,blue,yellow,,7,7,True,冀BGZ027,0.9264624955384523,-1.3748708483476761,True,冀,baseline,0.2681356246401209,-1.3162623643875122
fenqusai/test_photo/38_0738.jpg,1,4,False,blue,black,,7,7,True,冀BGZ027,0.9264624955384523,-1.3748708483476761,True,冀,baseline,0.2681356246401209,-1.3162623643875122
fenqusai/test_photo/38_0738.jpg,1,5,False,blue,special_7,,7,7,True,冀8GZ027,0.9658806058990159,-0.6248708781499985,True,冀,baseline,0.2681356246401209,-1.3162623643875122
fenqusai/test_photo/38_0738.jpg,1,6,False,blue,unknown_8,,8,7,False,冀BGZ027,0.9264624955384523,-1.3748708483476761,True,冀,baseline,0.2681356246401209,-1.3162623643875122
fenqusai/test_photo/38_0738.jpg,2,0,True,blue,blue,,7,7,True,黑A85RJ1,0.9912859966072313,-0.15753946202220703,True,黑,baseline,0.32922279629140705,-1.111020565032959
fenqusai/test_photo/38_0738.jpg,2,1,False,blue,green,,8,7,False,黑A85RJ1,0.9912859966072313,-0.15753946202220703,True,黑,baseline,0.32922279629140705,-1.111020565032959
fenqusai/test_photo/38_0738.jpg,2,2,False,blue,green,tractor_green,8,7,False,黑A85RJ1,0.9912859966072313,-0.15753946202220703,True,黑,baseline,0.32922279629140705,-1.111020565032959
fenqusai/test_photo/38_0738.jpg,2,3,False,blue,yellow,,7,7,True,黑A85RJ1,0.9912859966072313,-0.15753946202220703,True,黑,baseline,0.32922279629140705,-1.111020565032959
fenqusai/test_photo/38_0738.jpg,2,4,False,blue,black,,7,7,True,黑A85RJ1,0.9912859966072313,-0.15753946202220703,True,黑,baseline,0.32922279629140705,-1.111020565032959
fenqusai/test_photo/38_0738.jpg,2,5,False,blue,special_7,,7,7,True,黑A85RJ1,0.9912859966072313,-0.15753946202220703,True,黑,baseline,0.32922279629140705,-1.111020565032959
fenqusai/test_photo/38_0738.jpg,2,6,False,blue,unknown_8,,8,7,False,黑A85RJ1,0.9912859966072313,-0.15753946202220703,True,黑,baseline,0.32922279629140705,-1.111020565032959
fenqusai/test_photo/38_0751.jpg,0,0,True,blue,blue,,7,7,True,湘H67675,0.9059141370933047,-1.7785934793080287,True,湘,baseline,0.07391897775835789,-2.604785680770874
fenqusai/test_photo/38_0751.jpg,0,1,False,blue,green,,8,7,False,湘H67675,0.9059141370933047,-1.7785934793080287,True,湘,baseline,0.07391897775835789,-2.604785680770874
fenqusai/test_photo/38_0751.jpg,0,2,False,blue,green,tractor_green,8,7,False,湘H67675,0.9059141370933047,-1.7785934793080287,True,湘,baseline,0.07391897775835789,-2.604785680770874
fenqusai/test_photo/38_0751.jpg,0,3,False,blue,yellow,,7,7,True,湘H67675,0.9059141370933047,-1.7785934793080287,True,湘,baseline,0.07391897775835789,-2.604785680770874
fenqusai/test_photo/38_0751.jpg,0,4,False,blue,black,,7,7,True,湘H67675,0.9059141370933047,-1.7785934793080287,True,湘,baseline,0.07391897775835789,-2.604785680770874
fenqusai/test_photo/38_0751.jpg,0,5,False,blue,special_7,,7,7,True,湘H67675,0.9059141370933047,-1.7785934793080287,True,湘,baseline,0.07391897775835789,-2.604785680770874
fenqusai/test_photo/38_0751.jpg,0,6,False,blue,unknown_8,,8,7,False,湘H67675,0.9059141370933047,-1.7785934793080287,True,湘,baseline,0.07391897775835789,-2.604785680770874
fenqusai/test_photo/38_0751.jpg,1,0,True,blue,blue,,7,7,True,皖ATU491,0.8095598704506249,-3.8027618785542927,True,皖,baseline,0.11660251542089264,-2.148984432220459
fenqusai/test_photo/38_0751.jpg,1,1,False,blue,green,,8,8,True,皖AATU491,0.7212886084130343,-5.8808867891473255,True,皖,baseline,0.11660251542089264,-2.148984432220459
fenqusai/test_photo/38_0751.jpg,1,2,False,blue,green,tractor_green,8,8,True,皖AATU491,0.7212886084130343,-5.8808867891473255,True,皖,baseline,0.11660251542089264,-2.148984432220459
fenqusai/test_photo/38_0751.jpg,1,3,False,blue,yellow,,7,7,True,皖ATU491,0.8095598704506249,-3.8027618785542927,True,皖,baseline,0.11660251542089264,-2.148984432220459
fenqusai/test_photo/38_0751.jpg,1,4,False,blue,black,,7,7,True,皖ATU491,0.8095598704506249,-3.8027618785542927,True,皖,baseline,0.11660251542089264,-2.148984432220459
fenqusai/test_photo/38_0751.jpg,1,5,False,blue,special_7,,7,7,True,皖ATU491,0.8095598704506249,-3.8027618785542927,True,皖,baseline,0.11660251542089264,-2.148984432220459
fenqusai/test_photo/38_0751.jpg,1,6,False,blue,unknown_8,,8,8,True,皖AATU491,0.7212886084130343,-5.8808867891473255,True,皖,baseline,0.11660251542089264,-2.148984432220459
fenqusai/test_photo/38_0751.jpg,2,0,True,unknown_7,blue,,7,7,True,湘HAGRRU,0.8567242948301727,-2.7835041922874666,True,湘,baseline,0.19552794966582407,-1.632051944732666
fenqusai/test_photo/38_0751.jpg,2,1,False,unknown_7,green,,8,6,False,湘HAGRU,0.8626944748989367,-2.6585041922874666,True,湘,baseline,0.19552794966582407,-1.632051944732666
fenqusai/test_photo/38_0751.jpg,2,2,False,unknown_7,green,tractor_green,8,6,False,湘HAGRU,0.8626944748989367,-2.6585041922874666,True,湘,baseline,0.19552794966582407,-1.632051944732666
fenqusai/test_photo/38_0751.jpg,2,3,False,unknown_7,yellow,,7,7,True,湘HAGRRU,0.8567242948301727,-2.7835041922874666,True,湘,baseline,0.19552794966582407,-1.632051944732666
fenqusai/test_photo/38_0751.jpg,2,4,False,unknown_7,black,,7,7,True,湘HAGRRU,0.8567242948301727,-2.7835041922874666,True,湘,baseline,0.19552794966582407,-1.632051944732666
fenqusai/test_photo/38_0751.jpg,2,5,False,unknown_7,special_7,,7,7,True,湘HAGRRU,0.8567242948301727,-2.7835041922874666,True,湘,baseline,0.19552794966582407,-1.632051944732666
fenqusai/test_photo/38_0751.jpg,2,6,False,unknown_7,unknown_8,,8,6,False,湘HAGRU,0.8626944748989367,-2.6585041922874666,True,湘,baseline,0.19552794966582407,-1.632051944732666
fenqusai/test_photo/38_0751.jpg,3,0,True,blue,blue,,7,7,True,皖A64983,0.7750804523045782,-4.586192020644361,True,皖,baseline,0.12773674123601308,-2.057783842086792
fenqusai/test_photo/38_0751.jpg,3,1,False,blue,green,,8,8,True,皖AA64983,0.7531926211424623,-5.101817020644361,True,皖,baseline,0.12773674123601308,-2.057783842086792
fenqusai/test_photo/38_0751.jpg,3,2,False,blue,green,tractor_green,8,8,True,皖AA64983,0.7531926211424623,-5.101817020644361,True,皖,baseline,0.12773674123601308,-2.057783842086792
fenqusai/test_photo/38_0751.jpg,3,3,False,blue,yellow,,7,7,True,皖A64983,0.7750804523045782,-4.586192020644361,True,皖,baseline,0.12773674123601308,-2.057783842086792
fenqusai/test_photo/38_0751.jpg,3,4,False,blue,black,,7,7,True,皖A64983,0.7750804523045782,-4.586192020644361,True,皖,baseline,0.12773674123601308,-2.057783842086792
fenqusai/test_photo/38_0751.jpg,3,5,False,blue,special_7,,7,7,True,皖A64983,0.7750804523045782,-4.586192020644361,True,皖,baseline,0.12773674123601308,-2.057783842086792
fenqusai/test_photo/38_0751.jpg,3,6,False,blue,unknown_8,,8,8,True,皖AA64983,0.7531926211424623,-5.101817020644361,True,皖,baseline,0.12773674123601308,-2.057783842086792
fenqusai/test_photo/38_0754.jpg,0,0,True,blue,blue,,7,7,True,黑CTY806,0.9735773095906197,-0.48200477867487734,True,黑,baseline,0.2061659880272061,-1.5790736675262451
fenqusai/test_photo/38_0754.jpg,0,1,False,blue,green,,8,8,True,黑CTY8056,0.6702919443831918,-7.200754625123068,True,黑,baseline,0.2061659880272061,-1.5790736675262451
fenqusai/test_photo/38_0754.jpg,0,2,False,blue,green,tractor_green,8,8,True,黑CTY8056,0.6702919443831918,-7.200754625123068,True,黑,baseline,0.2061659880272061,-1.5790736675262451
fenqusai/test_photo/38_0754.jpg,0,3,False,blue,yellow,,7,7,True,黑CTY806,0.9735773095906197,-0.48200477867487734,True,黑,baseline,0.2061659880272061,-1.5790736675262451
fenqusai/test_photo/38_0754.jpg,0,4,False,blue,black,,7,7,True,黑CTY806,0.9735773095906197,-0.48200477867487734,True,黑,baseline,0.2061659880272061,-1.5790736675262451
fenqusai/test_photo/38_0754.jpg,0,5,False,blue,special_7,,7,7,True,黑CTY806,0.9735773095906197,-0.48200477867487734,True,黑,baseline,0.2061659880272061,-1.5790736675262451
fenqusai/test_photo/38_0754.jpg,0,6,False,blue,unknown_8,,8,8,True,黑CTY8056,0.6702919443831918,-7.200754625123068,True,黑,baseline,0.2061659880272061,-1.5790736675262451
fenqusai/test_photo/38_0754.jpg,1,0,True,blue,blue,,7,7,True,京A3E2S0,0.9437279317937748,-1.0425125199973806,True,京,baseline,0.14957243845072093,-1.8999744653701782
fenqusai/test_photo/38_0754.jpg,1,1,False,blue,green,,8,7,False,京A3E2S0,0.9437279317937748,-1.0425125199973806,True,京,baseline,0.14957243845072093,-1.8999744653701782
fenqusai/test_photo/38_0754.jpg,1,2,False,blue,green,tractor_green,8,7,False,京A3E2S0,0.9437279317937748,-1.0425125199973806,True,京,baseline,0.14957243845072093,-1.8999744653701782
fenqusai/test_photo/38_0754.jpg,1,3,False,blue,yellow,,7,7,True,京A3E2S0,0.9437279317937748,-1.0425125199973806,True,京,baseline,0.14957243845072093,-1.8999744653701782
fenqusai/test_photo/38_0754.jpg,1,4,False,blue,black,,7,7,True,京A3E2S0,0.9437279317937748,-1.0425125199973806,True,京,baseline,0.14957243845072093,-1.8999744653701782
fenqusai/test_photo/38_0754.jpg,1,5,False,blue,special_7,,7,7,True,京A3E2S0,0.9437279317937748,-1.0425125199973806,True,京,baseline,0.14957243845072093,-1.8999744653701782
fenqusai/test_photo/38_0754.jpg,1,6,False,blue,unknown_8,,8,7,False,京A3E2S0,0.9437279317937748,-1.0425125199973806,True,京,baseline,0.14957243845072093,-1.8999744653701782
fenqusai/test_photo/38_0754.jpg,2,0,True,blue,blue,,7,7,True,皖AM02J9,0.7971198048772986,-4.08150525047315,True,皖,baseline,0.30814713284322176,-1.177177906036377
fenqusai/test_photo/38_0754.jpg,2,1,False,blue,green,,8,5,False,皖A029,0.9303109447786798,-1.300255190868505,True,皖,baseline,0.30814713284322176,-1.177177906036377
fenqusai/test_photo/38_0754.jpg,2,2,False,blue,green,tractor_green,8,5,False,皖A029,0.9303109447786798,-1.300255190868505,True,皖,baseline,0.30814713284322176,-1.177177906036377
fenqusai/test_photo/38_0754.jpg,2,3,False,blue,yellow,,7,7,True,皖AM02J9,0.7971198048772986,-4.08150525047315,True,皖,baseline,0.30814713284322176,-1.177177906036377
fenqusai/test_photo/38_0754.jpg,2,4,False,blue,black,,7,7,True,皖AM02J9,0.7971198048772986,-4.08150525047315,True,皖,baseline,0.30814713284322176,-1.177177906036377
fenqusai/test_photo/38_0754.jpg,2,5,False,blue,special_7,,7,7,True,皖AM02J9,0.7971198048772986,-4.08150525047315,True,皖,baseline,0.30814713284322176,-1.177177906036377
fenqusai/test_photo/38_0754.jpg,2,6,False,blue,unknown_8,,8,5,False,皖A029,0.9303109447786798,-1.300255190868505,True,皖,baseline,0.30814713284322176,-1.177177906036377
fenqusai/test_photo/38_0754.jpg,3,0,True,black,black,,7,5,False,皖AX6J,0.951895228583732,-0.8874054766051813,True,皖,baseline,0.31973443731961904,-1.1402645111083984
fenqusai/test_photo/38_0754.jpg,3,1,False,black,blue,,7,5,False,皖AX6J,0.951895228583732,-0.8874054766051813,True,皖,baseline,0.31973443731961904,-1.1402645111083984
fenqusai/test_photo/38_0754.jpg,3,2,False,black,green,,8,5,False,皖AX6J,0.951895228583732,-0.8874054766051813,True,皖,baseline,0.31973443731961904,-1.1402645111083984
fenqusai/test_photo/38_0754.jpg,3,3,False,black,green,tractor_green,8,5,False,皖AX6J,0.951895228583732,-0.8874054766051813,True,皖,baseline,0.31973443731961904,-1.1402645111083984
fenqusai/test_photo/38_0754.jpg,3,4,False,black,yellow,,7,5,False,皖AX6J,0.951895228583732,-0.8874054766051813,True,皖,baseline,0.31973443731961904,-1.1402645111083984
fenqusai/test_photo/38_0754.jpg,3,5,False,black,special_7,,7,5,False,皖AX6J,0.951895228583732,-0.8874054766051813,True,皖,baseline,0.31973443731961904,-1.1402645111083984
fenqusai/test_photo/38_0754.jpg,3,6,False,black,unknown_8,,8,5,False,皖AX6J,0.951895228583732,-0.8874054766051813,True,皖,baseline,0.31973443731961904,-1.1402645111083984
fenqusai/test_photo/38_0778.jpg,0,0,True,yellow,yellow,,7,7,True,川BT9953,0.9646136045082361,-0.6484980179627939,True,川,baseline,0.23306915567730527,-1.4564200639724731
fenqusai/test_photo/38_0778.jpg,0,1,False,yellow,blue,,7,7,True,川BT9953,0.9646136045082361,-0.6484980179627939,True,川,baseline,0.23306915567730527,-1.4564200639724731
fenqusai/test_photo/38_0778.jpg,0,2,False,yellow,green,,8,8,True,川ABT9953,0.8468463561228887,-2.9922479732593104,True,川,baseline,0.23306915567730527,-1.4564200639724731
fenqusai/test_photo/38_0778.jpg,0,3,False,yellow,green,tractor_green,8,8,True,川ABT9953,0.8468463561228887,-2.9922479732593104,True,川,baseline,0.23306915567730527,-1.4564200639724731
fenqusai/test_photo/38_0778.jpg,0,4,False,yellow,black,,7,7,True,川BT9953,0.9646136045082361,-0.6484980179627939,True,川,baseline,0.23306915567730527,-1.4564200639724731
fenqusai/test_photo/38_0778.jpg,0,5,False,yellow,special_7,,7,7,True,川BT9953,0.9646136045082361,-0.6484980179627939,True,川,baseline,0.23306915567730527,-1.4564200639724731
fenqusai/test_photo/38_0778.jpg,0,6,False,yellow,unknown_8,,8,8,True,川ABT9953,0.8468463561228887,-2.9922479732593104,True,川,baseline,0.23306915567730527,-1.4564200639724731
fenqusai/test_photo/38_0778.jpg,1,0,True,blue,blue,,7,7,True,京AE229X,0.9485975985872876,-0.9498707473571315,True,京,baseline,0.13088982456666792,-2.0333993434906006
fenqusai/test_photo/38_0778.jpg,1,1,False,blue,green,,8,7,False,京AE229X,0.9485975985872876,-0.9498707473571315,True,京,baseline,0.13088982456666792,-2.0333993434906006
fenqusai/test_photo/38_0778.jpg,1,2,False,blue,green,tractor_green,8,7,False,京AE229X,0.9485975985872876,-0.9498707473571315,True,京,baseline,0.13088982456666792,-2.0333993434906006
fenqusai/test_photo/38_0778.jpg,1,3,False,blue,yellow,,7,7,True,京AE229X,0.9485975985872876,-0.9498707473571315,True,京,baseline,0.13088982456666792,-2.0333993434906006
fenqusai/test_photo/38_0778.jpg,1,4,False,blue,black,,7,7,True,京AE229X,0.9485975985872876,-0.9498707473571315,True,京,baseline,0.13088982456666792,-2.0333993434906006
fenqusai/test_photo/38_0778.jpg,1,5,False,blue,special_7,,7,7,True,京AE229X,0.9485975985872876,-0.9498707473571315,True,京,baseline,0.13088982456666792,-2.0333993434906006
fenqusai/test_photo/38_0778.jpg,1,6,False,blue,unknown_8,,8,7,False,京AE229X,0.9485975985872876,-0.9498707473571315,True,京,baseline,0.13088982456666792,-2.0333993434906006
fenqusai/test_photo/38_0831.jpg,0,0,True,blue,blue,,7,7,True,川A10JL2,0.955241529808242,-0.8242390743116346,True,川,baseline,0.2794072919311886,-1.2750847339630127
fenqusai/test_photo/38_0831.jpg,0,1,False,blue,green,,8,7,False,川A10JL2,0.955241529808242,-0.8242390743116346,True,川,baseline,0.2794072919311886,-1.2750847339630127
fenqusai/test_photo/38_0831.jpg,0,2,False,blue,green,tractor_green,8,7,False,川A10JL2,0.955241529808242,-0.8242390743116346,True,川,baseline,0.2794072919311886,-1.2750847339630127
fenqusai/test_photo/38_0831.jpg,0,3,False,blue,yellow,,7,7,True,川A10JL2,0.955241529808242,-0.8242390743116346,True,川,baseline,0.2794072919311886,-1.2750847339630127
fenqusai/test_photo/38_0831.jpg,0,4,False,blue,black,,7,7,True,川A10JL2,0.955241529808242,-0.8242390743116346,True,川,baseline,0.2794072919311886,-1.2750847339630127
fenqusai/test_photo/38_0831.jpg,0,5,False,blue,special_7,,7,7,True,川A10JL2,0.955241529808242,-0.8242390743116346,True,川,baseline,0.2794072919311886,-1.2750847339630127
fenqusai/test_photo/38_0831.jpg,0,6,False,blue,unknown_8,,8,7,False,川A10JL2,0.955241529808242,-0.8242390743116346,True,川,baseline,0.2794072919311886,-1.2750847339630127
fenqusai/test_photo/38_0831.jpg,1,0,True,blue,blue,,7,7,True,浙A639MT,0.9243265742093821,-1.4164170208641664,True,浙,baseline,0.08834783215284808,-2.426473617553711
fenqusai/test_photo/38_0831.jpg,1,1,False,blue,green,,8,7,False,浙A639MT,0.9243265742093821,-1.4164170208641664,True,浙,baseline,0.08834783215284808,-2.426473617553711
fenqusai/test_photo/38_0831.jpg,1,2,False,blue,green,tractor_green,8,7,False,浙A639MT,0.9243265742093821,-1.4164170208641664,True,浙,baseline,0.08834783215284808,-2.426473617553711
fenqusai/test_photo/38_0831.jpg,1,3,False,blue,yellow,,7,7,True,浙A639MT,0.9243265742093821,-1.4164170208641664,True,浙,baseline,0.08834783215284808,-2.426473617553711
fenqusai/test_photo/38_0831.jpg,1,4,False,blue,black,,7,7,True,浙A639MT,0.9243265742093821,-1.4164170208641664,True,浙,baseline,0.08834783215284808,-2.426473617553711
fenqusai/test_photo/38_0831.jpg,1,5,False,blue,special_7,,7,7,True,浙A639MT,0.9243265742093821,-1.4164170208641664,True,浙,baseline,0.08834783215284808,-2.426473617553711
fenqusai/test_photo/38_0831.jpg,1,6,False,blue,unknown_8,,8,7,False,浙A639MT,0.9243265742093821,-1.4164170208641664,True,浙,baseline,0.08834783215284808,-2.426473617553711
fenqusai/test_photo/38_0838.jpg,0,0,True,blue,blue,,7,7,True,晋AVR196,0.989960377310566,-0.1816264723150809,True,晋,baseline,0.2781014838168031,-1.2797691822052002
fenqusai/test_photo/38_0838.jpg,0,1,False,blue,green,,8,7,False,晋AVR196,0.989960377310566,-0.1816264723150809,True,晋,baseline,0.2781014838168031,-1.2797691822052002
fenqusai/test_photo/38_0838.jpg,0,2,False,blue,green,tractor_green,8,7,False,晋AVR196,0.989960377310566,-0.1816264723150809,True,晋,baseline,0.2781014838168031,-1.2797691822052002
fenqusai/test_photo/38_0838.jpg,0,3,False,blue,yellow,,7,7,True,晋AVR196,0.989960377310566,-0.1816264723150809,True,晋,baseline,0.2781014838168031,-1.2797691822052002
fenqusai/test_photo/38_0838.jpg,0,4,False,blue,black,,7,7,True,晋AVR196,0.989960377310566,-0.1816264723150809,True,晋,baseline,0.2781014838168031,-1.2797691822052002
fenqusai/test_photo/38_0838.jpg,0,5,False,blue,special_7,,7,7,True,晋AVR196,0.989960377310566,-0.1816264723150809,True,晋,baseline,0.2781014838168031,-1.2797691822052002
fenqusai/test_photo/38_0838.jpg,0,6,False,blue,unknown_8,,8,7,False,晋AVR196,0.989960377310566,-0.1816264723150809,True,晋,baseline,0.2781014838168031,-1.2797691822052002
fenqusai/test_photo/38_0838.jpg,1,0,True,blue,blue,,7,7,True,川AV97R5,0.938210927127785,-1.1480487524818273,True,川,baseline,0.10592512803446773,-2.245022773742676
fenqusai/test_photo/38_0838.jpg,1,1,False,blue,green,,8,8,True,川DAV97R5,0.6287924156741961,-8.35117379148096,True,川,baseline,0.10592512803446773,-2.245022773742676
fenqusai/test_photo/38_0838.jpg,1,2,False,blue,green,tractor_green,8,8,True,川DAV97R5,0.6287924156741961,-8.35117379148096,True,川,baseline,0.10592512803446773,-2.245022773742676
fenqusai/test_photo/38_0838.jpg,1,3,False,blue,yellow,,7,7,True,川AV97R5,0.938210927127785,-1.1480487524818273,True,川,baseline,0.10592512803446773,-2.245022773742676
fenqusai/test_photo/38_0838.jpg,1,4,False,blue,black,,7,7,True,川AV97R5,0.938210927127785,-1.1480487524818273,True,川,baseline,0.10592512803446773,-2.245022773742676
fenqusai/test_photo/38_0838.jpg,1,5,False,blue,special_7,,7,7,True,川AV97R5,0.938210927127785,-1.1480487524818273,True,川,baseline,0.10592512803446773,-2.245022773742676
fenqusai/test_photo/38_0838.jpg,1,6,False,blue,unknown_8,,8,8,True,川DAV97R5,0.6287924156741961,-8.35117379148096,True,川,baseline,0.10592512803446773,-2.245022773742676
fenqusai/test_photo/38_0860.jpg,0,0,True,yellow,yellow,,7,7,True,川BX0675,0.9466696736522567,-0.986491081922594,True,川,baseline,0.13305117935252914,-2.017021417617798
fenqusai/test_photo/38_0860.jpg,0,1,False,yellow,blue,,7,7,True,川BX0675,0.9466696736522567,-0.986491081922594,True,川,baseline,0.13305117935252914,-2.017021417617798
fenqusai/test_photo/38_0860.jpg,0,2,False,yellow,green,,8,8,True,川BYX0675,0.7096385706766011,-6.173990891001466,True,川,baseline,0.13305117935252914,-2.017021417617798
fenqusai/test_photo/38_0860.jpg,0,3,False,yellow,green,tractor_green,8,8,True,川BYX0675,0.7096385706766011,-6.173990891001466,True,川,baseline,0.13305117935252914,-2.017021417617798
fenqusai/test_photo/38_0860.jpg,0,4,False,yellow,black,,7,7,True,川BX0675,0.9466696736522567,-0.986491081922594,True,川,baseline,0.13305117935252914,-2.017021417617798
fenqusai/test_photo/38_0860.jpg,0,5,False,yellow,special_7,,7,7,True,川BX0675,0.9466696736522567,-0.986491081922594,True,川,baseline,0.13305117935252914,-2.017021417617798
fenqusai/test_photo/38_0860.jpg,0,6,False,yellow,unknown_8,,8,8,True,川BYX0675,0.7096385706766011,-6.173990891001466,True,川,baseline,0.13305117935252914,-2.017021417617798
fenqusai/test_photo/38_0860.jpg,1,0,True,blue,blue,,7,7,True,川AZ4Z28,0.9848000647076733,-0.27569949129872384,True,川,baseline,0.32831412444724223,-1.1137844324111938
fenqusai/test_photo/38_0860.jpg,1,1,False,blue,green,,8,8,True,川A7Z4Z28,0.6537443737301512,-7.650699656201027,True,川,baseline,0.32831412444724223,-1.1137844324111938
fenqusai/test_photo/38_0860.jpg,1,2,False,blue,green,tractor_green,8,8,True,川A7Z4Z28,0.6537443737301512,-7.650699656201027,True,川,baseline,0.32831412444724223,-1.1137844324111938
fenqusai/test_photo/38_0860.jpg,1,3,False,blue,yellow,,7,7,True,川AZ4Z28,0.9848000647076733,-0.27569949129872384,True,川,baseline,0.32831412444724223,-1.1137844324111938
fenqusai/test_photo/38_0860.jpg,1,4,False,blue,black,,7,7,True,川AZ4Z28,0.9848000647076733,-0.27569949129872384,True,川,baseline,0.32831412444724223,-1.1137844324111938
fenqusai/test_photo/38_0860.jpg,1,5,False,blue,special_7,,7,7,True,川AZ4Z28,0.9848000647076733,-0.27569949129872384,True,川,baseline,0.32831412444724223,-1.1137844324111938
fenqusai/test_photo/38_0860.jpg,1,6,False,blue,unknown_8,,8,8,True,川A7Z4Z28,0.6537443737301512,-7.650699656201027,True,川,baseline,0.32831412444724223,-1.1137844324111938
fenqusai/test_photo/39.jpg,0,0,True,unknown_7,blue,,7,7,True,沪B07559,0.9807037334790997,-0.35072765348058965,True,沪,baseline,0.23722387053597851,-1.438750982284546
fenqusai/test_photo/39.jpg,0,1,False,unknown_7,green,,8,8,True,沪ZB07559,0.7454327031725971,-5.28822755243209,True,沪,baseline,0.23722387053597851,-1.438750982284546
fenqusai/test_photo/39.jpg,0,2,False,unknown_7,green,tractor_green,8,8,True,沪ZB07559,0.7454327031725971,-5.28822755243209,True,沪,baseline,0.23722387053597851,-1.438750982284546
fenqusai/test_photo/39.jpg,0,3,False,unknown_7,yellow,,7,7,True,沪B07559,0.9807037334790997,-0.35072765348058965,True,沪,baseline,0.23722387053597851,-1.438750982284546
fenqusai/test_photo/39.jpg,0,4,False,unknown_7,black,,7,7,True,沪B07559,0.9807037334790997,-0.35072765348058965,True,沪,baseline,0.23722387053597851,-1.438750982284546
fenqusai/test_photo/39.jpg,0,5,False,unknown_7,special_7,,7,7,True,沪B07559,0.9807037334790997,-0.35072765348058965,True,沪,baseline,0.23722387053597851,-1.438750982284546
fenqusai/test_photo/39.jpg,0,6,False,unknown_7,unknown_8,,8,8,True,沪ZB07559,0.7454327031725971,-5.28822755243209,True,沪,baseline,0.23722387053597851,-1.438750982284546
fenqusai/test_photo/39.jpg,1,0,False,unknown_7,blue,,7,6,False,晋T1111,0.8465339329032326,-2.998889857606329,True,晋,baseline,0.20480581313996482,-1.5856930017471313
fenqusai/test_photo/39.jpg,1,1,False,unknown_7,green,,8,6,False,晋T1111,0.8465339329032326,-2.998889857606329,True,晋,baseline,0.20480581313996482,-1.5856930017471313
fenqusai/test_photo/39.jpg,1,2,False,unknown_7,green,tractor_green,8,6,False,晋T1111,0.8465339329032326,-2.998889857606329,True,晋,baseline,0.20480581313996482,-1.5856930017471313
fenqusai/test_photo/39.jpg,1,3,False,unknown_7,yellow,,7,6,False,晋T1111,0.8465339329032326,-2.998889857606329,True,晋,baseline,0.20480581313996482,-1.5856930017471313
fenqusai/test_photo/39.jpg,1,4,False,unknown_7,black,,7,6,False,晋T1111,0.8465339329032326,-2.998889857606329,True,晋,baseline,0.20480581313996482,-1.5856930017471313
fenqusai/test_photo/39.jpg,1,5,True,unknown_7,special_7,,7,5,False,晋1111,0.8673615007490242,-2.5613897980016844,True,晋,baseline,0.20480581313996482,-1.5856930017471313
fenqusai/test_photo/39.jpg,1,6,False,unknown_7,unknown_8,,8,6,False,晋T1111,0.8465339329032326,-2.998889857606329,True,晋,baseline,0.20480581313996482,-1.5856930017471313
fenqusai/test_photo/40.jpg,0,0,True,blue,blue,,7,7,True,吉JN8888,0.9068621885456405,-1.7597660846024539,True,吉,baseline,0.10739781120145712,-2.231215476989746
fenqusai/test_photo/40.jpg,0,1,False,blue,green,,8,7,False,吉JN8888,0.9068621885456405,-1.7597660846024539,True,吉,baseline,0.10739781120145712,-2.231215476989746
fenqusai/test_photo/40.jpg,0,2,False,blue,green,tractor_green,8,7,False,吉JN8888,0.9068621885456405,-1.7597660846024539,True,吉,baseline,0.10739781120145712,-2.231215476989746
fenqusai/test_photo/40.jpg,0,3,False,blue,yellow,,7,7,True,吉JN8888,0.9068621885456405,-1.7597660846024539,True,吉,baseline,0.10739781120145712,-2.231215476989746
fenqusai/test_photo/40.jpg,0,4,False,blue,black,,7,7,True,吉JN8888,0.9068621885456405,-1.7597660846024539,True,吉,baseline,0.10739781120145712,-2.231215476989746
fenqusai/test_photo/40.jpg,0,5,False,blue,special_7,,7,7,True,吉JN8888,0.9068621885456405,-1.7597660846024539,True,吉,baseline,0.10739781120145712,-2.231215476989746
fenqusai/test_photo/40.jpg,0,6,False,blue,unknown_8,,8,7,False,吉JN8888,0.9068621885456405,-1.7597660846024539,True,吉,baseline,0.10739781120145712,-2.231215476989746
fenqusai/test_photo/41_0670.jpg,0,0,True,blue,blue,,7,7,True,皖A857LG,0.7917748247087678,-4.202608316913029,True,皖,baseline,0.04005005864621794,-3.217625141143799
fenqusai/test_photo/41_0670.jpg,0,1,False,blue,green,,8,8,True,皖AA857LG,0.7450960604469585,-5.296358316913029,True,皖,baseline,0.04005005864621794,-3.217625141143799
fenqusai/test_photo/41_0670.jpg,0,2,False,blue,green,tractor_green,8,8,True,皖AA857LG,0.7450960604469585,-5.296358316913029,True,皖,baseline,0.04005005864621794,-3.217625141143799
fenqusai/test_photo/41_0670.jpg,0,3,False,blue,yellow,,7,7,True,皖A857LG,0.7917748247087678,-4.202608316913029,True,皖,baseline,0.04005005864621794,-3.217625141143799
fenqusai/test_photo/41_0670.jpg,0,4,False,blue,black,,7,7,True,皖A857LG,0.7917748247087678,-4.202608316913029,True,皖,baseline,0.04005005864621794,-3.217625141143799
fenqusai/test_photo/41_0670.jpg,0,5,False,blue,special_7,,7,7,True,皖A857LG,0.7917748247087678,-4.202608316913029,True,皖,baseline,0.04005005864621794,-3.217625141143799
fenqusai/test_photo/41_0670.jpg,0,6,False,blue,unknown_8,,8,8,True,皖AA857LG,0.7450960604469585,-5.296358316913029,True,皖,baseline,0.04005005864621794,-3.217625141143799
fenqusai/test_photo/41_0670.jpg,1,0,True,blue,blue,,7,7,True,川A51YK7,0.8878419174119812,-2.1413083098604986,True,川,baseline,0.14246117603573286,-1.9486857652664185
fenqusai/test_photo/41_0670.jpg,1,1,False,blue,green,,8,8,True,川AA51YK7,0.9240112652749305,-1.4225582800581762,True,川,baseline,0.14246117603573286,-1.9486857652664185
fenqusai/test_photo/41_0670.jpg,1,2,False,blue,green,tractor_green,8,8,True,川AA51YK7,0.9240112652749305,-1.4225582800581762,True,川,baseline,0.14246117603573286,-1.9486857652664185
fenqusai/test_photo/41_0670.jpg,1,3,False,blue,yellow,,7,7,True,川A51YK7,0.8878419174119812,-2.1413083098604986,True,川,baseline,0.14246117603573286,-1.9486857652664185
fenqusai/test_photo/41_0670.jpg,1,4,False,blue,black,,7,7,True,川A51YK7,0.8878419174119812,-2.1413083098604986,True,川,baseline,0.14246117603573286,-1.9486857652664185
fenqusai/test_photo/41_0670.jpg,1,5,False,blue,special_7,,7,7,True,川A51YK7,0.8878419174119812,-2.1413083098604986,True,川,baseline,0.14246117603573286,-1.9486857652664185
fenqusai/test_photo/41_0670.jpg,1,6,False,blue,unknown_8,,8,8,True,川AA51YK7,0.9240112652749305,-1.4225582800581762,True,川,baseline,0.14246117603573286,-1.9486857652664185
fenqusai/test_photo/41_0686.jpg,0,0,True,blue,blue,,7,7,True,云D6868X,0.7581896488082707,-4.98279110969996,True,云,baseline,0.05823775483790419,-2.843221426010132
fenqusai/test_photo/41_0686.jpg,0,1,False,blue,green,,8,8,True,云D6868YX,0.8240793989125801,-3.482791124601121,True,云,baseline,0.05823775483790419,-2.843221426010132
fenqusai/test_photo/41_0686.jpg,0,2,False,blue,green,tractor_green,8,8,True,云D6868YX,0.8240793989125801,-3.482791124601121,True,云,baseline,0.05823775483790419,-2.843221426010132
fenqusai/test_photo/41_0686.jpg,0,3,False,blue,yellow,,7,7,True,云D6868X,0.7581896488082707,-4.98279110969996,True,云,baseline,0.05823775483790419,-2.843221426010132
fenqusai/test_photo/41_0686.jpg,0,4,False,blue,black,,7,7,True,云D6868X,0.7581896488082707,-4.98279110969996,True,云,baseline,0.05823775483790419,-2.843221426010132
fenqusai/test_photo/41_0686.jpg,0,5,False,blue,special_7,,7,7,True,云D6868X,0.7581896488082707,-4.98279110969996,True,云,baseline,0.05823775483790419,-2.843221426010132
fenqusai/test_photo/41_0686.jpg,0,6,False,blue,unknown_8,,8,8,True,云D6868YX,0.8240793989125801,-3.482791124601121,True,云,baseline,0.05823775483790419,-2.843221426010132
fenqusai/test_photo/41_0686.jpg,1,0,True,blue,blue,,7,7,True,冀A8H403,0.9134856453623194,-1.628777109179282,True,冀,baseline,0.08526767619913672,-2.4619598388671875
fenqusai/test_photo/41_0686.jpg,1,1,False,blue,green,,8,7,False,冀A8H403,0.9134856453623194,-1.628777109179282,True,冀,baseline,0.08526767619913672,-2.4619598388671875
fenqusai/test_photo/41_0686.jpg,1,2,False,blue,green,tractor_green,8,7,False,冀A8H403,0.9134856453623194,-1.628777109179282,True,冀,baseline,0.08526767619913672,-2.4619598388671875
fenqusai/test_photo/41_0686.jpg,1,3,False,blue,yellow,,7,7,True,冀A8H403,0.9134856453623194,-1.628777109179282,True,冀,baseline,0.08526767619913672,-2.4619598388671875
fenqusai/test_photo/41_0686.jpg,1,4,False,blue,black,,7,7,True,冀A8H403,0.9134856453623194,-1.628777109179282,True,冀,baseline,0.08526767619913672,-2.4619598388671875
fenqusai/test_photo/41_0686.jpg,1,5,False,blue,special_7,,7,7,True,冀A8H403,0.9134856453623194,-1.628777109179282,True,冀,baseline,0.08526767619913672,-2.4619598388671875
fenqusai/test_photo/41_0686.jpg,1,6,False,blue,unknown_8,,8,7,False,冀A8H403,0.9134856453623194,-1.628777109179282,True,冀,baseline,0.08526767619913672,-2.4619598388671875
fenqusai/test_photo/41_0705.jpg,0,0,True,green,green,,8,8,True,川AAP8176,0.9911119261372648,-0.16070055135901384,True,川,baseline,0.29222087197023977,-1.2302453517913818
fenqusai/test_photo/41_0705.jpg,0,1,False,green,green,tractor_green,8,8,True,川AAP8176,0.9911119261372648,-0.16070055135901384,True,川,baseline,0.29222087197023977,-1.2302453517913818
fenqusai/test_photo/41_0705.jpg,0,2,False,green,blue,,7,7,True,川AAP817,0.14989552910106985,-34.16070060351308,True,川,baseline,0.29222087197023977,-1.2302453517913818
fenqusai/test_photo/41_0705.jpg,0,3,False,green,yellow,,7,7,True,川AAP817,0.14989552910106985,-34.16070060351308,True,川,baseline,0.29222087197023977,-1.2302453517913818
fenqusai/test_photo/41_0705.jpg,0,4,False,green,black,,7,7,True,川AAP817,0.14989552910106985,-34.16070060351308,True,川,baseline,0.29222087197023977,-1.2302453517913818
fenqusai/test_photo/41_0705.jpg,0,5,False,green,special_7,,7,7,True,川AAP817,0.14989552910106985,-34.16070060351308,True,川,baseline,0.29222087197023977,-1.2302453517913818
fenqusai/test_photo/41_0705.jpg,0,6,False,green,unknown_8,,8,8,True,川AAP8176,0.9911119261372648,-0.16070055135901384,True,川,baseline,0.29222087197023977,-1.2302453517913818
fenqusai/test_photo/41_0705.jpg,1,0,True,blue,blue,,7,7,True,京ATZ369,0.9680962120238407,-0.5836284730451453,True,京,baseline,0.18787136377858454,-1.6719977855682373
fenqusai/test_photo/41_0705.jpg,1,1,False,blue,green,,8,7,False,京ATZ369,0.9680962120238407,-0.5836284730451453,True,京,baseline,0.18787136377858454,-1.6719977855682373
fenqusai/test_photo/41_0705.jpg,1,2,False,blue,green,tractor_green,8,7,False,京ATZ369,0.9680962120238407,-0.5836284730451453,True,京,baseline,0.18787136377858454,-1.6719977855682373
fenqusai/test_photo/41_0705.jpg,1,3,False,blue,yellow,,7,7,True,京ATZ369,0.9680962120238407,-0.5836284730451453,True,京,baseline,0.18787136377858454,-1.6719977855682373
fenqusai/test_photo/41_0705.jpg,1,4,False,blue,black,,7,7,True,京ATZ369,0.9680962120238407,-0.5836284730451453,True,京,baseline,0.18787136377858454,-1.6719977855682373
fenqusai/test_photo/41_0705.jpg,1,5,False,blue,special_7,,7,7,True,京ATZ369,0.9680962120238407,-0.5836284730451453,True,京,baseline,0.18787136377858454,-1.6719977855682373
fenqusai/test_photo/41_0705.jpg,1,6,False,blue,unknown_8,,8,7,False,京ATZ369,0.9680962120238407,-0.5836284730451453,True,京,baseline,0.18787136377858454,-1.6719977855682373
fenqusai/test_photo/41_0734.jpg,0,0,True,blue,blue,,7,7,True,云A5J6V7,0.9849497330551379,-0.27296408778442327,True,云,baseline,0.25952095143937604,-1.348917841911316
fenqusai/test_photo/41_0734.jpg,0,1,False,blue,green,,8,7,False,云A5J6V7,0.9849497330551379,-0.27296408778442327,True,云,baseline,0.25952095143937604,-1.348917841911316
fenqusai/test_photo/41_0734.jpg,0,2,False,blue,green,tractor_green,8,7,False,云A5J6V7,0.9849497330551379,-0.27296408778442327,True,云,baseline,0.25952095143937604,-1.348917841911316
fenqusai/test_photo/41_0734.jpg,0,3,False,blue,yellow,,7,7,True,云A5J6V7,0.9849497330551379,-0.27296408778442327,True,云,baseline,0.25952095143937604,-1.348917841911316
fenqusai/test_photo/41_0734.jpg,0,4,False,blue,black,,7,7,True,云A5J6V7,0.9849497330551379,-0.27296408778442327,True,云,baseline,0.25952095143937604,-1.348917841911316
fenqusai/test_photo/41_0734.jpg,0,5,False,blue,special_7,,7,7,True,云A5J6V7,0.9849497330551379,-0.27296408778442327,True,云,baseline,0.25952095143937604,-1.348917841911316
fenqusai/test_photo/41_0734.jpg,0,6,False,blue,unknown_8,,8,7,False,云A5J6V7,0.9849497330551379,-0.27296408778442327,True,云,baseline,0.25952095143937604,-1.348917841911316
fenqusai/test_photo/41_0734.jpg,1,0,True,yellow,yellow,,7,7,True,辽AUG82学,0.8810210977683751,-2.280126704562001,True,辽,baseline,0.1833983435023201,-1.6960947513580322
fenqusai/test_photo/41_0734.jpg,1,1,False,yellow,blue,,7,7,True,辽AUG82R,0.5971645424471455,-9.280126585352711,True,辽,baseline,0.1833983435023201,-1.6960947513580322
fenqusai/test_photo/41_0734.jpg,1,2,False,yellow,green,,8,8,True,辽AAUG82R,0.5609841718238807,-10.405126585352711,True,辽,baseline,0.1833983435023201,-1.6960947513580322
fenqusai/test_photo/41_0734.jpg,1,3,False,yellow,green,tractor_green,8,8,True,辽AAUG82学,0.82764272785788,-3.405126704562001,True,辽,baseline,0.1833983435023201,-1.6960947513580322
fenqusai/test_photo/41_0734.jpg,1,4,False,yellow,black,,7,7,True,辽AUG82学,0.8810210977683751,-2.280126704562001,True,辽,baseline,0.1833983435023201,-1.6960947513580322
fenqusai/test_photo/41_0734.jpg,1,5,False,yellow,special_7,,7,7,True,辽AUG82学,0.8810210977683751,-2.280126704562001,True,辽,baseline,0.1833983435023201,-1.6960947513580322
fenqusai/test_photo/41_0734.jpg,1,6,False,yellow,unknown_8,,8,8,True,辽AAUG82R,0.5609841718238807,-10.405126585352711,True,辽,baseline,0.1833983435023201,-1.6960947513580322
fenqusai/test_photo/41_0752.jpg,0,0,True,blue,blue,,7,7,True,云NH1103,0.8981247770628583,-1.934032866731087,True,云,baseline,0.20476990218336172,-1.5858683586120605
fenqusai/test_photo/41_0752.jpg,0,1,False,blue,green,,8,8,True,云ZNH1103,0.9412266834916952,-1.0902828965334095,True,云,baseline,0.20476990218336172,-1.5858683586120605
fenqusai/test_photo/41_0752.jpg,0,2,False,blue,green,tractor_green,8,8,True,云ZNH1103,0.9412266834916952,-1.0902828965334095,True,云,baseline,0.20476990218336172,-1.5858683586120605
fenqusai/test_photo/41_0752.jpg,0,3,False,blue,yellow,,7,7,True,云NH1103,0.8981247770628583,-1.934032866731087,True,云,baseline,0.20476990218336172,-1.5858683586120605
fenqusai/test_photo/41_0752.jpg,0,4,False,blue,black,,7,7,True,云NH1103,0.8981247770628583,-1.934032866731087,True,云,baseline,0.20476990218336172,-1.5858683586120605
fenqusai/test_photo/41_0752.jpg,0,5,False,blue,special_7,,7,7,True,云NH1103,0.8981247770628583,-1.934032866731087,True,云,baseline,0.20476990218336172,-1.5858683586120605
fenqusai/test_photo/41_0752.jpg,0,6,False,blue,unknown_8,,8,8,True,云ZNH1103,0.9412266834916952,-1.0902828965334095,True,云,baseline,0.20476990218336172,-1.5858683586120605
fenqusai/test_photo/41_0752.jpg,1,0,True,blue,blue,,7,7,True,川A62B20,0.9819530362525679,-0.32781233450441505,True,川,baseline,0.28612590369465085,-1.2513233423233032
fenqusai/test_photo/41_0752.jpg,1,1,False,blue,green,,8,8,True,川AA62B20,0.8218781101129258,-3.5309372301962867,True,川,baseline,0.28612590369465085,-1.2513233423233032
fenqusai/test_photo/41_0752.jpg,1,2,False,blue,green,tractor_green,8,8,True,川AA62B20,0.8218781101129258,-3.5309372301962867,True,川,baseline,0.28612590369465085,-1.2513233423233032
fenqusai/test_photo/41_0752.jpg,1,3,False,blue,yellow,,7,7,True,川A62B20,0.9819530362525679,-0.32781233450441505,True,川,baseline,0.28612590369465085,-1.2513233423233032
fenqusai/test_photo/41_0752.jpg,1,4,False,blue,black,,7,7,True,川A62B20,0.9819530362525679,-0.32781233450441505,True,川,baseline,0.28612590369465085,-1.2513233423233032
fenqusai/test_photo/41_0752.jpg,1,5,False,blue,special_7,,7,7,True,川A62B20,0.9819530362525679,-0.32781233450441505,True,川,baseline,0.28612590369465085,-1.2513233423233032
fenqusai/test_photo/41_0752.jpg,1,6,False,blue,unknown_8,,8,8,True,川AA62B20,0.8218781101129258,-3.5309372301962867,True,川,baseline,0.28612590369465085,-1.2513233423233032
fenqusai/test_photo/41_0752.jpg,2,0,True,blue,blue,,7,7,True,皖AAA22K,0.818003762716408,-3.6159901648588857,True,皖,baseline,0.15532767208797005,-1.8622183799743652
fenqusai/test_photo/41_0752.jpg,2,1,False,blue,green,,8,5,False,皖AA22,0.876828468450183,-2.365990105254241,True,皖,baseline,0.15532767208797005,-1.8622183799743652
fenqusai/test_photo/41_0752.jpg,2,2,False,blue,green,tractor_green,8,5,False,皖AA22,0.876828468450183,-2.365990105254241,True,皖,baseline,0.15532767208797005,-1.8622183799743652
fenqusai/test_photo/41_0752.jpg,2,3,False,blue,yellow,,7,7,True,皖AAA22K,0.818003762716408,-3.6159901648588857,True,皖,baseline,0.15532767208797005,-1.8622183799743652
fenqusai/test_photo/41_0752.jpg,2,4,False,blue,black,,7,7,True,皖AAA22K,0.818003762716408,-3.6159901648588857,True,皖,baseline,0.15532767208797005,-1.8622183799743652
fenqusai/test_photo/41_0752.jpg,2,5,False,blue,special_7,,7,7,True,皖AAA22K,0.818003762716408,-3.6159901648588857,True,皖,baseline,0.15532767208797005,-1.8622183799743652
fenqusai/test_photo/41_0752.jpg,2,6,False,blue,unknown_8,,8,5,False,皖AA22,0.876828468450183,-2.365990105254241,True,皖,baseline,0.15532767208797005,-1.8622183799743652
fenqusai/test_photo/41_0752.jpg,3,0,True,blue,blue,,7,1,False,苏,0.9911067303892346,-0.1607949137687683,True,苏,baseline,0.28382220321810386,-1.2594072818756104
fenqusai/test_photo/41_0752.jpg,3,1,False,blue,green,,8,1,False,苏,0.9911067303892346,-0.1607949137687683,True,苏,baseline,0.28382220321810386,-1.2594072818756104
fenqusai/test_photo/41_0752.jpg,3,2,False,blue,green,tractor_green,8,1,False,苏,0.9911067303892346,-0.1607949137687683,True,苏,baseline,0.28382220321810386,-1.2594072818756104
fenqusai/test_photo/41_0752.jpg,3,3,False,blue,yellow,,7,1,False,苏,0.9911067303892346,-0.1607949137687683,True,苏,baseline,0.28382220321810386,-1.2594072818756104
fenqusai/test_photo/41_0752.jpg,3,4,False,blue,black,,7,1,False,苏,0.9911067303892346,-0.1607949137687683,True,苏,baseline,0.28382220321810386,-1.2594072818756104
fenqusai/test_photo/41_0752.jpg,3,5,False,blue,special_7,,7,1,False,苏,0.9911067303892346,-0.1607949137687683,True,苏,baseline,0.28382220321810386,-1.2594072818756104
fenqusai/test_photo/41_0752.jpg,3,6,False,blue,unknown_8,,8,1,False,苏,0.9911067303892346,-0.1607949137687683,True,苏,baseline,0.28382220321810386,-1.2594072818756104
fenqusai/test_photo/41_0775.jpg,0,0,True,blue,blue,,7,7,True,辽AA666F,0.9053234711004485,-1.7903335052441207,True,辽,baseline,0.05986145527669048,-2.8157224655151367
fenqusai/test_photo/41_0775.jpg,0,1,False,blue,green,,8,7,False,辽AA666F,0.9053234711004485,-1.7903335052441207,True,辽,baseline,0.05986145527669048,-2.8157224655151367
fenqusai/test_photo/41_0775.jpg,0,2,False,blue,green,tractor_green,8,7,False,辽AA666F,0.9053234711004485,-1.7903335052441207,True,辽,baseline,0.05986145527669048,-2.8157224655151367
fenqusai/test_photo/41_0775.jpg,0,3,False,blue,yellow,,7,7,True,辽AA666F,0.9053234711004485,-1.7903335052441207,True,辽,baseline,0.05986145527669048,-2.8157224655151367
fenqusai/test_photo/41_0775.jpg,0,4,False,blue,black,,7,7,True,辽AA666F,0.9053234711004485,-1.7903335052441207,True,辽,baseline,0.05986145527669048,-2.8157224655151367
fenqusai/test_photo/41_0775.jpg,0,5,False,blue,special_7,,7,7,True,辽AA666F,0.9053234711004485,-1.7903335052441207,True,辽,baseline,0.05986145527669048,-2.8157224655151367
fenqusai/test_photo/41_0775.jpg,0,6,False,blue,unknown_8,,8,7,False,辽AA666F,0.9053234711004485,-1.7903335052441207,True,辽,baseline,0.05986145527669048,-2.8157224655151367
fenqusai/test_photo/41_0775.jpg,1,0,True,blue,blue,,7,7,True,川A77H3Q,0.9948680089112873,-0.09261368970169315,True,川,baseline,0.3339342852415923,-1.096811056137085
fenqusai/test_photo/41_0775.jpg,1,1,False,blue,green,,8,8,True,川UA77H3Q,0.651318631507048,-7.71761352951421,True,川,baseline,0.3339342852415923,-1.096811056137085
fenqusai/test_photo/41_0775.jpg,1,2,False,blue,green,tractor_green,8,8,True,川UA77H3Q,0.651318631507048,-7.71761352951421,True,川,baseline,0.3339342852415923,-1.096811056137085
fenqusai/test_photo/41_0775.jpg,1,3,False,blue,yellow,,7,7,True,川A77H3Q,0.9948680089112873,-0.09261368970169315,True,川,baseline,0.3339342852415923,-1.096811056137085
fenqusai/test_photo/41_0775.jpg,1,4,False,blue,black,,7,7,True,川A77H3Q,0.9948680089112873,-0.09261368970169315,True,川,baseline,0.3339342852415923,-1.096811056137085
fenqusai/test_photo/41_0775.jpg,1,5,False,blue,special_7,,7,7,True,川A77H3Q,0.9948680089112873,-0.09261368970169315,True,川,baseline,0.3339342852415923,-1.096811056137085
fenqusai/test_photo/41_0775.jpg,1,6,False,blue,unknown_8,,8,8,True,川UA77H3Q,0.651318631507048,-7.71761352951421,True,川,baseline,0.3339342852415923,-1.096811056137085
fenqusai/test_photo/41_0793.jpg,0,0,True,blue,blue,,7,7,True,云SC8685,0.9994680183067671,-0.009578218422568341,True,云,baseline,0.33016381552419777,-1.1081663370132446
fenqusai/test_photo/41_0793.jpg,0,1,False,blue,green,,8,8,True,云LSC8685,0.43901058430856815,-14.81817161079561,True,云,baseline,0.33016381552419777,-1.1081663370132446
fenqusai/test_photo/41_0793.jpg,0,2,False,blue,green,tractor_green,8,8,True,云LSC8685,0.43901058430856815,-14.81817161079561,True,云,baseline,0.33016381552419777,-1.1081663370132446
fenqusai/test_photo/41_0793.jpg,0,3,False,blue,yellow,,7,7,True,云SC8685,0.9994680183067671,-0.009578218422568341,True,云,baseline,0.33016381552419777,-1.1081663370132446
fenqusai/test_photo/41_0793.jpg,0,4,False,blue,black,,7,7,True,云SC8685,0.9994680183067671,-0.009578218422568341,True,云,baseline,0.33016381552419777,-1.1081663370132446
fenqusai/test_photo/41_0793.jpg,0,5,False,blue,special_7,,7,7,True,云SC8685,0.9994680183067671,-0.009578218422568341,True,云,baseline,0.33016381552419777,-1.1081663370132446
fenqusai/test_photo/41_0793.jpg,0,6,False,blue,unknown_8,,8,8,True,云LSC8685,0.43901058430856815,-14.81817161079561,True,云,baseline,0.33016381552419777,-1.1081663370132446
fenqusai/test_photo/41_0793.jpg,1,0,True,blue,blue,,7,7,True,京A8Y33W,0.8829328545017984,-2.241110227254687,True,京,baseline,0.13688020799351275,-1.9886491298675537
fenqusai/test_photo/41_0793.jpg,1,1,False,blue,green,,8,7,False,京A8Y33W,0.8829328545017984,-2.241110227254687,True,京,baseline,0.13688020799351275,-1.9886491298675537
fenqusai/test_photo/41_0793.jpg,1,2,False,blue,green,tractor_green,8,7,False,京A8Y33W,0.8829328545017984,-2.241110227254687,True,京,baseline,0.13688020799351275,-1.9886491298675537
fenqusai/test_photo/41_0793.jpg,1,3,False,blue,yellow,,7,7,True,京A8Y33W,0.8829328545017984,-2.241110227254687,True,京,baseline,0.13688020799351275,-1.9886491298675537
fenqusai/test_photo/41_0793.jpg,1,4,False,blue,black,,7,7,True,京A8Y33W,0.8829328545017984,-2.241110227254687,True,京,baseline,0.13688020799351275,-1.9886491298675537
fenqusai/test_photo/41_0793.jpg,1,5,False,blue,special_7,,7,7,True,京A8Y33W,0.8829328545017984,-2.241110227254687,True,京,baseline,0.13688020799351275,-1.9886491298675537
fenqusai/test_photo/41_0793.jpg,1,6,False,blue,unknown_8,,8,7,False,京A8Y33W,0.8829328545017984,-2.241110227254687,True,京,baseline,0.13688020799351275,-1.9886491298675537
fenqusai/test_photo/41_0797.jpg,0,0,True,blue,blue,,7,7,True,云HDF666,0.999292126166128,-0.012746240907340223,True,云,baseline,0.3291502769035453,-1.1112408638000488
fenqusai/test_photo/41_0797.jpg,0,1,False,blue,green,,8,7,False,云HDF666,0.999292126166128,-0.012746240907340223,True,云,baseline,0.3291502769035453,-1.1112408638000488
fenqusai/test_photo/41_0797.jpg,0,2,False,blue,green,tractor_green,8,7,False,云HDF666,0.999292126166128,-0.012746240907340223,True,云,baseline,0.3291502769035453,-1.1112408638000488
fenqusai/test_photo/41_0797.jpg,0,3,False,blue,yellow,,7,7,True,云HDF666,0.999292126166128,-0.012746240907340223,True,云,baseline,0.3291502769035453,-1.1112408638000488
fenqusai/test_photo/41_0797.jpg,0,4,False,blue,black,,7,7,True,云HDF666,0.999292126166128,-0.012746240907340223,True,云,baseline,0.3291502769035453,-1.1112408638000488
fenqusai/test_photo/41_0797.jpg,0,5,False,blue,special_7,,7,7,True,云HDF666,0.999292126166128,-0.012746240907340223,True,云,baseline,0.3291502769035453,-1.1112408638000488
fenqusai/test_photo/41_0797.jpg,0,6,False,blue,unknown_8,,8,7,False,云HDF666,0.999292126166128,-0.012746240907340223,True,云,baseline,0.3291502769035453,-1.1112408638000488
fenqusai/test_photo/41_0797.jpg,1,0,True,blue,blue,,7,7,True,京A38SU9,0.8968447147419413,-1.9597058665092888,True,京,baseline,0.09430099730110711,-2.3612635135650635
fenqusai/test_photo/41_0797.jpg,1,1,False,blue,green,,8,7,False,京A38SU9,0.8968447147419413,-1.9597058665092888,True,京,baseline,0.09430099730110711,-2.3612635135650635
fenqusai/test_photo/41_0797.jpg,1,2,False,blue,green,tractor_green,8,7,False,京A38SU9,0.8968447147419413,-1.9597058665092888,True,京,baseline,0.09430099730110711,-2.3612635135650635
fenqusai/test_photo/41_0797.jpg,1,3,False,blue,yellow,,7,7,True,京A38SU9,0.8968447147419413,-1.9597058665092888,True,京,baseline,0.09430099730110711,-2.3612635135650635
fenqusai/test_photo/41_0797.jpg,1,4,False,blue,black,,7,7,True,京A38SU9,0.8968447147419413,-1.9597058665092888,True,京,baseline,0.09430099730110711,-2.3612635135650635
fenqusai/test_photo/41_0797.jpg,1,5,False,blue,special_7,,7,7,True,京A38SU9,0.8968447147419413,-1.9597058665092888,True,京,baseline,0.09430099730110711,-2.3612635135650635
fenqusai/test_photo/41_0797.jpg,1,6,False,blue,unknown_8,,8,7,False,京A38SU9,0.8968447147419413,-1.9597058665092888,True,京,baseline,0.09430099730110711,-2.3612635135650635
fenqusai/test_photo/41_0801.jpg,0,0,True,blue,blue,,7,7,True,川A9YN87,0.94746921089748,-0.9712950776737301,True,川,baseline,0.41693194475458817,-0.874832272529602
fenqusai/test_photo/41_0801.jpg,0,1,False,blue,green,,8,8,True,川AA9YN87,0.8993849175053114,-1.908795137278375,True,川,baseline,0.41693194475458817,-0.874832272529602
fenqusai/test_photo/41_0801.jpg,0,2,False,blue,green,tractor_green,8,8,True,川AA9YN87,0.8993849175053114,-1.908795137278375,True,川,baseline,0.41693194475458817,-0.874832272529602
fenqusai/test_photo/41_0801.jpg,0,3,False,blue,yellow,,7,7,True,川A9YN87,0.94746921089748,-0.9712950776737301,True,川,baseline,0.41693194475458817,-0.874832272529602
fenqusai/test_photo/41_0801.jpg,0,4,False,blue,black,,7,7,True,川A9YN87,0.94746921089748,-0.9712950776737301,True,川,baseline,0.41693194475458817,-0.874832272529602
fenqusai/test_photo/41_0801.jpg,0,5,False,blue,special_7,,7,7,True,川A9YN87,0.94746921089748,-0.9712950776737301,True,川,baseline,0.41693194475458817,-0.874832272529602
fenqusai/test_photo/41_0801.jpg,0,6,False,blue,unknown_8,,8,8,True,川AA9YN87,0.8993849175053114,-1.908795137278375,True,川,baseline,0.41693194475458817,-0.874832272529602
fenqusai/test_photo/41_0801.jpg,1,0,True,blue,blue,,7,7,True,云A5G1W0,0.9517316242192481,-0.8904994428030477,True,云,baseline,0.18706534081905696,-1.6762973070144653
fenqusai/test_photo/41_0801.jpg,1,1,False,blue,green,,8,7,False,云A5G1W0,0.9517316242192481,-0.8904994428030477,True,云,baseline,0.18706534081905696,-1.6762973070144653
fenqusai/test_photo/41_0801.jpg,1,2,False,blue,green,tractor_green,8,7,False,云A5G1W0,0.9517316242192481,-0.8904994428030477,True,云,baseline,0.18706534081905696,-1.6762973070144653
fenqusai/test_photo/41_0801.jpg,1,3,False,blue,yellow,,7,7,True,云A5G1W0,0.9517316242192481,-0.8904994428030477,True,云,baseline,0.18706534081905696,-1.6762973070144653
fenqusai/test_photo/41_0801.jpg,1,4,False,blue,black,,7,7,True,云A5G1W0,0.9517316242192481,-0.8904994428030477,True,云,baseline,0.18706534081905696,-1.6762973070144653
fenqusai/test_photo/41_0801.jpg,1,5,False,blue,special_7,,7,7,True,云A5G1W0,0.9517316242192481,-0.8904994428030477,True,云,baseline,0.18706534081905696,-1.6762973070144653
fenqusai/test_photo/41_0801.jpg,1,6,False,blue,unknown_8,,8,7,False,云A5G1W0,0.9517316242192481,-0.8904994428030477,True,云,baseline,0.18706534081905696,-1.6762973070144653
fenqusai/test_photo/41_0801.jpg,2,0,True,blue,blue,,7,7,True,赣A1EM22,0.9765873550301218,-0.42643935702641755,True,赣,baseline,0.2665365413784109,-1.3222439289093018
fenqusai/test_photo/41_0801.jpg,2,1,False,blue,green,,8,8,True,赣AA1EM22,0.8633328544994882,-2.6451894166310623,True,赣,baseline,0.2665365413784109,-1.3222439289093018
fenqusai/test_photo/41_0801.jpg,2,2,False,blue,green,tractor_green,8,8,True,赣AA1EM22,0.8633328544994882,-2.6451894166310623,True,赣,baseline,0.2665365413784109,-1.3222439289093018
fenqusai/test_photo/41_0801.jpg,2,3,False,blue,yellow,,7,7,True,赣A1EM22,0.9765873550301218,-0.42643935702641755,True,赣,baseline,0.2665365413784109,-1.3222439289093018
fenqusai/test_photo/41_0801.jpg,2,4,False,blue,black,,7,7,True,赣A1EM22,0.9765873550301218,-0.42643935702641755,True,赣,baseline,0.2665365413784109,-1.3222439289093018
fenqusai/test_photo/41_0801.jpg,2,5,False,blue,special_7,,7,7,True,赣A1EM22,0.9765873550301218,-0.42643935702641755,True,赣,baseline,0.2665365413784109,-1.3222439289093018
fenqusai/test_photo/41_0801.jpg,2,6,False,blue,unknown_8,,8,8,True,赣AA1EM22,0.8633328544994882,-2.6451894166310623,True,赣,baseline,0.2665365413784109,-1.3222439289093018
fenqusai/test_photo/41_0803.jpg,0,0,True,blue,blue,,7,7,True,辽CY3683,0.8380135958710392,-3.1809771799538495,True,辽,baseline,0.02099048904794695,-3.8636858463287354
fenqusai/test_photo/41_0803.jpg,0,1,False,blue,green,,8,8,True,辽CY36834,0.6464434403509719,-7.852852269360817,True,辽,baseline,0.02099048904794695,-3.8636858463287354
fenqusai/test_photo/41_0803.jpg,0,2,False,blue,green,tractor_green,8,8,True,辽CY36834,0.6464434403509719,-7.852852269360817,True,辽,baseline,0.02099048904794695,-3.8636858463287354
fenqusai/test_photo/41_0803.jpg,0,3,False,blue,yellow,,7,7,True,辽CY3683,0.8380135958710392,-3.1809771799538495,True,辽,baseline,0.02099048904794695,-3.8636858463287354
fenqusai/test_photo/41_0803.jpg,0,4,False,blue,black,,7,7,True,辽CY3683,0.8380135958710392,-3.1809771799538495,True,辽,baseline,0.02099048904794695,-3.8636858463287354
fenqusai/test_photo/41_0803.jpg,0,5,False,blue,special_7,,7,7,True,辽CY3683,0.8380135958710392,-3.1809771799538495,True,辽,baseline,0.02099048904794695,-3.8636858463287354
fenqusai/test_photo/41_0803.jpg,0,6,False,blue,unknown_8,,8,8,True,辽CY36834,0.6464434403509719,-7.852852269360817,True,辽,baseline,0.02099048904794695,-3.8636858463287354
fenqusai/test_photo/41_0803.jpg,1,0,True,blue,blue,,7,7,True,川A758CP,0.9859849608044949,-0.2540551901328669,True,川,baseline,0.33287905180358657,-1.0999760627746582
fenqusai/test_photo/41_0803.jpg,1,1,False,blue,green,,8,7,False,川A758CP,0.9859849608044949,-0.2540551901328669,True,川,baseline,0.33287905180358657,-1.0999760627746582
fenqusai/test_photo/41_0803.jpg,1,2,False,blue,green,tractor_green,8,7,False,川A758CP,0.9859849608044949,-0.2540551901328669,True,川,baseline,0.33287905180358657,-1.0999760627746582
fenqusai/test_photo/41_0803.jpg,1,3,False,blue,yellow,,7,7,True,川A758CP,0.9859849608044949,-0.2540551901328669,True,川,baseline,0.33287905180358657,-1.0999760627746582
fenqusai/test_photo/41_0803.jpg,1,4,False,blue,black,,7,7,True,川A758CP,0.9859849608044949,-0.2540551901328669,True,川,baseline,0.33287905180358657,-1.0999760627746582
fenqusai/test_photo/41_0803.jpg,1,5,False,blue,special_7,,7,7,True,川A758CP,0.9859849608044949,-0.2540551901328669,True,川,baseline,0.33287905180358657,-1.0999760627746582
fenqusai/test_photo/41_0803.jpg,1,6,False,blue,unknown_8,,8,7,False,川A758CP,0.9859849608044949,-0.2540551901328669,True,川,baseline,0.33287905180358657,-1.0999760627746582
fenqusai/test_photo/41_0812.jpg,0,0,True,blue,blue,,7,7,True,苏A172LE,0.8948735852126554,-1.9993106926049222,True,苏,baseline,0.125574114327993,-2.074859142303467
fenqusai/test_photo/41_0812.jpg,0,1,False,blue,green,,8,7,False,苏A172LE,0.8948735852126554,-1.9993106926049222,True,苏,baseline,0.125574114327993,-2.074859142303467
fenqusai/test_photo/41_0812.jpg,0,2,False,blue,green,tractor_green,8,7,False,苏A172LE,0.8948735852126554,-1.9993106926049222,True,苏,baseline,0.125574114327993,-2.074859142303467
fenqusai/test_photo/41_0812.jpg,0,3,False,blue,yellow,,7,7,True,苏A172LE,0.8948735852126554,-1.9993106926049222,True,苏,baseline,0.125574114327993,-2.074859142303467
fenqusai/test_photo/41_0812.jpg,0,4,False,blue,black,,7,7,True,苏A172LE,0.8948735852126554,-1.9993106926049222,True,苏,baseline,0.125574114327993,-2.074859142303467
fenqusai/test_photo/41_0812.jpg,0,5,False,blue,special_7,,7,7,True,苏A172LE,0.8948735852126554,-1.9993106926049222,True,苏,baseline,0.125574114327993,-2.074859142303467
fenqusai/test_photo/41_0812.jpg,0,6,False,blue,unknown_8,,8,7,False,苏A172LE,0.8948735852126554,-1.9993106926049222,True,苏,baseline,0.125574114327993,-2.074859142303467
fenqusai/test_photo/41_0812.jpg,1,0,True,unknown_7,blue,,7,7,True,黑A286MU,0.886845784436751,-2.161515127565387,True,黑,baseline,0.06526122332535395,-2.7293572425842285
fenqusai/test_photo/41_0812.jpg,1,1,False,unknown_7,green,,8,7,False,黑A286MU,0.886845784436751,-2.161515127565387,True,黑,baseline,0.06526122332535395,-2.7293572425842285
fenqusai/test_photo/41_0812.jpg,1,2,False,unknown_7,green,tractor_green,8,7,False,黑A286MU,0.886845784436751,-2.161515127565387,True,黑,baseline,0.06526122332535395,-2.7293572425842285
fenqusai/test_photo/41_0812.jpg,1,3,False,unknown_7,yellow,,7,7,True,黑A286MU,0.886845784436751,-2.161515127565387,True,黑,baseline,0.06526122332535395,-2.7293572425842285
fenqusai/test_photo/41_0812.jpg,1,4,False,unknown_7,black,,7,7,True,黑A286MU,0.886845784436751,-2.161515127565387,True,黑,baseline,0.06526122332535395,-2.7293572425842285
fenqusai/test_photo/41_0812.jpg,1,5,False,unknown_7,special_7,,7,7,True,黑A286MU,0.886845784436751,-2.161515127565387,True,黑,baseline,0.06526122332535395,-2.7293572425842285
fenqusai/test_photo/41_0812.jpg,1,6,False,unknown_7,unknown_8,,8,7,False,黑A286MU,0.886845784436751,-2.161515127565387,True,黑,baseline,0.06526122332535395,-2.7293572425842285
fenqusai/test_photo/41_0837.jpg,0,0,True,blue,blue,,7,7,True,辽A3T0Y1,0.9405777431171725,-1.1026974992830674,True,辽,baseline,0.20333960928394101,-1.592877745628357
fenqusai/test_photo/41_0837.jpg,0,1,False,blue,green,,8,7,False,辽A3T0Y1,0.9405777431171725,-1.1026974992830674,True,辽,baseline,0.20333960928394101,-1.592877745628357
fenqusai/test_photo/41_0837.jpg,0,2,False,blue,green,tractor_green,8,7,False,辽A3T0Y1,0.9405777431171725,-1.1026974992830674,True,辽,baseline,0.20333960928394101,-1.592877745628357
fenqusai/test_photo/41_0837.jpg,0,3,False,blue,yellow,,7,7,True,辽A3T0Y1,0.9405777431171725,-1.1026974992830674,True,辽,baseline,0.20333960928394101,-1.592877745628357
fenqusai/test_photo/41_0837.jpg,0,4,False,blue,black,,7,7,True,辽A3T0Y1,0.9405777431171725,-1.1026974992830674,True,辽,baseline,0.20333960928394101,-1.592877745628357
fenqusai/test_photo/41_0837.jpg,0,5,False,blue,special_7,,7,7,True,辽A3T0Y1,0.9405777431171725,-1.1026974992830674,True,辽,baseline,0.20333960928394101,-1.592877745628357
fenqusai/test_photo/41_0837.jpg,0,6,False,blue,unknown_8,,8,7,False,辽A3T0Y1,0.9405777431171725,-1.1026974992830674,True,辽,baseline,0.20333960928394101,-1.592877745628357
fenqusai/test_photo/41_0837.jpg,1,0,True,blue,blue,,7,7,True,皖A3P041,0.9327556112711827,-1.2530169191304026,True,皖,baseline,0.1260631629719104,-2.070972204208374
fenqusai/test_photo/41_0837.jpg,1,1,False,blue,green,,8,7,False,皖A3P041,0.9327556112711827,-1.2530169191304026,True,皖,baseline,0.1260631629719104,-2.070972204208374
fenqusai/test_photo/41_0837.jpg,1,2,False,blue,green,tractor_green,8,7,False,皖A3P041,0.9327556112711827,-1.2530169191304026,True,皖,baseline,0.1260631629719104,-2.070972204208374
fenqusai/test_photo/41_0837.jpg,1,3,False,blue,yellow,,7,7,True,皖A3P041,0.9327556112711827,-1.2530169191304026,True,皖,baseline,0.1260631629719104,-2.070972204208374
fenqusai/test_photo/41_0837.jpg,1,4,False,blue,black,,7,7,True,皖A3P041,0.9327556112711827,-1.2530169191304026,True,皖,baseline,0.1260631629719104,-2.070972204208374
fenqusai/test_photo/41_0837.jpg,1,5,False,blue,special_7,,7,7,True,皖A3P041,0.9327556112711827,-1.2530169191304026,True,皖,baseline,0.1260631629719104,-2.070972204208374
fenqusai/test_photo/41_0837.jpg,1,6,False,blue,unknown_8,,8,7,False,皖A3P041,0.9327556112711827,-1.2530169191304026,True,皖,baseline,0.1260631629719104,-2.070972204208374
fenqusai/test_photo/41_0837.jpg,2,0,True,blue,blue,,7,7,True,皖LC8403,0.789995679663477,-4.243100441695788,True,皖,baseline,0.22340922700104232,-1.49875009059906
fenqusai/test_photo/41_0837.jpg,2,1,False,blue,green,,8,8,True,皖LLC8403,0.8482776804339063,-2.961850382091143,True,皖,baseline,0.22340922700104232,-1.49875009059906
fenqusai/test_photo/41_0837.jpg,2,2,False,blue,green,tractor_green,8,8,True,皖LLC8403,0.8482776804339063,-2.961850382091143,True,皖,baseline,0.22340922700104232,-1.49875009059906
fenqusai/test_photo/41_0837.jpg,2,3,False,blue,yellow,,7,7,True,皖LC8403,0.789995679663477,-4.243100441695788,True,皖,baseline,0.22340922700104232,-1.49875009059906
fenqusai/test_photo/41_0837.jpg,2,4,False,blue,black,,7,7,True,皖LC8403,0.789995679663477,-4.243100441695788,True,皖,baseline,0.22340922700104232,-1.49875009059906
fenqusai/test_photo/41_0837.jpg,2,5,False,blue,special_7,,7,7,True,皖LC8403,0.789995679663477,-4.243100441695788,True,皖,baseline,0.22340922700104232,-1.49875009059906
fenqusai/test_photo/41_0837.jpg,2,6,False,blue,unknown_8,,8,8,True,皖LLC8403,0.8482776804339063,-2.961850382091143,True,皖,baseline,0.22340922700104232,-1.49875009059906
fenqusai/test_photo/41_0847.jpg,0,0,True,blue,blue,,7,7,True,皖AD9G57,0.8509358745471779,-2.905533113516867,True,皖,baseline,0.03975325468390976,-3.2250635623931885
fenqusai/test_photo/41_0847.jpg,0,1,False,blue,green,,8,8,True,皖AAD9G57,0.7470472548626815,-5.249283053912222,True,皖,baseline,0.03975325468390976,-3.2250635623931885
fenqusai/test_photo/41_0847.jpg,0,2,False,blue,green,tractor_green,8,8,True,皖AAD9G57,0.7470472548626815,-5.249283053912222,True,皖,baseline,0.03975325468390976,-3.2250635623931885
fenqusai/test_photo/41_0847.jpg,0,3,False,blue,yellow,,7,7,True,皖AD9G57,0.8509358745471779,-2.905533113516867,True,皖,baseline,0.03975325468390976,-3.2250635623931885
fenqusai/test_photo/41_0847.jpg,0,4,False,blue,black,,7,7,True,皖AD9G57,0.8509358745471779,-2.905533113516867,True,皖,baseline,0.03975325468390976,-3.2250635623931885
fenqusai/test_photo/41_0847.jpg,0,5,False,blue,special_7,,7,7,True,皖AD9G57,0.8509358745471779,-2.905533113516867,True,皖,baseline,0.03975325468390976,-3.2250635623931885
fenqusai/test_photo/41_0847.jpg,0,6,False,blue,unknown_8,,8,8,True,皖AAD9G57,0.7470472548626815,-5.249283053912222,True,皖,baseline,0.03975325468390976,-3.2250635623931885
fenqusai/test_photo/41_0847.jpg,1,0,True,blue,blue,,7,7,True,川A720HM,0.9552307672239579,-0.8244418791546195,True,川,baseline,0.1880454614073487,-1.6710715293884277
fenqusai/test_photo/41_0847.jpg,1,1,False,blue,green,,8,8,True,川AA720HM,0.827042207803038,-3.4181918642534583,True,川,baseline,0.1880454614073487,-1.6710715293884277
fenqusai/test_photo/41_0847.jpg,1,2,False,blue,green,tractor_green,8,8,True,川AA720HM,0.827042207803038,-3.4181918642534583,True,川,baseline,0.1880454614073487,-1.6710715293884277
fenqusai/test_photo/41_0847.jpg,1,3,False,blue,yellow,,7,7,True,川A720HM,0.9552307672239579,-0.8244418791546195,True,川,baseline,0.1880454614073487,-1.6710715293884277
fenqusai/test_photo/41_0847.jpg,1,4,False,blue,black,,7,7,True,川A720HM,0.9552307672239579,-0.8244418791546195,True,川,baseline,0.1880454614073487,-1.6710715293884277
fenqusai/test_photo/41_0847.jpg,1,5,False,blue,special_7,,7,7,True,川A720HM,0.9552307672239579,-0.8244418791546195,True,川,baseline,0.1880454614073487,-1.6710715293884277
fenqusai/test_photo/41_0847.jpg,1,6,False,blue,unknown_8,,8,8,True,川AA720HM,0.827042207803038,-3.4181918642534583,True,川,baseline,0.1880454614073487,-1.6710715293884277
fenqusai/test_photo/41_0862.jpg,0,0,True,blue,blue,,7,7,True,辽A2UP33,0.9646264843132247,-0.6482576782651677,True,辽,baseline,0.29146922059500247,-1.2328208684921265
fenqusai/test_photo/41_0862.jpg,0,1,False,blue,green,,8,8,True,辽DA2UP33,0.6641294413652153,-7.367007720407514,True,辽,baseline,0.29146922059500247,-1.2328208684921265
fenqusai/test_photo/41_0862.jpg,0,2,False,blue,green,tractor_green,8,8,True,辽DA2UP33,0.6641294413652153,-7.367007720407514,True,辽,baseline,0.29146922059500247,-1.2328208684921265
fenqusai/test_photo/41_0862.jpg,0,3,False,blue,yellow,,7,7,True,辽A2UP33,0.9646264843132247,-0.6482576782651677,True,辽,baseline,0.29146922059500247,-1.2328208684921265
fenqusai/test_photo/41_0862.jpg,0,4,False,blue,black,,7,7,True,辽A2UP33,0.9646264843132247,-0.6482576782651677,True,辽,baseline,0.29146922059500247,-1.2328208684921265
fenqusai/test_photo/41_0862.jpg,0,5,False,blue,special_7,,7,7,True,辽A2UP33,0.9646264843132247,-0.6482576782651677,True,辽,baseline,0.29146922059500247,-1.2328208684921265
fenqusai/test_photo/41_0862.jpg,0,6,False,blue,unknown_8,,8,8,True,辽DA2UP33,0.6641294413652153,-7.367007720407514,True,辽,baseline,0.29146922059500247,-1.2328208684921265
fenqusai/test_photo/41_0862.jpg,1,0,True,blue,blue,,7,7,True,鄂AQ27N5,0.9062419900411988,-1.7720804056957533,True,鄂,baseline,0.10378916117537755,-2.2653937339782715
fenqusai/test_photo/41_0862.jpg,1,1,False,blue,green,,8,7,False,鄂AQ27N5,0.9062419900411988,-1.7720804056957533,True,鄂,baseline,0.10378916117537755,-2.2653937339782715
fenqusai/test_photo/41_0862.jpg,1,2,False,blue,green,tractor_green,8,7,False,鄂AQ27N5,0.9062419900411988,-1.7720804056957533,True,鄂,baseline,0.10378916117537755,-2.2653937339782715
fenqusai/test_photo/41_0862.jpg,1,3,False,blue,yellow,,7,7,True,鄂AQ27N5,0.9062419900411988,-1.7720804056957533,True,鄂,baseline,0.10378916117537755,-2.2653937339782715
fenqusai/test_photo/41_0862.jpg,1,4,False,blue,black,,7,7,True,鄂AQ27N5,0.9062419900411988,-1.7720804056957533,True,鄂,baseline,0.10378916117537755,-2.2653937339782715
fenqusai/test_photo/41_0862.jpg,1,5,False,blue,special_7,,7,7,True,鄂AQ27N5,0.9062419900411988,-1.7720804056957533,True,鄂,baseline,0.10378916117537755,-2.2653937339782715
fenqusai/test_photo/41_0862.jpg,1,6,False,blue,unknown_8,,8,7,False,鄂AQ27N5,0.9062419900411988,-1.7720804056957533,True,鄂,baseline,0.10378916117537755,-2.2653937339782715
fenqusai/test_photo/41_0862.jpg,2,0,True,blue,blue,,7,7,True,川AL743D,0.8526375671615046,-2.869572847295778,True,川,baseline,0.088969239893406,-2.419464588165283
fenqusai/test_photo/41_0862.jpg,2,1,False,blue,green,,8,7,False,川AL743D,0.8526375671615046,-2.869572847295778,True,川,baseline,0.088969239893406,-2.419464588165283
fenqusai/test_photo/41_0862.jpg,2,2,False,blue,green,tractor_green,8,7,False,川AL743D,0.8526375671615046,-2.869572847295778,True,川,baseline,0.088969239893406,-2.419464588165283
fenqusai/test_photo/41_0862.jpg,2,3,False,blue,yellow,,7,7,True,川AL743D,0.8526375671615046,-2.869572847295778,True,川,baseline,0.088969239893406,-2.419464588165283
fenqusai/test_photo/41_0862.jpg,2,4,False,blue,black,,7,7,True,川AL743D,0.8526375671615046,-2.869572847295778,True,川,baseline,0.088969239893406,-2.419464588165283
fenqusai/test_photo/41_0862.jpg,2,5,False,blue,special_7,,7,7,True,川AL743D,0.8526375671615046,-2.869572847295778,True,川,baseline,0.088969239893406,-2.419464588165283
fenqusai/test_photo/41_0862.jpg,2,6,False,blue,unknown_8,,8,7,False,川AL743D,0.8526375671615046,-2.869572847295778,True,川,baseline,0.088969239893406,-2.419464588165283
fenqusai/test_photo/41_0878.jpg,0,0,True,blue,blue,,7,7,True,云A036MA,0.9845632331217146,-0.2800287773908394,True,云,baseline,0.2519798770032018,-1.378406047821045
fenqusai/test_photo/41_0878.jpg,0,1,False,blue,green,,8,8,True,云A036MNA,0.5233516872484063,-11.655028777456323,True,云,baseline,0.2519798770032018,-1.378406047821045
fenqusai/test_photo/41_0878.jpg,0,2,False,blue,green,tractor_green,8,8,True,云A036MNA,0.5233516872484063,-11.655028777456323,True,云,baseline,0.2519798770032018,-1.378406047821045
fenqusai/test_photo/41_0878.jpg,0,3,False,blue,yellow,,7,7,True,云A036MA,0.9845632331217146,-0.2800287773908394,True,云,baseline,0.2519798770032018,-1.378406047821045
fenqusai/test_photo/41_0878.jpg,0,4,False,blue,black,,7,7,True,云A036MA,0.9845632331217146,-0.2800287773908394,True,云,baseline,0.2519798770032018,-1.378406047821045
fenqusai/test_photo/41_0878.jpg,0,5,False,blue,special_7,,7,7,True,云A036MA,0.9845632331217146,-0.2800287773908394,True,云,baseline,0.2519798770032018,-1.378406047821045
fenqusai/test_photo/41_0878.jpg,0,6,False,blue,unknown_8,,8,8,True,云A036MNA,0.5233516872484063,-11.655028777456323,True,云,baseline,0.2519798770032018,-1.378406047821045
fenqusai/test_photo/41_0878.jpg,1,0,False,blue,blue,,7,7,True,川AX4X98,0.7546439662047303,-5.067165760145926,True,川,baseline,0.33376458676903575,-1.0973193645477295
fenqusai/test_photo/41_0878.jpg,1,1,True,blue,green,,8,8,True,川AX4X98G,0.9024068915560313,-1.8484157042665714,True,川,baseline,0.33376458676903575,-1.0973193645477295
fenqusai/test_photo/41_0878.jpg,1,2,False,blue,green,tractor_green,8,8,True,川AX4X98G,0.9024068915560313,-1.8484157042665714,True,川,baseline,0.33376458676903575,-1.0973193645477295
fenqusai/test_photo/41_0878.jpg,1,3,False,blue,yellow,,7,7,True,川AX4X98,0.7546439662047303,-5.067165760145926,True,川,baseline,0.33376458676903575,-1.0973193645477295
fenqusai/test_photo/41_0878.jpg,1,4,False,blue,black,,7,7,True,川AX4X98,0.7546439662047303,-5.067165760145926,True,川,baseline,0.33376458676903575,-1.0973193645477295
fenqusai/test_photo/41_0878.jpg,1,5,False,blue,special_7,,7,7,True,川AX4X98,0.7546439662047303,-5.067165760145926,True,川,baseline,0.33376458676903575,-1.0973193645477295
fenqusai/test_photo/41_0878.jpg,1,6,False,blue,unknown_8,,8,8,True,川AX4X98G,0.9024068915560313,-1.8484157042665714,True,川,baseline,0.33376458676903575,-1.0973193645477295
fenqusai/test_photo/41_0902.jpg,0,0,True,blue,blue,,7,7,True,吉A678KY,0.9895419268114641,-0.1892365762087138,True,吉,baseline,0.3086304533933347,-1.1756106615066528
fenqusai/test_photo/41_0902.jpg,0,1,False,blue,green,,8,8,True,吉A678KXY,0.7353651123915718,-5.5329867280142935,True,吉,baseline,0.3086304533933347,-1.1756106615066528
fenqusai/test_photo/41_0902.jpg,0,2,False,blue,green,tractor_green,8,8,True,吉A678KXY,0.7353651123915718,-5.5329867280142935,True,吉,baseline,0.3086304533933347,-1.1756106615066528
fenqusai/test_photo/41_0902.jpg,0,3,False,blue,yellow,,7,7,True,吉A678KY,0.9895419268114641,-0.1892365762087138,True,吉,baseline,0.3086304533933347,-1.1756106615066528
fenqusai/test_photo/41_0902.jpg,0,4,False,blue,black,,7,7,True,吉A678KY,0.9895419268114641,-0.1892365762087138,True,吉,baseline,0.3086304533933347,-1.1756106615066528
fenqusai/test_photo/41_0902.jpg,0,5,False,blue,special_7,,7,7,True,吉A678KY,0.9895419268114641,-0.1892365762087138,True,吉,baseline,0.3086304533933347,-1.1756106615066528
fenqusai/test_photo/41_0902.jpg,0,6,False,blue,unknown_8,,8,8,True,吉A678KXY,0.7353651123915718,-5.5329867280142935,True,吉,baseline,0.3086304533933347,-1.1756106615066528
fenqusai/test_photo/41_0902.jpg,1,0,True,blue,blue,,7,7,True,蒙KA923S,0.8475757148537442,-2.9767518838361298,True,蒙,baseline,0.09860435004852554,-2.3166399002075195
fenqusai/test_photo/41_0902.jpg,1,1,False,blue,green,,8,6,False,蒙A923S,0.8991123079645043,-1.9142518838361298,True,蒙,baseline,0.09860435004852554,-2.3166399002075195
fenqusai/test_photo/41_0902.jpg,1,2,False,blue,green,tractor_green,8,6,False,蒙A923S,0.8991123079645043,-1.9142518838361298,True,蒙,baseline,0.09860435004852554,-2.3166399002075195
fenqusai/test_photo/41_0902.jpg,1,3,False,blue,yellow,,7,7,True,蒙KA923S,0.8475757148537442,-2.9767518838361298,True,蒙,baseline,0.09860435004852554,-2.3166399002075195
fenqusai/test_photo/41_0902.jpg,1,4,False,blue,black,,7,7,True,蒙KA923S,0.8475757148537442,-2.9767518838361298,True,蒙,baseline,0.09860435004852554,-2.3166399002075195
fenqusai/test_photo/41_0902.jpg,1,5,False,blue,special_7,,7,7,True,蒙KA923S,0.8475757148537442,-2.9767518838361298,True,蒙,baseline,0.09860435004852554,-2.3166399002075195
fenqusai/test_photo/41_0902.jpg,1,6,False,blue,unknown_8,,8,6,False,蒙A923S,0.8991123079645043,-1.9142518838361298,True,蒙,baseline,0.09860435004852554,-2.3166399002075195
fenqusai/test_photo/41_0902.jpg,2,0,False,blue,blue,,7,7,True,冀A965NB,0.641836397510222,-7.981593125509789,True,冀,baseline,0.10611814718643753,-2.2432022094726562
fenqusai/test_photo/41_0902.jpg,2,1,True,blue,green,,8,8,True,冀A965NAB,0.8988705222772827,-1.9190930228314755,True,冀,baseline,0.10611814718643753,-2.2432022094726562
fenqusai/test_photo/41_0902.jpg,2,2,False,blue,green,tractor_green,8,8,True,冀A965NAB,0.8988705222772827,-1.9190930228314755,True,冀,baseline,0.10611814718643753,-2.2432022094726562
fenqusai/test_photo/41_0902.jpg,2,3,False,blue,yellow,,7,7,True,冀A965NB,0.641836397510222,-7.981593125509789,True,冀,baseline,0.10611814718643753,-2.2432022094726562
fenqusai/test_photo/41_0902.jpg,2,4,False,blue,black,,7,7,True,冀A965NB,0.641836397510222,-7.981593125509789,True,冀,baseline,0.10611814718643753,-2.2432022094726562
fenqusai/test_photo/41_0902.jpg,2,5,False,blue,special_7,,7,7,True,冀A965NB,0.641836397510222,-7.981593125509789,True,冀,baseline,0.10611814718643753,-2.2432022094726562
fenqusai/test_photo/41_0902.jpg,2,6,False,blue,unknown_8,,8,8,True,冀A965NAB,0.8988705222772827,-1.9190930228314755,True,冀,baseline,0.10611814718643753,-2.2432022094726562
fenqusai/test_photo/41_0902.jpg,3,0,True,blue,blue,,7,7,True,冀AZ0068,0.885812490638234,-2.1824997592243847,True,冀,baseline,0.14616707169248236,-1.9230049848556519
fenqusai/test_photo/41_0902.jpg,3,1,False,blue,green,,8,8,True,冀AFZ0068,0.9107633282385847,-1.6824997592243847,True,冀,baseline,0.14616707169248236,-1.9230049848556519
fenqusai/test_photo/41_0902.jpg,3,2,False,blue,green,tractor_green,8,8,True,冀AFZ0068,0.9107633282385847,-1.6824997592243847,True,冀,baseline,0.14616707169248236,-1.9230049848556519
fenqusai/test_photo/41_0902.jpg,3,3,False,blue,yellow,,7,7,True,冀AZ0068,0.885812490638234,-2.1824997592243847,True,冀,baseline,0.14616707169248236,-1.9230049848556519
fenqusai/test_photo/41_0902.jpg,3,4,False,blue,black,,7,7,True,冀AZ0068,0.885812490638234,-2.1824997592243847,True,冀,baseline,0.14616707169248236,-1.9230049848556519
fenqusai/test_photo/41_0902.jpg,3,5,False,blue,special_7,,7,7,True,冀AZ0068,0.885812490638234,-2.1824997592243847,True,冀,baseline,0.14616707169248236,-1.9230049848556519
fenqusai/test_photo/41_0902.jpg,3,6,False,blue,unknown_8,,8,8,True,冀AFZ0068,0.9107633282385847,-1.6824997592243847,True,冀,baseline,0.14616707169248236,-1.9230049848556519
fenqusai/test_photo/41_0902.jpg,4,0,False,blue,blue,,7,7,True,皖A6B700,0.30389861708477867,-21.439100333337592,True,皖,baseline,0.05585550918204951,-2.8849871158599854
fenqusai/test_photo/41_0902.jpg,4,1,False,blue,green,,8,8,True,皖A6GB700,0.33784828499484565,-19.532850214128302,True,皖,baseline,0.05585550918204951,-2.8849871158599854
fenqusai/test_photo/41_0902.jpg,4,2,False,blue,green,tractor_green,8,8,True,皖A6GB700,0.33784828499484565,-19.532850214128302,True,皖,baseline,0.05585550918204951,-2.8849871158599854
fenqusai/test_photo/41_0902.jpg,4,3,False,blue,yellow,,7,7,True,皖A6B700,0.30389861708477867,-21.439100333337592,True,皖,baseline,0.05585550918204951,-2.8849871158599854
fenqusai/test_photo/41_0902.jpg,4,4,False,blue,black,,7,7,True,皖A6B700,0.30389861708477867,-21.439100333337592,True,皖,baseline,0.05585550918204951,-2.8849871158599854
fenqusai/test_photo/41_0902.jpg,4,5,True,blue,special_7,,7,7,True,皖6GB700,0.8969955671507005,-1.956678458337585,True,皖,baseline,0.05585550918204951,-2.8849871158599854
fenqusai/test_photo/41_0902.jpg,4,6,False,blue,unknown_8,,8,8,True,皖A6GB700,0.33784828499484565,-19.532850214128302,True,皖,baseline,0.05585550918204951,-2.8849871158599854
fenqusai/test_photo/41_0929.jpg,0,0,True,blue,blue,,7,7,True,皖A0TC57,0.884688566203197,-2.205352773030839,True,皖,baseline,0.07151351106245042,-2.637868881225586
fenqusai/test_photo/41_0929.jpg,0,1,False,blue,green,,8,7,False,皖A0TC57,0.884688566203197,-2.205352773030839,True,皖,baseline,0.07151351106245042,-2.637868881225586
fenqusai/test_photo/41_0929.jpg,0,2,False,blue,green,tractor_green,8,7,False,皖A0TC57,0.884688566203197,-2.205352773030839,True,皖,baseline,0.07151351106245042,-2.637868881225586
fenqusai/test_photo/41_0929.jpg,0,3,False,blue,yellow,,7,7,True,皖A0TC57,0.884688566203197,-2.205352773030839,True,皖,baseline,0.07151351106245042,-2.637868881225586
fenqusai/test_photo/41_0929.jpg,0,4,False,blue,black,,7,7,True,皖A0TC57,0.884688566203197,-2.205352773030839,True,皖,baseline,0.07151351106245042,-2.637868881225586
fenqusai/test_photo/41_0929.jpg,0,5,False,blue,special_7,,7,7,True,皖A0TC57,0.884688566203197,-2.205352773030839,True,皖,baseline,0.07151351106245042,-2.637868881225586
fenqusai/test_photo/41_0929.jpg,0,6,False,blue,unknown_8,,8,7,False,皖A0TC57,0.884688566203197,-2.205352773030839,True,皖,baseline,0.07151351106245042,-2.637868881225586
fenqusai/test_photo/41_0929.jpg,1,0,True,blue,blue,,7,7,True,蒙AK79S6,0.904089902579786,-1.8148765280104655,True,蒙,baseline,0.08974244582334637,-2.410811424255371
fenqusai/test_photo/41_0929.jpg,1,1,False,blue,green,,8,7,False,蒙AK79S6,0.904089902579786,-1.8148765280104655,True,蒙,baseline,0.08974244582334637,-2.410811424255371
fenqusai/test_photo/41_0929.jpg,1,2,False,blue,green,tractor_green,8,7,False,蒙AK79S6,0.904089902579786,-1.8148765280104655,True,蒙,baseline,0.08974244582334637,-2.410811424255371
fenqusai/test_photo/41_0929.jpg,1,3,False,blue,yellow,,7,7,True,蒙AK79S6,0.904089902579786,-1.8148765280104655,True,蒙,baseline,0.08974244582334637,-2.410811424255371
fenqusai/test_photo/41_0929.jpg,1,4,False,blue,black,,7,7,True,蒙AK79S6,0.904089902579786,-1.8148765280104655,True,蒙,baseline,0.08974244582334637,-2.410811424255371
fenqusai/test_photo/41_0929.jpg,1,5,False,blue,special_7,,7,7,True,蒙AK79S6,0.904089902579786,-1.8148765280104655,True,蒙,baseline,0.08974244582334637,-2.410811424255371
fenqusai/test_photo/41_0929.jpg,1,6,False,blue,unknown_8,,8,7,False,蒙AK79S6,0.904089902579786,-1.8148765280104655,True,蒙,baseline,0.08974244582334637,-2.410811424255371
fenqusai/test_photo/41_0929.jpg,2,0,False,unknown_7,blue,,7,7,True,川A7020U,0.8712428027398536,-2.4810224001355436,True,川,baseline,0.2554487548477784,-1.3647334575653076
fenqusai/test_photo/41_0929.jpg,2,1,True,unknown_7,green,,8,8,True,川AA7020U,0.9710982473730452,-0.5278974150367048,True,川,baseline,0.2554487548477784,-1.3647334575653076
fenqusai/test_photo/41_0929.jpg,2,2,False,unknown_7,green,tractor_green,8,8,True,川AA7020U,0.9710982473730452,-0.5278974150367048,True,川,baseline,0.2554487548477784,-1.3647334575653076
fenqusai/test_photo/41_0929.jpg,2,3,False,unknown_7,yellow,,7,7,True,川A7020U,0.8712428027398536,-2.4810224001355436,True,川,baseline,0.2554487548477784,-1.3647334575653076
fenqusai/test_photo/41_0929.jpg,2,4,False,unknown_7,black,,7,7,True,川A7020U,0.8712428027398536,-2.4810224001355436,True,川,baseline,0.2554487548477784,-1.3647334575653076
fenqusai/test_photo/41_0929.jpg,2,5,False,unknown_7,special_7,,7,7,True,川A7020U,0.8712428027398536,-2.4810224001355436,True,川,baseline,0.2554487548477784,-1.3647334575653076
fenqusai/test_photo/41_0929.jpg,2,6,False,unknown_7,unknown_8,,8,8,True,川AA7020U,0.9710982473730452,-0.5278974150367048,True,川,baseline,0.2554487548477784,-1.3647334575653076
fenqusai/test_photo/41_0953.jpg,0,0,True,blue,blue,,7,7,True,云GEY129,0.8044472843678823,-3.9167971317586705,True,云,baseline,0.019934498231292928,-3.9153034687042236
fenqusai/test_photo/41_0953.jpg,0,1,False,blue,green,,8,7,False,云GEY129,0.8044472843678823,-3.9167971317586705,True,云,baseline,0.019934498231292928,-3.9153034687042236
fenqusai/test_photo/41_0953.jpg,0,2,False,blue,green,tractor_green,8,7,False,云GEY129,0.8044472843678823,-3.9167971317586705,True,云,baseline,0.019934498231292928,-3.9153034687042236
fenqusai/test_photo/41_0953.jpg,0,3,False,blue,yellow,,7,7,True,云GEY129,0.8044472843678823,-3.9167971317586705,True,云,baseline,0.019934498231292928,-3.9153034687042236
fenqusai/test_photo/41_0953.jpg,0,4,False,blue,black,,7,7,True,云GEY129,0.8044472843678823,-3.9167971317586705,True,云,baseline,0.019934498231292928,-3.9153034687042236
fenqusai/test_photo/41_0953.jpg,0,5,False,blue,special_7,,7,7,True,云GEY129,0.8044472843678823,-3.9167971317586705,True,云,baseline,0.019934498231292928,-3.9153034687042236
fenqusai/test_photo/41_0953.jpg,0,6,False,blue,unknown_8,,8,7,False,云GEY129,0.8044472843678823,-3.9167971317586705,True,云,baseline,0.019934498231292928,-3.9153034687042236
fenqusai/test_photo/41_0953.jpg,1,0,True,blue,blue,,7,7,True,辽AM609H,0.7395635737718097,-5.430510574866716,True,辽,baseline,0.0017928677492010314,-6.323938846588135
fenqusai/test_photo/41_0953.jpg,1,1,False,blue,green,,8,8,True,辽DAM609H,0.4289564558831147,-15.235197599586613,True,辽,baseline,0.0017928677492010314,-6.323938846588135
fenqusai/test_photo/41_0953.jpg,1,2,False,blue,green,tractor_green,8,8,True,辽DAM609H,0.4289564558831147,-15.235197599586613,True,辽,baseline,0.0017928677492010314,-6.323938846588135
fenqusai/test_photo/41_0953.jpg,1,3,False,blue,yellow,,7,7,True,辽AM609H,0.7395635737718097,-5.430510574866716,True,辽,baseline,0.0017928677492010314,-6.323938846588135
fenqusai/test_photo/41_0953.jpg,1,4,False,blue,black,,7,7,True,辽AM609H,0.7395635737718097,-5.430510574866716,True,辽,baseline,0.0017928677492010314,-6.323938846588135
fenqusai/test_photo/41_0953.jpg,1,5,False,blue,special_7,,7,7,True,辽AM609H,0.7395635737718097,-5.430510574866716,True,辽,baseline,0.0017928677492010314,-6.323938846588135
fenqusai/test_photo/41_0953.jpg,1,6,False,blue,unknown_8,,8,8,True,辽DAM609H,0.4289564558831147,-15.235197599586613,True,辽,baseline,0.0017928677492010314,-6.323938846588135
fenqusai/test_photo/41_0953.jpg,2,0,True,blue,blue,,7,7,True,辽A80J21,0.863620071975738,-2.639202091162133,True,辽,baseline,0.220018201914701,-1.514045000076294
fenqusai/test_photo/41_0953.jpg,2,1,False,blue,green,,8,6,False,辽A0J21,0.8864055765885338,-2.170452091162133,True,辽,baseline,0.220018201914701,-1.514045000076294
fenqusai/test_photo/41_0953.jpg,2,2,False,blue,green,tractor_green,8,6,False,辽A0J21,0.8864055765885338,-2.170452091162133,True,辽,baseline,0.220018201914701,-1.514045000076294
fenqusai/test_photo/41_0953.jpg,2,3,False,blue,yellow,,7,7,True,辽A80J21,0.863620071975738,-2.639202091162133,True,辽,baseline,0.220018201914701,-1.514045000076294
fenqusai/test_photo/41_0953.jpg,2,4,False,blue,black,,7,7,True,辽A80J21,0.863620071975738,-2.639202091162133,True,辽,baseline,0.220018201914701,-1.514045000076294
fenqusai/test_photo/41_0953.jpg,2,5,False,blue,special_7,,7,7,True,辽480J21,0.9097922474285944,-1.701702091162133,True,辽,baseline,0.220018201914701,-1.514045000076294
fenqusai/test_photo/41_0953.jpg,2,6,False,blue,unknown_8,,8,6,False,辽A0J21,0.8864055765885338,-2.170452091162133,True,辽,baseline,0.220018201914701,-1.514045000076294
fenqusai/test_photo/41_0999.jpg,0,0,True,blue,blue,,7,7,True,云GFD112,0.9757566238176458,-0.4417575211296878,True,云,baseline,0.32791906757733225,-1.1149884462356567
fenqusai/test_photo/41_0999.jpg,0,1,False,blue,green,,8,7,False,云GFD112,0.9757566238176458,-0.4417575211296878,True,云,baseline,0.32791906757733225,-1.1149884462356567
fenqusai/test_photo/41_0999.jpg,0,2,False,blue,green,tractor_green,8,7,False,云GFD112,0.9757566238176458,-0.4417575211296878,True,云,baseline,0.32791906757733225,-1.1149884462356567
fenqusai/test_photo/41_0999.jpg,0,3,False,blue,yellow,,7,7,True,云GFD112,0.9757566238176458,-0.4417575211296878,True,云,baseline,0.32791906757733225,-1.1149884462356567
fenqusai/test_photo/41_0999.jpg,0,4,False,blue,black,,7,7,True,云GFD112,0.9757566238176458,-0.4417575211296878,True,云,baseline,0.32791906757733225,-1.1149884462356567
fenqusai/test_photo/41_0999.jpg,0,5,False,blue,special_7,,7,7,True,云GFD112,0.9757566238176458,-0.4417575211296878,True,云,baseline,0.32791906757733225,-1.1149884462356567
fenqusai/test_photo/41_0999.jpg,0,6,False,blue,unknown_8,,8,7,False,云GFD112,0.9757566238176458,-0.4417575211296878,True,云,baseline,0.32791906757733225,-1.1149884462356567
fenqusai/test_photo/41_0999.jpg,1,0,True,blue,blue,,7,7,True,皖A2S8Y5,0.8731997682938102,-2.4406365538678756,True,皖,baseline,0.052348926067090115,-2.9498238563537598
fenqusai/test_photo/41_0999.jpg,1,1,False,blue,green,,8,8,True,皖LA2S8Y5,0.7362659800224404,-5.51094911347252,True,皖,baseline,0.052348926067090115,-2.9498238563537598
fenqusai/test_photo/41_0999.jpg,1,2,False,blue,green,tractor_green,8,8,True,皖LA2S8Y5,0.7362659800224404,-5.51094911347252,True,皖,baseline,0.052348926067090115,-2.9498238563537598
fenqusai/test_photo/41_0999.jpg,1,3,False,blue,yellow,,7,7,True,皖A2S8Y5,0.8731997682938102,-2.4406365538678756,True,皖,baseline,0.052348926067090115,-2.9498238563537598
fenqusai/test_photo/41_0999.jpg,1,4,False,blue,black,,7,7,True,皖A2S8Y5,0.8731997682938102,-2.4406365538678756,True,皖,baseline,0.052348926067090115,-2.9498238563537598
fenqusai/test_photo/41_0999.jpg,1,5,False,blue,special_7,,7,7,True,皖A2S8Y5,0.8731997682938102,-2.4406365538678756,True,皖,baseline,0.052348926067090115,-2.9498238563537598
fenqusai/test_photo/41_0999.jpg,1,6,False,blue,unknown_8,,8,8,True,皖LA2S8Y5,0.7362659800224404,-5.51094911347252,True,皖,baseline,0.052348926067090115,-2.9498238563537598
fenqusai/test_photo/41_0999.jpg,2,0,True,blue,blue,,7,6,False,辽ARP63,0.926345239717048,-1.3771491255244541,True,辽,baseline,0.20811162371206968,-1.5696806907653809
fenqusai/test_photo/41_0999.jpg,2,1,False,blue,green,,8,6,False,辽ARP63,0.926345239717048,-1.3771491255244541,True,辽,baseline,0.20811162371206968,-1.5696806907653809
fenqusai/test_photo/41_0999.jpg,2,2,False,blue,green,tractor_green,8,6,False,辽ARP63,0.926345239717048,-1.3771491255244541,True,辽,baseline,0.20811162371206968,-1.5696806907653809
fenqusai/test_photo/41_0999.jpg,2,3,False,blue,yellow,,7,6,False,辽ARP63,0.926345239717048,-1.3771491255244541,True,辽,baseline,0.20811162371206968,-1.5696806907653809
fenqusai/test_photo/41_0999.jpg,2,4,False,blue,black,,7,6,False,辽ARP63,0.926345239717048,-1.3771491255244541,True,辽,baseline,0.20811162371206968,-1.5696806907653809
fenqusai/test_photo/41_0999.jpg,2,5,False,blue,special_7,,7,6,False,辽ARP63,0.926345239717048,-1.3771491255244541,True,辽,baseline,0.20811162371206968,-1.5696806907653809
fenqusai/test_photo/41_0999.jpg,2,6,False,blue,unknown_8,,8,6,False,辽ARP63,0.926345239717048,-1.3771491255244541,True,辽,baseline,0.20811162371206968,-1.5696806907653809
fenqusai/test_photo/42.jpg,0,0,True,blue,blue,,7,7,True,皖H00351,0.9704562930957995,-0.5398004310691178,True,皖,baseline,0.1945639763676732,-1.6369942426681519
fenqusai/test_photo/42.jpg,0,1,False,blue,green,,8,7,False,皖H00351,0.9704562930957995,-0.5398004310691178,True,皖,baseline,0.1945639763676732,-1.6369942426681519
fenqusai/test_photo/42.jpg,0,2,False,blue,green,tractor_green,8,7,False,皖H00351,0.9704562930957995,-0.5398004310691178,True,皖,baseline,0.1945639763676732,-1.6369942426681519
fenqusai/test_photo/42.jpg,0,3,False,blue,yellow,,7,7,True,皖H00351,0.9704562930957995,-0.5398004310691178,True,皖,baseline,0.1945639763676732,-1.6369942426681519
fenqusai/test_photo/42.jpg,0,4,False,blue,black,,7,7,True,皖H00351,0.9704562930957995,-0.5398004310691178,True,皖,baseline,0.1945639763676732,-1.6369942426681519
fenqusai/test_photo/42.jpg,0,5,False,blue,special_7,,7,7,True,皖H00351,0.9704562930957995,-0.5398004310691178,True,皖,baseline,0.1945639763676732,-1.6369942426681519
fenqusai/test_photo/42.jpg,0,6,False,blue,unknown_8,,8,7,False,皖H00351,0.9704562930957995,-0.5398004310691178,True,皖,baseline,0.1945639763676732,-1.6369942426681519
fenqusai/test_photo/44.jpg,0,0,True,blue,blue,,7,7,True,苏CFM951,0.913541863643976,-1.6276693764657324,True,苏,baseline,0.07794252665038397,-2.551783561706543
fenqusai/test_photo/44.jpg,0,1,False,blue,green,,8,7,False,苏CFM951,0.913541863643976,-1.6276693764657324,True,苏,baseline,0.07794252665038397,-2.551783561706543
fenqusai/test_photo/44.jpg,0,2,False,blue,green,tractor_green,8,7,False,苏CFM951,0.913541863643976,-1.6276693764657324,True,苏,baseline,0.07794252665038397,-2.551783561706543
fenqusai/test_photo/44.jpg,0,3,False,blue,yellow,,7,7,True,苏CFM951,0.913541863643976,-1.6276693764657324,True,苏,baseline,0.07794252665038397,-2.551783561706543
fenqusai/test_photo/44.jpg,0,4,False,blue,black,,7,7,True,苏CFM951,0.913541863643976,-1.6276693764657324,True,苏,baseline,0.07794252665038397,-2.551783561706543
fenqusai/test_photo/44.jpg,0,5,False,blue,special_7,,7,7,True,苏CFM951,0.913541863643976,-1.6276693764657324,True,苏,baseline,0.07794252665038397,-2.551783561706543
fenqusai/test_photo/44.jpg,0,6,False,blue,unknown_8,,8,7,False,苏CFM951,0.913541863643976,-1.6276693764657324,True,苏,baseline,0.07794252665038397,-2.551783561706543
fenqusai/test_photo/46.jpg,0,0,True,blue,blue,,7,6,False,川AQ621,0.8986057910586585,-1.9243950809830466,True,川,baseline,0.10884502677667998,-2.217830181121826
fenqusai/test_photo/46.jpg,0,1,False,blue,green,,8,6,False,川AQ621,0.8986057910586585,-1.9243950809830466,True,川,baseline,0.10884502677667998,-2.217830181121826
fenqusai/test_photo/46.jpg,0,2,False,blue,green,tractor_green,8,6,False,川AQ621,0.8986057910586585,-1.9243950809830466,True,川,baseline,0.10884502677667998,-2.217830181121826
fenqusai/test_photo/46.jpg,0,3,False,blue,yellow,,7,6,False,川AQ621,0.8986057910586585,-1.9243950809830466,True,川,baseline,0.10884502677667998,-2.217830181121826
fenqusai/test_photo/46.jpg,0,4,False,blue,black,,7,6,False,川AQ621,0.8986057910586585,-1.9243950809830466,True,川,baseline,0.10884502677667998,-2.217830181121826
fenqusai/test_photo/46.jpg,0,5,False,blue,special_7,,7,6,False,川AQ621,0.8986057910586585,-1.9243950809830466,True,川,baseline,0.10884502677667998,-2.217830181121826
fenqusai/test_photo/46.jpg,0,6,False,blue,unknown_8,,8,6,False,川AQ621,0.8986057910586585,-1.9243950809830466,True,川,baseline,0.10884502677667998,-2.217830181121826
fenqusai/test_photo/47.jpg,0,0,True,blue,blue,,7,7,True,川W98888,0.8662132870637103,-2.5852339949791983,True,川,baseline,0.3322402649955433,-1.10189688205719
fenqusai/test_photo/47.jpg,0,1,False,blue,green,,8,8,True,川WK98888,0.9513491791565688,-0.8977340396826818,True,川,baseline,0.3322402649955433,-1.10189688205719
fenqusai/test_photo/47.jpg,0,2,False,blue,green,tractor_green,8,8,True,川WK98888,0.9513491791565688,-0.8977340396826818,True,川,baseline,0.3322402649955433,-1.10189688205719
fenqusai/test_photo/47.jpg,0,3,False,blue,yellow,,7,7,True,川W98888,0.8662132870637103,-2.5852339949791983,True,川,baseline,0.3322402649955433,-1.10189688205719
fenqusai/test_photo/47.jpg,0,4,False,blue,black,,7,7,True,川W98888,0.8662132870637103,-2.5852339949791983,True,川,baseline,0.3322402649955433,-1.10189688205719
fenqusai/test_photo/47.jpg,0,5,False,blue,special_7,,7,7,True,川W98888,0.8662132870637103,-2.5852339949791983,True,川,baseline,0.3322402649955433,-1.10189688205719
fenqusai/test_photo/47.jpg,0,6,False,blue,unknown_8,,8,8,True,川WK98888,0.9513491791565688,-0.8977340396826818,True,川,baseline,0.3322402649955433,-1.10189688205719
fenqusai/test_photo/48.jpg,0,0,True,blue,blue,,7,7,True,川A9412B,0.8987694486326534,-1.9211171496140196,True,川,baseline,0.10024692133049613,-2.300118923187256
fenqusai/test_photo/48.jpg,0,1,False,blue,green,,8,7,False,川A9412B,0.8987694486326534,-1.9211171496140196,True,川,baseline,0.10024692133049613,-2.300118923187256
fenqusai/test_photo/48.jpg,0,2,False,blue,green,tractor_green,8,7,False,川A9412B,0.8987694486326534,-1.9211171496140196,True,川,baseline,0.10024692133049613,-2.300118923187256
fenqusai/test_photo/48.jpg,0,3,False,blue,yellow,,7,7,True,川A9412B,0.8987694486326534,-1.9211171496140196,True,川,baseline,0.10024692133049613,-2.300118923187256
fenqusai/test_photo/48.jpg,0,4,False,blue,black,,7,7,True,川A9412B,0.8987694486326534,-1.9211171496140196,True,川,baseline,0.10024692133049613,-2.300118923187256
fenqusai/test_photo/48.jpg,0,5,False,blue,special_7,,7,7,True,川A9412B,0.8987694486326534,-1.9211171496140196,True,川,baseline,0.10024692133049613,-2.300118923187256
fenqusai/test_photo/48.jpg,0,6,False,blue,unknown_8,,8,7,False,川A9412B,0.8987694486326534,-1.9211171496140196,True,川,baseline,0.10024692133049613,-2.300118923187256
fenqusai/test_photo/48_0073.jpg,0,0,True,blue,blue,,7,7,True,黑E69T3V,0.9973466430495176,-0.047823900142788034,True,黑,baseline,0.32938594480615546,-1.110525131225586
fenqusai/test_photo/48_0073.jpg,0,1,False,blue,green,,8,8,True,黑BE69T3V,0.5469754560559017,-10.860324257983478,True,黑,baseline,0.32938594480615546,-1.110525131225586
fenqusai/test_photo/48_0073.jpg,0,2,False,blue,green,tractor_green,8,8,True,黑BE69T3V,0.5469754560559017,-10.860324257983478,True,黑,baseline,0.32938594480615546,-1.110525131225586
fenqusai/test_photo/48_0073.jpg,0,3,False,blue,yellow,,7,7,True,黑E69T3V,0.9973466430495176,-0.047823900142788034,True,黑,baseline,0.32938594480615546,-1.110525131225586
fenqusai/test_photo/48_0073.jpg,0,4,False,blue,black,,7,7,True,黑E69T3V,0.9973466430495176,-0.047823900142788034,True,黑,baseline,0.32938594480615546,-1.110525131225586
fenqusai/test_photo/48_0073.jpg,0,5,False,blue,special_7,,7,7,True,黑E69T3V,0.9973466430495176,-0.047823900142788034,True,黑,baseline,0.32938594480615546,-1.110525131225586
fenqusai/test_photo/48_0073.jpg,0,6,False,blue,unknown_8,,8,8,True,黑BE69T3V,0.5469754560559017,-10.860324257983478,True,黑,baseline,0.32938594480615546,-1.110525131225586
fenqusai/test_photo/48_0073.jpg,1,0,True,blue,blue,,7,7,True,川A94BC2,0.9418207483991008,-1.0789255950581946,True,川,baseline,0.11334931980751266,-2.177280902862549
fenqusai/test_photo/48_0073.jpg,1,1,False,blue,green,,8,7,False,川A94BC2,0.9418207483991008,-1.0789255950581946,True,川,baseline,0.11334931980751266,-2.177280902862549
fenqusai/test_photo/48_0073.jpg,1,2,False,blue,green,tractor_green,8,7,False,川A94BC2,0.9418207483991008,-1.0789255950581946,True,川,baseline,0.11334931980751266,-2.177280902862549
fenqusai/test_photo/48_0073.jpg,1,3,False,blue,yellow,,7,7,True,川A94BC2,0.9418207483991008,-1.0789255950581946,True,川,baseline,0.11334931980751266,-2.177280902862549
fenqusai/test_photo/48_0073.jpg,1,4,False,blue,black,,7,7,True,川A94BC2,0.9418207483991008,-1.0789255950581946,True,川,baseline,0.11334931980751266,-2.177280902862549
fenqusai/test_photo/48_0073.jpg,1,5,False,blue,special_7,,7,7,True,川A94BC2,0.9418207483991008,-1.0789255950581946,True,川,baseline,0.11334931980751266,-2.177280902862549
fenqusai/test_photo/48_0073.jpg,1,6,False,blue,unknown_8,,8,7,False,川A94BC2,0.9418207483991008,-1.0789255950581946,True,川,baseline,0.11334931980751266,-2.177280902862549
fenqusai/test_photo/48_0193.jpg,0,0,True,blue,blue,,7,7,True,晋E65LP3,0.9166459926526699,-1.5666107528479998,True,晋,baseline,0.10130017608091697,-2.2896671295166016
fenqusai/test_photo/48_0193.jpg,0,1,False,blue,green,,8,7,False,晋E65LP3,0.9166459926526699,-1.5666107528479998,True,晋,baseline,0.10130017608091697,-2.2896671295166016
fenqusai/test_photo/48_0193.jpg,0,2,False,blue,green,tractor_green,8,7,False,晋E65LP3,0.9166459926526699,-1.5666107528479998,True,晋,baseline,0.10130017608091697,-2.2896671295166016
fenqusai/test_photo/48_0193.jpg,0,3,False,blue,yellow,,7,7,True,晋E65LP3,0.9166459926526699,-1.5666107528479998,True,晋,baseline,0.10130017608091697,-2.2896671295166016
fenqusai/test_photo/48_0193.jpg,0,4,False,blue,black,,7,7,True,晋E65LP3,0.9166459926526699,-1.5666107528479998,True,晋,baseline,0.10130017608091697,-2.2896671295166016
fenqusai/test_photo/48_0193.jpg,0,5,False,blue,special_7,,7,7,True,晋E65LP3,0.9166459926526699,-1.5666107528479998,True,晋,baseline,0.10130017608091697,-2.2896671295166016
fenqusai/test_photo/48_0193.jpg,0,6,False,blue,unknown_8,,8,7,False,晋E65LP3,0.9166459926526699,-1.5666107528479998,True,晋,baseline,0.10130017608091697,-2.2896671295166016
fenqusai/test_photo/48_0193.jpg,1,0,True,blue,blue,,7,7,True,黑A152RK,0.9952305338683423,-0.08605577394134656,True,黑,baseline,0.3140813196505155,-1.158103346824646
fenqusai/test_photo/48_0193.jpg,1,1,False,blue,green,,8,7,False,黑A152RK,0.9952305338683423,-0.08605577394134656,True,黑,baseline,0.3140813196505155,-1.158103346824646
fenqusai/test_photo/48_0193.jpg,1,2,False,blue,green,tractor_green,8,7,False,黑A152RK,0.9952305338683423,-0.08605577394134656,True,黑,baseline,0.3140813196505155,-1.158103346824646
fenqusai/test_photo/48_0193.jpg,1,3,False,blue,yellow,,7,7,True,黑A152RK,0.9952305338683423,-0.08605577394134656,True,黑,baseline,0.3140813196505155,-1.158103346824646
fenqusai/test_photo/48_0193.jpg,1,4,False,blue,black,,7,7,True,黑A152RK,0.9952305338683423,-0.08605577394134656,True,黑,baseline,0.3140813196505155,-1.158103346824646
fenqusai/test_photo/48_0193.jpg,1,5,False,blue,special_7,,7,7,True,黑A152RK,0.9952305338683423,-0.08605577394134656,True,黑,baseline,0.3140813196505155,-1.158103346824646
fenqusai/test_photo/48_0193.jpg,1,6,False,blue,unknown_8,,8,7,False,黑A152RK,0.9952305338683423,-0.08605577394134656,True,黑,baseline,0.3140813196505155,-1.158103346824646
fenqusai/test_photo/48_0193.jpg,2,0,True,blue,blue,,7,7,True,辽A0U58C,0.9681858658138194,-0.581961599980275,True,辽,baseline,0.2058114519224298,-1.5807948112487793
fenqusai/test_photo/48_0193.jpg,2,1,False,blue,green,,8,7,False,辽A0U58C,0.9681858658138194,-0.581961599980275,True,辽,baseline,0.2058114519224298,-1.5807948112487793
fenqusai/test_photo/48_0193.jpg,2,2,False,blue,green,tractor_green,8,7,False,辽A0U58C,0.9681858658138194,-0.581961599980275,True,辽,baseline,0.2058114519224298,-1.5807948112487793
fenqusai/test_photo/48_0193.jpg,2,3,False,blue,yellow,,7,7,True,辽A0U58C,0.9681858658138194,-0.581961599980275,True,辽,baseline,0.2058114519224298,-1.5807948112487793
fenqusai/test_photo/48_0193.jpg,2,4,False,blue,black,,7,7,True,辽A0U58C,0.9681858658138194,-0.581961599980275,True,辽,baseline,0.2058114519224298,-1.5807948112487793
fenqusai/test_photo/48_0193.jpg,2,5,False,blue,special_7,,7,7,True,辽A0U58C,0.9681858658138194,-0.581961599980275,True,辽,baseline,0.2058114519224298,-1.5807948112487793
fenqusai/test_photo/48_0193.jpg,2,6,False,blue,unknown_8,,8,7,False,辽A0U58C,0.9681858658138194,-0.581961599980275,True,辽,baseline,0.2058114519224298,-1.5807948112487793
fenqusai/test_photo/48_0283.jpg,0,0,True,blue,blue,,7,7,True,蒙AH6T16,0.9864681524167878,-0.24523627409683968,True,蒙,baseline,0.26213645880274555,-1.3388900756835938
fenqusai/test_photo/48_0283.jpg,0,1,False,blue,green,,8,8,True,蒙UAH6T16,0.6815293973538243,-6.901486065480583,True,蒙,baseline,0.26213645880274555,-1.3388900756835938
fenqusai/test_photo/48_0283.jpg,0,2,False,blue,green,tractor_green,8,8,True,蒙UAH6T16,0.6815293973538243,-6.901486065480583,True,蒙,baseline,0.26213645880274555,-1.3388900756835938
fenqusai/test_photo/48_0283.jpg,0,3,False,blue,yellow,,7,7,True,蒙AH6T16,0.9864681524167878,-0.24523627409683968,True,蒙,baseline,0.26213645880274555,-1.3388900756835938
fenqusai/test_photo/48_0283.jpg,0,4,False,blue,black,,7,7,True,蒙AH6T16,0.9864681524167878,-0.24523627409683968,True,蒙,baseline,0.26213645880274555,-1.3388900756835938
fenqusai/test_photo/48_0283.jpg,0,5,False,blue,special_7,,7,7,True,蒙AH6T16,0.9864681524167878,-0.24523627409683968,True,蒙,baseline,0.26213645880274555,-1.3388900756835938
fenqusai/test_photo/48_0283.jpg,0,6,False,blue,unknown_8,,8,8,True,蒙UAH6T16,0.6815293973538243,-6.901486065480583,True,蒙,baseline,0.26213645880274555,-1.3388900756835938
fenqusai/test_photo/48_0283.jpg,1,0,True,blue,blue,,7,7,True,蒙BJS012,0.955857737107114,-0.8126313761076744,True,蒙,baseline,0.17704902513328377,-1.7313286066055298
fenqusai/test_photo/48_0283.jpg,1,1,False,blue,green,,8,7,False,蒙BJS012,0.955857737107114,-0.8126313761076744,True,蒙,baseline,0.17704902513328377,-1.7313286066055298
fenqusai/test_photo/48_0283.jpg,1,2,False,blue,green,tractor_green,8,7,False,蒙BJS012,0.955857737107114,-0.8126313761076744,True,蒙,baseline,0.17704902513328377,-1.7313286066055298
fenqusai/test_photo/48_0283.jpg,1,3,False,blue,yellow,,7,7,True,蒙BJS012,0.955857737107114,-0.8126313761076744,True,蒙,baseline,0.17704902513328377,-1.7313286066055298
fenqusai/test_photo/48_0283.jpg,1,4,False,blue,black,,7,7,True,蒙BJS012,0.955857737107114,-0.8126313761076744,True,蒙,baseline,0.17704902513328377,-1.7313286066055298
fenqusai/test_photo/48_0283.jpg,1,5,False,blue,special_7,,7,7,True,蒙BJS012,0.955857737107114,-0.8126313761076744,True,蒙,baseline,0.17704902513328377,-1.7313286066055298
fenqusai/test_photo/48_0283.jpg,1,6,False,blue,unknown_8,,8,7,False,蒙BJS012,0.955857737107114,-0.8126313761076744,True,蒙,baseline,0.17704902513328377,-1.7313286066055298
fenqusai/test_photo/48_0283.jpg,2,0,True,blue,blue,,7,7,True,川A82MDD,0.9195121953619472,-1.510415495808104,True,川,baseline,0.09336210884812936,-2.371269702911377
fenqusai/test_photo/48_0283.jpg,2,1,False,blue,green,,8,8,True,川AA82MDD,0.7830942304734136,-4.401040406401137,True,川,baseline,0.09336210884812936,-2.371269702911377
fenqusai/test_photo/48_0283.jpg,2,2,False,blue,green,tractor_green,8,8,True,川AA82MDD,0.7830942304734136,-4.401040406401137,True,川,baseline,0.09336210884812936,-2.371269702911377
fenqusai/test_photo/48_0283.jpg,2,3,False,blue,yellow,,7,7,True,川A82MDD,0.9195121953619472,-1.510415495808104,True,川,baseline,0.09336210884812936,-2.371269702911377
fenqusai/test_photo/48_0283.jpg,2,4,False,blue,black,,7,7,True,川A82MDD,0.9195121953619472,-1.510415495808104,True,川,baseline,0.09336210884812936,-2.371269702911377
fenqusai/test_photo/48_0283.jpg,2,5,False,blue,special_7,,7,7,True,川A82MDD,0.9195121953619472,-1.510415495808104,True,川,baseline,0.09336210884812936,-2.371269702911377
fenqusai/test_photo/48_0283.jpg,2,6,False,blue,unknown_8,,8,8,True,川AA82MDD,0.7830942304734136,-4.401040406401137,True,川,baseline,0.09336210884812936,-2.371269702911377
fenqusai/test_photo/49.jpg,0,0,True,blue,blue,,7,7,True,鄂B44444,0.8875486795719011,-2.1472543604686365,True,鄂,baseline,0.17535559790270308,-1.7409393787384033
fenqusai/test_photo/49.jpg,0,1,False,blue,green,,8,6,False,鄂B4444,0.9415158139776929,-1.0847544200732813,True,鄂,baseline,0.17535559790270308,-1.7409393787384033
fenqusai/test_photo/49.jpg,0,2,False,blue,green,tractor_green,8,6,False,鄂B4444,0.9415158139776929,-1.0847544200732813,True,鄂,baseline,0.17535559790270308,-1.7409393787384033
fenqusai/test_photo/49.jpg,0,3,False,blue,yellow,,7,7,True,鄂B44444,0.8875486795719011,-2.1472543604686365,True,鄂,baseline,0.17535559790270308,-1.7409393787384033
fenqusai/test_photo/49.jpg,0,4,False,blue,black,,7,7,True,鄂B44444,0.8875486795719011,-2.1472543604686365,True,鄂,baseline,0.17535559790270308,-1.7409393787384033
fenqusai/test_photo/49.jpg,0,5,False,blue,special_7,,7,7,True,鄂B44444,0.8875486795719011,-2.1472543604686365,True,鄂,baseline,0.17535559790270308,-1.7409393787384033
fenqusai/test_photo/49.jpg,0,6,False,blue,unknown_8,,8,6,False,鄂B4444,0.9415158139776929,-1.0847544200732813,True,鄂,baseline,0.17535559790270308,-1.7409393787384033
fenqusai/test_photo/55.jpg,0,0,False,green,green,,8,6,False,甘TEY4Q,0.027148354152358965,-64.91589938962122,True,甘,baseline,0.17301056145383095,-1.7544026374816895
fenqusai/test_photo/55.jpg,0,1,False,green,green,tractor_green,8,6,False,甘T学Y4Q,0.943812510927729,-1.0408993896212166,True,甘,baseline,0.17301056145383095,-1.7544026374816895
fenqusai/test_photo/55.jpg,0,2,False,green,blue,,7,7,True,甘TEY4QZ,0.022821551229898526,-68.0408992815878,True,甘,baseline,0.17301056145383095,-1.7544026374816895
fenqusai/test_photo/55.jpg,0,3,True,green,yellow,,7,7,True,甘TE学Y4Q,0.886629801612295,-2.1658993896212166,True,甘,baseline,0.17301056145383095,-1.7544026374816895
fenqusai/test_photo/55.jpg,0,4,False,green,black,,7,7,True,甘TE学Y4Q,0.886629801612295,-2.1658993896212166,True,甘,baseline,0.17301056145383095,-1.7544026374816895
fenqusai/test_photo/55.jpg,0,5,False,green,special_7,,7,7,True,甘TE学Y4Q,0.886629801612295,-2.1658993896212166,True,甘,baseline,0.17301056145383095,-1.7544026374816895
fenqusai/test_photo/55.jpg,0,6,False,green,unknown_8,,8,6,False,甘TEY4Q,0.027148354152358965,-64.91589938962122,True,甘,baseline,0.17301056145383095,-1.7544026374816895
fenqusai/test_photo/58.jpg,0,0,True,blue,blue,,7,7,True,渝E22602,0.946470653689307,-0.9902756501287158,True,渝,baseline,0.21244408854864766,-1.5490764379501343
fenqusai/test_photo/58.jpg,0,1,False,blue,green,,8,7,False,渝E22602,0.946470653689307,-0.9902756501287158,True,渝,baseline,0.21244408854864766,-1.5490764379501343
fenqusai/test_photo/58.jpg,0,2,False,blue,green,tractor_green,8,7,False,渝E22602,0.946470653689307,-0.9902756501287158,True,渝,baseline,0.21244408854864766,-1.5490764379501343
fenqusai/test_photo/58.jpg,0,3,False,blue,yellow,,7,7,True,渝E22602,0.946470653689307,-0.9902756501287158,True,渝,baseline,0.21244408854864766,-1.5490764379501343
fenqusai/test_photo/58.jpg,0,4,False,blue,black,,7,7,True,渝E22602,0.946470653689307,-0.9902756501287158,True,渝,baseline,0.21244408854864766,-1.5490764379501343
fenqusai/test_photo/58.jpg,0,5,False,blue,special_7,,7,7,True,渝E22602,0.946470653689307,-0.9902756501287158,True,渝,baseline,0.21244408854864766,-1.5490764379501343
fenqusai/test_photo/58.jpg,0,6,False,blue,unknown_8,,8,7,False,渝E22602,0.946470653689307,-0.9902756501287158,True,渝,baseline,0.21244408854864766,-1.5490764379501343
fenqusai/test_photo/64_0236.jpg,0,0,True,blue,blue,,7,7,True,冀A1QT20,0.975264773602298,-0.45083307927120586,True,冀,baseline,0.215845862140501,-1.5331907272338867
fenqusai/test_photo/64_0236.jpg,0,1,False,blue,green,,8,7,False,冀A1QT20,0.975264773602298,-0.45083307927120586,True,冀,baseline,0.215845862140501,-1.5331907272338867
fenqusai/test_photo/64_0236.jpg,0,2,False,blue,green,tractor_green,8,7,False,冀A1QT20,0.975264773602298,-0.45083307927120586,True,冀,baseline,0.215845862140501,-1.5331907272338867
fenqusai/test_photo/64_0236.jpg,0,3,False,blue,yellow,,7,7,True,冀A1QT20,0.975264773602298,-0.45083307927120586,True,冀,baseline,0.215845862140501,-1.5331907272338867
fenqusai/test_photo/64_0236.jpg,0,4,False,blue,black,,7,7,True,冀A1QT20,0.975264773602298,-0.45083307927120586,True,冀,baseline,0.215845862140501,-1.5331907272338867
fenqusai/test_photo/64_0236.jpg,0,5,False,blue,special_7,,7,7,True,冀A1QT20,0.975264773602298,-0.45083307927120586,True,冀,baseline,0.215845862140501,-1.5331907272338867
fenqusai/test_photo/64_0236.jpg,0,6,False,blue,unknown_8,,8,7,False,冀A1QT20,0.975264773602298,-0.45083307927120586,True,冀,baseline,0.215845862140501,-1.5331907272338867
fenqusai/test_photo/64_0236.jpg,1,0,True,yellow,yellow,,7,7,True,鲁E63893,0.9650688596032251,-0.6400048155688864,True,鲁,baseline,0.21784724203856876,-1.5239611864089966
fenqusai/test_photo/64_0236.jpg,1,1,False,yellow,blue,,7,7,True,鲁E63893,0.9650688596032251,-0.6400048155688864,True,鲁,baseline,0.21784724203856876,-1.5239611864089966
fenqusai/test_photo/64_0236.jpg,1,2,False,yellow,green,,8,8,True,鲁AE63893,0.7979893754856446,-4.061879919877015,True,鲁,baseline,0.21784724203856876,-1.5239611864089966
fenqusai/test_photo/64_0236.jpg,1,3,False,yellow,green,tractor_green,8,8,True,鲁AE63893,0.7979893754856446,-4.061879919877015,True,鲁,baseline,0.21784724203856876,-1.5239611864089966
fenqusai/test_photo/64_0236.jpg,1,4,False,yellow,black,,7,7,True,鲁E63893,0.9650688596032251,-0.6400048155688864,True,鲁,baseline,0.21784724203856876,-1.5239611864089966
fenqusai/test_photo/64_0236.jpg,1,5,False,yellow,special_7,,7,7,True,鲁E63893,0.9650688596032251,-0.6400048155688864,True,鲁,baseline,0.21784724203856876,-1.5239611864089966
fenqusai/test_photo/64_0236.jpg,1,6,False,yellow,unknown_8,,8,8,True,鲁AE63893,0.7979893754856446,-4.061879919877015,True,鲁,baseline,0.21784724203856876,-1.5239611864089966
fenqusai/test_photo/64_0236.jpg,2,0,True,blue,blue,,7,7,True,皖J8W671,0.8590477217710573,-2.7347544631920755,True,皖,baseline,0.05478720794544423,-2.9042985439300537
fenqusai/test_photo/64_0236.jpg,2,1,False,blue,green,,8,7,False,皖J8W671,0.8590477217710573,-2.7347544631920755,True,皖,baseline,0.05478720794544423,-2.9042985439300537
fenqusai/test_photo/64_0236.jpg,2,2,False,blue,green,tractor_green,8,7,False,皖J8W671,0.8590477217710573,-2.7347544631920755,True,皖,baseline,0.05478720794544423,-2.9042985439300537
fenqusai/test_photo/64_0236.jpg,2,3,False,blue,yellow,,7,7,True,皖J8W671,0.8590477217710573,-2.7347544631920755,True,皖,baseline,0.05478720794544423,-2.9042985439300537
fenqusai/test_photo/64_0236.jpg,2,4,False,blue,black,,7,7,True,皖J8W671,0.8590477217710573,-2.7347544631920755,True,皖,baseline,0.05478720794544423,-2.9042985439300537
fenqusai/test_photo/64_0236.jpg,2,5,False,blue,special_7,,7,7,True,皖J8W671,0.8590477217710573,-2.7347544631920755,True,皖,baseline,0.05478720794544423,-2.9042985439300537
fenqusai/test_photo/64_0236.jpg,2,6,False,blue,unknown_8,,8,7,False,皖J8W671,0.8590477217710573,-2.7347544631920755,True,皖,baseline,0.05478720794544423,-2.9042985439300537
fenqusai/test_photo/64_0833.jpg,0,0,False,yellow,yellow,,7,7,True,宁M81210,0.5539405816167148,-10.63256132495416,True,宁,1,0.13206519187813914,-3.2743148803710938
fenqusai/test_photo/64_0833.jpg,0,1,False,yellow,blue,,7,7,True,宁M81210,0.5539405816167148,-10.63256132495416,True,宁,1,0.13206519187813914,-3.2743148803710938
fenqusai/test_photo/64_0833.jpg,0,2,False,yellow,green,,8,8,True,吉M819210,0.7879920424788318,-4.2888111759425485,True,吉,baseline,0.13206519187813914,-2.0244596004486084
fenqusai/test_photo/64_0833.jpg,0,3,False,yellow,green,tractor_green,8,8,True,吉M819210,0.7879920424788318,-4.2888111759425485,True,吉,baseline,0.13206519187813914,-2.0244596004486084
fenqusai/test_photo/64_0833.jpg,0,4,False,yellow,black,,7,7,True,宁M81210,0.5539405816167148,-10.63256132495416,True,宁,1,0.13206519187813914,-3.2743148803710938
fenqusai/test_photo/64_0833.jpg,0,5,True,yellow,special_7,,7,7,True,吉819210,0.9390185314085314,-1.1325611647666776,True,吉,baseline,0.13206519187813914,-2.0244596004486084
fenqusai/test_photo/64_0833.jpg,0,6,False,yellow,unknown_8,,8,8,True,吉M819210,0.7879920424788318,-4.2888111759425485,True,吉,baseline,0.13206519187813914,-2.0244596004486084
fenqusai/test_photo/64_0833.jpg,1,0,True,blue,blue,,7,7,True,川A6P2V8,0.9758961637575918,-0.4391835807861,True,川,baseline,0.21550709881736693,-1.5347614288330078
fenqusai/test_photo/64_0833.jpg,1,1,False,blue,green,,8,7,False,川A6P2V8,0.9758961637575918,-0.4391835807861,True,川,baseline,0.21550709881736693,-1.5347614288330078
fenqusai/test_photo/64_0833.jpg,1,2,False,blue,green,tractor_green,8,7,False,川A6P2V8,0.9758961637575918,-0.4391835807861,True,川,baseline,0.21550709881736693,-1.5347614288330078
fenqusai/test_photo/64_0833.jpg,1,3,False,blue,yellow,,7,7,True,川A6P2V8,0.9758961637575918,-0.4391835807861,True,川,baseline,0.21550709881736693,-1.5347614288330078
fenqusai/test_photo/64_0833.jpg,1,4,False,blue,black,,7,7,True,川A6P2V8,0.9758961637575918,-0.4391835807861,True,川,baseline,0.21550709881736693,-1.5347614288330078
fenqusai/test_photo/64_0833.jpg,1,5,False,blue,special_7,,7,7,True,川A6P2V8,0.9758961637575918,-0.4391835807861,True,川,baseline,0.21550709881736693,-1.5347614288330078
fenqusai/test_photo/64_0833.jpg,1,6,False,blue,unknown_8,,8,7,False,川A6P2V8,0.9758961637575918,-0.4391835807861,True,川,baseline,0.21550709881736693,-1.5347614288330078
fenqusai/test_photo/64_0833.jpg,2,0,True,blue,blue,,7,7,True,蒙A09Y3B,0.9250420447333393,-1.4024895972647542,True,蒙,baseline,0.18542224876830754,-1.68511962890625
fenqusai/test_photo/64_0833.jpg,2,1,False,blue,green,,8,7,False,蒙A09Y3B,0.9250420447333393,-1.4024895972647542,True,蒙,baseline,0.18542224876830754,-1.68511962890625
fenqusai/test_photo/64_0833.jpg,2,2,False,blue,green,tractor_green,8,7,False,蒙A09Y3B,0.9250420447333393,-1.4024895972647542,True,蒙,baseline,0.18542224876830754,-1.68511962890625
fenqusai/test_photo/64_0833.jpg,2,3,False,blue,yellow,,7,7,True,蒙A09Y3B,0.9250420447333393,-1.4024895972647542,True,蒙,baseline,0.18542224876830754,-1.68511962890625
fenqusai/test_photo/64_0833.jpg,2,4,False,blue,black,,7,7,True,蒙A09Y3B,0.9250420447333393,-1.4024895972647542,True,蒙,baseline,0.18542224876830754,-1.68511962890625
fenqusai/test_photo/64_0833.jpg,2,5,False,blue,special_7,,7,7,True,蒙A09Y3B,0.9250420447333393,-1.4024895972647542,True,蒙,baseline,0.18542224876830754,-1.68511962890625
fenqusai/test_photo/64_0833.jpg,2,6,False,blue,unknown_8,,8,7,False,蒙A09Y3B,0.9250420447333393,-1.4024895972647542,True,蒙,baseline,0.18542224876830754,-1.68511962890625
fenqusai/test_photo/653.jpg,0,0,True,blue,blue,,7,7,True,桂AG9Z10,0.9676337242720106,-0.5922296518927226,True,桂,baseline,0.25658799488948264,-1.360283613204956
fenqusai/test_photo/653.jpg,0,1,False,blue,green,,8,7,False,桂AG9Z10,0.9676337242720106,-0.5922296518927226,True,桂,baseline,0.25658799488948264,-1.360283613204956
fenqusai/test_photo/653.jpg,0,2,False,blue,green,tractor_green,8,7,False,桂AG9Z10,0.9676337242720106,-0.5922296518927226,True,桂,baseline,0.25658799488948264,-1.360283613204956
fenqusai/test_photo/653.jpg,0,3,False,blue,yellow,,7,7,True,桂AG9Z10,0.9676337242720106,-0.5922296518927226,True,桂,baseline,0.25658799488948264,-1.360283613204956
fenqusai/test_photo/653.jpg,0,4,False,blue,black,,7,7,True,桂AG9Z10,0.9676337242720106,-0.5922296518927226,True,桂,baseline,0.25658799488948264,-1.360283613204956
fenqusai/test_photo/653.jpg,0,5,False,blue,special_7,,7,7,True,桂AG9Z10,0.9676337242720106,-0.5922296518927226,True,桂,baseline,0.25658799488948264,-1.360283613204956
fenqusai/test_photo/653.jpg,0,6,False,blue,unknown_8,,8,7,False,桂AG9Z10,0.9676337242720106,-0.5922296518927226,True,桂,baseline,0.25658799488948264,-1.360283613204956
fenqusai/test_photo/655.jpg,0,0,True,blue,blue,,7,7,True,甘A70M53,0.9600394479104325,-0.7340562682402236,True,甘,baseline,0.16054738056971854,-1.8291661739349365
fenqusai/test_photo/655.jpg,0,1,False,blue,green,,8,7,False,甘A70M53,0.9600394479104325,-0.7340562682402236,True,甘,baseline,0.16054738056971854,-1.8291661739349365
fenqusai/test_photo/655.jpg,0,2,False,blue,green,tractor_green,8,7,False,甘A70M53,0.9600394479104325,-0.7340562682402236,True,甘,baseline,0.16054738056971854,-1.8291661739349365
fenqusai/test_photo/655.jpg,0,3,False,blue,yellow,,7,7,True,甘A70M53,0.9600394479104325,-0.7340562682402236,True,甘,baseline,0.16054738056971854,-1.8291661739349365
fenqusai/test_photo/655.jpg,0,4,False,blue,black,,7,7,True,甘A70M53,0.9600394479104325,-0.7340562682402236,True,甘,baseline,0.16054738056971854,-1.8291661739349365
fenqusai/test_photo/655.jpg,0,5,False,blue,special_7,,7,7,True,甘A70M53,0.9600394479104325,-0.7340562682402236,True,甘,baseline,0.16054738056971854,-1.8291661739349365
fenqusai/test_photo/655.jpg,0,6,False,blue,unknown_8,,8,7,False,甘A70M53,0.9600394479104325,-0.7340562682402236,True,甘,baseline,0.16054738056971854,-1.8291661739349365
fenqusai/test_photo/657.jpg,0,0,True,blue,blue,,7,7,True,黑D8880D,0.9978842251866161,-0.03812429208642243,True,黑,baseline,0.3236381384901445,-1.128129243850708
fenqusai/test_photo/657.jpg,0,1,False,blue,green,,8,8,True,黑ED8880D,0.6948236693991269,-6.553749216649294,True,黑,baseline,0.3236381384901445,-1.128129243850708
fenqusai/test_photo/657.jpg,0,2,False,blue,green,tractor_green,8,8,True,黑ED8880D,0.6948236693991269,-6.553749216649294,True,黑,baseline,0.3236381384901445,-1.128129243850708
fenqusai/test_photo/657.jpg,0,3,False,blue,yellow,,7,7,True,黑D8880D,0.9978842251866161,-0.03812429208642243,True,黑,baseline,0.3236381384901445,-1.128129243850708
fenqusai/test_photo/657.jpg,0,4,False,blue,black,,7,7,True,黑D8880D,0.9978842251866161,-0.03812429208642243,True,黑,baseline,0.3236381384901445,-1.128129243850708
fenqusai/test_photo/657.jpg,0,5,False,blue,special_7,,7,7,True,黑D8880D,0.9978842251866161,-0.03812429208642243,True,黑,baseline,0.3236381384901445,-1.128129243850708
fenqusai/test_photo/657.jpg,0,6,False,blue,unknown_8,,8,8,True,黑ED8880D,0.6948236693991269,-6.553749216649294,True,黑,baseline,0.3236381384901445,-1.128129243850708
fenqusai/test_photo/667.jpg,0,0,True,blue,blue,,7,7,True,青G04444,0.87368737340876,-2.430587945589167,True,青,baseline,0.05548025081288672,-2.891728162765503
fenqusai/test_photo/667.jpg,0,1,False,blue,green,,8,7,False,青G04444,0.87368737340876,-2.430587945589167,True,青,baseline,0.05548025081288672,-2.891728162765503
fenqusai/test_photo/667.jpg,0,2,False,blue,green,tractor_green,8,7,False,青G04444,0.87368737340876,-2.430587945589167,True,青,baseline,0.05548025081288672,-2.891728162765503
fenqusai/test_photo/667.jpg,0,3,False,blue,yellow,,7,7,True,青G04444,0.87368737340876,-2.430587945589167,True,青,baseline,0.05548025081288672,-2.891728162765503
fenqusai/test_photo/667.jpg,0,4,False,blue,black,,7,7,True,青G04444,0.87368737340876,-2.430587945589167,True,青,baseline,0.05548025081288672,-2.891728162765503
fenqusai/test_photo/667.jpg,0,5,False,blue,special_7,,7,7,True,青G04444,0.87368737340876,-2.430587945589167,True,青,baseline,0.05548025081288672,-2.891728162765503
fenqusai/test_photo/667.jpg,0,6,False,blue,unknown_8,,8,7,False,青G04444,0.87368737340876,-2.430587945589167,True,青,baseline,0.05548025081288672,-2.891728162765503
fenqusai/test_photo/668.jpg,0,0,True,unknown_7,blue,,7,7,True,沪B0X288,0.8578858029455122,-2.7591171327439596,True,沪,baseline,0.1726950888487833,-1.756227731704712
fenqusai/test_photo/668.jpg,0,1,False,unknown_7,green,,8,8,True,沪VB0X288,0.7676699356443549,-4.759117371162539,True,沪,baseline,0.1726950888487833,-1.756227731704712
fenqusai/test_photo/668.jpg,0,2,False,unknown_7,green,tractor_green,8,8,True,沪VB0X288,0.7676699356443549,-4.759117371162539,True,沪,baseline,0.1726950888487833,-1.756227731704712
fenqusai/test_photo/668.jpg,0,3,False,unknown_7,yellow,,7,7,True,沪B0X288,0.8578858029455122,-2.7591171327439596,True,沪,baseline,0.1726950888487833,-1.756227731704712
fenqusai/test_photo/668.jpg,0,4,False,unknown_7,black,,7,7,True,沪B0X288,0.8578858029455122,-2.7591171327439596,True,沪,baseline,0.1726950888487833,-1.756227731704712
fenqusai/test_photo/668.jpg,0,5,False,unknown_7,special_7,,7,7,True,沪B0X288,0.8578858029455122,-2.7591171327439596,True,沪,baseline,0.1726950888487833,-1.756227731704712
fenqusai/test_photo/668.jpg,0,6,False,unknown_7,unknown_8,,8,8,True,沪VB0X288,0.7676699356443549,-4.759117371162539,True,沪,baseline,0.1726950888487833,-1.756227731704712
fenqusai/test_photo/673.jpg,0,0,True,blue,blue,,7,7,True,苏F43795,0.9709918965641177,-0.529868811234337,True,苏,baseline,0.21691437216728143,-1.5282526016235352
fenqusai/test_photo/673.jpg,0,1,False,blue,green,,8,7,False,苏F43795,0.9709918965641177,-0.529868811234337,True,苏,baseline,0.21691437216728143,-1.5282526016235352
fenqusai/test_photo/673.jpg,0,2,False,blue,green,tractor_green,8,7,False,苏F43795,0.9709918965641177,-0.529868811234337,True,苏,baseline,0.21691437216728143,-1.5282526016235352
fenqusai/test_photo/673.jpg,0,3,False,blue,yellow,,7,7,True,苏F43795,0.9709918965641177,-0.529868811234337,True,苏,baseline,0.21691437216728143,-1.5282526016235352
fenqusai/test_photo/673.jpg,0,4,False,blue,black,,7,7,True,苏F43795,0.9709918965641177,-0.529868811234337,True,苏,baseline,0.21691437216728143,-1.5282526016235352
fenqusai/test_photo/673.jpg,0,5,False,blue,special_7,,7,7,True,苏F43795,0.9709918965641177,-0.529868811234337,True,苏,baseline,0.21691437216728143,-1.5282526016235352
fenqusai/test_photo/673.jpg,0,6,False,blue,unknown_8,,8,7,False,苏F43795,0.9709918965641177,-0.529868811234337,True,苏,baseline,0.21691437216728143,-1.5282526016235352
fenqusai/test_photo/675.jpg,0,0,True,blue,blue,,7,7,True,云AV6600,0.9831007309082092,-0.30678644045940473,True,云,baseline,0.25388843564151525,-1.3708603382110596
fenqusai/test_photo/675.jpg,0,1,False,blue,green,,8,7,False,云AV6600,0.9831007309082092,-0.30678644045940473,True,云,baseline,0.25388843564151525,-1.3708603382110596
fenqusai/test_photo/675.jpg,0,2,False,blue,green,tractor_green,8,7,False,云AV6600,0.9831007309082092,-0.30678644045940473,True,云,baseline,0.25388843564151525,-1.3708603382110596
fenqusai/test_photo/675.jpg,0,3,False,blue,yellow,,7,7,True,云AV6600,0.9831007309082092,-0.30678644045940473,True,云,baseline,0.25388843564151525,-1.3708603382110596
fenqusai/test_photo/675.jpg,0,4,False,blue,black,,7,7,True,云AV6600,0.9831007309082092,-0.30678644045940473,True,云,baseline,0.25388843564151525,-1.3708603382110596
fenqusai/test_photo/675.jpg,0,5,False,blue,special_7,,7,7,True,云AV6600,0.9831007309082092,-0.30678644045940473,True,云,baseline,0.25388843564151525,-1.3708603382110596
fenqusai/test_photo/675.jpg,0,6,False,blue,unknown_8,,8,7,False,云AV6600,0.9831007309082092,-0.30678644045940473,True,云,baseline,0.25388843564151525,-1.3708603382110596
fenqusai/test_photo/677.jpg,0,0,True,unknown_7,blue,,7,7,True,沪A00T45,0.9411762279269232,-1.091247833594018,True,沪,baseline,0.12013763201358324,-2.119117259979248
fenqusai/test_photo/677.jpg,0,1,False,unknown_7,green,,8,8,True,沪AA00T45,0.8050306907294349,-3.9037477888905343,True,沪,baseline,0.12013763201358324,-2.119117259979248
fenqusai/test_photo/677.jpg,0,2,False,unknown_7,green,tractor_green,8,8,True,沪AA00T45,0.8050306907294349,-3.9037477888905343,True,沪,baseline,0.12013763201358324,-2.119117259979248
fenqusai/test_photo/677.jpg,0,3,False,unknown_7,yellow,,7,7,True,沪A00T45,0.9411762279269232,-1.091247833594018,True,沪,baseline,0.12013763201358324,-2.119117259979248
fenqusai/test_photo/677.jpg,0,4,False,unknown_7,black,,7,7,True,沪A00T45,0.9411762279269232,-1.091247833594018,True,沪,baseline,0.12013763201358324,-2.119117259979248
fenqusai/test_photo/677.jpg,0,5,False,unknown_7,special_7,,7,7,True,沪A00T45,0.9411762279269232,-1.091247833594018,True,沪,baseline,0.12013763201358324,-2.119117259979248
fenqusai/test_photo/677.jpg,0,6,False,unknown_7,unknown_8,,8,8,True,沪AA00T45,0.8050306907294349,-3.9037477888905343,True,沪,baseline,0.12013763201358324,-2.119117259979248
fenqusai/test_photo/678.jpg,0,0,True,blue,blue,,7,7,True,皖R56789,0.9925125707210217,-0.13528081416825444,True,皖,baseline,0.29165318835271387,-1.2321898937225342
fenqusai/test_photo/678.jpg,0,1,False,blue,green,,8,7,False,皖R56789,0.9925125707210217,-0.13528081416825444,True,皖,baseline,0.29165318835271387,-1.2321898937225342
fenqusai/test_photo/678.jpg,0,2,False,blue,green,tractor_green,8,7,False,皖R56789,0.9925125707210217,-0.13528081416825444,True,皖,baseline,0.29165318835271387,-1.2321898937225342
fenqusai/test_photo/678.jpg,0,3,False,blue,yellow,,7,7,True,皖R56789,0.9925125707210217,-0.13528081416825444,True,皖,baseline,0.29165318835271387,-1.2321898937225342
fenqusai/test_photo/678.jpg,0,4,False,blue,black,,7,7,True,皖R56789,0.9925125707210217,-0.13528081416825444,True,皖,baseline,0.29165318835271387,-1.2321898937225342
fenqusai/test_photo/678.jpg,0,5,False,blue,special_7,,7,7,True,皖R56789,0.9925125707210217,-0.13528081416825444,True,皖,baseline,0.29165318835271387,-1.2321898937225342
fenqusai/test_photo/678.jpg,0,6,False,blue,unknown_8,,8,7,False,皖R56789,0.9925125707210217,-0.13528081416825444,True,皖,baseline,0.29165318835271387,-1.2321898937225342
fenqusai/test_photo/680.jpg,0,0,True,blue,blue,,7,7,True,皖D19H58,0.9598322460040671,-0.7379415636387421,True,皖,baseline,0.29103674759074577,-1.234305739402771
fenqusai/test_photo/680.jpg,0,1,False,blue,green,,8,8,True,皖LD19H58,0.8574057838248579,-2.769191623243387,True,皖,baseline,0.29103674759074577,-1.234305739402771
fenqusai/test_photo/680.jpg,0,2,False,blue,green,tractor_green,8,8,True,皖LD19H58,0.8574057838248579,-2.769191623243387,True,皖,baseline,0.29103674759074577,-1.234305739402771
fenqusai/test_photo/680.jpg,0,3,False,blue,yellow,,7,7,True,皖D19H58,0.9598322460040671,-0.7379415636387421,True,皖,baseline,0.29103674759074577,-1.234305739402771
fenqusai/test_photo/680.jpg,0,4,False,blue,black,,7,7,True,皖D19H58,0.9598322460040671,-0.7379415636387421,True,皖,baseline,0.29103674759074577,-1.234305739402771
fenqusai/test_photo/680.jpg,0,5,False,blue,special_7,,7,7,True,皖D19H58,0.9598322460040671,-0.7379415636387421,True,皖,baseline,0.29103674759074577,-1.234305739402771
fenqusai/test_photo/680.jpg,0,6,False,blue,unknown_8,,8,8,True,皖LD19H58,0.8574057838248579,-2.769191623243387,True,皖,baseline,0.29103674759074577,-1.234305739402771
fenqusai/test_photo/681.jpg,0,0,True,blue,blue,,7,7,True,云EZ1H19,0.934118063022559,-1.2267439728497536,True,云,baseline,0.10642919155372128,-2.2402753829956055
fenqusai/test_photo/681.jpg,0,1,False,blue,green,,8,7,False,云EZ1H19,0.934118063022559,-1.2267439728497536,True,云,baseline,0.10642919155372128,-2.2402753829956055
fenqusai/test_photo/681.jpg,0,2,False,blue,green,tractor_green,8,7,False,云EZ1H19,0.934118063022559,-1.2267439728497536,True,云,baseline,0.10642919155372128,-2.2402753829956055
fenqusai/test_photo/681.jpg,0,3,False,blue,yellow,,7,7,True,云EZ1H19,0.934118063022559,-1.2267439728497536,True,云,baseline,0.10642919155372128,-2.2402753829956055
fenqusai/test_photo/681.jpg,0,4,False,blue,black,,7,7,True,云EZ1H19,0.934118063022559,-1.2267439728497536,True,云,baseline,0.10642919155372128,-2.2402753829956055
fenqusai/test_photo/681.jpg,0,5,False,blue,special_7,,7,7,True,云EZ1H19,0.934118063022559,-1.2267439728497536,True,云,baseline,0.10642919155372128,-2.2402753829956055
fenqusai/test_photo/681.jpg,0,6,False,blue,unknown_8,,8,7,False,云EZ1H19,0.934118063022559,-1.2267439728497536,True,云,baseline,0.10642919155372128,-2.2402753829956055
fenqusai/test_photo/684.jpg,0,0,True,blue,blue,,7,7,True,云CC6586,0.9043525858447545,-1.8096473887561615,True,云,baseline,0.10047830800488924,-2.2978134155273438
fenqusai/test_photo/684.jpg,0,1,False,blue,green,,8,7,False,云CC6586,0.9043525858447545,-1.8096473887561615,True,云,baseline,0.10047830800488924,-2.2978134155273438
fenqusai/test_photo/684.jpg,0,2,False,blue,green,tractor_green,8,7,False,云CC6586,0.9043525858447545,-1.8096473887561615,True,云,baseline,0.10047830800488924,-2.2978134155273438
fenqusai/test_photo/684.jpg,0,3,False,blue,yellow,,7,7,True,云CC6586,0.9043525858447545,-1.8096473887561615,True,云,baseline,0.10047830800488924,-2.2978134155273438
fenqusai/test_photo/684.jpg,0,4,False,blue,black,,7,7,True,云CC6586,0.9043525858447545,-1.8096473887561615,True,云,baseline,0.10047830800488924,-2.2978134155273438
fenqusai/test_photo/684.jpg,0,5,False,blue,special_7,,7,7,True,云CC6586,0.9043525858447545,-1.8096473887561615,True,云,baseline,0.10047830800488924,-2.2978134155273438
fenqusai/test_photo/684.jpg,0,6,False,blue,unknown_8,,8,7,False,云CC6586,0.9043525858447545,-1.8096473887561615,True,云,baseline,0.10047830800488924,-2.2978134155273438
fenqusai/test_photo/686.jpg,0,0,True,blue,blue,,7,7,True,京P9WH18,0.9923715595301172,-0.13783834526225291,True,京,baseline,0.3333237106448439,-1.0986411571502686
fenqusai/test_photo/686.jpg,0,1,False,blue,green,,8,7,False,京P9WH18,0.9923715595301172,-0.13783834526225291,True,京,baseline,0.3333237106448439,-1.0986411571502686
fenqusai/test_photo/686.jpg,0,2,False,blue,green,tractor_green,8,7,False,京P9WH18,0.9923715595301172,-0.13783834526225291,True,京,baseline,0.3333237106448439,-1.0986411571502686
fenqusai/test_photo/686.jpg,0,3,False,blue,yellow,,7,7,True,京P9WH18,0.9923715595301172,-0.13783834526225291,True,京,baseline,0.3333237106448439,-1.0986411571502686
fenqusai/test_photo/686.jpg,0,4,False,blue,black,,7,7,True,京P9WH18,0.9923715595301172,-0.13783834526225291,True,京,baseline,0.3333237106448439,-1.0986411571502686
fenqusai/test_photo/686.jpg,0,5,False,blue,special_7,,7,7,True,京P9WH18,0.9923715595301172,-0.13783834526225291,True,京,baseline,0.3333237106448439,-1.0986411571502686
fenqusai/test_photo/686.jpg,0,6,False,blue,unknown_8,,8,7,False,京P9WH18,0.9923715595301172,-0.13783834526225291,True,京,baseline,0.3333237106448439,-1.0986411571502686
fenqusai/test_photo/687.jpg,0,0,True,blue,blue,,7,7,True,京A9826N,0.924552290268217,-1.41202204490628,True,京,baseline,0.157509206267277,-1.848271369934082
fenqusai/test_photo/687.jpg,0,1,False,blue,green,,8,7,False,京A9826N,0.924552290268217,-1.41202204490628,True,京,baseline,0.157509206267277,-1.848271369934082
fenqusai/test_photo/687.jpg,0,2,False,blue,green,tractor_green,8,7,False,京A9826N,0.924552290268217,-1.41202204490628,True,京,baseline,0.157509206267277,-1.848271369934082
fenqusai/test_photo/687.jpg,0,3,False,blue,yellow,,7,7,True,京A9826N,0.924552290268217,-1.41202204490628,True,京,baseline,0.157509206267277,-1.848271369934082
fenqusai/test_photo/687.jpg,0,4,False,blue,black,,7,7,True,京A9826N,0.924552290268217,-1.41202204490628,True,京,baseline,0.157509206267277,-1.848271369934082
fenqusai/test_photo/687.jpg,0,5,False,blue,special_7,,7,7,True,京A9826N,0.924552290268217,-1.41202204490628,True,京,baseline,0.157509206267277,-1.848271369934082
fenqusai/test_photo/687.jpg,0,6,False,blue,unknown_8,,8,7,False,京A9826N,0.924552290268217,-1.41202204490628,True,京,baseline,0.157509206267277,-1.848271369934082
fenqusai/test_photo/690.jpg,0,0,True,blue,blue,,7,7,True,川AY607E,0.9700631621194873,-0.5470936923156486,True,川,baseline,0.24298372139776345,-1.4147608280181885
fenqusai/test_photo/690.jpg,0,1,False,blue,green,,8,7,False,川AY607E,0.9700631621194873,-0.5470936923156486,True,川,baseline,0.24298372139776345,-1.4147608280181885
fenqusai/test_photo/690.jpg,0,2,False,blue,green,tractor_green,8,7,False,川AY607E,0.9700631621194873,-0.5470936923156486,True,川,baseline,0.24298372139776345,-1.4147608280181885
fenqusai/test_photo/690.jpg,0,3,False,blue,yellow,,7,7,True,川AY607E,0.9700631621194873,-0.5470936923156486,True,川,baseline,0.24298372139776345,-1.4147608280181885
fenqusai/test_photo/690.jpg,0,4,False,blue,black,,7,7,True,川AY607E,0.9700631621194873,-0.5470936923156486,True,川,baseline,0.24298372139776345,-1.4147608280181885
fenqusai/test_photo/690.jpg,0,5,False,blue,special_7,,7,7,True,川AY607E,0.9700631621194873,-0.5470936923156486,True,川,baseline,0.24298372139776345,-1.4147608280181885
fenqusai/test_photo/690.jpg,0,6,False,blue,unknown_8,,8,7,False,川AY607E,0.9700631621194873,-0.5470936923156486,True,川,baseline,0.24298372139776345,-1.4147608280181885
fenqusai/test_photo/691.jpg,0,0,True,blue,blue,,7,7,True,甘AAS999,0.9992147212202136,-0.01414057090823917,True,甘,baseline,0.3299190564796378,-1.10890793800354
fenqusai/test_photo/691.jpg,0,1,False,blue,green,,8,8,True,甘EAAS999,0.5966583761646879,-9.295390144944577,True,甘,baseline,0.3299190564796378,-1.10890793800354
fenqusai/test_photo/691.jpg,0,2,False,blue,green,tractor_green,8,8,True,甘EAAS999,0.5966583761646879,-9.295390144944577,True,甘,baseline,0.3299190564796378,-1.10890793800354
fenqusai/test_photo/691.jpg,0,3,False,blue,yellow,,7,7,True,甘AAS999,0.9992147212202136,-0.01414057090823917,True,甘,baseline,0.3299190564796378,-1.10890793800354
fenqusai/test_photo/691.jpg,0,4,False,blue,black,,7,7,True,甘AAS999,0.9992147212202136,-0.01414057090823917,True,甘,baseline,0.3299190564796378,-1.10890793800354
fenqusai/test_photo/691.jpg,0,5,False,blue,special_7,,7,7,True,甘AAS999,0.9992147212202136,-0.01414057090823917,True,甘,baseline,0.3299190564796378,-1.10890793800354
fenqusai/test_photo/691.jpg,0,6,False,blue,unknown_8,,8,8,True,甘EAAS999,0.5966583761646879,-9.295390144944577,True,甘,baseline,0.3299190564796378,-1.10890793800354
fenqusai/test_photo/696.jpg,0,0,True,blue,blue,,7,7,True,鄂N77777,0.9742542724572301,-0.46949308905868037,True,鄂,baseline,0.3281163800974279,-1.1143869161605835
fenqusai/test_photo/696.jpg,0,1,False,blue,green,,8,7,False,鄂N77777,0.9742542724572301,-0.46949308905868037,True,鄂,baseline,0.3281163800974279,-1.1143869161605835
fenqusai/test_photo/696.jpg,0,2,False,blue,green,tractor_green,8,7,False,鄂N77777,0.9742542724572301,-0.46949308905868037,True,鄂,baseline,0.3281163800974279,-1.1143869161605835
fenqusai/test_photo/696.jpg,0,3,False,blue,yellow,,7,7,True,鄂N77777,0.9742542724572301,-0.46949308905868037,True,鄂,baseline,0.3281163800974279,-1.1143869161605835
fenqusai/test_photo/696.jpg,0,4,False,blue,black,,7,7,True,鄂N77777,0.9742542724572301,-0.46949308905868037,True,鄂,baseline,0.3281163800974279,-1.1143869161605835
fenqusai/test_photo/696.jpg,0,5,False,blue,special_7,,7,7,True,鄂N77777,0.9742542724572301,-0.46949308905868037,True,鄂,baseline,0.3281163800974279,-1.1143869161605835
fenqusai/test_photo/696.jpg,0,6,False,blue,unknown_8,,8,7,False,鄂N77777,0.9742542724572301,-0.46949308905868037,True,鄂,baseline,0.3281163800974279,-1.1143869161605835
fenqusai/test_photo/716.jpg,0,0,True,black,black,,7,7,True,鲁B91999,0.9633287774460875,-0.6724892852940769,True,鲁,baseline,0.17519976503242482,-1.741828441619873
fenqusai/test_photo/716.jpg,0,1,False,black,blue,,7,7,True,鲁B91999,0.9633287774460875,-0.6724892852940769,True,鲁,baseline,0.17519976503242482,-1.741828441619873
fenqusai/test_photo/716.jpg,0,2,False,black,green,,8,8,True,鲁LB91999,0.6007461959694789,-9.172489257383504,True,鲁,baseline,0.17519976503242482,-1.741828441619873
fenqusai/test_photo/716.jpg,0,3,False,black,green,tractor_green,8,8,True,鲁LB91999,0.6007461959694789,-9.172489257383504,True,鲁,baseline,0.17519976503242482,-1.741828441619873
fenqusai/test_photo/716.jpg,0,4,False,black,yellow,,7,7,True,鲁B91999,0.9633287774460875,-0.6724892852940769,True,鲁,baseline,0.17519976503242482,-1.741828441619873
fenqusai/test_photo/716.jpg,0,5,False,black,special_7,,7,7,True,鲁B91999,0.9633287774460875,-0.6724892852940769,True,鲁,baseline,0.17519976503242482,-1.741828441619873
fenqusai/test_photo/716.jpg,0,6,False,black,unknown_8,,8,8,True,鲁LB91999,0.6007461959694789,-9.172489257383504,True,鲁,baseline,0.17519976503242482,-1.741828441619873
fenqusai/test_photo/847.jpg,0,0,True,yellow,yellow,,7,7,True,云B87057,0.9628488822773813,-0.6814584612907311,True,云,baseline,0.1687703625543785,-1.7792162895202637
fenqusai/test_photo/847.jpg,0,1,False,yellow,blue,,7,7,True,云B87057,0.9628488822773813,-0.6814584612907311,True,云,baseline,0.1687703625543785,-1.7792162895202637
fenqusai/test_photo/847.jpg,0,2,False,yellow,green,,8,7,False,云B87057,0.9628488822773813,-0.6814584612907311,True,云,baseline,0.1687703625543785,-1.7792162895202637
fenqusai/test_photo/847.jpg,0,3,False,yellow,green,tractor_green,8,7,False,云B87057,0.9628488822773813,-0.6814584612907311,True,云,baseline,0.1687703625543785,-1.7792162895202637
fenqusai/test_photo/847.jpg,0,4,False,yellow,black,,7,7,True,云B87057,0.9628488822773813,-0.6814584612907311,True,云,baseline,0.1687703625543785,-1.7792162895202637
fenqusai/test_photo/847.jpg,0,5,False,yellow,special_7,,7,7,True,云B87057,0.9628488822773813,-0.6814584612907311,True,云,baseline,0.1687703625543785,-1.7792162895202637
fenqusai/test_photo/847.jpg,0,6,False,yellow,unknown_8,,8,7,False,云B87057,0.9628488822773813,-0.6814584612907311,True,云,baseline,0.1687703625543785,-1.7792162895202637
fenqusai/test_photo/968.jpg,0,0,True,black,black,,7,7,True,云A60888,0.952348453418572,-0.878837195918976,True,云,baseline,0.14474017001510542,-1.9328150749206543
fenqusai/test_photo/968.jpg,0,1,False,black,blue,,7,7,True,云A60888,0.952348453418572,-0.878837195918976,True,云,baseline,0.14474017001510542,-1.9328150749206543
fenqusai/test_photo/968.jpg,0,2,False,black,green,,8,8,True,云AA60888,0.7166895686637343,-5.996024833754717,True,云,baseline,0.14474017001510542,-1.9328150749206543
fenqusai/test_photo/968.jpg,0,3,False,black,green,tractor_green,8,8,True,云AA60888,0.7166895686637343,-5.996024833754717,True,云,baseline,0.14474017001510542,-1.9328150749206543
fenqusai/test_photo/968.jpg,0,4,False,black,yellow,,7,7,True,云A60888,0.952348453418572,-0.878837195918976,True,云,baseline,0.14474017001510542,-1.9328150749206543
fenqusai/test_photo/968.jpg,0,5,False,black,special_7,,7,7,True,云A60888,0.952348453418572,-0.878837195918976,True,云,baseline,0.14474017001510542,-1.9328150749206543
fenqusai/test_photo/968.jpg,0,6,False,black,unknown_8,,8,8,True,云AA60888,0.7166895686637343,-5.996024833754717,True,云,baseline,0.14474017001510542,-1.9328150749206543
fenqusai/test_photo/969.jpg,0,0,True,blue,blue,,7,7,True,川AG6666,0.8807613787291818,-2.2854337646579097,True,川,baseline,0.1217541398850609,-2.1057515144348145
fenqusai/test_photo/969.jpg,0,1,False,blue,green,,8,6,False,川AG666,0.9174383149042364,-1.551058794460232,True,川,baseline,0.1217541398850609,-2.1057515144348145
fenqusai/test_photo/969.jpg,0,2,False,blue,green,tractor_green,8,6,False,川AG666,0.9174383149042364,-1.551058794460232,True,川,baseline,0.1217541398850609,-2.1057515144348145
fenqusai/test_photo/969.jpg,0,3,False,blue,yellow,,7,7,True,川AG6666,0.8807613787291818,-2.2854337646579097,True,川,baseline,0.1217541398850609,-2.1057515144348145
fenqusai/test_photo/969.jpg,0,4,False,blue,black,,7,7,True,川AG6666,0.8807613787291818,-2.2854337646579097,True,川,baseline,0.1217541398850609,-2.1057515144348145
fenqusai/test_photo/969.jpg,0,5,False,blue,special_7,,7,7,True,川AG6666,0.8807613787291818,-2.2854337646579097,True,川,baseline,0.1217541398850609,-2.1057515144348145
fenqusai/test_photo/969.jpg,0,6,False,blue,unknown_8,,8,6,False,川AG666,0.9174383149042364,-1.551058794460232,True,川,baseline,0.1217541398850609,-2.1057515144348145
fenqusai/test_photo/971.jpg,0,0,True,blue,blue,,7,7,True,辽F88888,0.920744632198806,-1.4863059627822963,True,辽,baseline,0.0758069330819885,-2.5795655250549316
fenqusai/test_photo/971.jpg,0,1,False,blue,green,,8,8,True,辽ZF88888,0.5991399542349639,-9.220681110396924,True,辽,baseline,0.0758069330819885,-2.5795655250549316
fenqusai/test_photo/971.jpg,0,2,False,blue,green,tractor_green,8,8,True,辽ZF88888,0.5991399542349639,-9.220681110396924,True,辽,baseline,0.0758069330819885,-2.5795655250549316
fenqusai/test_photo/971.jpg,0,3,False,blue,yellow,,7,7,True,辽F88888,0.920744632198806,-1.4863059627822963,True,辽,baseline,0.0758069330819885,-2.5795655250549316
fenqusai/test_photo/971.jpg,0,4,False,blue,black,,7,7,True,辽F88888,0.920744632198806,-1.4863059627822963,True,辽,baseline,0.0758069330819885,-2.5795655250549316
fenqusai/test_photo/971.jpg,0,5,False,blue,special_7,,7,7,True,辽F88888,0.920744632198806,-1.4863059627822963,True,辽,baseline,0.0758069330819885,-2.5795655250549316
fenqusai/test_photo/971.jpg,0,6,False,blue,unknown_8,,8,8,True,辽ZF88888,0.5991399542349639,-9.220681110396924,True,辽,baseline,0.0758069330819885,-2.5795655250549316
fenqusai/test_photo/974.jpg,0,0,True,blue,blue,,7,7,True,川AA4V99,0.7810921096512115,-4.447119564051491,True,川,baseline,0.12315900303600474,-2.0942790508270264
fenqusai/test_photo/974.jpg,0,1,False,blue,green,,8,6,False,川A4V99,0.824281852497139,-3.4783695640514907,True,川,baseline,0.12315900303600474,-2.0942790508270264
fenqusai/test_photo/974.jpg,0,2,False,blue,green,tractor_green,8,6,False,川A4V99,0.824281852497139,-3.4783695640514907,True,川,baseline,0.12315900303600474,-2.0942790508270264
fenqusai/test_photo/974.jpg,0,3,False,blue,yellow,,7,7,True,川AA4V99,0.7810921096512115,-4.447119564051491,True,川,baseline,0.12315900303600474,-2.0942790508270264
fenqusai/test_photo/974.jpg,0,4,False,blue,black,,7,7,True,川AA4V99,0.7810921096512115,-4.447119564051491,True,川,baseline,0.12315900303600474,-2.0942790508270264
fenqusai/test_photo/974.jpg,0,5,False,blue,special_7,,7,7,True,川AA4V99,0.7810921096512115,-4.447119564051491,True,川,baseline,0.12315900303600474,-2.0942790508270264
fenqusai/test_photo/974.jpg,0,6,False,blue,unknown_8,,8,6,False,川A4V99,0.824281852497139,-3.4783695640514907,True,川,baseline,0.12315900303600474,-2.0942790508270264
fenqusai/test_photo/977.jpg,0,0,True,blue,blue,,7,7,True,桂A779D1,0.9720034939655383,-0.5111258384413304,True,桂,baseline,0.1999896468874871,-1.6094896793365479
fenqusai/test_photo/977.jpg,0,1,False,blue,green,,8,8,True,桂AA779D1,0.5699252722630658,-10.12050050473681,True,桂,baseline,0.1999896468874871,-1.6094896793365479
fenqusai/test_photo/977.jpg,0,2,False,blue,green,tractor_green,8,8,True,桂AA779D1,0.5699252722630658,-10.12050050473681,True,桂,baseline,0.1999896468874871,-1.6094896793365479
fenqusai/test_photo/977.jpg,0,3,False,blue,yellow,,7,7,True,桂A779D1,0.9720034939655383,-0.5111258384413304,True,桂,baseline,0.1999896468874871,-1.6094896793365479
fenqusai/test_photo/977.jpg,0,4,False,blue,black,,7,7,True,桂A779D1,0.9720034939655383,-0.5111258384413304,True,桂,baseline,0.1999896468874871,-1.6094896793365479
fenqusai/test_photo/977.jpg,0,5,False,blue,special_7,,7,7,True,桂A779D1,0.9720034939655383,-0.5111258384413304,True,桂,baseline,0.1999896468874871,-1.6094896793365479
fenqusai/test_photo/977.jpg,0,6,False,blue,unknown_8,,8,8,True,桂AA779D1,0.5699252722630658,-10.12050050473681,True,桂,baseline,0.1999896468874871,-1.6094896793365479
fenqusai/test_photo/985.jpg,0,0,True,blue,blue,,7,7,True,湘FD5352,0.8407080470971704,-3.123194921742538,True,湘,baseline,0.04175530244410478,-3.175928831100464
fenqusai/test_photo/985.jpg,0,1,False,blue,green,,8,7,False,湘FD5352,0.8407080470971704,-3.123194921742538,True,湘,baseline,0.04175530244410478,-3.175928831100464
fenqusai/test_photo/985.jpg,0,2,False,blue,green,tractor_green,8,7,False,湘FD5352,0.8407080470971704,-3.123194921742538,True,湘,baseline,0.04175530244410478,-3.175928831100464
fenqusai/test_photo/985.jpg,0,3,False,blue,yellow,,7,7,True,湘FD5352,0.8407080470971704,-3.123194921742538,True,湘,baseline,0.04175530244410478,-3.175928831100464
fenqusai/test_photo/985.jpg,0,4,False,blue,black,,7,7,True,湘FD5352,0.8407080470971704,-3.123194921742538,True,湘,baseline,0.04175530244410478,-3.175928831100464
fenqusai/test_photo/985.jpg,0,5,False,blue,special_7,,7,7,True,湘FD5352,0.8407080470971704,-3.123194921742538,True,湘,baseline,0.04175530244410478,-3.175928831100464
fenqusai/test_photo/985.jpg,0,6,False,blue,unknown_8,,8,7,False,湘FD5352,0.8407080470971704,-3.123194921742538,True,湘,baseline,0.04175530244410478,-3.175928831100464
fenqusai/test_photo/987.jpg,0,0,False,blue,blue,,7,7,True,皖SAQ212,0.06404437325445787,-49.46722386777401,True,皖,baseline,0.19845791793146325,-1.617178201675415
fenqusai/test_photo/987.jpg,0,1,True,blue,green,,8,8,True,皖SAQ2152,0.7667916058359776,-4.77972386777401,True,皖,baseline,0.19845791793146325,-1.617178201675415
fenqusai/test_photo/987.jpg,0,2,False,blue,green,tractor_green,8,8,True,皖SAQ2152,0.7667916058359776,-4.77972386777401,True,皖,baseline,0.19845791793146325,-1.617178201675415
fenqusai/test_photo/987.jpg,0,3,False,blue,yellow,,7,7,True,皖SAQ212,0.06404437325445787,-49.46722386777401,True,皖,baseline,0.19845791793146325,-1.617178201675415
fenqusai/test_photo/987.jpg,0,4,False,blue,black,,7,7,True,皖SAQ212,0.06404437325445787,-49.46722386777401,True,皖,baseline,0.19845791793146325,-1.617178201675415
fenqusai/test_photo/987.jpg,0,5,False,blue,special_7,,7,7,True,湘9AQ212,0.06782072591731693,-48.43597389757633,True,湘,1,0.19845791793146325,-2.367177963256836
fenqusai/test_photo/987.jpg,0,6,False,blue,unknown_8,,8,8,True,皖SAQ2152,0.7667916058359776,-4.77972386777401,True,皖,baseline,0.19845791793146325,-1.617178201675415
fenqusai/test_photo/989.jpg,0,0,True,blue,blue,,7,7,True,京JAY888,0.9065140456923578,-1.766677580758369,True,京,baseline,0.05727022726318848,-2.8599743843078613
fenqusai/test_photo/989.jpg,0,1,False,blue,green,,8,8,True,京ZJAY888,0.6306552094001207,-8.297927732098287,True,京,baseline,0.05727022726318848,-2.8599743843078613
fenqusai/test_photo/989.jpg,0,2,False,blue,green,tractor_green,8,8,True,京ZJAY888,0.6306552094001207,-8.297927732098287,True,京,baseline,0.05727022726318848,-2.8599743843078613
fenqusai/test_photo/989.jpg,0,3,False,blue,yellow,,7,7,True,京JAY888,0.9065140456923578,-1.766677580758369,True,京,baseline,0.05727022726318848,-2.8599743843078613
fenqusai/test_photo/989.jpg,0,4,False,blue,black,,7,7,True,京JAY888,0.9065140456923578,-1.766677580758369,True,京,baseline,0.05727022726318848,-2.8599743843078613
fenqusai/test_photo/989.jpg,0,5,False,blue,special_7,,7,7,True,京JAY888,0.9065140456923578,-1.766677580758369,True,京,baseline,0.05727022726318848,-2.8599743843078613
fenqusai/test_photo/989.jpg,0,6,False,blue,unknown_8,,8,8,True,京ZJAY888,0.6306552094001207,-8.297927732098287,True,京,baseline,0.05727022726318848,-2.8599743843078613
fenqusai/test_photo/992.jpg,0,0,True,blue,blue,,7,7,True,苏B99999,0.9077693482374701,-1.7417691794652796,True,苏,baseline,0.10762147854239915,-2.229135036468506
fenqusai/test_photo/992.jpg,0,1,False,blue,green,,8,7,False,苏B99999,0.9077693482374701,-1.7417691794652796,True,苏,baseline,0.10762147854239915,-2.229135036468506
fenqusai/test_photo/992.jpg,0,2,False,blue,green,tractor_green,8,7,False,苏B99999,0.9077693482374701,-1.7417691794652796,True,苏,baseline,0.10762147854239915,-2.229135036468506
fenqusai/test_photo/992.jpg,0,3,False,blue,yellow,,7,7,True,苏B99999,0.9077693482374701,-1.7417691794652796,True,苏,baseline,0.10762147854239915,-2.229135036468506
fenqusai/test_photo/992.jpg,0,4,False,blue,black,,7,7,True,苏B99999,0.9077693482374701,-1.7417691794652796,True,苏,baseline,0.10762147854239915,-2.229135036468506
fenqusai/test_photo/992.jpg,0,5,False,blue,special_7,,7,7,True,苏B99999,0.9077693482374701,-1.7417691794652796,True,苏,baseline,0.10762147854239915,-2.229135036468506
fenqusai/test_photo/992.jpg,0,6,False,blue,unknown_8,,8,7,False,苏B99999,0.9077693482374701,-1.7417691794652796,True,苏,baseline,0.10762147854239915,-2.229135036468506
fenqusai/test_photo/999.jpg,0,0,True,blue,blue,,7,7,True,皖A562H3,0.8687783177391595,-2.5320111601612894,True,皖,baseline,0.03659862882694617,-3.3077445030212402
fenqusai/test_photo/999.jpg,0,1,False,blue,green,,8,8,True,皖WA562H3,0.752191370329259,-5.125761100556645,True,皖,baseline,0.03659862882694617,-3.3077445030212402
fenqusai/test_photo/999.jpg,0,2,False,blue,green,tractor_green,8,8,True,皖WA562H3,0.752191370329259,-5.125761100556645,True,皖,baseline,0.03659862882694617,-3.3077445030212402
fenqusai/test_photo/999.jpg,0,3,False,blue,yellow,,7,7,True,皖A562H3,0.8687783177391595,-2.5320111601612894,True,皖,baseline,0.03659862882694617,-3.3077445030212402
fenqusai/test_photo/999.jpg,0,4,False,blue,black,,7,7,True,皖A562H3,0.8687783177391595,-2.5320111601612894,True,皖,baseline,0.03659862882694617,-3.3077445030212402
fenqusai/test_photo/999.jpg,0,5,False,blue,special_7,,7,7,True,皖A562H3,0.8687783177391595,-2.5320111601612894,True,皖,baseline,0.03659862882694617,-3.3077445030212402
fenqusai/test_photo/999.jpg,0,6,False,blue,unknown_8,,8,8,True,皖WA562H3,0.752191370329259,-5.125761100556645,True,皖,baseline,0.03659862882694617,-3.3077445030212402
