image,plate_index,candidate_rank,selected,estimated_type,plate_type,plate_subtype,target_len,text_len,length_ok,text,lpr_score,beam_score,province_aware,province_char,province_rank,province_conf,province_score
fenqusai/test_photo/000000109.jpg,0,0,True,green,green,,8,8,True,鄂H02143D,0.9999993973341792,-1.0847988043849455e-05,True,鄂,baseline,0.33333332672197086,-1.0986123085021973
fenqusai/test_photo/000000109.jpg,0,1,False,green,green,tractor_green,8,8,True,鄂H02143D,0.9999993973341792,-1.0847988043849455e-05,True,鄂,baseline,0.33333332672197086,-1.0986123085021973
fenqusai/test_photo/000000109.jpg,0,2,False,green,blue,,7,7,True,鄂H02143,0.12581820022163678,-37.312510847988044,True,鄂,baseline,0.33333332672197086,-1.0986123085021973
fenqusai/test_photo/000000109.jpg,0,3,False,green,yellow,,7,7,True,鄂H02143,0.12581820022163678,-37.312510847988044,True,鄂,baseline,0.33333332672197086,-1.0986123085021973
fenqusai/test_photo/000000109.jpg,0,4,False,green,black,,7,7,True,鄂H02143,0.12581820022163678,-37.312510847988044,True,鄂,baseline,0.33333332672197086,-1.0986123085021973
fenqusai/test_photo/000000109.jpg,0,5,False,green,special_7,,7,7,True,鄂H02143,0.12581820022163678,-37.312510847988044,True,鄂,baseline,0.33333332672197086,-1.0986123085021973
fenqusai/test_photo/000000109.jpg,0,6,False,green,unknown_8,,8,8,True,鄂H02143D,0.9999993973341792,-1.0847988043849455e-05,True,鄂,baseline,0.33333332672197086,-1.0986123085021973
fenqusai/test_photo/000000110.jpg,0,0,False,green,green,,8,7,False,桂S0096F,0.22795285608947496,-26.61509597301483,True,桂,baseline,0.07280589143664469,-2.6199584007263184
fenqusai/test_photo/000000110.jpg,0,1,False,green,green,tractor_green,8,7,False,桂S0096F,0.22795285608947496,-26.61509597301483,True,桂,baseline,0.07280589143664469,-2.6199584007263184
fenqusai/test_photo/000000110.jpg,0,2,False,green,blue,,7,7,True,桂S0096F,0.22795285608947496,-26.61509597301483,True,桂,baseline,0.07280589143664469,-2.6199584007263184
fenqusai/test_photo/000000110.jpg,0,3,False,green,yellow,,7,7,True,桂S0096F,0.22795285608947496,-26.61509597301483,True,桂,baseline,0.07280589143664469,-2.6199584007263184
fenqusai/test_photo/000000110.jpg,0,4,False,green,black,,7,7,True,桂S0096F,0.22795285608947496,-26.61509597301483,True,桂,baseline,0.07280589143664469,-2.6199584007263184
fenqusai/test_photo/000000110.jpg,0,5,True,green,special_7,,7,7,True,桂40096F,0.918953992246906,-1.5213459730148315,True,桂,baseline,0.07280589143664469,-2.6199584007263184
fenqusai/test_photo/000000110.jpg,0,6,False,green,unknown_8,,8,7,False,桂S0096F,0.22795285608947496,-26.61509597301483,True,桂,baseline,0.07280589143664469,-2.6199584007263184
fenqusai/test_photo/000000125.jpg,0,0,True,green,green,,8,8,True,皖E98075D,0.9984427905647473,-0.028051616628545162,True,皖,baseline,0.33333332672197086,-1.0986123085021973
fenqusai/test_photo/000000125.jpg,0,1,False,green,green,tractor_green,8,8,True,皖E98075D,0.9984427905647473,-0.028051616628545162,True,皖,baseline,0.33333332672197086,-1.0986123085021973
fenqusai/test_photo/000000125.jpg,0,2,False,green,blue,,7,7,True,皖E98075,0.06985870021336277,-47.903051616628545,True,皖,baseline,0.33333332672197086,-1.0986123085021973
fenqusai/test_photo/000000125.jpg,0,3,False,green,yellow,,7,7,True,皖E98075,0.06985870021336277,-47.903051616628545,True,皖,baseline,0.33333332672197086,-1.0986123085021973
fenqusai/test_photo/000000125.jpg,0,4,False,green,black,,7,7,True,皖E98075,0.06985870021336277,-47.903051616628545,True,皖,baseline,0.33333332672197086,-1.0986123085021973
fenqusai/test_photo/000000125.jpg,0,5,False,green,special_7,,7,7,True,皖98075D,0.461906977082767,-13.903051616629,True,皖,baseline,0.33333332672197086,-1.0986123085021973
fenqusai/test_photo/000000125.jpg,0,6,False,green,unknown_8,,8,8,True,皖E98075D,0.9984427905647473,-0.028051616628545162,True,皖,baseline,0.33333332672197086,-1.0986123085021973
fenqusai/test_photo/000000126.jpg,0,0,False,green,green,,8,8,True,桂NF9S061,0.4160964226200582,-15.783088687821532,True,桂,baseline,0.33333332672197086,-1.0986123085021973
fenqusai/test_photo/000000126.jpg,0,1,False,green,green,tractor_green,8,8,True,桂NF9S061,0.4160964226200582,-15.783088687821532,True,桂,baseline,0.33333332672197086,-1.0986123085021973
fenqusai/test_photo/000000126.jpg,0,2,True,green,blue,,7,7,True,桂NFS061,0.9998978558936713,-0.0018386878210776558,True,桂,baseline,0.33333332672197086,-1.0986123085021973
fenqusai/test_photo/000000126.jpg,0,3,False,green,yellow,,7,7,True,桂NFS061,0.9998978558936713,-0.0018386878210776558,True,桂,baseline,0.33333332672197086,-1.0986123085021973
fenqusai/test_photo/000000126.jpg,0,4,False,green,black,,7,7,True,桂NFS061,0.9998978558936713,-0.0018386878210776558,True,桂,baseline,0.33333332672197086,-1.0986123085021973
fenqusai/test_photo/000000126.jpg,0,5,False,green,special_7,,7,7,True,桂NFS061,0.9998978558936713,-0.0018386878210776558,True,桂,baseline,0.33333332672197086,-1.0986123085021973
fenqusai/test_photo/000000126.jpg,0,6,False,green,unknown_8,,8,8,True,桂NF9S061,0.4160964226200582,-15.783088687821532,True,桂,baseline,0.33333332672197086,-1.0986123085021973
fenqusai/test_photo/000000200.jpg,0,0,True,blue,blue,,7,7,True,黑ATFNU0,0.9999893976700164,-0.0001908429513974852,True,黑,baseline,0.33328600399443675,-1.0987542867660522
fenqusai/test_photo/000000200.jpg,0,1,False,blue,green,,8,7,False,黑ATFNU0,0.9999893976700164,-0.0001908429513974852,True,黑,baseline,0.33328600399443675,-1.0987542867660522
fenqusai/test_photo/000000200.jpg,0,2,False,blue,green,tractor_green,8,7,False,黑ATFNU0,0.9999893976700164,-0.0001908429513974852,True,黑,baseline,0.33328600399443675,-1.0987542867660522
fenqusai/test_photo/000000200.jpg,0,3,False,blue,yellow,,7,7,True,黑ATFNU0,0.9999893976700164,-0.0001908429513974852,True,黑,baseline,0.33328600399443675,-1.0987542867660522
fenqusai/test_photo/000000200.jpg,0,4,False,blue,black,,7,7,True,黑ATFNU0,0.9999893976700164,-0.0001908429513974852,True,黑,baseline,0.33328600399443675,-1.0987542867660522
fenqusai/test_photo/000000200.jpg,0,5,False,blue,special_7,,7,7,True,黑ATFNU0,0.9999893976700164,-0.0001908429513974852,True,黑,baseline,0.33328600399443675,-1.0987542867660522
fenqusai/test_photo/000000200.jpg,0,6,False,blue,unknown_8,,8,7,False,黑ATFNU0,0.9999893976700164,-0.0001908429513974852,True,黑,baseline,0.33328600399443675,-1.0987542867660522
fenqusai/test_photo/000000206.jpg,0,0,True,yellow,yellow,,7,7,True,晋ME8U5R,0.9585558787988019,-0.7618935604091348,True,晋,baseline,0.33333332672197086,-1.0986123085021973
fenqusai/test_photo/000000206.jpg,0,1,False,yellow,blue,,7,7,True,晋ME8U5R,0.9585558787988019,-0.7618935604091348,True,晋,baseline,0.33333332672197086,-1.0986123085021973
fenqusai/test_photo/000000206.jpg,0,2,False,yellow,green,,8,7,False,晋ME8U5R,0.9585558787988019,-0.7618935604091348,True,晋,baseline,0.33333332672197086,-1.0986123085021973
fenqusai/test_photo/000000206.jpg,0,3,False,yellow,green,tractor_green,8,7,False,晋ME8U5R,0.9585558787988019,-0.7618935604091348,True,晋,baseline,0.33333332672197086,-1.0986123085021973
fenqusai/test_photo/000000206.jpg,0,4,False,yellow,black,,7,7,True,晋ME8U5R,0.9585558787988019,-0.7618935604091348,True,晋,baseline,0.33333332672197086,-1.0986123085021973
fenqusai/test_photo/000000206.jpg,0,5,False,yellow,special_7,,7,7,True,晋ME8U5R,0.9585558787988019,-0.7618935604091348,True,晋,baseline,0.33333332672197086,-1.0986123085021973
fenqusai/test_photo/000000206.jpg,0,6,False,yellow,unknown_8,,8,7,False,晋ME8U5R,0.9585558787988019,-0.7618935604091348,True,晋,baseline,0.33333332672197086,-1.0986123085021973
fenqusai/test_photo/0302734375-95_254-229&410_508&519-508&519_241&483_229&410_498&439-0_0_5_24_31_24_24_24-105-51.jpg,0,0,False,green,green,,8,8,True,川AAF0700,0.724491566327281,-5.801132843446226,True,川,baseline,0.3292070588548822,-1.1110683679580688
fenqusai/test_photo/0302734375-95_254-229&410_508&519-508&519_241&483_229&410_498&439-0_0_5_24_31_24_24_24-105-51.jpg,0,1,False,green,green,tractor_green,8,8,True,川AAF0700,0.724491566327281,-5.801132843446226,True,川,baseline,0.3292070588548822,-1.1110683679580688
fenqusai/test_photo/0302734375-95_254-229&410_508&519-508&519_241&483_229&410_498&439-0_0_5_24_31_24_24_24-105-51.jpg,0,2,True,green,blue,,7,7,True,川AF0700,0.9937069447502255,-0.11363291981467682,True,川,baseline,0.3292070588548822,-1.1110683679580688
fenqusai/test_photo/0302734375-95_254-229&410_508&519-508&519_241&483_229&410_498&439-0_0_5_24_31_24_24_24-105-51.jpg,0,3,False,green,yellow,,7,7,True,川AF0700,0.9937069447502255,-0.11363291981467682,True,川,baseline,0.3292070588548822,-1.1110683679580688
fenqusai/test_photo/0302734375-95_254-229&410_508&519-508&519_241&483_229&410_498&439-0_0_5_24_31_24_24_24-105-51.jpg,0,4,False,green,black,,7,7,True,川AF0700,0.9937069447502255,-0.11363291981467682,True,川,baseline,0.3292070588548822,-1.1110683679580688
fenqusai/test_photo/0302734375-95_254-229&410_508&519-508&519_241&483_229&410_498&439-0_0_5_24_31_24_24_24-105-51.jpg,0,5,False,green,special_7,,7,7,True,川AF0700,0.9937069447502255,-0.11363291981467682,True,川,baseline,0.3292070588548822,-1.1110683679580688
fenqusai/test_photo/0302734375-95_254-229&410_508&519-508&519_241&483_229&410_498&439-0_0_5_24_31_24_24_24-105-51.jpg,0,6,False,green,unknown_8,,8,8,True,川AAF0700,0.724491566327281,-5.801132843446226,True,川,baseline,0.3292070588548822,-1.1110683679580688
fenqusai/test_photo/0348046875-94_241-216&458_513&576-513&576_249&537_216&458_480&480-0_0_5_24_31_24_30_32-69-40.jpg,0,0,True,green,green,,8,8,True,川FQ710N8,0.8404895438437321,-3.1278737989967382,True,川,baseline,0.3316123099628171,-1.1037887334823608
fenqusai/test_photo/0348046875-94_241-216&458_513&576-513&576_249&537_216&458_480&480-0_0_5_24_31_24_30_32-69-40.jpg,0,1,False,green,green,tractor_green,8,8,True,川FQ710N8,0.8404895438437321,-3.1278737989967382,True,川,baseline,0.3316123099628171,-1.1037887334823608
fenqusai/test_photo/0348046875-94_241-216&458_513&576-513&576_249&537_216&458_480&480-0_0_5_24_31_24_30_32-69-40.jpg,0,2,False,green,blue,,7,7,True,川FQ70N8,0.623515355402698,-8.50287395545893,True,川,baseline,0.3316123099628171,-1.1037887334823608
fenqusai/test_photo/0348046875-94_241-216&458_513&576-513&576_249&537_216&458_480&480-0_0_5_24_31_24_30_32-69-40.jpg,0,3,False,green,yellow,,7,7,True,川FQ70N8,0.623515355402698,-8.50287395545893,True,川,baseline,0.3316123099628171,-1.1037887334823608
fenqusai/test_photo/0348046875-94_241-216&458_513&576-513&576_249&537_216&458_480&480-0_0_5_24_31_24_30_32-69-40.jpg,0,4,False,green,black,,7,7,True,川FQ710领,0.10538239799026163,-40.50287385860138,True,川,baseline,0.3316123099628171,-1.1037887334823608
fenqusai/test_photo/0348046875-94_241-216&458_513&576-513&576_249&537_216&458_480&480-0_0_5_24_31_24_30_32-69-40.jpg,0,5,False,green,special_7,,7,7,True,川7Q710领,0.11614249519075252,-38.75287382879906,True,川,baseline,0.3316123099628171,-1.1037887334823608
fenqusai/test_photo/0348046875-94_241-216&458_513&576-513&576_249&537_216&458_480&480-0_0_5_24_31_24_30_32-69-40.jpg,0,6,False,green,unknown_8,,8,8,True,川FQ710N8,0.8404895438437321,-3.1278737989967382,True,川,baseline,0.3316123099628171,-1.1037887334823608
fenqusai/test_photo/034921875-97_247-191&443_489&561-489&561_209&516_191&443_477&482-0_0_3_24_30_28_33_32-65-188.jpg,0,0,True,green,green,,8,8,True,川X2DG498,0.1289431268506376,-36.8709092813196,True,川,baseline,5.548769131095173e-06,-12.101934432983398
fenqusai/test_photo/034921875-97_247-191&443_489&561-489&561_209&516_191&443_477&482-0_0_3_24_30_28_33_32-65-188.jpg,0,1,False,green,green,tractor_green,8,8,True,川X2DG4学8,0.13165761978165635,-36.4959092813196,True,川,baseline,5.548769131095173e-06,-12.101934432983398
fenqusai/test_photo/034921875-97_247-191&443_489&561-489&561_209&516_191&443_477&482-0_0_3_24_30_28_33_32-65-188.jpg,0,2,False,green,blue,,7,7,True,川X2DG48,0.13917892268028303,-35.4959092813196,True,川,baseline,5.548769131095173e-06,-12.101934432983398
fenqusai/test_photo/034921875-97_247-191&443_489&561-489&561_209&516_191&443_477&482-0_0_3_24_30_28_33_32-65-188.jpg,0,3,False,green,yellow,,7,7,True,川X2DG48,0.13917892268028303,-35.4959092813196,True,川,baseline,5.548769131095173e-06,-12.101934432983398
fenqusai/test_photo/034921875-97_247-191&443_489&561-489&561_209&516_191&443_477&482-0_0_3_24_30_28_33_32-65-188.jpg,0,4,False,green,black,,7,7,True,川X2DG4领,0.37052724052116964,-17.87090963894741,True,川,baseline,5.548769131095173e-06,-12.101934432983398
fenqusai/test_photo/034921875-97_247-191&443_489&561-489&561_209&516_191&443_477&482-0_0_3_24_30_28_33_32-65-188.jpg,0,5,False,green,special_7,,7,7,True,川X2DG4领,0.37052724052116964,-17.87090963894741,True,川,baseline,5.548769131095173e-06,-12.101934432983398
fenqusai/test_photo/034921875-97_247-191&443_489&561-489&561_209&516_191&443_477&482-0_0_3_24_30_28_33_32-65-188.jpg,0,6,False,green,unknown_8,,8,8,True,川X2DG498,0.1289431268506376,-36.8709092813196,True,川,baseline,5.548769131095173e-06,-12.101934432983398
fenqusai/test_photo/03671875-106_247-213&385_448&542-448&542_221&459_213&385_443&457-0_0_3_26_30_30_26_33-107-61.jpg,0,0,True,green,green,,8,8,True,川FD28824,0.9097043905695871,-1.7034403999122958,True,川,baseline,0.2889579360071782,-1.2414741516113281
fenqusai/test_photo/03671875-106_247-213&385_448&542-448&542_221&459_213&385_443&457-0_0_3_26_30_30_26_33-107-61.jpg,0,1,False,green,green,tractor_green,8,8,True,川FD28824,0.9097043905695871,-1.7034403999122958,True,川,baseline,0.2889579360071782,-1.2414741516113281
fenqusai/test_photo/03671875-106_247-213&385_448&542-448&542_221&459_213&385_443&457-0_0_3_26_30_30_26_33-107-61.jpg,0,2,False,green,blue,,7,7,True,川FD2824,0.825424240943567,-3.4534402807030062,True,川,baseline,0.2889579360071782,-1.2414741516113281
fenqusai/test_photo/03671875-106_247-213&385_448&542-448&542_221&459_213&385_443&457-0_0_3_26_30_30_26_33-107-61.jpg,0,3,False,green,yellow,,7,7,True,川FD2824,0.825424240943567,-3.4534402807030062,True,川,baseline,0.2889579360071782,-1.2414741516113281
fenqusai/test_photo/03671875-106_247-213&385_448&542-448&542_221&459_213&385_443&457-0_0_3_26_30_30_26_33-107-61.jpg,0,4,False,green,black,,7,7,True,川FD2824,0.825424240943567,-3.4534402807030062,True,川,baseline,0.2889579360071782,-1.2414741516113281
fenqusai/test_photo/03671875-106_247-213&385_448&542-448&542_221&459_213&385_443&457-0_0_3_26_30_30_26_33-107-61.jpg,0,5,False,green,special_7,,7,7,True,川FD2824,0.825424240943567,-3.4534402807030062,True,川,baseline,0.2889579360071782,-1.2414741516113281
fenqusai/test_photo/03671875-106_247-213&385_448&542-448&542_221&459_213&385_443&457-0_0_3_26_30_30_26_33-107-61.jpg,0,6,False,green,unknown_8,,8,8,True,川FD28824,0.9097043905695871,-1.7034403999122958,True,川,baseline,0.2889579360071782,-1.2414741516113281
fenqusai/test_photo/0369140625-81_260-299&432_569&570-559&507_299&570_300&482_569&432-0_0_3_25_24_24_24_26-93-44.jpg,0,0,True,green,green,,8,8,True,湘AD1444K,0.886306248416648,-2.1724692346939776,True,湘,baseline,0.2040369743326479,-1.5894540548324585
fenqusai/test_photo/0369140625-81_260-299&432_569&570-559&507_299&570_300&482_569&432-0_0_3_25_24_24_24_26-93-44.jpg,0,1,False,green,green,tractor_green,8,8,True,湘AD1444K,0.886306248416648,-2.1724692346939776,True,湘,baseline,0.2040369743326479,-1.5894540548324585
fenqusai/test_photo/0369140625-81_260-299&432_569&570-559&507_299&570_300&482_569&432-0_0_3_25_24_24_24_26-93-44.jpg,0,2,False,green,blue,,7,7,True,湘AD144K,0.7958602882589396,-4.1099692644963,True,湘,baseline,0.2040369743326479,-1.5894540548324585
fenqusai/test_photo/0369140625-81_260-299&432_569&570-559&507_299&570_300&482_569&432-0_0_3_25_24_24_24_26-93-44.jpg,0,3,False,green,yellow,,7,7,True,湘AD144K,0.7958602882589396,-4.1099692644963,True,湘,baseline,0.2040369743326479,-1.5894540548324585
fenqusai/test_photo/0369140625-81_260-299&432_569&570-559&507_299&570_300&482_569&432-0_0_3_25_24_24_24_26-93-44.jpg,0,4,False,green,black,,7,7,True,湘AD144临,0.8413259916714045,-3.1099692644963,True,湘,baseline,0.2040369743326479,-1.5894540548324585
fenqusai/test_photo/0369140625-81_260-299&432_569&570-559&507_299&570_300&482_569&432-0_0_3_25_24_24_24_26-93-44.jpg,0,5,False,green,special_7,,7,7,True,湘AD144临,0.8413259916714045,-3.1099692644963,True,湘,baseline,0.2040369743326479,-1.5894540548324585
fenqusai/test_photo/0369140625-81_260-299&432_569&570-559&507_299&570_300&482_569&432-0_0_3_25_24_24_24_26-93-44.jpg,0,6,False,green,unknown_8,,8,8,True,湘AD1444K,0.886306248416648,-2.1724692346939776,True,湘,baseline,0.2040369743326479,-1.5894540548324585
fenqusai/test_photo/046015625-97_243-180&408_522&543-522&543_208&495_180&408_501&451-0_0_3_24_30_30_33_25-61-79.jpg,0,0,False,green,green,,8,4,False,川PT8,0.1430124698504513,-35.00682211390813,True,川,baseline,0.32267309573834535,-1.1311155557632446
fenqusai/test_photo/046015625-97_243-180&408_522&543-522&543_208&495_180&408_501&451-0_0_3_24_30_30_33_25-61-79.jpg,0,1,False,green,green,tractor_green,8,8,True,川A学PTV8学,0.16489236577204472,-32.444322238705354,True,川,baseline,0.32267309573834535,-1.1311155557632446
fenqusai/test_photo/046015625-97_243-180&408_522&543-522&543_208&495_180&408_501&451-0_0_3_24_30_30_33_25-61-79.jpg,0,2,False,green,blue,,7,4,False,川PT8,0.1430124698504513,-35.00682211390813,True,川,baseline,0.32267309573834535,-1.1311155557632446
fenqusai/test_photo/046015625-97_243-180&408_522&543-522&543_208&495_180&408_501&451-0_0_3_24_30_30_33_25-61-79.jpg,0,3,False,green,yellow,,7,7,True,川A学PT8学,0.18427036304021813,-30.444322238705354,True,川,baseline,0.32267309573834535,-1.1311155557632446
fenqusai/test_photo/046015625-97_243-180&408_522&543-522&543_208&495_180&408_501&451-0_0_3_24_30_30_33_25-61-79.jpg,0,4,False,green,black,,7,7,True,川A学临领8领,0.6387158185494725,-8.069321734743426,True,川,baseline,0.32267309573834535,-1.1311155557632446
fenqusai/test_photo/046015625-97_243-180&408_522&543-522&543_208&495_180&408_501&451-0_0_3_24_30_30_33_25-61-79.jpg,0,5,True,green,special_7,,7,7,True,川A学临领8领,0.6387158185494725,-8.069321734743426,True,川,baseline,0.32267309573834535,-1.1311155557632446
fenqusai/test_photo/046015625-97_243-180&408_522&543-522&543_208&495_180&408_501&451-0_0_3_24_30_30_33_25-61-79.jpg,0,6,False,green,unknown_8,,8,4,False,川PT8,0.1430124698504513,-35.00682211390813,True,川,baseline,0.32267309573834535,-1.1311155557632446
fenqusai/test_photo/049921875-80_275-250&410_534&587-534&506_259&587_250&469_530&410-0_0_3_17_25_25_30_25-128-23.jpg,0,0,True,green,green,,8,8,True,藏KAT1AQ1,0.7668487717996414,-4.778381979073856,True,藏,baseline,0.1614713297002787,-1.823427677154541
fenqusai/test_photo/049921875-80_275-250&410_534&587-534&506_259&587_250&469_530&410-0_0_3_17_25_25_30_25-128-23.jpg,0,1,False,green,green,tractor_green,8,8,True,藏KAT1AQ1,0.7668487717996414,-4.778381979073856,True,藏,baseline,0.1614713297002787,-1.823427677154541
fenqusai/test_photo/049921875-80_275-250&410_534&587-534&506_259&587_250&469_530&410-0_0_3_17_25_25_30_25-128-23.jpg,0,2,False,green,blue,,7,7,True,藏KA4T11,0.7355532595429958,-5.528381919469211,True,藏,baseline,0.1614713297002787,-1.823427677154541
fenqusai/test_photo/049921875-80_275-250&410_534&587-534&506_259&587_250&469_530&410-0_0_3_17_25_25_30_25-128-23.jpg,0,3,False,green,yellow,,7,7,True,藏KA4T11,0.7355532595429958,-5.528381919469211,True,藏,baseline,0.1614713297002787,-1.823427677154541
fenqusai/test_photo/049921875-80_275-250&410_534&587-534&506_259&587_250&469_530&410-0_0_3_17_25_25_30_25-128-23.jpg,0,4,False,green,black,,7,7,True,藏KA4T11,0.7355532595429958,-5.528381919469211,True,藏,baseline,0.1614713297002787,-1.823427677154541
fenqusai/test_photo/049921875-80_275-250&410_534&587-534&506_259&587_250&469_530&410-0_0_3_17_25_25_30_25-128-23.jpg,0,5,False,green,special_7,,7,7,True,藏KA4T11,0.7355532595429958,-5.528381919469211,True,藏,baseline,0.1614713297002787,-1.823427677154541
fenqusai/test_photo/049921875-80_275-250&410_534&587-534&506_259&587_250&469_530&410-0_0_3_17_25_25_30_25-128-23.jpg,0,6,False,green,unknown_8,,8,8,True,藏KAT1AQ1,0.7668487717996414,-4.778381979073856,True,藏,baseline,0.1614713297002787,-1.823427677154541
fenqusai/test_photo/1006.jpg,0,0,True,blue,blue,,7,7,True,黑DYQ565,0.9839000881434216,-0.29215662344404336,True,黑,baseline,0.2544158204597726,-1.3687852621078491
fenqusai/test_photo/1006.jpg,0,1,False,blue,green,,8,7,False,黑DYQ565,0.9839000881434216,-0.29215662344404336,True,黑,baseline,0.2544158204597726,-1.3687852621078491
fenqusai/test_photo/1006.jpg,0,2,False,blue,green,tractor_green,8,7,False,黑DYQ565,0.9839000881434216,-0.29215662344404336,True,黑,baseline,0.2544158204597726,-1.3687852621078491
fenqusai/test_photo/1006.jpg,0,3,False,blue,yellow,,7,7,True,黑DYQ565,0.9839000881434216,-0.29215662344404336,True,黑,baseline,0.2544158204597726,-1.3687852621078491
fenqusai/test_photo/1006.jpg,0,4,False,blue,black,,7,7,True,黑DYQ565,0.9839000881434216,-0.29215662344404336,True,黑,baseline,0.2544158204597726,-1.3687852621078491
fenqusai/test_photo/1006.jpg,0,5,False,blue,special_7,,7,7,True,黑DYQ565,0.9839000881434216,-0.29215662344404336,True,黑,baseline,0.2544158204597726,-1.3687852621078491
fenqusai/test_photo/1006.jpg,0,6,False,blue,unknown_8,,8,7,False,黑DYQ565,0.9839000881434216,-0.29215662344404336,True,黑,baseline,0.2544158204597726,-1.3687852621078491
fenqusai/test_photo/14.jpg,0,0,True,blue,blue,,7,7,True,川C4298S,0.9525135793803784,-0.8757164792804133,True,川,baseline,0.19914428589553057,-1.6137256622314453
fenqusai/test_photo/14.jpg,0,1,False,blue,green,,8,7,False,川C4298S,0.9525135793803784,-0.8757164792804133,True,川,baseline,0.19914428589553057,-1.6137256622314453
fenqusai/test_photo/14.jpg,0,2,False,blue,green,tractor_green,8,7,False,川C4298S,0.9525135793803784,-0.8757164792804133,True,川,baseline,0.19914428589553057,-1.6137256622314453
fenqusai/test_photo/14.jpg,0,3,False,blue,yellow,,7,7,True,川C4298S,0.9525135793803784,-0.8757164792804133,True,川,baseline,0.19914428589553057,-1.6137256622314453
fenqusai/test_photo/14.jpg,0,4,False,blue,black,,7,7,True,川C4298S,0.9525135793803784,-0.8757164792804133,True,川,baseline,0.19914428589553057,-1.6137256622314453
fenqusai/test_photo/14.jpg,0,5,False,blue,special_7,,7,7,True,川C4298S,0.9525135793803784,-0.8757164792804133,True,川,baseline,0.19914428589553057,-1.6137256622314453
fenqusai/test_photo/14.jpg,0,6,False,blue,unknown_8,,8,7,False,川C4298S,0.9525135793803784,-0.8757164792804133,True,川,baseline,0.19914428589553057,-1.6137256622314453
fenqusai/test_photo/18.jpg,0,0,False,blue,blue,,7,6,False,川GG559,0.277113928733381,-23.0998781211673,True,川,baseline,0.10544069578856748,-2.2496066093444824
fenqusai/test_photo/18.jpg,0,1,False,blue,green,,8,6,False,川GG559,0.277113928733381,-23.0998781211673,True,川,baseline,0.10544069578856748,-2.2496066093444824
fenqusai/test_photo/18.jpg,0,2,False,blue,green,tractor_green,8,7,False,川GG559挂,0.5286158555294048,-11.474879074841617,True,川,baseline,0.10544069578856748,-2.2496066093444824
fenqusai/test_photo/18.jpg,0,3,False,blue,yellow,,7,7,True,川GG559挂,0.5286158555294048,-11.474879074841617,True,川,baseline,0.10544069578856748,-2.2496066093444824
fenqusai/test_photo/18.jpg,0,4,False,blue,black,,7,7,True,川GG559领,0.769131534709425,-4.7248789980075045,True,川,baseline,0.10544069578856748,-2.2496066093444824
fenqusai/test_photo/18.jpg,0,5,True,blue,special_7,,7,7,True,川GG559领,0.769131534709425,-4.7248789980075045,True,川,baseline,0.10544069578856748,-2.2496066093444824
fenqusai/test_photo/18.jpg,0,6,False,blue,unknown_8,,8,6,False,川GG559,0.277113928733381,-23.0998781211673,True,川,baseline,0.10544069578856748,-2.2496066093444824
fenqusai/test_photo/195.jpg,0,0,True,green,green,,8,8,True,川A2F9D0D,0.7250806152644966,-5.786503863133078,True,川,baseline,0.32236436451557765,-1.1320728063583374
fenqusai/test_photo/195.jpg,0,1,False,green,green,tractor_green,8,8,True,川A2F9D0D,0.7250806152644966,-5.786503863133078,True,川,baseline,0.32236436451557765,-1.1320728063583374
fenqusai/test_photo/195.jpg,0,2,False,green,blue,,7,7,True,川A2F9D0,0.11592570465579596,-38.78650386313308,True,川,baseline,0.32236436451557765,-1.1320728063583374
fenqusai/test_photo/195.jpg,0,3,False,green,yellow,,7,7,True,川A2F9D0,0.11592570465579596,-38.78650386313308,True,川,baseline,0.32236436451557765,-1.1320728063583374
fenqusai/test_photo/195.jpg,0,4,False,green,black,,7,7,True,川A2F9D0,0.11592570465579596,-38.78650386313308,True,川,baseline,0.32236436451557765,-1.1320728063583374
fenqusai/test_photo/195.jpg,0,5,False,green,special_7,,7,7,True,川2F9D0D,0.7772229762833972,-4.536503982342367,True,川,baseline,0.32236436451557765,-1.1320728063583374
fenqusai/test_photo/195.jpg,0,6,False,green,unknown_8,,8,8,True,川A2F9D0D,0.7250806152644966,-5.786503863133078,True,川,baseline,0.32236436451557765,-1.1320728063583374
fenqusai/test_photo/204.jpg,0,0,True,blue,blue,,7,7,True,津DDD544,0.9998764701498691,-0.002223674650281282,True,津,baseline,0.3333331677762925,-1.0986127853393555
fenqusai/test_photo/204.jpg,0,1,False,blue,green,,8,8,True,津DDD5D44,0.3665590086103296,-18.064723767433293,True,津,baseline,0.3333331677762925,-1.0986127853393555
fenqusai/test_photo/204.jpg,0,2,False,blue,green,tractor_green,8,8,True,津DDD5D44,0.3665590086103296,-18.064723767433293,True,津,baseline,0.3333331677762925,-1.0986127853393555
fenqusai/test_photo/204.jpg,0,3,False,blue,yellow,,7,7,True,津DDD544,0.9998764701498691,-0.002223674650281282,True,津,baseline,0.3333331677762925,-1.0986127853393555
fenqusai/test_photo/204.jpg,0,4,False,blue,black,,7,7,True,津DDD544,0.9998764701498691,-0.002223674650281282,True,津,baseline,0.3333331677762925,-1.0986127853393555
fenqusai/test_photo/204.jpg,0,5,False,blue,special_7,,7,7,True,津DDD544,0.9998764701498691,-0.002223674650281282,True,津,baseline,0.3333331677762925,-1.0986127853393555
fenqusai/test_photo/204.jpg,0,6,False,blue,unknown_8,,8,8,True,津DDD5D44,0.3665590086103296,-18.064723767433293,True,津,baseline,0.3333331677762925,-1.0986127853393555
fenqusai/test_photo/210.jpg,0,0,True,blue,blue,,7,7,True,鲁D22222,0.9993056936478764,-0.012501854899255704,True,鲁,baseline,0.33333332672197086,-1.0986123085021973
fenqusai/test_photo/210.jpg,0,1,False,blue,green,,8,8,True,鲁D22Z222,0.7648652161458742,-4.825001677016644,True,鲁,baseline,0.33333332672197086,-1.0986123085021973
fenqusai/test_photo/210.jpg,0,2,False,blue,green,tractor_green,8,8,True,鲁D22Z222,0.7648652161458742,-4.825001677016644,True,鲁,baseline,0.33333332672197086,-1.0986123085021973
fenqusai/test_photo/210.jpg,0,3,False,blue,yellow,,7,7,True,鲁D22222,0.9993056936478764,-0.012501854899255704,True,鲁,baseline,0.33333332672197086,-1.0986123085021973
fenqusai/test_photo/210.jpg,0,4,False,blue,black,,7,7,True,鲁D22222,0.9993056936478764,-0.012501854899255704,True,鲁,baseline,0.33333332672197086,-1.0986123085021973
fenqusai/test_photo/210.jpg,0,5,False,blue,special_7,,7,7,True,鲁D22222,0.9993056936478764,-0.012501854899255704,True,鲁,baseline,0.33333332672197086,-1.0986123085021973
fenqusai/test_photo/210.jpg,0,6,False,blue,unknown_8,,8,8,True,鲁D22Z222,0.7648652161458742,-4.825001677016644,True,鲁,baseline,0.33333332672197086,-1.0986123085021973
fenqusai/test_photo/211.jpg,0,0,False,blue,blue,,7,7,True,川A266YS,0.5056542915500339,-12.27423710655372,True,川,baseline,0.33333332672197086,-1.0986123085021973
fenqusai/test_photo/211.jpg,0,1,False,blue,green,,8,8,True,川A3266YS,0.5364004526559129,-11.21173710655372,True,川,baseline,0.33333332672197086,-1.0986123085021973
fenqusai/test_photo/211.jpg,0,2,False,blue,green,tractor_green,8,8,True,川A3266Y学,0.5749743549576887,-9.96173710655372,True,川,baseline,0.33333332672197086,-1.0986123085021973
fenqusai/test_photo/211.jpg,0,3,False,blue,yellow,,7,7,True,川A266Y学,0.5420171602690069,-11.02423710655372,True,川,baseline,0.33333332672197086,-1.0986123085021973
fenqusai/test_photo/211.jpg,0,4,False,blue,black,,7,7,True,川A266Y领,0.9188064217614098,-1.5242367401947021,True,川,baseline,0.33333332672197086,-1.0986123085021973
fenqusai/test_photo/211.jpg,0,5,True,blue,special_7,,7,7,True,川A266Y领,0.9188064217614098,-1.5242367401947021,True,川,baseline,0.33333332672197086,-1.0986123085021973
fenqusai/test_photo/211.jpg,0,6,False,blue,unknown_8,,8,8,True,川A3266YS,0.5364004526559129,-11.21173710655372,True,川,baseline,0.33333332672197086,-1.0986123085021973
fenqusai/test_photo/212.jpg,0,0,True,blue,blue,,7,7,True,蒙G00000,0.9617941111219163,-0.7011877126523984,True,蒙,baseline,0.1653638176594774,-1.799607276916504
fenqusai/test_photo/212.jpg,0,1,False,blue,green,,8,7,False,蒙G00000,0.9617941111219163,-0.7011877126523984,True,蒙,baseline,0.1653638176594774,-1.799607276916504
fenqusai/test_photo/212.jpg,0,2,False,blue,green,tractor_green,8,7,False,蒙G00000,0.9617941111219163,-0.7011877126523984,True,蒙,baseline,0.1653638176594774,-1.799607276916504
fenqusai/test_photo/212.jpg,0,3,False,blue,yellow,,7,7,True,蒙G00000,0.9617941111219163,-0.7011877126523984,True,蒙,baseline,0.1653638176594774,-1.799607276916504
fenqusai/test_photo/212.jpg,0,4,False,blue,black,,7,7,True,蒙G00000,0.9617941111219163,-0.7011877126523984,True,蒙,baseline,0.1653638176594774,-1.799607276916504
fenqusai/test_photo/212.jpg,0,5,False,blue,special_7,,7,7,True,蒙G00000,0.9617941111219163,-0.7011877126523984,True,蒙,baseline,0.1653638176594774,-1.799607276916504
fenqusai/test_photo/212.jpg,0,6,False,blue,unknown_8,,8,7,False,蒙G00000,0.9617941111219163,-0.7011877126523984,True,蒙,baseline,0.1653638176594774,-1.799607276916504
fenqusai/test_photo/213.jpg,0,0,False,blue,blue,,7,7,True,川G2B39E,0.7281634387338769,-5.710135540091805,True,川,baseline,0.33262835427382603,-1.1007294654846191
fenqusai/test_photo/213.jpg,0,1,True,blue,green,,8,8,True,川G2B39ZE,0.9747608853030731,-0.46013551028948285,True,川,baseline,0.33262835427382603,-1.1007294654846191
fenqusai/test_photo/213.jpg,0,2,False,blue,green,tractor_green,8,8,True,川G2B39ZE,0.9747608853030731,-0.46013551028948285,True,川,baseline,0.33262835427382603,-1.1007294654846191
fenqusai/test_photo/213.jpg,0,3,False,blue,yellow,,7,7,True,川G2B39E,0.7281634387338769,-5.710135540091805,True,川,baseline,0.33262835427382603,-1.1007294654846191
fenqusai/test_photo/213.jpg,0,4,False,blue,black,,7,7,True,川G2B39E,0.7281634387338769,-5.710135540091805,True,川,baseline,0.33262835427382603,-1.1007294654846191
fenqusai/test_photo/213.jpg,0,5,False,blue,special_7,,7,7,True,川2B39ZE,0.8844535296641501,-2.2101354953883217,True,川,baseline,0.33262835427382603,-1.1007294654846191
fenqusai/test_photo/213.jpg,0,6,False,blue,unknown_8,,8,8,True,川G2B39ZE,0.9747608853030731,-0.46013551028948285,True,川,baseline,0.33262835427382603,-1.1007294654846191
fenqusai/test_photo/214.jpg,0,0,True,black,black,,7,7,True,鲁B9199领,0.5994690328174751,-9.210797295578217,True,鲁,0,3.974456057378111e-05,-10.133037567138672
fenqusai/test_photo/214.jpg,0,1,False,black,blue,,7,7,True,鲁B91999,0.47175557142628616,-13.523297124214864,True,鲁,0,3.974456057378111e-05,-10.133037567138672
fenqusai/test_photo/214.jpg,0,2,False,black,green,,8,8,True,鲁LB91999,0.2716128375371269,-23.460797125397207,True,鲁,0,3.974456057378111e-05,-10.133037567138672
fenqusai/test_photo/214.jpg,0,3,False,black,green,tractor_green,8,8,True,鲁B9199学9,0.3142569612234156,-20.835797038067525,True,鲁,0,3.974456057378111e-05,-10.133037567138672
fenqusai/test_photo/214.jpg,0,4,False,black,yellow,,7,7,True,鲁B91999,0.47175557142628616,-13.523297124214864,True,鲁,0,3.974456057378111e-05,-10.133037567138672
fenqusai/test_photo/214.jpg,0,5,False,black,special_7,,7,7,True,鲁B9199领,0.5994690328174751,-9.210797295578217,True,鲁,0,3.974456057378111e-05,-10.133037567138672
fenqusai/test_photo/214.jpg,0,6,False,black,unknown_8,,8,8,True,鲁LB91999,0.2716128375371269,-23.460797125397207,True,鲁,0,3.974456057378111e-05,-10.133037567138672
fenqusai/test_photo/215.jpg,0,0,True,blue,blue,,7,7,True,贵B911ZB,0.9435858668566841,-1.045222370234569,True,贵,baseline,0.1603331697239252,-1.8305013179779053
fenqusai/test_photo/215.jpg,0,1,False,blue,green,,8,7,False,贵B911ZB,0.9435858668566841,-1.045222370234569,True,贵,baseline,0.1603331697239252,-1.8305013179779053
fenqusai/test_photo/215.jpg,0,2,False,blue,green,tractor_green,8,7,False,贵B911ZB,0.9435858668566841,-1.045222370234569,True,贵,baseline,0.1603331697239252,-1.8305013179779053
fenqusai/test_photo/215.jpg,0,3,False,blue,yellow,,7,7,True,贵B911ZB,0.9435858668566841,-1.045222370234569,True,贵,baseline,0.1603331697239252,-1.8305013179779053
fenqusai/test_photo/215.jpg,0,4,False,blue,black,,7,7,True,贵B911ZB,0.9435858668566841,-1.045222370234569,True,贵,baseline,0.1603331697239252,-1.8305013179779053
fenqusai/test_photo/215.jpg,0,5,False,blue,special_7,,7,7,True,贵B911ZB,0.9435858668566841,-1.045222370234569,True,贵,baseline,0.1603331697239252,-1.8305013179779053
fenqusai/test_photo/215.jpg,0,6,False,blue,unknown_8,,8,7,False,贵B911ZB,0.9435858668566841,-1.045222370234569,True,贵,baseline,0.1603331697239252,-1.8305013179779053
fenqusai/test_photo/216.jpg,0,0,True,unknown_7,blue,,7,7,True,川A85327,0.971295537138504,-0.5242408796639211,True,川,baseline,0.3329783913583655,-1.0996776819229126
fenqusai/test_photo/216.jpg,0,1,False,unknown_7,green,,8,8,True,川PA85327,0.9512695418800067,-0.8992408796639211,True,川,baseline,0.3329783913583655,-1.0996776819229126
fenqusai/test_photo/216.jpg,0,2,False,unknown_7,green,tractor_green,8,8,True,川PA85327,0.9512695418800067,-0.8992408796639211,True,川,baseline,0.3329783913583655,-1.0996776819229126
fenqusai/test_photo/216.jpg,0,3,False,unknown_7,yellow,,7,7,True,川A85327,0.971295537138504,-0.5242408796639211,True,川,baseline,0.3329783913583655,-1.0996776819229126
fenqusai/test_photo/216.jpg,0,4,False,unknown_7,black,,7,7,True,川A85327,0.971295537138504,-0.5242408796639211,True,川,baseline,0.3329783913583655,-1.0996776819229126
fenqusai/test_photo/216.jpg,0,5,False,unknown_7,special_7,,7,7,True,川A85327,0.971295537138504,-0.5242408796639211,True,川,baseline,0.3329783913583655,-1.0996776819229126
fenqusai/test_photo/216.jpg,0,6,False,unknown_7,unknown_8,,8,8,True,川PA85327,0.9512695418800067,-0.8992408796639211,True,川,baseline,0.3329783913583655,-1.0996776819229126
fenqusai/test_photo/217.jpg,0,0,True,yellow,yellow,,7,7,True,川A87511,0.7779998855397904,-4.518520234647269,True,川,baseline,0.004687079695617766,-5.362945556640625
fenqusai/test_photo/217.jpg,0,1,False,yellow,blue,,7,7,True,川A87511,0.7779998855397904,-4.518520234647269,True,川,baseline,0.004687079695617766,-5.362945556640625
fenqusai/test_photo/217.jpg,0,2,False,yellow,green,,8,8,True,川A87T511,0.40784739399364695,-16.143519759760068,True,川,baseline,0.004687079695617766,-5.362945556640625
fenqusai/test_photo/217.jpg,0,3,False,yellow,green,tractor_green,8,8,True,川A87T511,0.40784739399364695,-16.143519759760068,True,川,baseline,0.004687079695617766,-5.362945556640625
fenqusai/test_photo/217.jpg,0,4,False,yellow,black,,7,7,True,川A87511,0.7779998855397904,-4.518520234647269,True,川,baseline,0.004687079695617766,-5.362945556640625
fenqusai/test_photo/217.jpg,0,5,False,yellow,special_7,,7,7,True,川A87511,0.7779998855397904,-4.518520234647269,True,川,baseline,0.004687079695617766,-5.362945556640625
fenqusai/test_photo/217.jpg,0,6,False,yellow,unknown_8,,8,8,True,川A87T511,0.40784739399364695,-16.143519759760068,True,川,baseline,0.004687079695617766,-5.362945556640625
fenqusai/test_photo/218.jpg,0,0,True,blue,blue,,7,7,True,鲁DJV822,0.9128930303940692,-1.6404582243220034,True,鲁,baseline,0.3285453945827988,-1.1130802631378174
fenqusai/test_photo/218.jpg,0,1,False,blue,green,,8,8,True,鲁DJV8722,0.9853605344515909,-0.2654582392231646,True,鲁,baseline,0.3285453945827988,-1.1130802631378174
fenqusai/test_photo/218.jpg,0,2,False,blue,green,tractor_green,8,8,True,鲁DJV8722,0.9853605344515909,-0.2654582392231646,True,鲁,baseline,0.3285453945827988,-1.1130802631378174
fenqusai/test_photo/218.jpg,0,3,False,blue,yellow,,7,7,True,鲁DJV822,0.9128930303940692,-1.6404582243220034,True,鲁,baseline,0.3285453945827988,-1.1130802631378174
fenqusai/test_photo/218.jpg,0,4,False,blue,black,,7,7,True,鲁DJV822,0.9128930303940692,-1.6404582243220034,True,鲁,baseline,0.3285453945827988,-1.1130802631378174
fenqusai/test_photo/218.jpg,0,5,False,blue,special_7,,7,7,True,鲁DJV822,0.9128930303940692,-1.6404582243220034,True,鲁,baseline,0.3285453945827988,-1.1130802631378174
fenqusai/test_photo/218.jpg,0,6,False,blue,unknown_8,,8,8,True,鲁DJV8722,0.9853605344515909,-0.2654582392231646,True,鲁,baseline,0.3285453945827988,-1.1130802631378174
fenqusai/test_photo/219.jpg,0,0,True,blue,blue,,7,7,True,鲁RB520T,0.9999651957746292,-0.0006264869589358568,True,鲁,baseline,0.33333332672197086,-1.0986123085021973
fenqusai/test_photo/219.jpg,0,1,False,blue,green,,8,8,True,鲁RB5Z20T,0.2519544335533364,-24.813126486958936,True,鲁,baseline,0.33333332672197086,-1.0986123085021973
fenqusai/test_photo/219.jpg,0,2,False,blue,green,tractor_green,8,8,True,鲁RB5Z20T,0.2519544335533364,-24.813126486958936,True,鲁,baseline,0.33333332672197086,-1.0986123085021973
fenqusai/test_photo/219.jpg,0,3,False,blue,yellow,,7,7,True,鲁RB520T,0.9999651957746292,-0.0006264869589358568,True,鲁,baseline,0.33333332672197086,-1.0986123085021973
fenqusai/test_photo/219.jpg,0,4,False,blue,black,,7,7,True,鲁RB520T,0.9999651957746292,-0.0006264869589358568,True,鲁,baseline,0.33333332672197086,-1.0986123085021973
fenqusai/test_photo/219.jpg,0,5,False,blue,special_7,,7,7,True,鲁RB520T,0.9999651957746292,-0.0006264869589358568,True,鲁,baseline,0.33333332672197086,-1.0986123085021973
fenqusai/test_photo/219.jpg,0,6,False,blue,unknown_8,,8,8,True,鲁RB5Z20T,0.2519544335533364,-24.813126486958936,True,鲁,baseline,0.33333332672197086,-1.0986123085021973
fenqusai/test_photo/22.jpg,0,0,True,blue,blue,,7,7,True,川A67QPF,0.9250415057779208,-1.4025000845722388,True,川,baseline,0.21688887747235397,-1.5283701419830322
fenqusai/test_photo/22.jpg,0,1,False,blue,green,,8,8,True,川A67LQPF,0.8629822831659324,-2.6525001143745612,True,川,baseline,0.21688887747235397,-1.5283701419830322
fenqusai/test_photo/22.jpg,0,2,False,blue,green,tractor_green,8,8,True,川A67LQPF,0.8629822831659324,-2.6525001143745612,True,川,baseline,0.21688887747235397,-1.5283701419830322
fenqusai/test_photo/22.jpg,0,3,False,blue,yellow,,7,7,True,川A67QPF,0.9250415057779208,-1.4025000845722388,True,川,baseline,0.21688887747235397,-1.5283701419830322
fenqusai/test_photo/22.jpg,0,4,False,blue,black,,7,7,True,川A67QPF,0.9250415057779208,-1.4025000845722388,True,川,baseline,0.21688887747235397,-1.5283701419830322
fenqusai/test_photo/22.jpg,0,5,False,blue,special_7,,7,7,True,川A67QPF,0.9250415057779208,-1.4025000845722388,True,川,baseline,0.21688887747235397,-1.5283701419830322
fenqusai/test_photo/22.jpg,0,6,False,blue,unknown_8,,8,8,True,川A67LQPF,0.8629822831659324,-2.6525001143745612,True,川,baseline,0.21688887747235397,-1.5283701419830322
fenqusai/test_photo/220.jpg,0,0,True,blue,blue,,7,7,True,浙DP3333,0.9999751100954275,-0.0004480238579631646,True,浙,baseline,0.33332800208300467,-1.098628282546997
fenqusai/test_photo/220.jpg,0,1,False,blue,green,,8,8,True,浙DP33Z33,0.5484170024440117,-10.8129479048524,True,浙,baseline,0.33332800208300467,-1.098628282546997
fenqusai/test_photo/220.jpg,0,2,False,blue,green,tractor_green,8,8,True,浙DP33Z33,0.5484170024440117,-10.8129479048524,True,浙,baseline,0.33332800208300467,-1.098628282546997
fenqusai/test_photo/220.jpg,0,3,False,blue,yellow,,7,7,True,浙DP3333,0.9999751100954275,-0.0004480238579631646,True,浙,baseline,0.33332800208300467,-1.098628282546997
fenqusai/test_photo/220.jpg,0,4,False,blue,black,,7,7,True,浙DP3333,0.9999751100954275,-0.0004480238579631646,True,浙,baseline,0.33332800208300467,-1.098628282546997
fenqusai/test_photo/220.jpg,0,5,False,blue,special_7,,7,7,True,浙DP3333,0.9999751100954275,-0.0004480238579631646,True,浙,baseline,0.33332800208300467,-1.098628282546997
fenqusai/test_photo/220.jpg,0,6,False,blue,unknown_8,,8,8,True,浙DP33Z33,0.5484170024440117,-10.8129479048524,True,浙,baseline,0.33332800208300467,-1.098628282546997
fenqusai/test_photo/221.jpg,0,0,False,blue,blue,,7,7,True,青AMVQ62,0.5615844459369825,-10.385876207434194,True,青,baseline,0.2928747670302936,-1.2280101776123047
fenqusai/test_photo/221.jpg,0,1,True,blue,green,,8,8,True,青AMVQ62A,0.8819638175596487,-2.260876445852773,True,青,baseline,0.2928747670302936,-1.2280101776123047
fenqusai/test_photo/221.jpg,0,2,False,blue,green,tractor_green,8,8,True,青AMVQ62A,0.8819638175596487,-2.260876445852773,True,青,baseline,0.2928747670302936,-1.2280101776123047
fenqusai/test_photo/221.jpg,0,3,False,blue,yellow,,7,7,True,青AMVQ62,0.5615844459369825,-10.385876207434194,True,青,baseline,0.2928747670302936,-1.2280101776123047
fenqusai/test_photo/221.jpg,0,4,False,blue,black,,7,7,True,青AMVQ62,0.5615844459369825,-10.385876207434194,True,青,baseline,0.2928747670302936,-1.2280101776123047
fenqusai/test_photo/221.jpg,0,5,False,blue,special_7,,7,7,True,青AMVQ62,0.5615844459369825,-10.385876207434194,True,青,baseline,0.2928747670302936,-1.2280101776123047
fenqusai/test_photo/221.jpg,0,6,False,blue,unknown_8,,8,8,True,青AMVQ62A,0.8819638175596487,-2.260876445852773,True,青,baseline,0.2928747670302936,-1.2280101776123047
fenqusai/test_photo/222.jpg,0,0,False,green,green,,8,8,True,川AF00006,0.5178928940389693,-11.843762874600543,True,川,baseline,0.33333332672197086,-1.0986123085021973
fenqusai/test_photo/222.jpg,0,1,False,green,green,tractor_green,8,8,True,川AF00006,0.5178928940389693,-11.843762874600543,True,川,baseline,0.33333332672197086,-1.0986123085021973
fenqusai/test_photo/222.jpg,0,2,True,green,blue,,7,7,True,川F00006,0.9999992715023862,-1.311296182393562e-05,True,川,baseline,0.33333332672197086,-1.0986123085021973
fenqusai/test_photo/222.jpg,0,3,False,green,yellow,,7,7,True,川F00006,0.9999992715023862,-1.311296182393562e-05,True,川,baseline,0.33333332672197086,-1.0986123085021973
fenqusai/test_photo/222.jpg,0,4,False,green,black,,7,7,True,川F00006,0.9999992715023862,-1.311296182393562e-05,True,川,baseline,0.33333332672197086,-1.0986123085021973
fenqusai/test_photo/222.jpg,0,5,False,green,special_7,,7,7,True,川F00006,0.9999992715023862,-1.311296182393562e-05,True,川,baseline,0.33333332672197086,-1.0986123085021973
fenqusai/test_photo/222.jpg,0,6,False,green,unknown_8,,8,8,True,川AF00006,0.5178928940389693,-11.843762874600543,True,川,baseline,0.33333332672197086,-1.0986123085021973
fenqusai/test_photo/223.jpg,0,0,True,blue,blue,,7,7,True,陕AG9Z10,0.9605091444970226,-0.7252519726752951,True,陕,baseline,0.33333332672197086,-1.0986123085021973
fenqusai/test_photo/223.jpg,0,1,False,blue,green,,8,8,True,陕AG9ZL10,0.9638500425067693,-0.6627519726752951,True,陕,baseline,0.33333332672197086,-1.0986123085021973
fenqusai/test_photo/223.jpg,0,2,False,blue,green,tractor_green,8,8,True,陕AG9ZL10,0.9638500425067693,-0.6627519726752951,True,陕,baseline,0.33333332672197086,-1.0986123085021973
fenqusai/test_photo/223.jpg,0,3,False,blue,yellow,,7,7,True,陕AG9Z10,0.9605091444970226,-0.7252519726752951,True,陕,baseline,0.33333332672197086,-1.0986123085021973
fenqusai/test_photo/223.jpg,0,4,False,blue,black,,7,7,True,陕AG9Z10,0.9605091444970226,-0.7252519726752951,True,陕,baseline,0.33333332672197086,-1.0986123085021973
fenqusai/test_photo/223.jpg,0,5,False,blue,special_7,,7,7,True,陕AG9Z10,0.9605091444970226,-0.7252519726752951,True,陕,baseline,0.33333332672197086,-1.0986123085021973
fenqusai/test_photo/223.jpg,0,6,False,blue,unknown_8,,8,8,True,陕AG9ZL10,0.9638500425067693,-0.6627519726752951,True,陕,baseline,0.33333332672197086,-1.0986123085021973
fenqusai/test_photo/224.jpg,0,0,True,blue,blue,,7,7,True,京NH1N10,0.9696546285703072,-0.554675830324868,True,京,baseline,0.33333332672197086,-1.0986123085021973
fenqusai/test_photo/224.jpg,0,1,False,blue,green,,8,7,False,京NH1N10,0.9696546285703072,-0.554675830324868,True,京,baseline,0.33333332672197086,-1.0986123085021973
fenqusai/test_photo/224.jpg,0,2,False,blue,green,tractor_green,8,7,False,京NH1N10,0.9696546285703072,-0.554675830324868,True,京,baseline,0.33333332672197086,-1.0986123085021973
fenqusai/test_photo/224.jpg,0,3,False,blue,yellow,,7,7,True,京NH1N10,0.9696546285703072,-0.554675830324868,True,京,baseline,0.33333332672197086,-1.0986123085021973
fenqusai/test_photo/224.jpg,0,4,False,blue,black,,7,7,True,京NH1N10,0.9696546285703072,-0.554675830324868,True,京,baseline,0.33333332672197086,-1.0986123085021973
fenqusai/test_photo/224.jpg,0,5,False,blue,special_7,,7,7,True,京NH1N10,0.9696546285703072,-0.554675830324868,True,京,baseline,0.33333332672197086,-1.0986123085021973
fenqusai/test_photo/224.jpg,0,6,False,blue,unknown_8,,8,7,False,京NH1N10,0.9696546285703072,-0.554675830324868,True,京,baseline,0.33333332672197086,-1.0986123085021973
fenqusai/test_photo/225.jpg,0,0,True,blue,blue,,7,7,True,闽FP9178,0.9999749701459475,-0.00045054301148184095,True,闽,baseline,0.333333207512705,-1.098612666130066
fenqusai/test_photo/225.jpg,0,1,False,blue,green,,8,8,True,闽FP91718,0.3425952335284771,-19.28170090497582,True,闽,baseline,0.333333207512705,-1.098612666130066
fenqusai/test_photo/225.jpg,0,2,False,blue,green,tractor_green,8,8,True,闽FP91718,0.3425952335284771,-19.28170090497582,True,闽,baseline,0.333333207512705,-1.098612666130066
fenqusai/test_photo/225.jpg,0,3,False,blue,yellow,,7,7,True,闽FP9178,0.9999749701459475,-0.00045054301148184095,True,闽,baseline,0.333333207512705,-1.098612666130066
fenqusai/test_photo/225.jpg,0,4,False,blue,black,,7,7,True,闽FP9178,0.9999749701459475,-0.00045054301148184095,True,闽,baseline,0.333333207512705,-1.098612666130066
fenqusai/test_photo/225.jpg,0,5,False,blue,special_7,,7,7,True,闽FP9178,0.9999749701459475,-0.00045054301148184095,True,闽,baseline,0.333333207512705,-1.098612666130066
fenqusai/test_photo/225.jpg,0,6,False,blue,unknown_8,,8,8,True,闽FP91718,0.3425952335284771,-19.28170090497582,True,闽,baseline,0.333333207512705,-1.098612666130066
fenqusai/test_photo/226.jpg,0,0,True,blue,blue,,7,7,True,鲁BQQ900,0.9999822592781641,-0.0003193358256794454,True,鲁,baseline,0.33333332672197086,-1.0986123085021973
fenqusai/test_photo/226.jpg,0,1,False,blue,green,,8,8,True,鲁BQQ9D00,0.37561733651077417,-17.625318765637985,True,鲁,baseline,0.33333332672197086,-1.0986123085021973
fenqusai/test_photo/226.jpg,0,2,False,blue,green,tractor_green,8,8,True,鲁BQQ9D00,0.37561733651077417,-17.625318765637985,True,鲁,baseline,0.33333332672197086,-1.0986123085021973
fenqusai/test_photo/226.jpg,0,3,False,blue,yellow,,7,7,True,鲁BQQ900,0.9999822592781641,-0.0003193358256794454,True,鲁,baseline,0.33333332672197086,-1.0986123085021973
fenqusai/test_photo/226.jpg,0,4,False,blue,black,,7,7,True,鲁BQQ900,0.9999822592781641,-0.0003193358256794454,True,鲁,baseline,0.33333332672197086,-1.0986123085021973
fenqusai/test_photo/226.jpg,0,5,False,blue,special_7,,7,7,True,鲁BQQ900,0.9999822592781641,-0.0003193358256794454,True,鲁,baseline,0.33333332672197086,-1.0986123085021973
fenqusai/test_photo/226.jpg,0,6,False,blue,unknown_8,,8,8,True,鲁BQQ9D00,0.37561733651077417,-17.625318765637985,True,鲁,baseline,0.33333332672197086,-1.0986123085021973
fenqusai/test_photo/227.jpg,0,0,True,black,black,,7,7,True,川C05761,0.9898380395902796,-0.18385102098545048,True,川,baseline,0.3332210504866183,-1.0989491939544678
fenqusai/test_photo/227.jpg,0,1,False,black,blue,,7,7,True,川C05761,0.9898380395902796,-0.18385102098545048,True,川,baseline,0.3332210504866183,-1.0989491939544678
fenqusai/test_photo/227.jpg,0,2,False,black,green,,8,8,True,川AC05761,0.6259108839438842,-8.433850966794118,True,川,baseline,0.3332210504866183,-1.0989491939544678
fenqusai/test_photo/227.jpg,0,3,False,black,green,tractor_green,8,8,True,川AC05761,0.6259108839438842,-8.433850966794118,True,川,baseline,0.3332210504866183,-1.0989491939544678
fenqusai/test_photo/227.jpg,0,4,False,black,yellow,,7,7,True,川C05761,0.9898380395902796,-0.18385102098545048,True,川,baseline,0.3332210504866183,-1.0989491939544678
fenqusai/test_photo/227.jpg,0,5,False,black,special_7,,7,7,True,川C05761,0.9898380395902796,-0.18385102098545048,True,川,baseline,0.3332210504866183,-1.0989491939544678
fenqusai/test_photo/227.jpg,0,6,False,black,unknown_8,,8,8,True,川AC05761,0.6259108839438842,-8.433850966794118,True,川,baseline,0.3332210504866183,-1.0989491939544678
fenqusai/test_photo/228.jpg,0,0,False,blue,blue,,7,7,True,冀RL6789,0.6127207006293465,-8.817229330335408,True,冀,baseline,0.1168757496788438,-2.146643877029419
fenqusai/test_photo/228.jpg,0,1,False,blue,green,,8,8,True,冀D8L6789,0.8259384973896912,-3.4422293987876174,True,冀,baseline,0.1168757496788438,-2.146643877029419
fenqusai/test_photo/228.jpg,0,2,False,blue,green,tractor_green,8,8,True,冀D8L6789,0.8259384973896912,-3.4422293987876174,True,冀,baseline,0.1168757496788438,-2.146643877029419
fenqusai/test_photo/228.jpg,0,3,False,blue,yellow,,7,7,True,冀RL6789,0.6127207006293465,-8.817229330335408,True,冀,baseline,0.1168757496788438,-2.146643877029419
fenqusai/test_photo/228.jpg,0,4,False,blue,black,,7,7,True,冀RL6789,0.6127207006293465,-8.817229330335408,True,冀,baseline,0.1168757496788438,-2.146643877029419
fenqusai/test_photo/228.jpg,0,5,True,blue,special_7,,7,7,True,冀8L6789,0.9008383814208776,-1.8797294583922621,True,冀,baseline,0.1168757496788438,-2.146643877029419
fenqusai/test_photo/228.jpg,0,6,False,blue,unknown_8,,8,8,True,冀D8L6789,0.8259384973896912,-3.4422293987876174,True,冀,baseline,0.1168757496788438,-2.146643877029419
fenqusai/test_photo/229.jpg,0,0,False,blue,blue,,7,7,True,津C00000,0.10251089215427411,-41.000151980333584,True,津,baseline,0.33328274608576425,-1.0987640619277954
fenqusai/test_photo/229.jpg,0,1,False,blue,green,,8,7,False,津C00000,0.10251089215427411,-41.000151980333584,True,津,baseline,0.33328274608576425,-1.0987640619277954
fenqusai/test_photo/229.jpg,0,2,False,blue,green,tractor_green,8,7,False,津C00000,0.10251089215427411,-41.000151980333584,True,津,baseline,0.33328274608576425,-1.0987640619277954
fenqusai/test_photo/229.jpg,0,3,False,blue,yellow,,7,7,True,津C00000,0.10251089215427411,-41.000151980333584,True,津,baseline,0.33328274608576425,-1.0987640619277954
fenqusai/test_photo/229.jpg,0,4,False,blue,black,,7,7,True,津C00000,0.10251089215427411,-41.000151980333584,True,津,baseline,0.33328274608576425,-1.0987640619277954
fenqusai/test_photo/229.jpg,0,5,True,blue,special_7,,7,7,True,津000000,0.9999915566837793,-0.00015198033358387875,True,津,baseline,0.33328274608576425,-1.0987640619277954
fenqusai/test_photo/229.jpg,0,6,False,blue,unknown_8,,8,7,False,津C00000,0.10251089215427411,-41.000151980333584,True,津,baseline,0.33328274608576425,-1.0987640619277954
fenqusai/test_photo/25.jpg,0,0,True,blue,blue,,7,7,True,粤ESB945,0.9884406717009971,-0.20927982032168302,True,粤,baseline,0.27039015559263485,-1.3078893423080444
fenqusai/test_photo/25.jpg,0,1,False,blue,green,,8,7,False,粤ESB945,0.9884406717009971,-0.20927982032168302,True,粤,baseline,0.27039015559263485,-1.3078893423080444
fenqusai/test_photo/25.jpg,0,2,False,blue,green,tractor_green,8,7,False,粤ESB945,0.9884406717009971,-0.20927982032168302,True,粤,baseline,0.27039015559263485,-1.3078893423080444
fenqusai/test_photo/25.jpg,0,3,False,blue,yellow,,7,7,True,粤ESB945,0.9884406717009971,-0.20927982032168302,True,粤,baseline,0.27039015559263485,-1.3078893423080444
fenqusai/test_photo/25.jpg,0,4,False,blue,black,,7,7,True,粤ESB945,0.9884406717009971,-0.20927982032168302,True,粤,baseline,0.27039015559263485,-1.3078893423080444
fenqusai/test_photo/25.jpg,0,5,False,blue,special_7,,7,7,True,粤ESB945,0.9884406717009971,-0.20927982032168302,True,粤,baseline,0.27039015559263485,-1.3078893423080444
fenqusai/test_photo/25.jpg,0,6,False,blue,unknown_8,,8,7,False,粤ESB945,0.9884406717009971,-0.20927982032168302,True,粤,baseline,0.27039015559263485,-1.3078893423080444
fenqusai/test_photo/26.jpg,0,0,True,blue,blue,,7,7,True,苏E7382B,0.9993812249734969,-0.011141397842024503,True,苏,baseline,0.33333126043406397,-1.098618507385254
fenqusai/test_photo/26.jpg,0,1,False,blue,green,,8,8,True,苏E738Z2B,0.6253967808330408,-8.44864166420028,True,苏,baseline,0.33333126043406397,-1.098618507385254
fenqusai/test_photo/26.jpg,0,2,False,blue,green,tractor_green,8,8,True,苏E738Z2B,0.6253967808330408,-8.44864166420028,True,苏,baseline,0.33333126043406397,-1.098618507385254
fenqusai/test_photo/26.jpg,0,3,False,blue,yellow,,7,7,True,苏E7382B,0.9993812249734969,-0.011141397842024503,True,苏,baseline,0.33333126043406397,-1.098618507385254
fenqusai/test_photo/26.jpg,0,4,False,blue,black,,7,7,True,苏E7382B,0.9993812249734969,-0.011141397842024503,True,苏,baseline,0.33333126043406397,-1.098618507385254
fenqusai/test_photo/26.jpg,0,5,False,blue,special_7,,7,7,True,苏E7382B,0.9993812249734969,-0.011141397842024503,True,苏,baseline,0.33333126043406397,-1.098618507385254
fenqusai/test_photo/26.jpg,0,6,False,blue,unknown_8,,8,8,True,苏E738Z2B,0.6253967808330408,-8.44864166420028,True,苏,baseline,0.33333126043406397,-1.098618507385254
fenqusai/test_photo/30.jpg,0,0,True,unknown_7,blue,,7,7,True,皖AJH155,0.986813494304829,-0.2389359529454893,True,皖,baseline,0.3333332869855442,-1.0986124277114868
fenqusai/test_photo/30.jpg,0,1,False,unknown_7,green,,8,7,False,皖AJH155,0.986813494304829,-0.2389359529454893,True,皖,baseline,0.3333332869855442,-1.0986124277114868
fenqusai/test_photo/30.jpg,0,2,False,unknown_7,green,tractor_green,8,7,False,皖AJH155,0.986813494304829,-0.2389359529454893,True,皖,baseline,0.3333332869855442,-1.0986124277114868
fenqusai/test_photo/30.jpg,0,3,False,unknown_7,yellow,,7,7,True,皖AJH155,0.986813494304829,-0.2389359529454893,True,皖,baseline,0.3333332869855442,-1.0986124277114868
fenqusai/test_photo/30.jpg,0,4,False,unknown_7,black,,7,7,True,皖AJH155,0.986813494304829,-0.2389359529454893,True,皖,baseline,0.3333332869855442,-1.0986124277114868
fenqusai/test_photo/30.jpg,0,5,False,unknown_7,special_7,,7,7,True,皖AJH155,0.986813494304829,-0.2389359529454893,True,皖,baseline,0.3333332869855442,-1.0986124277114868
fenqusai/test_photo/30.jpg,0,6,False,unknown_7,unknown_8,,8,7,False,皖AJH155,0.986813494304829,-0.2389359529454893,True,皖,baseline,0.3333332869855442,-1.0986124277114868
fenqusai/test_photo/3040625-99_253-195&400_483&542-482&542_207&496_195&400_483&450-0_0_3_25_26_30_30_30-114-232.jpg,0,0,True,green,green,,8,8,True,川AD12668,0.7063909916910385,-6.256554879473178,True,川,baseline,0.021508792371794712,-3.8392934799194336
fenqusai/test_photo/3040625-99_253-195&400_483&542-482&542_207&496_195&400_483&450-0_0_3_25_26_30_30_30-114-232.jpg,0,1,False,green,green,tractor_green,8,8,True,川AD12668,0.7063909916910385,-6.256554879473178,True,川,baseline,0.021508792371794712,-3.8392934799194336
fenqusai/test_photo/3040625-99_253-195&400_483&542-482&542_207&496_195&400_483&450-0_0_3_25_26_30_30_30-114-232.jpg,0,2,False,green,blue,,7,7,True,川D12668,0.559772251860175,-10.444054879473178,True,川,baseline,0.021508792371794712,-3.8392934799194336
fenqusai/test_photo/3040625-99_253-195&400_483&542-482&542_207&496_195&400_483&450-0_0_3_25_26_30_30_30-114-232.jpg,0,3,False,green,yellow,,7,7,True,川D12668,0.559772251860175,-10.444054879473178,True,川,baseline,0.021508792371794712,-3.8392934799194336
fenqusai/test_photo/3040625-99_253-195&400_483&542-482&542_207&496_195&400_483&450-0_0_3_25_26_30_30_30-114-232.jpg,0,4,False,green,black,,7,7,True,川D12668,0.559772251860175,-10.444054879473178,True,川,baseline,0.021508792371794712,-3.8392934799194336
fenqusai/test_photo/3040625-99_253-195&400_483&542-482&542_207&496_195&400_483&450-0_0_3_25_26_30_30_30-114-232.jpg,0,5,False,green,special_7,,7,7,True,川D12668,0.559772251860175,-10.444054879473178,True,川,baseline,0.021508792371794712,-3.8392934799194336
fenqusai/test_photo/3040625-99_253-195&400_483&542-482&542_207&496_195&400_483&450-0_0_3_25_26_30_30_30-114-232.jpg,0,6,False,green,unknown_8,,8,8,True,川AD12668,0.7063909916910385,-6.256554879473178,True,川,baseline,0.021508792371794712,-3.8392934799194336
fenqusai/test_photo/304515625-74_83-221&426_493&594-493&512_237&594_221&506_482&426-0_0_5_24_29_33_29_32-108-73.jpg,0,0,False,green,green,,8,7,False,湘AQ595F,0.6715348282635439,-7.167409163994286,True,湘,baseline,0.13032356160783778,-2.0377349853515625
fenqusai/test_photo/304515625-74_83-221&426_493&594-493&512_237&594_221&506_482&426-0_0_5_24_29_33_29_32-108-73.jpg,0,1,False,green,green,tractor_green,8,8,True,湘A学Q595F,0.8242113523668733,-3.47990915468106,True,湘,baseline,0.13032356160783778,-2.0377349853515625
fenqusai/test_photo/304515625-74_83-221&426_493&594-493&512_237&594_221&506_482&426-0_0_5_24_29_33_29_32-108-73.jpg,0,2,True,green,blue,,7,7,True,湘AQ595F,0.6715348282635439,-7.167409163994286,True,湘,baseline,0.13032356160783778,-2.0377349853515625
fenqusai/test_photo/304515625-74_83-221&426_493&594-493&512_237&594_221&506_482&426-0_0_5_24_29_33_29_32-108-73.jpg,0,3,False,green,yellow,,7,7,True,湘A学Q95F,0.7504529738120616,-5.167409214285705,True,湘,baseline,0.13032356160783778,-2.0377349853515625
fenqusai/test_photo/304515625-74_83-221&426_493&594-493&512_237&594_221&506_482&426-0_0_5_24_29_33_29_32-108-73.jpg,0,4,False,green,black,,7,7,True,湘A学Q95临,0.7933246597545575,-4.167409214285705,True,湘,baseline,0.13032356160783778,-2.0377349853515625
fenqusai/test_photo/304515625-74_83-221&426_493&594-493&512_237&594_221&506_482&426-0_0_5_24_29_33_29_32-108-73.jpg,0,5,False,green,special_7,,7,7,True,湘A学Q95临,0.7933246597545575,-4.167409214285705,True,湘,baseline,0.13032356160783778,-2.0377349853515625
fenqusai/test_photo/304515625-74_83-221&426_493&594-493&512_237&594_221&506_482&426-0_0_5_24_29_33_29_32-108-73.jpg,0,6,False,green,unknown_8,,8,7,False,湘AQ595F,0.6715348282635439,-7.167409163994286,True,湘,baseline,0.13032356160783778,-2.0377349853515625
fenqusai/test_photo/30671875-101_110-88&427_475&602-475&602_119&522_88&427_458&484-0_0_3_24_30_24_31_33-82-166.jpg,0,0,True,green,green,,8,8,True,川Z18471F,0.0749006575521589,-46.648666969739224,True,川,baseline,0.25577921888918764,-1.3634406328201294
fenqusai/test_photo/30671875-101_110-88&427_475&602-475&602_119&522_88&427_458&484-0_0_3_24_30_24_31_33-82-166.jpg,0,1,False,green,green,tractor_green,8,8,True,川Z18471学,0.28414821231892723,-22.648667446576383,True,川,baseline,0.25577921888918764,-1.3634406328201294
fenqusai/test_photo/30671875-101_110-88&427_475&602-475&602_119&522_88&427_458&484-0_0_3_24_30_24_31_33-82-166.jpg,0,2,False,green,blue,,7,7,True,川Z1847F,0.06679173394825079,-48.711167088948514,True,川,baseline,0.25577921888918764,-1.3634406328201294
fenqusai/test_photo/30671875-101_110-88&427_475&602-475&602_119&522_88&427_458&484-0_0_3_24_30_24_31_33-82-166.jpg,0,3,False,green,yellow,,7,7,True,川Z1847学,0.253385649997272,-24.711167565785672,True,川,baseline,0.25577921888918764,-1.3634406328201294
fenqusai/test_photo/30671875-101_110-88&427_475&602-475&602_119&522_88&427_458&484-0_0_3_24_30_24_31_33-82-166.jpg,0,4,False,green,black,,7,7,True,川Z领18领港,0.09484782628014078,-42.398667005595144,True,川,baseline,0.25577921888918764,-1.3634406328201294
fenqusai/test_photo/30671875-101_110-88&427_475&602-475&602_119&522_88&427_458&484-0_0_3_24_30_24_31_33-82-166.jpg,0,5,False,green,special_7,,7,7,True,川8领18G临,0.12785347487456575,-37.02366716950792,True,川,baseline,0.25577921888918764,-1.3634406328201294
fenqusai/test_photo/30671875-101_110-88&427_475&602-475&602_119&522_88&427_458&484-0_0_3_24_30_24_31_33-82-166.jpg,0,6,False,green,unknown_8,,8,8,True,川Z18471F,0.0749006575521589,-46.648666969739224,True,川,baseline,0.25577921888918764,-1.3634406328201294
fenqusai/test_photo/32.jpg,0,0,True,blue,blue,,7,7,True,陕AZ0E83,0.995735935890944,-0.07691726082180139,True,陕,baseline,0.33333332672197086,-1.0986123085021973
fenqusai/test_photo/32.jpg,0,1,False,blue,green,,8,8,True,陕AZ0EP83,0.7542352408413322,-5.076917444292349,True,陕,baseline,0.33333332672197086,-1.0986123085021973
fenqusai/test_photo/32.jpg,0,2,False,blue,green,tractor_green,8,8,True,陕AZ0EP83,0.7542352408413322,-5.076917444292349,True,陕,baseline,0.33333332672197086,-1.0986123085021973
fenqusai/test_photo/32.jpg,0,3,False,blue,yellow,,7,7,True,陕AZ0E83,0.995735935890944,-0.07691726082180139,True,陕,baseline,0.33333332672197086,-1.0986123085021973
fenqusai/test_photo/32.jpg,0,4,False,blue,black,,7,7,True,陕AZ0E83,0.995735935890944,-0.07691726082180139,True,陕,baseline,0.33333332672197086,-1.0986123085021973
fenqusai/test_photo/32.jpg,0,5,False,blue,special_7,,7,7,True,陕AZ0E83,0.995735935890944,-0.07691726082180139,True,陕,baseline,0.33333332672197086,-1.0986123085021973
fenqusai/test_photo/32.jpg,0,6,False,blue,unknown_8,,8,8,True,陕AZ0EP83,0.7542352408413322,-5.076917444292349,True,陕,baseline,0.33333332672197086,-1.0986123085021973
fenqusai/test_photo/33.jpg,0,0,True,blue,blue,,7,7,True,辽A8H3J6,0.9630937250634811,-0.6768818242126144,True,辽,baseline,0.18675342448675045,-1.6779661178588867
fenqusai/test_photo/33.jpg,0,1,False,blue,green,,8,8,True,辽A8HM3J6,0.6665366855945325,-7.301881777064409,True,辽,baseline,0.18675342448675045,-1.6779661178588867
fenqusai/test_photo/33.jpg,0,2,False,blue,green,tractor_green,8,8,True,辽A8HM3J6,0.6665366855945325,-7.301881777064409,True,辽,baseline,0.18675342448675045,-1.6779661178588867
fenqusai/test_photo/33.jpg,0,3,False,blue,yellow,,7,7,True,辽A8H3J6,0.9630937250634811,-0.6768818242126144,True,辽,baseline,0.18675342448675045,-1.6779661178588867
fenqusai/test_photo/33.jpg,0,4,False,blue,black,,7,7,True,辽A8H3J6,0.9630937250634811,-0.6768818242126144,True,辽,baseline,0.18675342448675045,-1.6779661178588867
fenqusai/test_photo/33.jpg,0,5,False,blue,special_7,,7,7,True,辽A8H3J6,0.9630937250634811,-0.6768818242126144,True,辽,baseline,0.18675342448675045,-1.6779661178588867
fenqusai/test_photo/33.jpg,0,6,False,blue,unknown_8,,8,8,True,辽A8HM3J6,0.6665366855945325,-7.301881777064409,True,辽,baseline,0.18675342448675045,-1.6779661178588867
fenqusai/test_photo/34.jpg,0,0,True,blue,blue,,7,7,True,黑AJP250,0.9661854449292817,-0.6191908419131806,True,黑,baseline,0.33333332672197086,-1.0986123085021973
fenqusai/test_photo/34.jpg,0,1,False,blue,green,,8,8,True,黑AJP2560,0.5372965913787021,-11.18169045448299,True,黑,baseline,0.33333332672197086,-1.0986123085021973
fenqusai/test_photo/34.jpg,0,2,False,blue,green,tractor_green,8,8,True,黑AJP2560,0.5372965913787021,-11.18169045448299,True,黑,baseline,0.33333332672197086,-1.0986123085021973
fenqusai/test_photo/34.jpg,0,3,False,blue,yellow,,7,7,True,黑AJP250,0.9661854449292817,-0.6191908419131806,True,黑,baseline,0.33333332672197086,-1.0986123085021973
fenqusai/test_photo/34.jpg,0,4,False,blue,black,,7,7,True,黑AJP250,0.9661854449292817,-0.6191908419131806,True,黑,baseline,0.33333332672197086,-1.0986123085021973
fenqusai/test_photo/34.jpg,0,5,False,blue,special_7,,7,7,True,黑AJP250,0.9661854449292817,-0.6191908419131806,True,黑,baseline,0.33333332672197086,-1.0986123085021973
fenqusai/test_photo/34.jpg,0,6,False,blue,unknown_8,,8,8,True,黑AJP2560,0.5372965913787021,-11.18169045448299,True,黑,baseline,0.33333332672197086,-1.0986123085021973
fenqusai/test_photo/37.jpg,0,0,True,blue,blue,,7,7,True,京B98Z10,0.9988101957649079,-0.021429227053708644,True,京,baseline,0.32691035443942235,-1.1180692911148071
fenqusai/test_photo/37.jpg,0,1,False,blue,green,,8,7,False,京B98Z10,0.9988101957649079,-0.021429227053708644,True,京,baseline,0.32691035443942235,-1.1180692911148071
fenqusai/test_photo/37.jpg,0,2,False,blue,green,tractor_green,8,7,False,京B98Z10,0.9988101957649079,-0.021429227053708644,True,京,baseline,0.32691035443942235,-1.1180692911148071
fenqusai/test_photo/37.jpg,0,3,False,blue,yellow,,7,7,True,京B98Z10,0.9988101957649079,-0.021429227053708644,True,京,baseline,0.32691035443942235,-1.1180692911148071
fenqusai/test_photo/37.jpg,0,4,False,blue,black,,7,7,True,京B98Z10,0.9988101957649079,-0.021429227053708644,True,京,baseline,0.32691035443942235,-1.1180692911148071
fenqusai/test_photo/37.jpg,0,5,False,blue,special_7,,7,7,True,京B98Z10,0.9988101957649079,-0.021429227053708644,True,京,baseline,0.32691035443942235,-1.1180692911148071
fenqusai/test_photo/37.jpg,0,6,False,blue,unknown_8,,8,7,False,京B98Z10,0.9988101957649079,-0.021429227053708644,True,京,baseline,0.32691035443942235,-1.1180692911148071
fenqusai/test_photo/374.jpg,0,0,True,blue,blue,,7,7,True,吉A12345,0.9947542355504779,-0.09467229203437455,True,吉,baseline,0.3333216841515846,-1.0986472368240356
fenqusai/test_photo/374.jpg,0,1,False,blue,green,,8,7,False,吉A12345,0.9947542355504779,-0.09467229203437455,True,吉,baseline,0.3333216841515846,-1.0986472368240356
fenqusai/test_photo/374.jpg,0,2,False,blue,green,tractor_green,8,7,False,吉A12345,0.9947542355504779,-0.09467229203437455,True,吉,baseline,0.3333216841515846,-1.0986472368240356
fenqusai/test_photo/374.jpg,0,3,False,blue,yellow,,7,7,True,吉A12345,0.9947542355504779,-0.09467229203437455,True,吉,baseline,0.3333216841515846,-1.0986472368240356
fenqusai/test_photo/374.jpg,0,4,False,blue,black,,7,7,True,吉A12345,0.9947542355504779,-0.09467229203437455,True,吉,baseline,0.3333216841515846,-1.0986472368240356
fenqusai/test_photo/374.jpg,0,5,False,blue,special_7,,7,7,True,吉A12345,0.9947542355504779,-0.09467229203437455,True,吉,baseline,0.3333216841515846,-1.0986472368240356
fenqusai/test_photo/374.jpg,0,6,False,blue,unknown_8,,8,7,False,吉A12345,0.9947542355504779,-0.09467229203437455,True,吉,baseline,0.3333216841515846,-1.0986472368240356
fenqusai/test_photo/38.jpg,0,0,True,blue,blue,,7,7,True,新AW6312,0.9972211608703377,-0.05008873087331267,True,新,baseline,0.3190007221085715,-1.142561912536621
fenqusai/test_photo/38.jpg,0,1,False,blue,green,,8,7,False,新AW6312,0.9972211608703377,-0.05008873087331267,True,新,baseline,0.3190007221085715,-1.142561912536621
fenqusai/test_photo/38.jpg,0,2,False,blue,green,tractor_green,8,7,False,新AW6312,0.9972211608703377,-0.05008873087331267,True,新,baseline,0.3190007221085715,-1.142561912536621
fenqusai/test_photo/38.jpg,0,3,False,blue,yellow,,7,7,True,新AW6312,0.9972211608703377,-0.05008873087331267,True,新,baseline,0.3190007221085715,-1.142561912536621
fenqusai/test_photo/38.jpg,0,4,False,blue,black,,7,7,True,新AW6312,0.9972211608703377,-0.05008873087331267,True,新,baseline,0.3190007221085715,-1.142561912536621
fenqusai/test_photo/38.jpg,0,5,False,blue,special_7,,7,7,True,新AW6312,0.9972211608703377,-0.05008873087331267,True,新,baseline,0.3190007221085715,-1.142561912536621
fenqusai/test_photo/38.jpg,0,6,False,blue,unknown_8,,8,7,False,新AW6312,0.9972211608703377,-0.05008873087331267,True,新,baseline,0.3190007221085715,-1.142561912536621
fenqusai/test_photo/38_0576.jpg,0,0,True,blue,blue,,7,7,True,川D703W6,0.9359416059584047,-1.1916394424506507,True,川,baseline,0.12691428817220773,-2.0642433166503906
fenqusai/test_photo/38_0576.jpg,0,1,False,blue,green,,8,7,False,川D703W6,0.9359416059584047,-1.1916394424506507,True,川,baseline,0.12691428817220773,-2.0642433166503906
fenqusai/test_photo/38_0576.jpg,0,2,False,blue,green,tractor_green,8,7,False,川D703W6,0.9359416059584047,-1.1916394424506507,True,川,baseline,0.12691428817220773,-2.0642433166503906
fenqusai/test_photo/38_0576.jpg,0,3,False,blue,yellow,,7,7,True,川D703W6,0.9359416059584047,-1.1916394424506507,True,川,baseline,0.12691428817220773,-2.0642433166503906
fenqusai/test_photo/38_0576.jpg,0,4,False,blue,black,,7,7,True,川D703W6,0.9359416059584047,-1.1916394424506507,True,川,baseline,0.12691428817220773,-2.0642433166503906
fenqusai/test_photo/38_0576.jpg,0,5,False,blue,special_7,,7,7,True,川D703W6,0.9359416059584047,-1.1916394424506507,True,川,baseline,0.12691428817220773,-2.0642433166503906
fenqusai/test_photo/38_0576.jpg,0,6,False,blue,unknown_8,,8,7,False,川D703W6,0.9359416059584047,-1.1916394424506507,True,川,baseline,0.12691428817220773,-2.0642433166503906
fenqusai/test_photo/38_0576.jpg,1,0,True,blue,blue,,7,7,True,川A79P2Z,0.9567063799037617,-0.7966574579458552,True,川,baseline,0.30596193462644383,-1.184294581413269
fenqusai/test_photo/38_0576.jpg,1,1,False,blue,green,,8,7,False,川A79P2Z,0.9567063799037617,-0.7966574579458552,True,川,baseline,0.30596193462644383,-1.184294581413269
fenqusai/test_photo/38_0576.jpg,1,2,False,blue,green,tractor_green,8,7,False,川A79P2Z,0.9567063799037617,-0.7966574579458552,True,川,baseline,0.30596193462644383,-1.184294581413269
fenqusai/test_photo/38_0576.jpg,1,3,False,blue,yellow,,7,7,True,川A79P2Z,0.9567063799037617,-0.7966574579458552,True,川,baseline,0.30596193462644383,-1.184294581413269
fenqusai/test_photo/38_0576.jpg,1,4,False,blue,black,,7,7,True,川A79P2Z,0.9567063799037617,-0.7966574579458552,True,川,baseline,0.30596193462644383,-1.184294581413269
fenqusai/test_photo/38_0576.jpg,1,5,False,blue,special_7,,7,7,True,川A79P2Z,0.9567063799037617,-0.7966574579458552,True,川,baseline,0.30596193462644383,-1.184294581413269
fenqusai/test_photo/38_0576.jpg,1,6,False,blue,unknown_8,,8,7,False,川A79P2Z,0.9567063799037617,-0.7966574579458552,True,川,baseline,0.30596193462644383,-1.184294581413269
fenqusai/test_photo/38_0665.jpg,0,0,True,blue,blue,,7,7,True,川A958CT,0.9937794910428974,-0.1123188647900406,True,川,baseline,0.3386350377221842,-1.0828323364257812
fenqusai/test_photo/38_0665.jpg,0,1,False,blue,green,,8,8,True,川AA958CT,0.46295343244993853,-13.862318540689785,True,川,baseline,0.3386350377221842,-1.0828323364257812
fenqusai/test_photo/38_0665.jpg,0,2,False,blue,green,tractor_green,8,8,True,川AA958CT,0.46295343244993853,-13.862318540689785,True,川,baseline,0.3386350377221842,-1.0828323364257812
fenqusai/test_photo/38_0665.jpg,0,3,False,blue,yellow,,7,7,True,川A958CT,0.9937794910428974,-0.1123188647900406,True,川,baseline,0.3386350377221842,-1.0828323364257812
fenqusai/test_photo/38_0665.jpg,0,4,False,blue,black,,7,7,True,川A958CT,0.9937794910428974,-0.1123188647900406,True,川,baseline,0.3386350377221842,-1.0828323364257812
fenqusai/test_photo/38_0665.jpg,0,5,False,blue,special_7,,7,7,True,川A958CT,0.9937794910428974,-0.1123188647900406,True,川,baseline,0.3386350377221842,-1.0828323364257812
fenqusai/test_photo/38_0665.jpg,0,6,False,blue,unknown_8,,8,8,True,川AA958CT,0.46295343244993853,-13.862318540689785,True,川,baseline,0.3386350377221842,-1.0828323364257812
fenqusai/test_photo/38_0665.jpg,1,0,True,blue,blue,,7,7,True,湘AFS675,0.9619860415691526,-0.6975960880513412,True,湘,baseline,0.32611149640594617,-1.1205159425735474
fenqusai/test_photo/38_0665.jpg,1,1,False,blue,green,,8,8,True,湘AF5S675,0.8608229293721978,-2.697596147655986,True,湘,baseline,0.32611149640594617,-1.1205159425735474
fenqusai/test_photo/38_0665.jpg,1,2,False,blue,green,tractor_green,8,8,True,湘AF5S675,0.8608229293721978,-2.697596147655986,True,湘,baseline,0.32611149640594617,-1.1205159425735474
fenqusai/test_photo/38_0665.jpg,1,3,False,blue,yellow,,7,7,True,湘AFS675,0.9619860415691526,-0.6975960880513412,True,湘,baseline,0.32611149640594617,-1.1205159425735474
fenqusai/test_photo/38_0665.jpg,1,4,False,blue,black,,7,7,True,湘AFS675,0.9619860415691526,-0.6975960880513412,True,湘,baseline,0.32611149640594617,-1.1205159425735474
fenqusai/test_photo/38_0665.jpg,1,5,False,blue,special_7,,7,7,True,湘AFS675,0.9619860415691526,-0.6975960880513412,True,湘,baseline,0.32611149640594617,-1.1205159425735474
fenqusai/test_photo/38_0665.jpg,1,6,False,blue,unknown_8,,8,8,True,湘AF5S675,0.8608229293721978,-2.697596147655986,True,湘,baseline,0.32611149640594617,-1.1205159425735474
fenqusai/test_photo/38_0665.jpg,2,0,True,blue,blue,,7,7,True,川A2898U,0.9307807388405428,-1.2911677360509088,True,川,baseline,0.33333332672197086,-1.0986123085021973
fenqusai/test_photo/38_0665.jpg,2,1,False,blue,green,,8,8,True,川A2B898U,0.9470812112927613,-0.9786677956555536,True,川,baseline,0.33333332672197086,-1.0986123085021973
fenqusai/test_photo/38_0665.jpg,2,2,False,blue,green,tractor_green,8,8,True,川A2B898U,0.9470812112927613,-0.9786677956555536,True,川,baseline,0.33333332672197086,-1.0986123085021973
fenqusai/test_photo/38_0665.jpg,2,3,False,blue,yellow,,7,7,True,川A2898U,0.9307807388405428,-1.2911677360509088,True,川,baseline,0.33333332672197086,-1.0986123085021973
fenqusai/test_photo/38_0665.jpg,2,4,False,blue,black,,7,7,True,川A2898U,0.9307807388405428,-1.2911677360509088,True,川,baseline,0.33333332672197086,-1.0986123085021973
fenqusai/test_photo/38_0665.jpg,2,5,False,blue,special_7,,7,7,True,川A2898U,0.9307807388405428,-1.2911677360509088,True,川,baseline,0.33333332672197086,-1.0986123085021973
fenqusai/test_photo/38_0665.jpg,2,6,False,blue,unknown_8,,8,8,True,川A2B898U,0.9470812112927613,-0.9786677956555536,True,川,baseline,0.33333332672197086,-1.0986123085021973
fenqusai/test_photo/38_0689.jpg,0,0,True,blue,blue,,7,7,True,渝CM3063,0.9739272305883971,-0.47553642094032256,True,渝,baseline,0.29355143590217764,-1.2257024049758911
fenqusai/test_photo/38_0689.jpg,0,1,False,blue,green,,8,7,False,渝CM3063,0.9739272305883971,-0.47553642094032256,True,渝,baseline,0.29355143590217764,-1.2257024049758911
fenqusai/test_photo/38_0689.jpg,0,2,False,blue,green,tractor_green,8,7,False,渝CM3063,0.9739272305883971,-0.47553642094032256,True,渝,baseline,0.29355143590217764,-1.2257024049758911
fenqusai/test_photo/38_0689.jpg,0,3,False,blue,yellow,,7,7,True,渝CM3063,0.9739272305883971,-0.47553642094032256,True,渝,baseline,0.29355143590217764,-1.2257024049758911
fenqusai/test_photo/38_0689.jpg,0,4,False,blue,black,,7,7,True,渝CM3063,0.9739272305883971,-0.47553642094032256,True,渝,baseline,0.29355143590217764,-1.2257024049758911
fenqusai/test_photo/38_0689.jpg,0,5,False,blue,special_7,,7,7,True,渝CM3063,0.9739272305883971,-0.47553642094032256,True,渝,baseline,0.29355143590217764,-1.2257024049758911
fenqusai/test_photo/38_0689.jpg,0,6,False,blue,unknown_8,,8,7,False,渝CM3063,0.9739272305883971,-0.47553642094032256,True,渝,baseline,0.29355143590217764,-1.2257024049758911
fenqusai/test_photo/38_0689.jpg,1,0,False,yellow,yellow,,7,7,True,川A学98P1,0.3334324113522148,-19.769671777981607,True,川,baseline,0.168259190293991,-1.7822496891021729
fenqusai/test_photo/38_0689.jpg,1,1,False,yellow,blue,,7,7,True,川AS98P1,0.29940623138968864,-21.707171897190896,True,川,baseline,0.168259190293991,-1.7822496891021729
fenqusai/test_photo/38_0689.jpg,1,2,True,yellow,green,,8,8,True,川WAS98P1,0.34521325942276765,-19.144672374028055,True,川,baseline,0.168259190293991,-1.7822496891021729
fenqusai/test_photo/38_0689.jpg,1,3,False,yellow,green,tractor_green,8,8,True,川WA学98P1,0.38444520338081134,-17.207172254818765,True,川,baseline,0.168259190293991,-1.7822496891021729
fenqusai/test_photo/38_0689.jpg,1,4,False,yellow,black,,7,7,True,川W使学9港P,0.24821647169619296,-25.0821727884666,True,川,baseline,0.168259190293991,-1.7822496891021729
fenqusai/test_photo/38_0689.jpg,1,5,False,yellow,special_7,,7,7,True,川W使学9港P,0.24821647169619296,-25.0821727884666,True,川,baseline,0.168259190293991,-1.7822496891021729
fenqusai/test_photo/38_0689.jpg,1,6,False,yellow,unknown_8,,8,8,True,川WAS98P1,0.34521325942276765,-19.144672374028055,True,川,baseline,0.168259190293991,-1.7822496891021729
fenqusai/test_photo/38_0727.jpg,0,0,True,blue,blue,,7,7,True,川GY8578,0.9819038426419594,-0.3287141160961937,True,川,baseline,0.2774605941907685,-1.282076358795166
fenqusai/test_photo/38_0727.jpg,0,1,False,blue,green,,8,8,True,川AGY8578,0.672512809740075,-7.1412141554445725,True,川,baseline,0.2774605941907685,-1.282076358795166
fenqusai/test_photo/38_0727.jpg,0,2,False,blue,green,tractor_green,8,8,True,川AGY8578,0.672512809740075,-7.1412141554445725,True,川,baseline,0.2774605941907685,-1.282076358795166
fenqusai/test_photo/38_0727.jpg,0,3,False,blue,yellow,,7,7,True,川GY8578,0.9819038426419594,-0.3287141160961937,True,川,baseline,0.2774605941907685,-1.282076358795166
fenqusai/test_photo/38_0727.jpg,0,4,False,blue,black,,7,7,True,川GY8578,0.9819038426419594,-0.3287141160961937,True,川,baseline,0.2774605941907685,-1.282076358795166
fenqusai/test_photo/38_0727.jpg,0,5,False,blue,special_7,,7,7,True,川GY8578,0.9819038426419594,-0.3287141160961937,True,川,baseline,0.2774605941907685,-1.282076358795166
fenqusai/test_photo/38_0727.jpg,0,6,False,blue,unknown_8,,8,8,True,川AGY8578,0.672512809740075,-7.1412141554445725,True,川,baseline,0.2774605941907685,-1.282076358795166
fenqusai/test_photo/38_0727.jpg,1,0,True,blue,blue,,7,7,True,川AH036Q,0.9968472246147577,-0.05683960534515364,True,川,baseline,0.3154056734415708,-1.153895616531372
fenqusai/test_photo/38_0727.jpg,1,1,False,blue,green,,8,7,False,川AH036Q,0.9968472246147577,-0.05683960534515364,True,川,baseline,0.3154056734415708,-1.153895616531372
fenqusai/test_photo/38_0727.jpg,1,2,False,blue,green,tractor_green,8,7,False,川AH036Q,0.9968472246147577,-0.05683960534515364,True,川,baseline,0.3154056734415708,-1.153895616531372
fenqusai/test_photo/38_0727.jpg,1,3,False,blue,yellow,,7,7,True,川AH036Q,0.9968472246147577,-0.05683960534515364,True,川,baseline,0.3154056734415708,-1.153895616531372
fenqusai/test_photo/38_0727.jpg,1,4,False,blue,black,,7,7,True,川AH036Q,0.9968472246147577,-0.05683960534515364,True,川,baseline,0.3154056734415708,-1.153895616531372
fenqusai/test_photo/38_0727.jpg,1,5,False,blue,special_7,,7,7,True,川AH036Q,0.9968472246147577,-0.05683960534515364,True,川,baseline,0.3154056734415708,-1.153895616531372
fenqusai/test_photo/38_0727.jpg,1,6,False,blue,unknown_8,,8,7,False,川AH036Q,0.9968472246147577,-0.05683960534515364,True,川,baseline,0.3154056734415708,-1.153895616531372
fenqusai/test_photo/38_0738.jpg,0,0,False,blue,blue,,7,7,True,甘A6FY80,0.1966047837261359,-29.27807530714199,True,甘,baseline,0.3309017466986554,-1.1059337854385376
fenqusai/test_photo/38_0738.jpg,0,1,False,blue,green,,8,8,True,甘A6FTY80,0.14284370960900442,-35.02807535184547,True,甘,baseline,0.3309017466986554,-1.1059337854385376
fenqusai/test_photo/38_0738.jpg,0,2,False,blue,green,tractor_green,8,8,True,甘A6FTY80,0.14284370960900442,-35.02807535184547,True,甘,baseline,0.3309017466986554,-1.1059337854385376
fenqusai/test_photo/38_0738.jpg,0,3,False,blue,yellow,,7,7,True,甘A6FY80,0.1966047837261359,-29.27807530714199,True,甘,baseline,0.3309017466986554,-1.1059337854385376
fenqusai/test_photo/38_0738.jpg,0,4,False,blue,black,,7,7,True,甘A6FY80,0.1966047837261359,-29.27807530714199,True,甘,baseline,0.3309017466986554,-1.1059337854385376
fenqusai/test_photo/38_0738.jpg,0,5,True,blue,special_7,,7,7,True,甘6FTY80,0.7166576958744174,-5.996825351845473,True,甘,baseline,0.3309017466986554,-1.1059337854385376
fenqusai/test_photo/38_0738.jpg,0,6,False,blue,unknown_8,,8,8,True,甘A6FTY80,0.14284370960900442,-35.02807535184547,True,甘,baseline,0.3309017466986554,-1.1059337854385376
fenqusai/test_photo/38_0738.jpg,1,0,True,blue,blue,,7,7,True,藏BGZ027,0.9795697911712072,-0.3715522614365909,True,藏,baseline,0.3319187397189488,-1.1028650999069214
fenqusai/test_photo/38_0738.jpg,1,1,False,blue,green,,8,7,False,藏BGZ027,0.9795697911712072,-0.3715522614365909,True,藏,baseline,0.3319187397189488,-1.1028650999069214
fenqusai/test_photo/38_0738.jpg,1,2,False,blue,green,tractor_green,8,7,False,藏BGZ027,0.9795697911712072,-0.3715522614365909,True,藏,baseline,0.3319187397189488,-1.1028650999069214
fenqusai/test_photo/38_0738.jpg,1,3,False,blue,yellow,,7,7,True,藏BGZ027,0.9795697911712072,-0.3715522614365909,True,藏,baseline,0.3319187397189488,-1.1028650999069214
fenqusai/test_photo/38_0738.jpg,1,4,False,blue,black,,7,7,True,藏BGZ027,0.9795697911712072,-0.3715522614365909,True,藏,baseline,0.3319187397189488,-1.1028650999069214
fenqusai/test_photo/38_0738.jpg,1,5,False,blue,special_7,,7,7,True,藏BGZ027,0.9795697911712072,-0.3715522614365909,True,藏,baseline,0.3319187397189488,-1.1028650999069214
fenqusai/test_photo/38_0738.jpg,1,6,False,blue,unknown_8,,8,7,False,藏BGZ027,0.9795697911712072,-0.3715522614365909,True,藏,baseline,0.3319187397189488,-1.1028650999069214
fenqusai/test_photo/38_0738.jpg,2,0,True,blue,blue,,7,7,True,赣A85RJ1,0.9469141928720864,-0.9818423879204872,True,赣,baseline,0.1281264251127388,-2.0547378063201904
fenqusai/test_photo/38_0738.jpg,2,1,False,blue,green,,8,7,False,赣A85RJ1,0.9469141928720864,-0.9818423879204872,True,赣,baseline,0.1281264251127388,-2.0547378063201904
fenqusai/test_photo/38_0738.jpg,2,2,False,blue,green,tractor_green,8,7,False,赣A85RJ1,0.9469141928720864,-0.9818423879204872,True,赣,baseline,0.1281264251127388,-2.0547378063201904
fenqusai/test_photo/38_0738.jpg,2,3,False,blue,yellow,,7,7,True,赣A85RJ1,0.9469141928720864,-0.9818423879204872,True,赣,baseline,0.1281264251127388,-2.0547378063201904
fenqusai/test_photo/38_0738.jpg,2,4,False,blue,black,,7,7,True,赣A85RJ1,0.9469141928720864,-0.9818423879204872,True,赣,baseline,0.1281264251127388,-2.0547378063201904
fenqusai/test_photo/38_0738.jpg,2,5,False,blue,special_7,,7,7,True,赣A85RJ1,0.9469141928720864,-0.9818423879204872,True,赣,baseline,0.1281264251127388,-2.0547378063201904
fenqusai/test_photo/38_0738.jpg,2,6,False,blue,unknown_8,,8,7,False,赣A85RJ1,0.9469141928720864,-0.9818423879204872,True,赣,baseline,0.1281264251127388,-2.0547378063201904
fenqusai/test_photo/38_0751.jpg,0,0,True,blue,blue,,7,7,True,闽H67675,0.9381665069726093,-1.1489009933783336,True,闽,baseline,0.19386069143410334,-1.640615463256836
fenqusai/test_photo/38_0751.jpg,0,1,False,blue,green,,8,7,False,闽H67675,0.9381665069726093,-1.1489009933783336,True,闽,baseline,0.19386069143410334,-1.640615463256836
fenqusai/test_photo/38_0751.jpg,0,2,False,blue,green,tractor_green,8,7,False,闽H67675,0.9381665069726093,-1.1489009933783336,True,闽,baseline,0.19386069143410334,-1.640615463256836
fenqusai/test_photo/38_0751.jpg,0,3,False,blue,yellow,,7,7,True,闽H67675,0.9381665069726093,-1.1489009933783336,True,闽,baseline,0.19386069143410334,-1.640615463256836
fenqusai/test_photo/38_0751.jpg,0,4,False,blue,black,,7,7,True,闽H67675,0.9381665069726093,-1.1489009933783336,True,闽,baseline,0.19386069143410334,-1.640615463256836
fenqusai/test_photo/38_0751.jpg,0,5,False,blue,special_7,,7,7,True,闽H67675,0.9381665069726093,-1.1489009933783336,True,闽,baseline,0.19386069143410334,-1.640615463256836
fenqusai/test_photo/38_0751.jpg,0,6,False,blue,unknown_8,,8,7,False,闽H67675,0.9381665069726093,-1.1489009933783336,True,闽,baseline,0.19386069143410334,-1.640615463256836
fenqusai/test_photo/38_0751.jpg,1,0,True,blue,blue,,7,7,True,川ATU491,0.9868347923945489,-0.2385474687180249,True,川,baseline,0.33097090374783505,-1.105724811553955
fenqusai/test_photo/38_0751.jpg,1,1,False,blue,green,,8,7,False,川ATU491,0.9868347923945489,-0.2385474687180249,True,川,baseline,0.33097090374783505,-1.105724811553955
fenqusai/test_photo/38_0751.jpg,1,2,False,blue,green,tractor_green,8,7,False,川ATU491,0.9868347923945489,-0.2385474687180249,True,川,baseline,0.33097090374783505,-1.105724811553955
fenqusai/test_photo/38_0751.jpg,1,3,False,blue,yellow,,7,7,True,川ATU491,0.9868347923945489,-0.2385474687180249,True,川,baseline,0.33097090374783505,-1.105724811553955
fenqusai/test_photo/38_0751.jpg,1,4,False,blue,black,,7,7,True,川ATU491,0.9868347923945489,-0.2385474687180249,True,川,baseline,0.33097090374783505,-1.105724811553955
fenqusai/test_photo/38_0751.jpg,1,5,False,blue,special_7,,7,7,True,川ATU491,0.9868347923945489,-0.2385474687180249,True,川,baseline,0.33097090374783505,-1.105724811553955
fenqusai/test_photo/38_0751.jpg,1,6,False,blue,unknown_8,,8,7,False,川ATU491,0.9868347923945489,-0.2385474687180249,True,川,baseline,0.33097090374783505,-1.105724811553955
fenqusai/test_photo/38_0751.jpg,2,0,True,yellow,yellow,,7,7,True,川AG2980,0.7199078825007876,-5.915376290309553,True,川,baseline,0.3079762569327534,-1.1777325868606567
fenqusai/test_photo/38_0751.jpg,2,1,False,yellow,blue,,7,7,True,川AG2980,0.7199078825007876,-5.915376290309553,True,川,baseline,0.3079762569327534,-1.1777325868606567
fenqusai/test_photo/38_0751.jpg,2,2,False,yellow,green,,8,7,False,川AG2980,0.7199078825007876,-5.915376290309553,True,川,baseline,0.3079762569327534,-1.1777325868606567
fenqusai/test_photo/38_0751.jpg,2,3,False,yellow,green,tractor_green,8,7,False,川AG2980,0.7199078825007876,-5.915376290309553,True,川,baseline,0.3079762569327534,-1.1777325868606567
fenqusai/test_photo/38_0751.jpg,2,4,False,yellow,black,,7,7,True,川AG298领,0.9839974007990046,-0.2903764211603743,True,川,baseline,0.3079762569327534,-1.1777325868606567
fenqusai/test_photo/38_0751.jpg,2,5,False,yellow,special_7,,7,7,True,川AG298领,0.9839974007990046,-0.2903764211603743,True,川,baseline,0.3079762569327534,-1.1777325868606567
fenqusai/test_photo/38_0751.jpg,2,6,False,yellow,unknown_8,,8,7,False,川AG2980,0.7199078825007876,-5.915376290309553,True,川,baseline,0.3079762569327534,-1.1777325868606567
fenqusai/test_photo/38_0751.jpg,3,0,True,blue,blue,,7,7,True,闽A64N83,0.8702117233232799,-2.5023372623834845,True,闽,baseline,0.10623163013391823,-2.242133378982544
fenqusai/test_photo/38_0751.jpg,3,1,False,blue,green,,8,8,True,闽A64N983,0.9103921442025323,-1.6898372027788398,True,闽,baseline,0.10623163013391823,-2.242133378982544
fenqusai/test_photo/38_0751.jpg,3,2,False,blue,green,tractor_green,8,8,True,闽A64N983,0.9103921442025323,-1.6898372027788398,True,闽,baseline,0.10623163013391823,-2.242133378982544
fenqusai/test_photo/38_0751.jpg,3,3,False,blue,yellow,,7,7,True,闽A64N83,0.8702117233232799,-2.5023372623834845,True,闽,baseline,0.10623163013391823,-2.242133378982544
fenqusai/test_photo/38_0751.jpg,3,4,False,blue,black,,7,7,True,闽A64N83,0.8702117233232799,-2.5023372623834845,True,闽,baseline,0.10623163013391823,-2.242133378982544
fenqusai/test_photo/38_0751.jpg,3,5,False,blue,special_7,,7,7,True,闽A64N83,0.8702117233232799,-2.5023372623834845,True,闽,baseline,0.10623163013391823,-2.242133378982544
fenqusai/test_photo/38_0751.jpg,3,6,False,blue,unknown_8,,8,8,True,闽A64N983,0.9103921442025323,-1.6898372027788398,True,闽,baseline,0.10623163013391823,-2.242133378982544
fenqusai/test_photo/38_0754.jpg,0,0,True,blue,blue,,7,7,True,湘CTY806,0.9910894087360602,-0.16110950398614676,True,湘,baseline,0.2869816762150127,-1.248336911201477
fenqusai/test_photo/38_0754.jpg,0,1,False,blue,green,,8,8,True,湘CTY8065,0.5948968733795424,-9.348609789174581,True,湘,baseline,0.2869816762150127,-1.248336911201477
fenqusai/test_photo/38_0754.jpg,0,2,False,blue,green,tractor_green,8,8,True,湘CTY8065,0.5948968733795424,-9.348609789174581,True,湘,baseline,0.2869816762150127,-1.248336911201477
fenqusai/test_photo/38_0754.jpg,0,3,False,blue,yellow,,7,7,True,湘CTY806,0.9910894087360602,-0.16110950398614676,True,湘,baseline,0.2869816762150127,-1.248336911201477
fenqusai/test_photo/38_0754.jpg,0,4,False,blue,black,,7,7,True,湘CTY806,0.9910894087360602,-0.16110950398614676,True,湘,baseline,0.2869816762150127,-1.248336911201477
fenqusai/test_photo/38_0754.jpg,0,5,False,blue,special_7,,7,7,True,湘CTY806,0.9910894087360602,-0.16110950398614676,True,湘,baseline,0.2869816762150127,-1.248336911201477
fenqusai/test_photo/38_0754.jpg,0,6,False,blue,unknown_8,,8,8,True,湘CTY8065,0.5948968733795424,-9.348609789174581,True,湘,baseline,0.2869816762150127,-1.248336911201477
fenqusai/test_photo/38_0754.jpg,1,0,True,blue,blue,,7,7,True,陕A3E2S0,0.9678028099983588,-0.5890845804547098,True,陕,baseline,0.19168482449624805,-1.6519027948379517
fenqusai/test_photo/38_0754.jpg,1,1,False,blue,green,,8,7,False,陕A3E2S0,0.9678028099983588,-0.5890845804547098,True,陕,baseline,0.19168482449624805,-1.6519027948379517
fenqusai/test_photo/38_0754.jpg,1,2,False,blue,green,tractor_green,8,7,False,陕A3E2S0,0.9678028099983588,-0.5890845804547098,True,陕,baseline,0.19168482449624805,-1.6519027948379517
fenqusai/test_photo/38_0754.jpg,1,3,False,blue,yellow,,7,7,True,陕A3E2S0,0.9678028099983588,-0.5890845804547098,True,陕,baseline,0.19168482449624805,-1.6519027948379517
fenqusai/test_photo/38_0754.jpg,1,4,False,blue,black,,7,7,True,陕A3E2S0,0.9678028099983588,-0.5890845804547098,True,陕,baseline,0.19168482449624805,-1.6519027948379517
fenqusai/test_photo/38_0754.jpg,1,5,False,blue,special_7,,7,7,True,陕A3E2S0,0.9678028099983588,-0.5890845804547098,True,陕,baseline,0.19168482449624805,-1.6519027948379517
fenqusai/test_photo/38_0754.jpg,1,6,False,blue,unknown_8,,8,7,False,陕A3E2S0,0.9678028099983588,-0.5890845804547098,True,陕,baseline,0.19168482449624805,-1.6519027948379517
fenqusai/test_photo/38_0754.jpg,2,0,True,blue,blue,,7,7,True,冀AM02J9,0.97210776602833,-0.5091949848212991,True,冀,baseline,0.33316425137409855,-1.0991196632385254
fenqusai/test_photo/38_0754.jpg,2,1,False,blue,green,,8,8,True,冀AAM02J9,0.7492329931409613,-5.196694887963751,True,冀,baseline,0.33316425137409855,-1.0991196632385254
fenqusai/test_photo/38_0754.jpg,2,2,False,blue,green,tractor_green,8,8,True,冀AAM02J9,0.7492329931409613,-5.196694887963751,True,冀,baseline,0.33316425137409855,-1.0991196632385254
fenqusai/test_photo/38_0754.jpg,2,3,False,blue,yellow,,7,7,True,冀AM02J9,0.97210776602833,-0.5091949848212991,True,冀,baseline,0.33316425137409855,-1.0991196632385254
fenqusai/test_photo/38_0754.jpg,2,4,False,blue,black,,7,7,True,冀AM02J9,0.97210776602833,-0.5091949848212991,True,冀,baseline,0.33316425137409855,-1.0991196632385254
fenqusai/test_photo/38_0754.jpg,2,5,False,blue,special_7,,7,7,True,冀AM02J9,0.97210776602833,-0.5091949848212991,True,冀,baseline,0.33316425137409855,-1.0991196632385254
fenqusai/test_photo/38_0754.jpg,2,6,False,blue,unknown_8,,8,8,True,冀AAM02J9,0.7492329931409613,-5.196694887963751,True,冀,baseline,0.33316425137409855,-1.0991196632385254
fenqusai/test_photo/38_0754.jpg,3,0,True,black,black,,7,7,True,川AAYX6S,0.5461191181245808,-10.888526915431811,True,川,baseline,0.3333332472491222,-1.0986125469207764
fenqusai/test_photo/38_0754.jpg,3,1,False,black,blue,,7,7,True,川AAYX6S,0.5461191181245808,-10.888526915431811,True,川,baseline,0.3333332472491222,-1.0986125469207764
fenqusai/test_photo/38_0754.jpg,3,2,False,black,green,,8,6,False,川AYX6S,0.9685051274866652,-0.5760270340808518,True,川,baseline,0.3333332472491222,-1.0986125469207764
fenqusai/test_photo/38_0754.jpg,3,3,False,black,green,tractor_green,8,6,False,川AYX6S,0.9685051274866652,-0.5760270340808518,True,川,baseline,0.3333332472491222,-1.0986125469207764
fenqusai/test_photo/38_0754.jpg,3,4,False,black,yellow,,7,7,True,川AAYX6S,0.5461191181245808,-10.888526915431811,True,川,baseline,0.3333332472491222,-1.0986125469207764
fenqusai/test_photo/38_0754.jpg,3,5,False,black,special_7,,7,7,True,川AAYX6S,0.5461191181245808,-10.888526915431811,True,川,baseline,0.3333332472491222,-1.0986125469207764
fenqusai/test_photo/38_0754.jpg,3,6,False,black,unknown_8,,8,6,False,川AYX6S,0.9685051274866652,-0.5760270340808518,True,川,baseline,0.3333332472491222,-1.0986125469207764
fenqusai/test_photo/38_0778.jpg,0,0,True,yellow,yellow,,7,7,True,渝BT9学53,0.631914776040929,-8.262013355362768,True,渝,baseline,0.33333332672197086,-1.0986123085021973
fenqusai/test_photo/38_0778.jpg,0,1,False,yellow,blue,,7,7,True,渝BT9953,0.5635021808643852,-10.324513355362768,True,渝,baseline,0.33333332672197086,-1.0986123085021973
fenqusai/test_photo/38_0778.jpg,0,2,False,yellow,green,,8,8,True,渝BT99536,0.20444159073239043,-28.574513355364587,True,渝,baseline,0.33333332672197086,-1.0986123085021973
fenqusai/test_photo/38_0778.jpg,0,3,False,yellow,green,tractor_green,8,8,True,渝BT9学5学3,0.4887299525085964,-12.887013355362768,True,渝,baseline,0.33333332672197086,-1.0986123085021973
fenqusai/test_photo/38_0778.jpg,0,4,False,yellow,black,,7,7,True,渝BT港领5领,0.398197846995425,-16.574513295759942,True,渝,baseline,0.33333332672197086,-1.0986123085021973
fenqusai/test_photo/38_0778.jpg,0,5,False,yellow,special_7,,7,7,True,渝BT港领5领,0.398197846995425,-16.574513295759942,True,渝,baseline,0.33333332672197086,-1.0986123085021973
fenqusai/test_photo/38_0778.jpg,0,6,False,yellow,unknown_8,,8,8,True,渝BT99536,0.20444159073239043,-28.574513355364587,True,渝,baseline,0.33333332672197086,-1.0986123085021973
fenqusai/test_photo/38_0778.jpg,1,0,True,blue,blue,,7,7,True,川AE229X,0.9918622481732713,-0.14707879322656936,True,川,baseline,0.3333170351841897,-1.098661184310913
fenqusai/test_photo/38_0778.jpg,1,1,False,blue,green,,8,8,True,川AE5229X,0.5861305642992439,-9.615828748523086,True,川,baseline,0.3333170351841897,-1.098661184310913
fenqusai/test_photo/38_0778.jpg,1,2,False,blue,green,tractor_green,8,8,True,川AE5229X,0.5861305642992439,-9.615828748523086,True,川,baseline,0.3333170351841897,-1.098661184310913
fenqusai/test_photo/38_0778.jpg,1,3,False,blue,yellow,,7,7,True,川AE229X,0.9918622481732713,-0.14707879322656936,True,川,baseline,0.3333170351841897,-1.098661184310913
fenqusai/test_photo/38_0778.jpg,1,4,False,blue,black,,7,7,True,川AE229X,0.9918622481732713,-0.14707879322656936,True,川,baseline,0.3333170351841897,-1.098661184310913
fenqusai/test_photo/38_0778.jpg,1,5,False,blue,special_7,,7,7,True,川AE229X,0.9918622481732713,-0.14707879322656936,True,川,baseline,0.3333170351841897,-1.098661184310913
fenqusai/test_photo/38_0778.jpg,1,6,False,blue,unknown_8,,8,8,True,川AE5229X,0.5861305642992439,-9.615828748523086,True,川,baseline,0.3333170351841897,-1.098661184310913
fenqusai/test_photo/38_0831.jpg,0,0,True,blue,blue,,7,7,True,川A10JL2,0.9999016052641272,-0.0017711923851422284,True,川,baseline,0.3331892735661306,-1.0990445613861084
fenqusai/test_photo/38_0831.jpg,0,1,False,blue,green,,8,8,True,川DA10JL2,0.467425616035019,-13.689270953968837,True,川,baseline,0.3331892735661306,-1.0990445613861084
fenqusai/test_photo/38_0831.jpg,0,2,False,blue,green,tractor_green,8,8,True,川DA10JL2,0.467425616035019,-13.689270953968837,True,川,baseline,0.3331892735661306,-1.0990445613861084
fenqusai/test_photo/38_0831.jpg,0,3,False,blue,yellow,,7,7,True,川A10JL2,0.9999016052641272,-0.0017711923851422284,True,川,baseline,0.3331892735661306,-1.0990445613861084
fenqusai/test_photo/38_0831.jpg,0,4,False,blue,black,,7,7,True,川A10JL2,0.9999016052641272,-0.0017711923851422284,True,川,baseline,0.3331892735661306,-1.0990445613861084
fenqusai/test_photo/38_0831.jpg,0,5,False,blue,special_7,,7,7,True,川A10JL2,0.9999016052641272,-0.0017711923851422284,True,川,baseline,0.3331892735661306,-1.0990445613861084
fenqusai/test_photo/38_0831.jpg,0,6,False,blue,unknown_8,,8,8,True,川DA10JL2,0.467425616035019,-13.689270953968837,True,川,baseline,0.3331892735661306,-1.0990445613861084
fenqusai/test_photo/38_0831.jpg,1,0,True,blue,blue,,7,7,True,浙A639MT,0.9981878873729314,-0.03264761680856054,True,浙,baseline,0.3296146300178508,-1.1098310947418213
fenqusai/test_photo/38_0831.jpg,1,1,False,blue,green,,8,8,True,浙A639M1T,0.707821203635182,-6.220147579555658,True,浙,baseline,0.3296146300178508,-1.1098310947418213
fenqusai/test_photo/38_0831.jpg,1,2,False,blue,green,tractor_green,8,8,True,浙A639M1T,0.707821203635182,-6.220147579555658,True,浙,baseline,0.3296146300178508,-1.1098310947418213
fenqusai/test_photo/38_0831.jpg,1,3,False,blue,yellow,,7,7,True,浙A639MT,0.9981878873729314,-0.03264761680856054,True,浙,baseline,0.3296146300178508,-1.1098310947418213
fenqusai/test_photo/38_0831.jpg,1,4,False,blue,black,,7,7,True,浙A639MT,0.9981878873729314,-0.03264761680856054,True,浙,baseline,0.3296146300178508,-1.1098310947418213
fenqusai/test_photo/38_0831.jpg,1,5,False,blue,special_7,,7,7,True,浙A639MT,0.9981878873729314,-0.03264761680856054,True,浙,baseline,0.3296146300178508,-1.1098310947418213
fenqusai/test_photo/38_0831.jpg,1,6,False,blue,unknown_8,,8,8,True,浙A639M1T,0.707821203635182,-6.220147579555658,True,浙,baseline,0.3296146300178508,-1.1098310947418213
fenqusai/test_photo/38_0838.jpg,0,0,True,blue,blue,,7,7,True,湘AVR196,0.9989756659125351,-0.01844746337098968,True,湘,baseline,0.3273379091028617,-1.1167622804641724
fenqusai/test_photo/38_0838.jpg,0,1,False,blue,green,,8,7,False,湘AVR196,0.9989756659125351,-0.01844746337098968,True,湘,baseline,0.3273379091028617,-1.1167622804641724
fenqusai/test_photo/38_0838.jpg,0,2,False,blue,green,tractor_green,8,7,False,湘AVR196,0.9989756659125351,-0.01844746337098968,True,湘,baseline,0.3273379091028617,-1.1167622804641724
fenqusai/test_photo/38_0838.jpg,0,3,False,blue,yellow,,7,7,True,湘AVR196,0.9989756659125351,-0.01844746337098968,True,湘,baseline,0.3273379091028617,-1.1167622804641724
fenqusai/test_photo/38_0838.jpg,0,4,False,blue,black,,7,7,True,湘AVR196,0.9989756659125351,-0.01844746337098968,True,湘,baseline,0.3273379091028617,-1.1167622804641724
fenqusai/test_photo/38_0838.jpg,0,5,False,blue,special_7,,7,7,True,湘AVR196,0.9989756659125351,-0.01844746337098968,True,湘,baseline,0.3273379091028617,-1.1167622804641724
fenqusai/test_photo/38_0838.jpg,0,6,False,blue,unknown_8,,8,7,False,湘AVR196,0.9989756659125351,-0.01844746337098968,True,湘,baseline,0.3273379091028617,-1.1167622804641724
fenqusai/test_photo/38_0838.jpg,1,0,True,blue,blue,,7,7,True,川AV97R5,0.997001682070884,-0.05405079400993884,True,川,baseline,0.3308633674195596,-1.1060497760772705
fenqusai/test_photo/38_0838.jpg,1,1,False,blue,green,,8,8,True,川AVY97R5,0.5262958946889327,-11.554050365601555,True,川,baseline,0.3308633674195596,-1.1060497760772705
fenqusai/test_photo/38_0838.jpg,1,2,False,blue,green,tractor_green,8,8,True,川AVY97R5,0.5262958946889327,-11.554050365601555,True,川,baseline,0.3308633674195596,-1.1060497760772705
fenqusai/test_photo/38_0838.jpg,1,3,False,blue,yellow,,7,7,True,川AV97R5,0.997001682070884,-0.05405079400993884,True,川,baseline,0.3308633674195596,-1.1060497760772705
fenqusai/test_photo/38_0838.jpg,1,4,False,blue,black,,7,7,True,川AV97R5,0.997001682070884,-0.05405079400993884,True,川,baseline,0.3308633674195596,-1.1060497760772705
fenqusai/test_photo/38_0838.jpg,1,5,False,blue,special_7,,7,7,True,川AV97R5,0.997001682070884,-0.05405079400993884,True,川,baseline,0.3308633674195596,-1.1060497760772705
fenqusai/test_photo/38_0838.jpg,1,6,False,blue,unknown_8,,8,8,True,川AVY97R5,0.5262958946889327,-11.554050365601555,True,川,baseline,0.3308633674195596,-1.1060497760772705
fenqusai/test_photo/38_0860.jpg,0,0,True,yellow,yellow,,7,7,True,渝BX0675,0.9623207121296007,-0.6913350590992522,True,渝,baseline,0.21016627085167378,-1.5598562955856323
fenqusai/test_photo/38_0860.jpg,0,1,False,yellow,blue,,7,7,True,渝BX0675,0.9623207121296007,-0.6913350590992522,True,渝,baseline,0.21016627085167378,-1.5598562955856323
fenqusai/test_photo/38_0860.jpg,0,2,False,yellow,green,,8,8,True,渝BX06715,0.32798206893625415,-20.066334119452982,True,渝,baseline,0.21016627085167378,-1.5598562955856323
fenqusai/test_photo/38_0860.jpg,0,3,False,yellow,green,tractor_green,8,7,False,渝BX0675,0.9623207121296007,-0.6913350590992522,True,渝,baseline,0.21016627085167378,-1.5598562955856323
fenqusai/test_photo/38_0860.jpg,0,4,False,yellow,black,,7,7,True,渝BX0675,0.9623207121296007,-0.6913350590992522,True,渝,baseline,0.21016627085167378,-1.5598562955856323
fenqusai/test_photo/38_0860.jpg,0,5,False,yellow,special_7,,7,7,True,渝BX0675,0.9623207121296007,-0.6913350590992522,True,渝,baseline,0.21016627085167378,-1.5598562955856323
fenqusai/test_photo/38_0860.jpg,0,6,False,yellow,unknown_8,,8,8,True,渝BX06715,0.32798206893625415,-20.066334119452982,True,渝,baseline,0.21016627085167378,-1.5598562955856323
fenqusai/test_photo/38_0860.jpg,1,0,True,blue,blue,,7,7,True,川AZ4Z28,0.9999743627491628,-0.0004614764305870267,True,川,baseline,0.3331830377012013,-1.0990632772445679
fenqusai/test_photo/38_0860.jpg,1,1,False,blue,green,,8,7,False,川AZ4Z28,0.9999743627491628,-0.0004614764305870267,True,川,baseline,0.3331830377012013,-1.0990632772445679
fenqusai/test_photo/38_0860.jpg,1,2,False,blue,green,tractor_green,8,7,False,川AZ4Z28,0.9999743627491628,-0.0004614764305870267,True,川,baseline,0.3331830377012013,-1.0990632772445679
fenqusai/test_photo/38_0860.jpg,1,3,False,blue,yellow,,7,7,True,川AZ4Z28,0.9999743627491628,-0.0004614764305870267,True,川,baseline,0.3331830377012013,-1.0990632772445679
fenqusai/test_photo/38_0860.jpg,1,4,False,blue,black,,7,7,True,川AZ4Z28,0.9999743627491628,-0.0004614764305870267,True,川,baseline,0.3331830377012013,-1.0990632772445679
fenqusai/test_photo/38_0860.jpg,1,5,False,blue,special_7,,7,7,True,川AZ4Z28,0.9999743627491628,-0.0004614764305870267,True,川,baseline,0.3331830377012013,-1.0990632772445679
fenqusai/test_photo/38_0860.jpg,1,6,False,blue,unknown_8,,8,7,False,川AZ4Z28,0.9999743627491628,-0.0004614764305870267,True,川,baseline,0.3331830377012013,-1.0990632772445679
fenqusai/test_photo/39.jpg,0,0,True,unknown_7,blue,,7,7,True,川B07559,0.9994264677217137,-0.010326542595052501,True,川,baseline,0.3299169720271571,-1.1089142560958862
fenqusai/test_photo/39.jpg,0,1,False,unknown_7,green,,8,7,False,川B07559,0.9994264677217137,-0.010326542595052501,True,川,baseline,0.3299169720271571,-1.1089142560958862
fenqusai/test_photo/39.jpg,0,2,False,unknown_7,green,tractor_green,8,7,False,川B07559,0.9994264677217137,-0.010326542595052501,True,川,baseline,0.3299169720271571,-1.1089142560958862
fenqusai/test_photo/39.jpg,0,3,False,unknown_7,yellow,,7,7,True,川B07559,0.9994264677217137,-0.010326542595052501,True,川,baseline,0.3299169720271571,-1.1089142560958862
fenqusai/test_photo/39.jpg,0,4,False,unknown_7,black,,7,7,True,川B07559,0.9994264677217137,-0.010326542595052501,True,川,baseline,0.3299169720271571,-1.1089142560958862
fenqusai/test_photo/39.jpg,0,5,False,unknown_7,special_7,,7,7,True,川B07559,0.9994264677217137,-0.010326542595052501,True,川,baseline,0.3299169720271571,-1.1089142560958862
fenqusai/test_photo/39.jpg,0,6,False,unknown_7,unknown_8,,8,7,False,川B07559,0.9994264677217137,-0.010326542595052501,True,川,baseline,0.3299169720271571,-1.1089142560958862
fenqusai/test_photo/39.jpg,1,0,True,unknown_7,blue,,7,7,True,晋D711T1,0.81011596205852,-3.7904018134912576,True,晋,baseline,0.32308185942761863,-1.1298495531082153
fenqusai/test_photo/39.jpg,1,1,False,unknown_7,green,,8,8,True,晋D7111T1,0.7099772704061128,-6.165401813491258,True,晋,baseline,0.32308185942761863,-1.1298495531082153
fenqusai/test_photo/39.jpg,1,2,False,unknown_7,green,tractor_green,8,8,True,晋D7111T1,0.7099772704061128,-6.165401813491258,True,晋,baseline,0.32308185942761863,-1.1298495531082153
fenqusai/test_photo/39.jpg,1,3,False,unknown_7,yellow,,7,7,True,晋D711T1,0.81011596205852,-3.7904018134912576,True,晋,baseline,0.32308185942761863,-1.1298495531082153
fenqusai/test_photo/39.jpg,1,4,False,unknown_7,black,,7,7,True,晋D7领111,0.8713938625331622,-2.477901753886613,True,晋,baseline,0.32308185942761863,-1.1298495531082153
fenqusai/test_photo/39.jpg,1,5,False,unknown_7,special_7,,7,7,True,晋7领11T1,0.9340579813893093,-1.2279017538866128,True,晋,baseline,0.32308185942761863,-1.1298495531082153
fenqusai/test_photo/39.jpg,1,6,False,unknown_7,unknown_8,,8,8,True,晋D7111T1,0.7099772704061128,-6.165401813491258,True,晋,baseline,0.32308185942761863,-1.1298495531082153
fenqusai/test_photo/40.jpg,0,0,True,blue,blue,,7,7,True,川JN8888,0.9376816466780051,-1.158206102089025,True,川,baseline,0.14662913082211335,-1.9198487997055054
fenqusai/test_photo/40.jpg,0,1,False,blue,green,,8,7,False,川JN8888,0.9376816466780051,-1.158206102089025,True,川,baseline,0.14662913082211335,-1.9198487997055054
fenqusai/test_photo/40.jpg,0,2,False,blue,green,tractor_green,8,7,False,川JN8888,0.9376816466780051,-1.158206102089025,True,川,baseline,0.14662913082211335,-1.9198487997055054
fenqusai/test_photo/40.jpg,0,3,False,blue,yellow,,7,7,True,川JN8888,0.9376816466780051,-1.158206102089025,True,川,baseline,0.14662913082211335,-1.9198487997055054
fenqusai/test_photo/40.jpg,0,4,False,blue,black,,7,7,True,川JN8888,0.9376816466780051,-1.158206102089025,True,川,baseline,0.14662913082211335,-1.9198487997055054
fenqusai/test_photo/40.jpg,0,5,False,blue,special_7,,7,7,True,川JN8888,0.9376816466780051,-1.158206102089025,True,川,baseline,0.14662913082211335,-1.9198487997055054
fenqusai/test_photo/40.jpg,0,6,False,blue,unknown_8,,8,7,False,川JN8888,0.9376816466780051,-1.158206102089025,True,川,baseline,0.14662913082211335,-1.9198487997055054
fenqusai/test_photo/41_0670.jpg,0,0,True,blue,blue,,7,7,True,贵A857LG,0.9732343295505403,-0.4883470879781271,True,贵,baseline,0.20493078155487002,-1.5850830078125
fenqusai/test_photo/41_0670.jpg,0,1,False,blue,green,,8,8,True,贵AA857LG,0.6835680980827221,-6.847721934309902,True,贵,baseline,0.20493078155487002,-1.5850830078125
fenqusai/test_photo/41_0670.jpg,0,2,False,blue,green,tractor_green,8,8,True,贵AA857LG,0.6835680980827221,-6.847721934309902,True,贵,baseline,0.20493078155487002,-1.5850830078125
fenqusai/test_photo/41_0670.jpg,0,3,False,blue,yellow,,7,7,True,贵A857LG,0.9732343295505403,-0.4883470879781271,True,贵,baseline,0.20493078155487002,-1.5850830078125
fenqusai/test_photo/41_0670.jpg,0,4,False,blue,black,,7,7,True,贵A857LG,0.9732343295505403,-0.4883470879781271,True,贵,baseline,0.20493078155487002,-1.5850830078125
fenqusai/test_photo/41_0670.jpg,0,5,False,blue,special_7,,7,7,True,贵A857LG,0.9732343295505403,-0.4883470879781271,True,贵,baseline,0.20493078155487002,-1.5850830078125
fenqusai/test_photo/41_0670.jpg,0,6,False,blue,unknown_8,,8,8,True,贵AA857LG,0.6835680980827221,-6.847721934309902,True,贵,baseline,0.20493078155487002,-1.5850830078125
fenqusai/test_photo/41_0670.jpg,1,0,True,blue,blue,,7,7,True,川AA51Y7,0.9710745633917099,-0.5283364199096923,True,川,baseline,0.3328738931477737,-1.0999915599822998
fenqusai/test_photo/41_0670.jpg,1,1,False,blue,green,,8,8,True,川AA51YK7,0.9510531241298545,-0.9033364199096923,True,川,baseline,0.3328738931477737,-1.0999915599822998
fenqusai/test_photo/41_0670.jpg,1,2,False,blue,green,tractor_green,8,8,True,川AA51YK7,0.9510531241298545,-0.9033364199096923,True,川,baseline,0.3328738931477737,-1.0999915599822998
fenqusai/test_photo/41_0670.jpg,1,3,False,blue,yellow,,7,7,True,川AA51Y7,0.9710745633917099,-0.5283364199096923,True,川,baseline,0.3328738931477737,-1.0999915599822998
fenqusai/test_photo/41_0670.jpg,1,4,False,blue,black,,7,7,True,川AA51Y7,0.9710745633917099,-0.5283364199096923,True,川,baseline,0.3328738931477737,-1.0999915599822998
fenqusai/test_photo/41_0670.jpg,1,5,False,blue,special_7,,7,7,True,川AA51Y7,0.9710745633917099,-0.5283364199096923,True,川,baseline,0.3328738931477737,-1.0999915599822998
fenqusai/test_photo/41_0670.jpg,1,6,False,blue,unknown_8,,8,8,True,川AA51YK7,0.9510531241298545,-0.9033364199096923,True,川,baseline,0.3328738931477737,-1.0999915599822998
fenqusai/test_photo/41_0686.jpg,0,0,True,blue,blue,,7,7,True,云D6868X,0.9808062206819368,-0.3488466845374205,True,云,baseline,0.33333332672197086,-1.0986123085021973
fenqusai/test_photo/41_0686.jpg,0,1,False,blue,green,,8,8,True,云D06868X,0.5000778468238982,-12.473846982560644,True,云,baseline,0.33333332672197086,-1.0986123085021973
fenqusai/test_photo/41_0686.jpg,0,2,False,blue,green,tractor_green,8,8,True,云D06868X,0.5000778468238982,-12.473846982560644,True,云,baseline,0.33333332672197086,-1.0986123085021973
fenqusai/test_photo/41_0686.jpg,0,3,False,blue,yellow,,7,7,True,云D6868X,0.9808062206819368,-0.3488466845374205,True,云,baseline,0.33333332672197086,-1.0986123085021973
fenqusai/test_photo/41_0686.jpg,0,4,False,blue,black,,7,7,True,云D6868X,0.9808062206819368,-0.3488466845374205,True,云,baseline,0.33333332672197086,-1.0986123085021973
fenqusai/test_photo/41_0686.jpg,0,5,False,blue,special_7,,7,7,True,云D6868X,0.9808062206819368,-0.3488466845374205,True,云,baseline,0.33333332672197086,-1.0986123085021973
fenqusai/test_photo/41_0686.jpg,0,6,False,blue,unknown_8,,8,8,True,云D06868X,0.5000778468238982,-12.473846982560644,True,云,baseline,0.33333332672197086,-1.0986123085021973
fenqusai/test_photo/41_0686.jpg,1,0,True,blue,blue,,7,7,True,川A8H403,0.9999995364102958,-8.344616610145295e-06,True,川,baseline,0.33333332672197086,-1.0986123085021973
fenqusai/test_photo/41_0686.jpg,1,1,False,blue,green,,8,8,True,川A8HM403,0.4993515471827707,-12.50000870227813,True,川,baseline,0.33333332672197086,-1.0986123085021973
fenqusai/test_photo/41_0686.jpg,1,2,False,blue,green,tractor_green,8,8,True,川A8HM403,0.4993515471827707,-12.50000870227813,True,川,baseline,0.33333332672197086,-1.0986123085021973
fenqusai/test_photo/41_0686.jpg,1,3,False,blue,yellow,,7,7,True,川A8H403,0.9999995364102958,-8.344616610145295e-06,True,川,baseline,0.33333332672197086,-1.0986123085021973
fenqusai/test_photo/41_0686.jpg,1,4,False,blue,black,,7,7,True,川A8H403,0.9999995364102958,-8.344616610145295e-06,True,川,baseline,0.33333332672197086,-1.0986123085021973
fenqusai/test_photo/41_0686.jpg,1,5,False,blue,special_7,,7,7,True,川A8H403,0.9999995364102958,-8.344616610145295e-06,True,川,baseline,0.33333332672197086,-1.0986123085021973
fenqusai/test_photo/41_0686.jpg,1,6,False,blue,unknown_8,,8,8,True,川A8HM403,0.4993515471827707,-12.50000870227813,True,川,baseline,0.33333332672197086,-1.0986123085021973
fenqusai/test_photo/41_0705.jpg,0,0,False,green,green,,8,8,True,川APP8176,0.6831050563660207,-6.859919073314813,True,川,baseline,0.33333332672197086,-1.0986123085021973
fenqusai/test_photo/41_0705.jpg,0,1,False,green,green,tractor_green,8,8,True,川APP8176,0.6831050563660207,-6.859919073314813,True,川,baseline,0.33333332672197086,-1.0986123085021973
fenqusai/test_photo/41_0705.jpg,0,2,True,green,blue,,7,7,True,川AP8176,0.97680550093495,-0.42241904304682976,True,川,baseline,0.33333332672197086,-1.0986123085021973
fenqusai/test_photo/41_0705.jpg,0,3,False,green,yellow,,7,7,True,川AP8176,0.97680550093495,-0.42241904304682976,True,川,baseline,0.33333332672197086,-1.0986123085021973
fenqusai/test_photo/41_0705.jpg,0,4,False,green,black,,7,7,True,川AP8176,0.97680550093495,-0.42241904304682976,True,川,baseline,0.33333332672197086,-1.0986123085021973
fenqusai/test_photo/41_0705.jpg,0,5,False,green,special_7,,7,7,True,川AP8176,0.97680550093495,-0.42241904304682976,True,川,baseline,0.33333332672197086,-1.0986123085021973
fenqusai/test_photo/41_0705.jpg,0,6,False,green,unknown_8,,8,8,True,川APP8176,0.6831050563660207,-6.859919073314813,True,川,baseline,0.33333332672197086,-1.0986123085021973
fenqusai/test_photo/41_0705.jpg,1,0,True,blue,blue,,7,7,True,川ATZ369,0.998991833006055,-0.018156159650061454,True,川,baseline,0.33333332672197086,-1.0986123085021973
fenqusai/test_photo/41_0705.jpg,1,1,False,blue,green,,8,8,True,川ATZ3369,0.35868373076397175,-18.4556565284538,True,川,baseline,0.33333332672197086,-1.0986123085021973
fenqusai/test_photo/41_0705.jpg,1,2,False,blue,green,tractor_green,8,8,True,川ATZ3369,0.35868373076397175,-18.4556565284538,True,川,baseline,0.33333332672197086,-1.0986123085021973
fenqusai/test_photo/41_0705.jpg,1,3,False,blue,yellow,,7,7,True,川ATZ369,0.998991833006055,-0.018156159650061454,True,川,baseline,0.33333332672197086,-1.0986123085021973
fenqusai/test_photo/41_0705.jpg,1,4,False,blue,black,,7,7,True,川ATZ369,0.998991833006055,-0.018156159650061454,True,川,baseline,0.33333332672197086,-1.0986123085021973
fenqusai/test_photo/41_0705.jpg,1,5,False,blue,special_7,,7,7,True,川ATZ369,0.998991833006055,-0.018156159650061454,True,川,baseline,0.33333332672197086,-1.0986123085021973
fenqusai/test_photo/41_0705.jpg,1,6,False,blue,unknown_8,,8,8,True,川ATZ3369,0.35868373076397175,-18.4556565284538,True,川,baseline,0.33333332672197086,-1.0986123085021973
fenqusai/test_photo/41_0734.jpg,0,0,True,blue,blue,,7,7,True,云A5J6V7,0.9849517121193941,-0.27292792033381374,True,云,baseline,0.3323514183743964,-1.1015623807907104
fenqusai/test_photo/41_0734.jpg,0,1,False,blue,green,,8,7,False,云A5J6V7,0.9849517121193941,-0.27292792033381374,True,云,baseline,0.3323514183743964,-1.1015623807907104
fenqusai/test_photo/41_0734.jpg,0,2,False,blue,green,tractor_green,8,7,False,云A5J6V7,0.9849517121193941,-0.27292792033381374,True,云,baseline,0.3323514183743964,-1.1015623807907104
fenqusai/test_photo/41_0734.jpg,0,3,False,blue,yellow,,7,7,True,云A5J6V7,0.9849517121193941,-0.27292792033381374,True,云,baseline,0.3323514183743964,-1.1015623807907104
fenqusai/test_photo/41_0734.jpg,0,4,False,blue,black,,7,7,True,云A5J6V7,0.9849517121193941,-0.27292792033381374,True,云,baseline,0.3323514183743964,-1.1015623807907104
fenqusai/test_photo/41_0734.jpg,0,5,False,blue,special_7,,7,7,True,云A5J6V7,0.9849517121193941,-0.27292792033381374,True,云,baseline,0.3323514183743964,-1.1015623807907104
fenqusai/test_photo/41_0734.jpg,0,6,False,blue,unknown_8,,8,7,False,云A5J6V7,0.9849517121193941,-0.27292792033381374,True,云,baseline,0.3323514183743964,-1.1015623807907104
fenqusai/test_photo/41_0734.jpg,1,0,True,yellow,yellow,,7,7,True,川AUG82学,0.9161913332898489,-1.5755410256908817,True,川,baseline,0.3324850417665855,-1.1011604070663452
fenqusai/test_photo/41_0734.jpg,1,1,False,yellow,blue,,7,7,True,川AUG82F,0.2872931183962037,-22.450540787274576,True,川,baseline,0.3324850417665855,-1.1011604070663452
fenqusai/test_photo/41_0734.jpg,1,2,False,yellow,green,,8,7,False,川AUG82F,0.2872931183962037,-22.450540787274576,True,川,baseline,0.3324850417665855,-1.1011604070663452
fenqusai/test_photo/41_0734.jpg,1,3,False,yellow,green,tractor_green,8,7,False,川AUG82学,0.9161913332898489,-1.5755410256908817,True,川,baseline,0.3324850417665855,-1.1011604070663452
fenqusai/test_photo/41_0734.jpg,1,4,False,yellow,black,,7,7,True,川AUG82学,0.9161913332898489,-1.5755410256908817,True,川,baseline,0.3324850417665855,-1.1011604070663452
fenqusai/test_photo/41_0734.jpg,1,5,False,yellow,special_7,,7,7,True,川AUG82学,0.9161913332898489,-1.5755410256908817,True,川,baseline,0.3324850417665855,-1.1011604070663452
fenqusai/test_photo/41_0734.jpg,1,6,False,yellow,unknown_8,,8,7,False,川AUG82F,0.2872931183962037,-22.450540787274576,True,川,baseline,0.3324850417665855,-1.1011604070663452
fenqusai/test_photo/41_0752.jpg,0,0,True,blue,blue,,7,7,True,云NH1103,0.9955416120370995,-0.08043041184782851,True,云,baseline,0.3233051272474294,-1.1291587352752686
fenqusai/test_photo/41_0752.jpg,0,1,False,blue,green,,8,8,True,云ZNH1103,0.8427077837480631,-3.0804303522431837,True,云,baseline,0.3233051272474294,-1.1291587352752686
fenqusai/test_photo/41_0752.jpg,0,2,False,blue,green,tractor_green,8,8,True,云ZNH1103,0.8427077837480631,-3.0804303522431837,True,云,baseline,0.3233051272474294,-1.1291587352752686
fenqusai/test_photo/41_0752.jpg,0,3,False,blue,yellow,,7,7,True,云NH1103,0.9955416120370995,-0.08043041184782851,True,云,baseline,0.3233051272474294,-1.1291587352752686
fenqusai/test_photo/41_0752.jpg,0,4,False,blue,black,,7,7,True,云NH1103,0.9955416120370995,-0.08043041184782851,True,云,baseline,0.3233051272474294,-1.1291587352752686
fenqusai/test_photo/41_0752.jpg,0,5,False,blue,special_7,,7,7,True,云NH1103,0.9955416120370995,-0.08043041184782851,True,云,baseline,0.3233051272474294,-1.1291587352752686
fenqusai/test_photo/41_0752.jpg,0,6,False,blue,unknown_8,,8,8,True,云ZNH1103,0.8427077837480631,-3.0804303522431837,True,云,baseline,0.3233051272474294,-1.1291587352752686
fenqusai/test_photo/41_0752.jpg,1,0,True,blue,blue,,7,7,True,冀A62B2Q,0.9725508193058177,-0.5009930729865886,True,冀,baseline,0.20197626601372332,-1.5996050834655762
fenqusai/test_photo/41_0752.jpg,1,1,False,blue,green,,8,7,False,冀A62B2Q,0.9725508193058177,-0.5009930729865886,True,冀,baseline,0.20197626601372332,-1.5996050834655762
fenqusai/test_photo/41_0752.jpg,1,2,False,blue,green,tractor_green,8,7,False,冀A62B2Q,0.9725508193058177,-0.5009930729865886,True,冀,baseline,0.20197626601372332,-1.5996050834655762
fenqusai/test_photo/41_0752.jpg,1,3,False,blue,yellow,,7,7,True,冀A62B2Q,0.9725508193058177,-0.5009930729865886,True,冀,baseline,0.20197626601372332,-1.5996050834655762
fenqusai/test_photo/41_0752.jpg,1,4,False,blue,black,,7,7,True,冀A62B2Q,0.9725508193058177,-0.5009930729865886,True,冀,baseline,0.20197626601372332,-1.5996050834655762
fenqusai/test_photo/41_0752.jpg,1,5,False,blue,special_7,,7,7,True,冀A62B2Q,0.9725508193058177,-0.5009930729865886,True,冀,baseline,0.20197626601372332,-1.5996050834655762
fenqusai/test_photo/41_0752.jpg,1,6,False,blue,unknown_8,,8,7,False,冀A62B2Q,0.9725508193058177,-0.5009930729865886,True,冀,baseline,0.20197626601372332,-1.5996050834655762
fenqusai/test_photo/41_0752.jpg,2,0,False,blue,blue,,7,7,True,川ATA221,0.4255792020524314,-15.377475771121674,True,川,baseline,0.33250914090573275,-1.1010879278182983
fenqusai/test_photo/41_0752.jpg,2,1,True,blue,green,,8,8,True,川AATA221,0.9998624533748366,-0.002476009540224311,True,川,baseline,0.33250914090573275,-1.1010879278182983
fenqusai/test_photo/41_0752.jpg,2,2,False,blue,green,tractor_green,8,8,True,川AATA221,0.9998624533748366,-0.002476009540224311,True,川,baseline,0.33250914090573275,-1.1010879278182983
fenqusai/test_photo/41_0752.jpg,2,3,False,blue,yellow,,7,7,True,川ATA221,0.4255792020524314,-15.377475771121674,True,川,baseline,0.33250914090573275,-1.1010879278182983
fenqusai/test_photo/41_0752.jpg,2,4,False,blue,black,,7,7,True,川ATA221,0.4255792020524314,-15.377475771121674,True,川,baseline,0.33250914090573275,-1.1010879278182983
fenqusai/test_photo/41_0752.jpg,2,5,False,blue,special_7,,7,7,True,川ATA221,0.4255792020524314,-15.377475771121674,True,川,baseline,0.33250914090573275,-1.1010879278182983
fenqusai/test_photo/41_0752.jpg,2,6,False,blue,unknown_8,,8,8,True,川AATA221,0.9998624533748366,-0.002476009540224311,True,川,baseline,0.33250914090573275,-1.1010879278182983
fenqusai/test_photo/41_0752.jpg,3,0,True,blue,blue,,7,2,False,桂M,0.9999999867545251,-2.3841855067985307e-07,True,桂,baseline,9.234236493103432e-18,-39.22361373901367
fenqusai/test_photo/41_0752.jpg,3,1,False,blue,green,,8,2,False,桂M,0.9999999867545251,-2.3841855067985307e-07,True,桂,baseline,9.234236493103432e-18,-39.22361373901367
fenqusai/test_photo/41_0752.jpg,3,2,False,blue,green,tractor_green,8,2,False,桂M,0.9999999867545251,-2.3841855067985307e-07,True,桂,baseline,9.234236493103432e-18,-39.22361373901367
fenqusai/test_photo/41_0752.jpg,3,3,False,blue,yellow,,7,2,False,桂M,0.9999999867545251,-2.3841855067985307e-07,True,桂,baseline,9.234236493103432e-18,-39.22361373901367
fenqusai/test_photo/41_0752.jpg,3,4,False,blue,black,,7,2,False,桂M,0.9999999867545251,-2.3841855067985307e-07,True,桂,baseline,9.234236493103432e-18,-39.22361373901367
fenqusai/test_photo/41_0752.jpg,3,5,False,blue,special_7,,7,2,False,桂M,0.9999999867545251,-2.3841855067985307e-07,True,桂,baseline,9.234236493103432e-18,-39.22361373901367
fenqusai/test_photo/41_0752.jpg,3,6,False,blue,unknown_8,,8,2,False,桂M,0.9999999867545251,-2.3841855067985307e-07,True,桂,baseline,9.234236493103432e-18,-39.22361373901367
fenqusai/test_photo/41_0775.jpg,0,0,True,blue,blue,,7,7,True,云AA666F,0.9684998173765842,-0.5761257245686693,True,云,baseline,0.33327289309236513,-1.098793625831604
fenqusai/test_photo/41_0775.jpg,0,1,False,blue,green,,8,7,False,云AA666F,0.9684998173765842,-0.5761257245686693,True,云,baseline,0.33327289309236513,-1.098793625831604
fenqusai/test_photo/41_0775.jpg,0,2,False,blue,green,tractor_green,8,7,False,云AA666F,0.9684998173765842,-0.5761257245686693,True,云,baseline,0.33327289309236513,-1.098793625831604
fenqusai/test_photo/41_0775.jpg,0,3,False,blue,yellow,,7,7,True,云AA666F,0.9684998173765842,-0.5761257245686693,True,云,baseline,0.33327289309236513,-1.098793625831604
fenqusai/test_photo/41_0775.jpg,0,4,False,blue,black,,7,7,True,云AA666F,0.9684998173765842,-0.5761257245686693,True,云,baseline,0.33327289309236513,-1.098793625831604
fenqusai/test_photo/41_0775.jpg,0,5,False,blue,special_7,,7,7,True,云AA666F,0.9684998173765842,-0.5761257245686693,True,云,baseline,0.33327289309236513,-1.098793625831604
fenqusai/test_photo/41_0775.jpg,0,6,False,blue,unknown_8,,8,7,False,云AA666F,0.9684998173765842,-0.5761257245686693,True,云,baseline,0.33327289309236513,-1.098793625831604
fenqusai/test_photo/41_0775.jpg,1,0,True,blue,blue,,7,7,True,川A77H3Q,0.9999883053981143,-0.0002105040648245904,True,川,baseline,0.33333332672197086,-1.0986123085021973
fenqusai/test_photo/41_0775.jpg,1,1,False,blue,green,,8,8,True,川A77H3QG,0.3179551232539206,-20.625210504064825,True,川,baseline,0.33333332672197086,-1.0986123085021973
fenqusai/test_photo/41_0775.jpg,1,2,False,blue,green,tractor_green,8,8,True,川A77H3QG,0.3179551232539206,-20.625210504064825,True,川,baseline,0.33333332672197086,-1.0986123085021973
fenqusai/test_photo/41_0775.jpg,1,3,False,blue,yellow,,7,7,True,川A77H3Q,0.9999883053981143,-0.0002105040648245904,True,川,baseline,0.33333332672197086,-1.0986123085021973
fenqusai/test_photo/41_0775.jpg,1,4,False,blue,black,,7,7,True,川A77H3Q,0.9999883053981143,-0.0002105040648245904,True,川,baseline,0.33333332672197086,-1.0986123085021973
fenqusai/test_photo/41_0775.jpg,1,5,False,blue,special_7,,7,7,True,川A77H3Q,0.9999883053981143,-0.0002105040648245904,True,川,baseline,0.33333332672197086,-1.0986123085021973
fenqusai/test_photo/41_0775.jpg,1,6,False,blue,unknown_8,,8,8,True,川A77H3QG,0.3179551232539206,-20.625210504064825,True,川,baseline,0.33333332672197086,-1.0986123085021973
fenqusai/test_photo/41_0793.jpg,0,0,True,blue,blue,,7,7,True,云SC8685,0.9953357107847886,-0.08415361720290093,True,云,baseline,0.33333332672197086,-1.0986123085021973
fenqusai/test_photo/41_0793.jpg,0,1,False,blue,green,,8,8,True,云S5C8685,0.3186811962395384,-20.584153093397617,True,云,baseline,0.33333332672197086,-1.0986123085021973
fenqusai/test_photo/41_0793.jpg,0,2,False,blue,green,tractor_green,8,8,True,云S5C8685,0.3186811962395384,-20.584153093397617,True,云,baseline,0.33333332672197086,-1.0986123085021973
fenqusai/test_photo/41_0793.jpg,0,3,False,blue,yellow,,7,7,True,云SC8685,0.9953357107847886,-0.08415361720290093,True,云,baseline,0.33333332672197086,-1.0986123085021973
fenqusai/test_photo/41_0793.jpg,0,4,False,blue,black,,7,7,True,云SC8685,0.9953357107847886,-0.08415361720290093,True,云,baseline,0.33333332672197086,-1.0986123085021973
fenqusai/test_photo/41_0793.jpg,0,5,False,blue,special_7,,7,7,True,云SC8685,0.9953357107847886,-0.08415361720290093,True,云,baseline,0.33333332672197086,-1.0986123085021973
fenqusai/test_photo/41_0793.jpg,0,6,False,blue,unknown_8,,8,8,True,云S5C8685,0.3186811962395384,-20.584153093397617,True,云,baseline,0.33333332672197086,-1.0986123085021973
fenqusai/test_photo/41_0793.jpg,1,0,True,blue,blue,,7,7,True,鄂A8Y33W,0.9556207839955202,-0.8170940535413465,True,鄂,baseline,0.15021404769759786,-1.8956940174102783
fenqusai/test_photo/41_0793.jpg,1,1,False,blue,green,,8,7,False,鄂A8Y33W,0.9556207839955202,-0.8170940535413465,True,鄂,baseline,0.15021404769759786,-1.8956940174102783
fenqusai/test_photo/41_0793.jpg,1,2,False,blue,green,tractor_green,8,7,False,鄂A8Y33W,0.9556207839955202,-0.8170940535413465,True,鄂,baseline,0.15021404769759786,-1.8956940174102783
fenqusai/test_photo/41_0793.jpg,1,3,False,blue,yellow,,7,7,True,鄂A8Y33W,0.9556207839955202,-0.8170940535413465,True,鄂,baseline,0.15021404769759786,-1.8956940174102783
fenqusai/test_photo/41_0793.jpg,1,4,False,blue,black,,7,7,True,鄂A8Y33W,0.9556207839955202,-0.8170940535413465,True,鄂,baseline,0.15021404769759786,-1.8956940174102783
fenqusai/test_photo/41_0793.jpg,1,5,False,blue,special_7,,7,7,True,鄂A8Y33W,0.9556207839955202,-0.8170940535413465,True,鄂,baseline,0.15021404769759786,-1.8956940174102783
fenqusai/test_photo/41_0793.jpg,1,6,False,blue,unknown_8,,8,7,False,鄂A8Y33W,0.9556207839955202,-0.8170940535413465,True,鄂,baseline,0.15021404769759786,-1.8956940174102783
fenqusai/test_photo/41_0797.jpg,0,0,True,blue,blue,,7,7,True,云HDF666,0.9879860804717772,-0.21756005864699546,True,云,baseline,0.3319166030647799,-1.1028715372085571
fenqusai/test_photo/41_0797.jpg,0,1,False,blue,green,,8,8,True,云HD0F666,0.6118590571970013,-8.842559790426094,True,云,baseline,0.3319166030647799,-1.1028715372085571
fenqusai/test_photo/41_0797.jpg,0,2,False,blue,green,tractor_green,8,8,True,云HD0F666,0.6118590571970013,-8.842559790426094,True,云,baseline,0.3319166030647799,-1.1028715372085571
fenqusai/test_photo/41_0797.jpg,0,3,False,blue,yellow,,7,7,True,云HDF666,0.9879860804717772,-0.21756005864699546,True,云,baseline,0.3319166030647799,-1.1028715372085571
fenqusai/test_photo/41_0797.jpg,0,4,False,blue,black,,7,7,True,云HDF666,0.9879860804717772,-0.21756005864699546,True,云,baseline,0.3319166030647799,-1.1028715372085571
fenqusai/test_photo/41_0797.jpg,0,5,False,blue,special_7,,7,7,True,云HDF666,0.9879860804717772,-0.21756005864699546,True,云,baseline,0.3319166030647799,-1.1028715372085571
fenqusai/test_photo/41_0797.jpg,0,6,False,blue,unknown_8,,8,8,True,云HD0F666,0.6118590571970013,-8.842559790426094,True,云,baseline,0.3319166030647799,-1.1028715372085571
fenqusai/test_photo/41_0797.jpg,1,0,True,blue,blue,,7,7,True,冀A38SU9,0.9760203775811089,-0.43689265412097456,True,冀,baseline,0.21537367825668757,-1.5353807210922241
fenqusai/test_photo/41_0797.jpg,1,1,False,blue,green,,8,8,True,冀A38SU59,0.554192014203656,-10.624393012498267,True,冀,baseline,0.21537367825668757,-1.5353807210922241
fenqusai/test_photo/41_0797.jpg,1,2,False,blue,green,tractor_green,8,8,True,冀A38SU59,0.554192014203656,-10.624393012498267,True,冀,baseline,0.21537367825668757,-1.5353807210922241
fenqusai/test_photo/41_0797.jpg,1,3,False,blue,yellow,,7,7,True,冀A38SU9,0.9760203775811089,-0.43689265412097456,True,冀,baseline,0.21537367825668757,-1.5353807210922241
fenqusai/test_photo/41_0797.jpg,1,4,False,blue,black,,7,7,True,冀A38SU9,0.9760203775811089,-0.43689265412097456,True,冀,baseline,0.21537367825668757,-1.5353807210922241
fenqusai/test_photo/41_0797.jpg,1,5,False,blue,special_7,,7,7,True,冀A38SU9,0.9760203775811089,-0.43689265412097456,True,冀,baseline,0.21537367825668757,-1.5353807210922241
fenqusai/test_photo/41_0797.jpg,1,6,False,blue,unknown_8,,8,8,True,冀A38SU59,0.554192014203656,-10.624393012498267,True,冀,baseline,0.21537367825668757,-1.5353807210922241
fenqusai/test_photo/41_0801.jpg,0,0,True,blue,blue,,7,7,True,川A9YN87,0.9965619604471693,-0.06199133745326435,True,川,baseline,0.33333332672197086,-1.0986123085021973
fenqusai/test_photo/41_0801.jpg,0,1,False,blue,green,,8,8,True,川AA9YN87,0.47074254720200537,-13.561990979827897,True,川,baseline,0.33333332672197086,-1.0986123085021973
fenqusai/test_photo/41_0801.jpg,0,2,False,blue,green,tractor_green,8,8,True,川AA9YN87,0.47074254720200537,-13.561990979827897,True,川,baseline,0.33333332672197086,-1.0986123085021973
fenqusai/test_photo/41_0801.jpg,0,3,False,blue,yellow,,7,7,True,川A9YN87,0.9965619604471693,-0.06199133745326435,True,川,baseline,0.33333332672197086,-1.0986123085021973
fenqusai/test_photo/41_0801.jpg,0,4,False,blue,black,,7,7,True,川A9YN87,0.9965619604471693,-0.06199133745326435,True,川,baseline,0.33333332672197086,-1.0986123085021973
fenqusai/test_photo/41_0801.jpg,0,5,False,blue,special_7,,7,7,True,川A9YN87,0.9965619604471693,-0.06199133745326435,True,川,baseline,0.33333332672197086,-1.0986123085021973
fenqusai/test_photo/41_0801.jpg,0,6,False,blue,unknown_8,,8,8,True,川AA9YN87,0.47074254720200537,-13.561990979827897,True,川,baseline,0.33333332672197086,-1.0986123085021973
fenqusai/test_photo/41_0801.jpg,1,0,True,blue,blue,,7,7,True,辽A5G1W0,0.9976130803353215,-0.043015912175143,True,辽,baseline,0.31929880949485473,-1.1416279077529907
fenqusai/test_photo/41_0801.jpg,1,1,False,blue,green,,8,7,False,辽A5G1W0,0.9976130803353215,-0.043015912175143,True,辽,baseline,0.31929880949485473,-1.1416279077529907
fenqusai/test_photo/41_0801.jpg,1,2,False,blue,green,tractor_green,8,7,False,辽A5G1W0,0.9976130803353215,-0.043015912175143,True,辽,baseline,0.31929880949485473,-1.1416279077529907
fenqusai/test_photo/41_0801.jpg,1,3,False,blue,yellow,,7,7,True,辽A5G1W0,0.9976130803353215,-0.043015912175143,True,辽,baseline,0.31929880949485473,-1.1416279077529907
fenqusai/test_photo/41_0801.jpg,1,4,False,blue,black,,7,7,True,辽A5G1W0,0.9976130803353215,-0.043015912175143,True,辽,baseline,0.31929880949485473,-1.1416279077529907
fenqusai/test_photo/41_0801.jpg,1,5,False,blue,special_7,,7,7,True,辽A5G1W0,0.9976130803353215,-0.043015912175143,True,辽,baseline,0.31929880949485473,-1.1416279077529907
fenqusai/test_photo/41_0801.jpg,1,6,False,blue,unknown_8,,8,7,False,辽A5G1W0,0.9976130803353215,-0.043015912175143,True,辽,baseline,0.31929880949485473,-1.1416279077529907
fenqusai/test_photo/41_0801.jpg,2,0,True,blue,blue,,7,7,True,川A1EM22,0.9787355577863757,-0.38688817607657455,True,川,baseline,0.33333332672197086,-1.0986123085021973
fenqusai/test_photo/41_0801.jpg,2,1,False,blue,green,,8,8,True,川A1UEM22,0.37537600033524937,-17.636887580155637,True,川,baseline,0.33333332672197086,-1.0986123085021973
fenqusai/test_photo/41_0801.jpg,2,2,False,blue,green,tractor_green,8,8,True,川A1UEM22,0.37537600033524937,-17.636887580155637,True,川,baseline,0.33333332672197086,-1.0986123085021973
fenqusai/test_photo/41_0801.jpg,2,3,False,blue,yellow,,7,7,True,川A1EM22,0.9787355577863757,-0.38688817607657455,True,川,baseline,0.33333332672197086,-1.0986123085021973
fenqusai/test_photo/41_0801.jpg,2,4,False,blue,black,,7,7,True,川A1EM22,0.9787355577863757,-0.38688817607657455,True,川,baseline,0.33333332672197086,-1.0986123085021973
fenqusai/test_photo/41_0801.jpg,2,5,False,blue,special_7,,7,7,True,川A1EM22,0.9787355577863757,-0.38688817607657455,True,川,baseline,0.33333332672197086,-1.0986123085021973
fenqusai/test_photo/41_0801.jpg,2,6,False,blue,unknown_8,,8,8,True,川A1UEM22,0.37537600033524937,-17.636887580155637,True,川,baseline,0.33333332672197086,-1.0986123085021973
fenqusai/test_photo/41_0803.jpg,0,0,True,blue,blue,,7,7,True,辽CY3683,0.8317338347344778,-3.316370391324199,True,辽,baseline,0.02002174480910345,-3.9109363555908203
fenqusai/test_photo/41_0803.jpg,0,1,False,blue,green,,8,7,False,辽CY3683,0.8317338347344778,-3.316370391324199,True,辽,baseline,0.02002174480910345,-3.9109363555908203
fenqusai/test_photo/41_0803.jpg,0,2,False,blue,green,tractor_green,8,7,False,辽CY3683,0.8317338347344778,-3.316370391324199,True,辽,baseline,0.02002174480910345,-3.9109363555908203
fenqusai/test_photo/41_0803.jpg,0,3,False,blue,yellow,,7,7,True,辽CY3683,0.8317338347344778,-3.316370391324199,True,辽,baseline,0.02002174480910345,-3.9109363555908203
fenqusai/test_photo/41_0803.jpg,0,4,False,blue,black,,7,7,True,辽CY3683,0.8317338347344778,-3.316370391324199,True,辽,baseline,0.02002174480910345,-3.9109363555908203
fenqusai/test_photo/41_0803.jpg,0,5,False,blue,special_7,,7,7,True,辽CY3683,0.8317338347344778,-3.316370391324199,True,辽,baseline,0.02002174480910345,-3.9109363555908203
fenqusai/test_photo/41_0803.jpg,0,6,False,blue,unknown_8,,8,7,False,辽CY3683,0.8317338347344778,-3.316370391324199,True,辽,baseline,0.02002174480910345,-3.9109363555908203
fenqusai/test_photo/41_0803.jpg,1,0,True,blue,blue,,7,7,True,川A758CP,0.9999888483868687,-0.0002007301555977392,True,川,baseline,0.3333310617532095,-1.0986191034317017
fenqusai/test_photo/41_0803.jpg,1,1,False,blue,green,,8,7,False,川A758CP,0.9999888483868687,-0.0002007301555977392,True,川,baseline,0.3333310617532095,-1.0986191034317017
fenqusai/test_photo/41_0803.jpg,1,2,False,blue,green,tractor_green,8,7,False,川A758CP,0.9999888483868687,-0.0002007301555977392,True,川,baseline,0.3333310617532095,-1.0986191034317017
fenqusai/test_photo/41_0803.jpg,1,3,False,blue,yellow,,7,7,True,川A758CP,0.9999888483868687,-0.0002007301555977392,True,川,baseline,0.3333310617532095,-1.0986191034317017
fenqusai/test_photo/41_0803.jpg,1,4,False,blue,black,,7,7,True,川A758CP,0.9999888483868687,-0.0002007301555977392,True,川,baseline,0.3333310617532095,-1.0986191034317017
fenqusai/test_photo/41_0803.jpg,1,5,False,blue,special_7,,7,7,True,川A758CP,0.9999888483868687,-0.0002007301555977392,True,川,baseline,0.3333310617532095,-1.0986191034317017
fenqusai/test_photo/41_0803.jpg,1,6,False,blue,unknown_8,,8,7,False,川A758CP,0.9999888483868687,-0.0002007301555977392,True,川,baseline,0.3333310617532095,-1.0986191034317017
fenqusai/test_photo/41_0812.jpg,0,0,True,blue,blue,,7,7,True,云A172LE,0.9706046206040638,-0.5370494662383791,True,云,baseline,0.33333185647733804,-1.0986167192459106
fenqusai/test_photo/41_0812.jpg,0,1,False,blue,green,,8,8,True,云AW172LE,0.8116747855760673,-3.755799529568314,True,云,baseline,0.33333185647733804,-1.0986167192459106
fenqusai/test_photo/41_0812.jpg,0,2,False,blue,green,tractor_green,8,8,True,云AW172LE,0.8116747855760673,-3.755799529568314,True,云,baseline,0.33333185647733804,-1.0986167192459106
fenqusai/test_photo/41_0812.jpg,0,3,False,blue,yellow,,7,7,True,云A172LE,0.9706046206040638,-0.5370494662383791,True,云,baseline,0.33333185647733804,-1.0986167192459106
fenqusai/test_photo/41_0812.jpg,0,4,False,blue,black,,7,7,True,云A172LE,0.9706046206040638,-0.5370494662383791,True,云,baseline,0.33333185647733804,-1.0986167192459106
fenqusai/test_photo/41_0812.jpg,0,5,False,blue,special_7,,7,7,True,云A172LE,0.9706046206040638,-0.5370494662383791,True,云,baseline,0.33333185647733804,-1.0986167192459106
fenqusai/test_photo/41_0812.jpg,0,6,False,blue,unknown_8,,8,8,True,云AW172LE,0.8116747855760673,-3.755799529568314,True,云,baseline,0.33333185647733804,-1.0986167192459106
fenqusai/test_photo/41_0812.jpg,1,0,True,blue,blue,,7,7,True,川A286MU,0.981020501211942,-0.3449145844060624,True,川,baseline,0.23629243084879914,-1.4426851272583008
fenqusai/test_photo/41_0812.jpg,1,1,False,blue,green,,8,8,True,川A286MUD,0.6512353718225747,-7.719914661473005,True,川,baseline,0.23629243084879914,-1.4426851272583008
fenqusai/test_photo/41_0812.jpg,1,2,False,blue,green,tractor_green,8,8,True,川A286MUD,0.6512353718225747,-7.719914661473005,True,川,baseline,0.23629243084879914,-1.4426851272583008
fenqusai/test_photo/41_0812.jpg,1,3,False,blue,yellow,,7,7,True,川A286MU,0.981020501211942,-0.3449145844060624,True,川,baseline,0.23629243084879914,-1.4426851272583008
fenqusai/test_photo/41_0812.jpg,1,4,False,blue,black,,7,7,True,川A286MU,0.981020501211942,-0.3449145844060624,True,川,baseline,0.23629243084879914,-1.4426851272583008
fenqusai/test_photo/41_0812.jpg,1,5,False,blue,special_7,,7,7,True,川A286MU,0.981020501211942,-0.3449145844060624,True,川,baseline,0.23629243084879914,-1.4426851272583008
fenqusai/test_photo/41_0812.jpg,1,6,False,blue,unknown_8,,8,8,True,川A286MUD,0.6512353718225747,-7.719914661473005,True,川,baseline,0.23629243084879914,-1.4426851272583008
fenqusai/test_photo/41_0837.jpg,0,0,True,blue,blue,,7,7,True,辽A3T0YT,0.9712977721326422,-0.5241994609127119,True,辽,baseline,0.2980372744152278,-1.2105367183685303
fenqusai/test_photo/41_0837.jpg,0,1,False,blue,green,,8,8,True,辽AX3T0YT,0.7306327047565344,-5.649199224822439,True,辽,baseline,0.2980372744152278,-1.2105367183685303
fenqusai/test_photo/41_0837.jpg,0,2,False,blue,green,tractor_green,8,8,True,辽AX3T0YT,0.7306327047565344,-5.649199224822439,True,辽,baseline,0.2980372744152278,-1.2105367183685303
fenqusai/test_photo/41_0837.jpg,0,3,False,blue,yellow,,7,7,True,辽A3T0YT,0.9712977721326422,-0.5241994609127119,True,辽,baseline,0.2980372744152278,-1.2105367183685303
fenqusai/test_photo/41_0837.jpg,0,4,False,blue,black,,7,7,True,辽A3T0YT,0.9712977721326422,-0.5241994609127119,True,辽,baseline,0.2980372744152278,-1.2105367183685303
fenqusai/test_photo/41_0837.jpg,0,5,False,blue,special_7,,7,7,True,辽A3T0YT,0.9712977721326422,-0.5241994609127119,True,辽,baseline,0.2980372744152278,-1.2105367183685303
fenqusai/test_photo/41_0837.jpg,0,6,False,blue,unknown_8,,8,8,True,辽AX3T0YT,0.7306327047565344,-5.649199224822439,True,辽,baseline,0.2980372744152278,-1.2105367183685303
fenqusai/test_photo/41_0837.jpg,1,0,True,blue,blue,,7,7,True,冀A3P041,0.9596297391898273,-0.7417396306991577,True,冀,baseline,0.15876154186332023,-1.840351939201355
fenqusai/test_photo/41_0837.jpg,1,1,False,blue,green,,8,8,True,冀AA3P041,0.3651841286312514,-18.132364630699158,True,冀,baseline,0.15876154186332023,-1.840351939201355
fenqusai/test_photo/41_0837.jpg,1,2,False,blue,green,tractor_green,8,8,True,冀AA3P041,0.3651841286312514,-18.132364630699158,True,冀,baseline,0.15876154186332023,-1.840351939201355
fenqusai/test_photo/41_0837.jpg,1,3,False,blue,yellow,,7,7,True,冀A3P041,0.9596297391898273,-0.7417396306991577,True,冀,baseline,0.15876154186332023,-1.840351939201355
fenqusai/test_photo/41_0837.jpg,1,4,False,blue,black,,7,7,True,冀A3P041,0.9596297391898273,-0.7417396306991577,True,冀,baseline,0.15876154186332023,-1.840351939201355
fenqusai/test_photo/41_0837.jpg,1,5,False,blue,special_7,,7,7,True,冀A3P041,0.9596297391898273,-0.7417396306991577,True,冀,baseline,0.15876154186332023,-1.840351939201355
fenqusai/test_photo/41_0837.jpg,1,6,False,blue,unknown_8,,8,8,True,冀AA3P041,0.3651841286312514,-18.132364630699158,True,冀,baseline,0.15876154186332023,-1.840351939201355
fenqusai/test_photo/41_0837.jpg,2,0,True,blue,blue,,7,7,True,川CC8403,0.9876851407726788,-0.22304367815556247,True,川,baseline,0.3285822907090032,-1.1129679679870605
fenqusai/test_photo/41_0837.jpg,2,1,False,blue,green,,8,8,True,川CLC8403,0.6883193251426176,-6.723043440202645,True,川,baseline,0.3285822907090032,-1.1129679679870605
fenqusai/test_photo/41_0837.jpg,2,2,False,blue,green,tractor_green,8,8,True,川CLC8403,0.6883193251426176,-6.723043440202645,True,川,baseline,0.3285822907090032,-1.1129679679870605
fenqusai/test_photo/41_0837.jpg,2,3,False,blue,yellow,,7,7,True,川CC8403,0.9876851407726788,-0.22304367815556247,True,川,baseline,0.3285822907090032,-1.1129679679870605
fenqusai/test_photo/41_0837.jpg,2,4,False,blue,black,,7,7,True,川CC8403,0.9876851407726788,-0.22304367815556247,True,川,baseline,0.3285822907090032,-1.1129679679870605
fenqusai/test_photo/41_0837.jpg,2,5,False,blue,special_7,,7,7,True,川CC8403,0.9876851407726788,-0.22304367815556247,True,川,baseline,0.3285822907090032,-1.1129679679870605
fenqusai/test_photo/41_0837.jpg,2,6,False,blue,unknown_8,,8,8,True,川CLC8403,0.6883193251426176,-6.723043440202645,True,川,baseline,0.3285822907090032,-1.1129679679870605
fenqusai/test_photo/41_0847.jpg,0,0,True,blue,blue,,7,7,True,云AD9G57,0.9190687129356188,-1.5190990231880548,True,云,baseline,0.07300354020407858,-2.6172473430633545
fenqusai/test_photo/41_0847.jpg,0,1,False,blue,green,,8,7,False,云AD9G57,0.9190687129356188,-1.5190990231880548,True,云,baseline,0.07300354020407858,-2.6172473430633545
fenqusai/test_photo/41_0847.jpg,0,2,False,blue,green,tractor_green,8,7,False,云AD9G57,0.9190687129356188,-1.5190990231880548,True,云,baseline,0.07300354020407858,-2.6172473430633545
fenqusai/test_photo/41_0847.jpg,0,3,False,blue,yellow,,7,7,True,云AD9G57,0.9190687129356188,-1.5190990231880548,True,云,baseline,0.07300354020407858,-2.6172473430633545
fenqusai/test_photo/41_0847.jpg,0,4,False,blue,black,,7,7,True,云AD9G57,0.9190687129356188,-1.5190990231880548,True,云,baseline,0.07300354020407858,-2.6172473430633545
fenqusai/test_photo/41_0847.jpg,0,5,False,blue,special_7,,7,7,True,云AD9G57,0.9190687129356188,-1.5190990231880548,True,云,baseline,0.07300354020407858,-2.6172473430633545
fenqusai/test_photo/41_0847.jpg,0,6,False,blue,unknown_8,,8,7,False,云AD9G57,0.9190687129356188,-1.5190990231880548,True,云,baseline,0.07300354020407858,-2.6172473430633545
fenqusai/test_photo/41_0847.jpg,1,0,True,blue,blue,,7,7,True,川A720HM,0.9882448661998052,-0.21284588985110986,True,川,baseline,0.33333332672197086,-1.0986123085021973
fenqusai/test_photo/41_0847.jpg,1,1,False,blue,green,,8,8,True,川AA720HM,0.44082098668312397,-14.744095413014065,True,川,baseline,0.33333332672197086,-1.0986123085021973
fenqusai/test_photo/41_0847.jpg,1,2,False,blue,green,tractor_green,8,8,True,川AA720HM,0.44082098668312397,-14.744095413014065,True,川,baseline,0.33333332672197086,-1.0986123085021973
fenqusai/test_photo/41_0847.jpg,1,3,False,blue,yellow,,7,7,True,川A720HM,0.9882448661998052,-0.21284588985110986,True,川,baseline,0.33333332672197086,-1.0986123085021973
fenqusai/test_photo/41_0847.jpg,1,4,False,blue,black,,7,7,True,川A720HM,0.9882448661998052,-0.21284588985110986,True,川,baseline,0.33333332672197086,-1.0986123085021973
fenqusai/test_photo/41_0847.jpg,1,5,False,blue,special_7,,7,7,True,川A720HM,0.9882448661998052,-0.21284588985110986,True,川,baseline,0.33333332672197086,-1.0986123085021973
fenqusai/test_photo/41_0847.jpg,1,6,False,blue,unknown_8,,8,8,True,川AA720HM,0.44082098668312397,-14.744095413014065,True,川,baseline,0.33333332672197086,-1.0986123085021973
fenqusai/test_photo/41_0862.jpg,0,0,True,blue,blue,,7,7,True,云A2UP33,0.9999935564698847,-0.00011598391574807465,True,云,baseline,0.33333332672197086,-1.0986123085021973
fenqusai/test_photo/41_0862.jpg,0,1,False,blue,green,,8,8,True,云A20UP33,0.36787707072918435,-18.000115983915748,True,云,baseline,0.33333332672197086,-1.0986123085021973
fenqusai/test_photo/41_0862.jpg,0,2,False,blue,green,tractor_green,8,8,True,云A20UP33,0.36787707072918435,-18.000115983915748,True,云,baseline,0.33333332672197086,-1.0986123085021973
fenqusai/test_photo/41_0862.jpg,0,3,False,blue,yellow,,7,7,True,云A2UP33,0.9999935564698847,-0.00011598391574807465,True,云,baseline,0.33333332672197086,-1.0986123085021973
fenqusai/test_photo/41_0862.jpg,0,4,False,blue,black,,7,7,True,云A2UP33,0.9999935564698847,-0.00011598391574807465,True,云,baseline,0.33333332672197086,-1.0986123085021973
fenqusai/test_photo/41_0862.jpg,0,5,False,blue,special_7,,7,7,True,云A2UP33,0.9999935564698847,-0.00011598391574807465,True,云,baseline,0.33333332672197086,-1.0986123085021973
fenqusai/test_photo/41_0862.jpg,0,6,False,blue,unknown_8,,8,8,True,云A20UP33,0.36787707072918435,-18.000115983915748,True,云,baseline,0.33333332672197086,-1.0986123085021973
fenqusai/test_photo/41_0862.jpg,1,0,True,blue,blue,,7,7,True,晋AQ27N5,0.9326445729875917,-1.2551598256486542,True,晋,baseline,0.09544851368151738,-2.349168300628662
fenqusai/test_photo/41_0862.jpg,1,1,False,blue,green,,8,8,True,晋KAQ27N5,0.6659526757392294,-7.317660031470943,True,晋,baseline,0.09544851368151738,-2.349168300628662
fenqusai/test_photo/41_0862.jpg,1,2,False,blue,green,tractor_green,8,8,True,晋KAQ27N5,0.6659526757392294,-7.317660031470943,True,晋,baseline,0.09544851368151738,-2.349168300628662
fenqusai/test_photo/41_0862.jpg,1,3,False,blue,yellow,,7,7,True,晋AQ27N5,0.9326445729875917,-1.2551598256486542,True,晋,baseline,0.09544851368151738,-2.349168300628662
fenqusai/test_photo/41_0862.jpg,1,4,False,blue,black,,7,7,True,晋AQ27N5,0.9326445729875917,-1.2551598256486542,True,晋,baseline,0.09544851368151738,-2.349168300628662
fenqusai/test_photo/41_0862.jpg,1,5,False,blue,special_7,,7,7,True,晋AQ27N5,0.9326445729875917,-1.2551598256486542,True,晋,baseline,0.09544851368151738,-2.349168300628662
fenqusai/test_photo/41_0862.jpg,1,6,False,blue,unknown_8,,8,8,True,晋KAQ27N5,0.6659526757392294,-7.317660031470943,True,晋,baseline,0.09544851368151738,-2.349168300628662
fenqusai/test_photo/41_0862.jpg,2,0,True,blue,blue,,7,7,True,川AL743D,0.9814189737148463,-0.3376047995770364,True,川,baseline,0.30656700753344335,-1.182318925857544
fenqusai/test_photo/41_0862.jpg,2,1,False,blue,green,,8,7,False,川AL743D,0.9814189737148463,-0.3376047995770364,True,川,baseline,0.30656700753344335,-1.182318925857544
fenqusai/test_photo/41_0862.jpg,2,2,False,blue,green,tractor_green,8,7,False,川AL743D,0.9814189737148463,-0.3376047995770364,True,川,baseline,0.30656700753344335,-1.182318925857544
fenqusai/test_photo/41_0862.jpg,2,3,False,blue,yellow,,7,7,True,川AL743D,0.9814189737148463,-0.3376047995770364,True,川,baseline,0.30656700753344335,-1.182318925857544
fenqusai/test_photo/41_0862.jpg,2,4,False,blue,black,,7,7,True,川AL743D,0.9814189737148463,-0.3376047995770364,True,川,baseline,0.30656700753344335,-1.182318925857544
fenqusai/test_photo/41_0862.jpg,2,5,False,blue,special_7,,7,7,True,川AL743D,0.9814189737148463,-0.3376047995770364,True,川,baseline,0.30656700753344335,-1.182318925857544
fenqusai/test_photo/41_0862.jpg,2,6,False,blue,unknown_8,,8,7,False,川AL743D,0.9814189737148463,-0.3376047995770364,True,川,baseline,0.30656700753344335,-1.182318925857544
fenqusai/test_photo/41_0878.jpg,0,0,True,blue,blue,,7,7,True,沪A036MA,0.9611814182571102,-0.7126579282336252,True,沪,baseline,0.16448158265712434,-1.8049566745758057
fenqusai/test_photo/41_0878.jpg,0,1,False,blue,green,,8,8,True,沪A036MHA,0.6887165821068951,-6.7126579077445285,True,沪,baseline,0.16448158265712434,-1.8049566745758057
fenqusai/test_photo/41_0878.jpg,0,2,False,blue,green,tractor_green,8,8,True,沪A036MHA,0.6887165821068951,-6.7126579077445285,True,沪,baseline,0.16448158265712434,-1.8049566745758057
fenqusai/test_photo/41_0878.jpg,0,3,False,blue,yellow,,7,7,True,沪A036MA,0.9611814182571102,-0.7126579282336252,True,沪,baseline,0.16448158265712434,-1.8049566745758057
fenqusai/test_photo/41_0878.jpg,0,4,False,blue,black,,7,7,True,沪A036MA,0.9611814182571102,-0.7126579282336252,True,沪,baseline,0.16448158265712434,-1.8049566745758057
fenqusai/test_photo/41_0878.jpg,0,5,False,blue,special_7,,7,7,True,沪A036MA,0.9611814182571102,-0.7126579282336252,True,沪,baseline,0.16448158265712434,-1.8049566745758057
fenqusai/test_photo/41_0878.jpg,0,6,False,blue,unknown_8,,8,8,True,沪A036MHA,0.6887165821068951,-6.7126579077445285,True,沪,baseline,0.16448158265712434,-1.8049566745758057
fenqusai/test_photo/41_0878.jpg,1,0,False,blue,blue,,7,7,True,川AX4X98,0.7670463184531912,-4.773745625771532,True,川,baseline,0.34275957091813936,-1.0707260370254517
fenqusai/test_photo/41_0878.jpg,1,1,True,blue,green,,8,8,True,川AX4X98U,0.9447123696331944,-1.023745834387789,True,川,baseline,0.34275957091813936,-1.0707260370254517
fenqusai/test_photo/41_0878.jpg,1,2,False,blue,green,tractor_green,8,8,True,川AX4X98U,0.9447123696331944,-1.023745834387789,True,川,baseline,0.34275957091813936,-1.0707260370254517
fenqusai/test_photo/41_0878.jpg,1,3,False,blue,yellow,,7,7,True,川AX4X98,0.7670463184531912,-4.773745625771532,True,川,baseline,0.34275957091813936,-1.0707260370254517
fenqusai/test_photo/41_0878.jpg,1,4,False,blue,black,,7,7,True,川AX4X98,0.7670463184531912,-4.773745625771532,True,川,baseline,0.34275957091813936,-1.0707260370254517
fenqusai/test_photo/41_0878.jpg,1,5,False,blue,special_7,,7,7,True,川AX4X98,0.7670463184531912,-4.773745625771532,True,川,baseline,0.34275957091813936,-1.0707260370254517
fenqusai/test_photo/41_0878.jpg,1,6,False,blue,unknown_8,,8,8,True,川AX4X98U,0.9447123696331944,-1.023745834387789,True,川,baseline,0.34275957091813936,-1.0707260370254517
fenqusai/test_photo/41_0902.jpg,0,0,True,blue,blue,,7,7,True,云A678MY,0.6498870290882536,-7.75722118680639,True,云,baseline,0.33311329929147426,-1.099272608757019
fenqusai/test_photo/41_0902.jpg,0,1,False,blue,green,,8,6,False,云A678Y,0.9995988972742735,-0.007221297400946014,True,云,baseline,0.33311329929147426,-1.099272608757019
fenqusai/test_photo/41_0902.jpg,0,2,False,blue,green,tractor_green,8,6,False,云A678Y,0.9995988972742735,-0.007221297400946014,True,云,baseline,0.33311329929147426,-1.099272608757019
fenqusai/test_photo/41_0902.jpg,0,3,False,blue,yellow,,7,7,True,云A678MY,0.6498870290882536,-7.75722118680639,True,云,baseline,0.33311329929147426,-1.099272608757019
fenqusai/test_photo/41_0902.jpg,0,4,False,blue,black,,7,7,True,云A678MY,0.6498870290882536,-7.75722118680639,True,云,baseline,0.33311329929147426,-1.099272608757019
fenqusai/test_photo/41_0902.jpg,0,5,False,blue,special_7,,7,7,True,云A678MY,0.6498870290882536,-7.75722118680639,True,云,baseline,0.33311329929147426,-1.099272608757019
fenqusai/test_photo/41_0902.jpg,0,6,False,blue,unknown_8,,8,6,False,云A678Y,0.9995988972742735,-0.007221297400946014,True,云,baseline,0.33311329929147426,-1.099272608757019
fenqusai/test_photo/41_0902.jpg,1,0,True,blue,blue,,7,7,True,新A923SU,0.9245795258173722,-1.4114918070069962,True,新,baseline,0.08151039140063983,-2.5070247650146484
fenqusai/test_photo/41_0902.jpg,1,1,False,blue,green,,8,8,True,新A923S5U,0.6510878706685411,-7.723992022142511,True,新,baseline,0.08151039140063983,-2.5070247650146484
fenqusai/test_photo/41_0902.jpg,1,2,False,blue,green,tractor_green,8,8,True,新A923S5U,0.6510878706685411,-7.723992022142511,True,新,baseline,0.08151039140063983,-2.5070247650146484
fenqusai/test_photo/41_0902.jpg,1,3,False,blue,yellow,,7,7,True,新A923SU,0.9245795258173722,-1.4114918070069962,True,新,baseline,0.08151039140063983,-2.5070247650146484
fenqusai/test_photo/41_0902.jpg,1,4,False,blue,black,,7,7,True,新A923SU,0.9245795258173722,-1.4114918070069962,True,新,baseline,0.08151039140063983,-2.5070247650146484
fenqusai/test_photo/41_0902.jpg,1,5,False,blue,special_7,,7,7,True,新A923SU,0.9245795258173722,-1.4114918070069962,True,新,baseline,0.08151039140063983,-2.5070247650146484
fenqusai/test_photo/41_0902.jpg,1,6,False,blue,unknown_8,,8,8,True,新A923S5U,0.6510878706685411,-7.723992022142511,True,新,baseline,0.08151039140063983,-2.5070247650146484
fenqusai/test_photo/41_0902.jpg,2,0,True,blue,blue,,7,7,True,川A965NB,0.959501428612625,-0.7441465431935512,True,川,baseline,0.2206311682356553,-1.5112628936767578
fenqusai/test_photo/41_0902.jpg,2,1,False,blue,green,,8,8,True,川A965NWB,0.8037839153286518,-3.9316465431935512,True,川,baseline,0.2206311682356553,-1.5112628936767578
fenqusai/test_photo/41_0902.jpg,2,2,False,blue,green,tractor_green,8,8,True,川A965NWB,0.8037839153286518,-3.9316465431935512,True,川,baseline,0.2206311682356553,-1.5112628936767578
fenqusai/test_photo/41_0902.jpg,2,3,False,blue,yellow,,7,7,True,川A965NB,0.959501428612625,-0.7441465431935512,True,川,baseline,0.2206311682356553,-1.5112628936767578
fenqusai/test_photo/41_0902.jpg,2,4,False,blue,black,,7,7,True,川A965NB,0.959501428612625,-0.7441465431935512,True,川,baseline,0.2206311682356553,-1.5112628936767578
fenqusai/test_photo/41_0902.jpg,2,5,False,blue,special_7,,7,7,True,川A965NB,0.959501428612625,-0.7441465431935512,True,川,baseline,0.2206311682356553,-1.5112628936767578
fenqusai/test_photo/41_0902.jpg,2,6,False,blue,unknown_8,,8,8,True,川A965NWB,0.8037839153286518,-3.9316465431935512,True,川,baseline,0.2206311682356553,-1.5112628936767578
fenqusai/test_photo/41_0902.jpg,3,0,True,blue,blue,,7,7,True,川AFX006,0.9791069296065137,-0.380059544165988,True,川,baseline,0.33333221410381403,-1.0986156463623047
fenqusai/test_photo/41_0902.jpg,3,1,False,blue,green,,8,8,True,川AFXZ006,0.8060908194824014,-3.880059544165988,True,川,baseline,0.33333221410381403,-1.0986156463623047
fenqusai/test_photo/41_0902.jpg,3,2,False,blue,green,tractor_green,8,8,True,川AFXZ006,0.8060908194824014,-3.880059544165988,True,川,baseline,0.33333221410381403,-1.0986156463623047
fenqusai/test_photo/41_0902.jpg,3,3,False,blue,yellow,,7,7,True,川AFX006,0.9791069296065137,-0.380059544165988,True,川,baseline,0.33333221410381403,-1.0986156463623047
fenqusai/test_photo/41_0902.jpg,3,4,False,blue,black,,7,7,True,川AFX006,0.9791069296065137,-0.380059544165988,True,川,baseline,0.33333221410381403,-1.0986156463623047
fenqusai/test_photo/41_0902.jpg,3,5,False,blue,special_7,,7,7,True,川AFX006,0.9791069296065137,-0.380059544165988,True,川,baseline,0.33333221410381403,-1.0986156463623047
fenqusai/test_photo/41_0902.jpg,3,6,False,blue,unknown_8,,8,8,True,川AFXZ006,0.8060908194824014,-3.880059544165988,True,川,baseline,0.33333221410381403,-1.0986156463623047
fenqusai/test_photo/41_0902.jpg,4,0,False,blue,blue,,7,7,True,京GEB7GG,0.6595424153969648,-7.491761899502222,True,京,baseline,0.3257458440362398,-1.1216378211975098
fenqusai/test_photo/41_0902.jpg,4,1,False,blue,green,,8,7,False,京GEB7GG,0.6595424153969648,-7.491761899502222,True,京,baseline,0.3257458440362398,-1.1216378211975098
fenqusai/test_photo/41_0902.jpg,4,2,False,blue,green,tractor_green,8,7,False,京GEB7GG,0.6595424153969648,-7.491761899502222,True,京,baseline,0.3257458440362398,-1.1216378211975098
fenqusai/test_photo/41_0902.jpg,4,3,False,blue,yellow,,7,7,True,京GEB7GG,0.6595424153969648,-7.491761899502222,True,京,baseline,0.3257458440362398,-1.1216378211975098
fenqusai/test_photo/41_0902.jpg,4,4,False,blue,black,,7,7,True,京GEB7GG,0.6595424153969648,-7.491761899502222,True,京,baseline,0.3257458440362398,-1.1216378211975098
fenqusai/test_photo/41_0902.jpg,4,5,True,blue,special_7,,7,7,True,京6EB7GG,0.9969899922226357,-0.05426184531089007,True,京,baseline,0.3257458440362398,-1.1216378211975098
fenqusai/test_photo/41_0902.jpg,4,6,False,blue,unknown_8,,8,7,False,京GEB7GG,0.6595424153969648,-7.491761899502222,True,京,baseline,0.3257458440362398,-1.1216378211975098
fenqusai/test_photo/41_0929.jpg,0,0,True,blue,blue,,7,7,True,云A0TC57,0.9994883114090815,-0.009212751867607949,True,云,baseline,0.3302775814564237,-1.1078218221664429
fenqusai/test_photo/41_0929.jpg,0,1,False,blue,green,,8,7,False,云A0TC57,0.9994883114090815,-0.009212751867607949,True,云,baseline,0.3302775814564237,-1.1078218221664429
fenqusai/test_photo/41_0929.jpg,0,2,False,blue,green,tractor_green,8,7,False,云A0TC57,0.9994883114090815,-0.009212751867607949,True,云,baseline,0.3302775814564237,-1.1078218221664429
fenqusai/test_photo/41_0929.jpg,0,3,False,blue,yellow,,7,7,True,云A0TC57,0.9994883114090815,-0.009212751867607949,True,云,baseline,0.3302775814564237,-1.1078218221664429
fenqusai/test_photo/41_0929.jpg,0,4,False,blue,black,,7,7,True,云A0TC57,0.9994883114090815,-0.009212751867607949,True,云,baseline,0.3302775814564237,-1.1078218221664429
fenqusai/test_photo/41_0929.jpg,0,5,False,blue,special_7,,7,7,True,云A0TC57,0.9994883114090815,-0.009212751867607949,True,云,baseline,0.3302775814564237,-1.1078218221664429
fenqusai/test_photo/41_0929.jpg,0,6,False,blue,unknown_8,,8,7,False,云A0TC57,0.9994883114090815,-0.009212751867607949,True,云,baseline,0.3302775814564237,-1.1078218221664429
fenqusai/test_photo/41_0929.jpg,1,0,True,blue,blue,,7,7,True,鲁AK79S6,0.9843149254256949,-0.2845689654493526,True,鲁,baseline,0.2812263389790316,-1.2685954570770264
fenqusai/test_photo/41_0929.jpg,1,1,False,blue,green,,8,7,False,鲁AK79S6,0.9843149254256949,-0.2845689654493526,True,鲁,baseline,0.2812263389790316,-1.2685954570770264
fenqusai/test_photo/41_0929.jpg,1,2,False,blue,green,tractor_green,8,7,False,鲁AK79S6,0.9843149254256949,-0.2845689654493526,True,鲁,baseline,0.2812263389790316,-1.2685954570770264
fenqusai/test_photo/41_0929.jpg,1,3,False,blue,yellow,,7,7,True,鲁AK79S6,0.9843149254256949,-0.2845689654493526,True,鲁,baseline,0.2812263389790316,-1.2685954570770264
fenqusai/test_photo/41_0929.jpg,1,4,False,blue,black,,7,7,True,鲁AK79S6,0.9843149254256949,-0.2845689654493526,True,鲁,baseline,0.2812263389790316,-1.2685954570770264
fenqusai/test_photo/41_0929.jpg,1,5,False,blue,special_7,,7,7,True,鲁AK79S6,0.9843149254256949,-0.2845689654493526,True,鲁,baseline,0.2812263389790316,-1.2685954570770264
fenqusai/test_photo/41_0929.jpg,1,6,False,blue,unknown_8,,8,7,False,鲁AK79S6,0.9843149254256949,-0.2845689654493526,True,鲁,baseline,0.2812263389790316,-1.2685954570770264
fenqusai/test_photo/41_0929.jpg,2,0,True,unknown_7,blue,,7,7,True,川A7020U,0.9999946622974075,-9.607890308416245e-05,True,川,baseline,0.3333307836002122,-1.0986199378967285
fenqusai/test_photo/41_0929.jpg,2,1,False,unknown_7,green,,8,8,True,川AA7020U,0.5940221457651887,-9.375096201866768,True,川,baseline,0.3333307836002122,-1.0986199378967285
fenqusai/test_photo/41_0929.jpg,2,2,False,unknown_7,green,tractor_green,8,8,True,川AA7020U,0.5940221457651887,-9.375096201866768,True,川,baseline,0.3333307836002122,-1.0986199378967285
fenqusai/test_photo/41_0929.jpg,2,3,False,unknown_7,yellow,,7,7,True,川A7020U,0.9999946622974075,-9.607890308416245e-05,True,川,baseline,0.3333307836002122,-1.0986199378967285
fenqusai/test_photo/41_0929.jpg,2,4,False,unknown_7,black,,7,7,True,川A7020U,0.9999946622974075,-9.607890308416245e-05,True,川,baseline,0.3333307836002122,-1.0986199378967285
fenqusai/test_photo/41_0929.jpg,2,5,False,unknown_7,special_7,,7,7,True,川A7020U,0.9999946622974075,-9.607890308416245e-05,True,川,baseline,0.3333307836002122,-1.0986199378967285
fenqusai/test_photo/41_0929.jpg,2,6,False,unknown_7,unknown_8,,8,8,True,川AA7020U,0.5940221457651887,-9.375096201866768,True,川,baseline,0.3333307836002122,-1.0986199378967285
fenqusai/test_photo/41_0953.jpg,0,0,True,blue,blue,,7,7,True,云GEY129,0.9713528551776394,-0.523178695988463,True,云,baseline,0.33333332672197086,-1.0986123085021973
fenqusai/test_photo/41_0953.jpg,0,1,False,blue,green,,8,7,False,云GEY129,0.9713528551776394,-0.523178695988463,True,云,baseline,0.33333332672197086,-1.0986123085021973
fenqusai/test_photo/41_0953.jpg,0,2,False,blue,green,tractor_green,8,7,False,云GEY129,0.9713528551776394,-0.523178695988463,True,云,baseline,0.33333332672197086,-1.0986123085021973
fenqusai/test_photo/41_0953.jpg,0,3,False,blue,yellow,,7,7,True,云GEY129,0.9713528551776394,-0.523178695988463,True,云,baseline,0.33333332672197086,-1.0986123085021973
fenqusai/test_photo/41_0953.jpg,0,4,False,blue,black,,7,7,True,云GEY129,0.9713528551776394,-0.523178695988463,True,云,baseline,0.33333332672197086,-1.0986123085021973
fenqusai/test_photo/41_0953.jpg,0,5,False,blue,special_7,,7,7,True,云GEY129,0.9713528551776394,-0.523178695988463,True,云,baseline,0.33333332672197086,-1.0986123085021973
fenqusai/test_photo/41_0953.jpg,0,6,False,blue,unknown_8,,8,7,False,云GEY129,0.9713528551776394,-0.523178695988463,True,云,baseline,0.33333332672197086,-1.0986123085021973
fenqusai/test_photo/41_0953.jpg,1,0,True,blue,blue,,7,7,True,川AM609H,0.6563112109186424,-7.580163521614388,True,川,baseline,0.0004967809782220913,-7.607361316680908
fenqusai/test_photo/41_0953.jpg,1,1,False,blue,green,,8,8,True,川AM609HW,0.6540363043235979,-7.642663521614388,True,川,baseline,0.0004967809782220913,-7.607361316680908
fenqusai/test_photo/41_0953.jpg,1,2,False,blue,green,tractor_green,8,8,True,川AM609HW,0.6540363043235979,-7.642663521614388,True,川,baseline,0.0004967809782220913,-7.607361316680908
fenqusai/test_photo/41_0953.jpg,1,3,False,blue,yellow,,7,7,True,川AM609H,0.6563112109186424,-7.580163521614388,True,川,baseline,0.0004967809782220913,-7.607361316680908
fenqusai/test_photo/41_0953.jpg,1,4,False,blue,black,,7,7,True,川AM609H,0.6563112109186424,-7.580163521614388,True,川,baseline,0.0004967809782220913,-7.607361316680908
fenqusai/test_photo/41_0953.jpg,1,5,False,blue,special_7,,7,7,True,川AM609H,0.6563112109186424,-7.580163521614388,True,川,baseline,0.0004967809782220913,-7.607361316680908
fenqusai/test_photo/41_0953.jpg,1,6,False,blue,unknown_8,,8,8,True,川AM609HW,0.6540363043235979,-7.642663521614388,True,川,baseline,0.0004967809782220913,-7.607361316680908
fenqusai/test_photo/41_0953.jpg,2,0,False,blue,blue,,7,7,True,川A80J21,0.8508262707660695,-2.9078517313896555,True,川,baseline,0.33333332672197086,-1.0986123085021973
fenqusai/test_photo/41_0953.jpg,2,1,False,blue,green,,8,8,True,川L480J21,0.5019146988211628,-12.407851735126314,True,川,baseline,0.33333332672197086,-1.0986123085021973
fenqusai/test_photo/41_0953.jpg,2,2,False,blue,green,tractor_green,8,8,True,川L480J21,0.5019146988211628,-12.407851735126314,True,川,baseline,0.33333332672197086,-1.0986123085021973
fenqusai/test_photo/41_0953.jpg,2,3,False,blue,yellow,,7,7,True,川A80J21,0.8508262707660695,-2.9078517313896555,True,川,baseline,0.33333332672197086,-1.0986123085021973
fenqusai/test_photo/41_0953.jpg,2,4,False,blue,black,,7,7,True,川A80J21,0.8508262707660695,-2.9078517313896555,True,川,baseline,0.33333332672197086,-1.0986123085021973
fenqusai/test_photo/41_0953.jpg,2,5,True,blue,special_7,,7,7,True,川480J21,0.9912687994261851,-0.15785173511494577,True,川,baseline,0.33333332672197086,-1.0986123085021973
fenqusai/test_photo/41_0953.jpg,2,6,False,blue,unknown_8,,8,8,True,川L480J21,0.5019146988211628,-12.407851735126314,True,川,baseline,0.33333332672197086,-1.0986123085021973
fenqusai/test_photo/41_0999.jpg,0,0,True,blue,blue,,7,7,True,云GFD112,0.9657897686506356,-0.6265637865194549,True,云,baseline,0.25487817695226445,-1.3669695854187012
fenqusai/test_photo/41_0999.jpg,0,1,False,blue,green,,8,7,False,云GFD112,0.9657897686506356,-0.6265637865194549,True,云,baseline,0.25487817695226445,-1.3669695854187012
fenqusai/test_photo/41_0999.jpg,0,2,False,blue,green,tractor_green,8,7,False,云GFD112,0.9657897686506356,-0.6265637865194549,True,云,baseline,0.25487817695226445,-1.3669695854187012
fenqusai/test_photo/41_0999.jpg,0,3,False,blue,yellow,,7,7,True,云GFD112,0.9657897686506356,-0.6265637865194549,True,云,baseline,0.25487817695226445,-1.3669695854187012
fenqusai/test_photo/41_0999.jpg,0,4,False,blue,black,,7,7,True,云GFD112,0.9657897686506356,-0.6265637865194549,True,云,baseline,0.25487817695226445,-1.3669695854187012
fenqusai/test_photo/41_0999.jpg,0,5,False,blue,special_7,,7,7,True,云GFD112,0.9657897686506356,-0.6265637865194549,True,云,baseline,0.25487817695226445,-1.3669695854187012
fenqusai/test_photo/41_0999.jpg,0,6,False,blue,unknown_8,,8,7,False,云GFD112,0.9657897686506356,-0.6265637865194549,True,云,baseline,0.25487817695226445,-1.3669695854187012
fenqusai/test_photo/41_0999.jpg,1,0,True,blue,blue,,7,7,True,川A2S8Y5,0.9737731903347113,-0.4783835986092697,True,川,baseline,0.207422955913537,-1.5729953050613403
fenqusai/test_photo/41_0999.jpg,1,1,False,blue,green,,8,7,False,川A2S8Y5,0.9737731903347113,-0.4783835986092697,True,川,baseline,0.207422955913537,-1.5729953050613403
fenqusai/test_photo/41_0999.jpg,1,2,False,blue,green,tractor_green,8,7,False,川A2S8Y5,0.9737731903347113,-0.4783835986092697,True,川,baseline,0.207422955913537,-1.5729953050613403
fenqusai/test_photo/41_0999.jpg,1,3,False,blue,yellow,,7,7,True,川A2S8Y5,0.9737731903347113,-0.4783835986092697,True,川,baseline,0.207422955913537,-1.5729953050613403
fenqusai/test_photo/41_0999.jpg,1,4,False,blue,black,,7,7,True,川A2S8Y5,0.9737731903347113,-0.4783835986092697,True,川,baseline,0.207422955913537,-1.5729953050613403
fenqusai/test_photo/41_0999.jpg,1,5,False,blue,special_7,,7,7,True,川A2S8Y5,0.9737731903347113,-0.4783835986092697,True,川,baseline,0.207422955913537,-1.5729953050613403
fenqusai/test_photo/41_0999.jpg,1,6,False,blue,unknown_8,,8,7,False,川A2S8Y5,0.9737731903347113,-0.4783835986092697,True,川,baseline,0.207422955913537,-1.5729953050613403
fenqusai/test_photo/41_0999.jpg,2,0,True,blue,blue,,7,7,True,川AR6B63,0.9818023665517802,-0.33057444491350907,True,川,baseline,0.33333253199433704,-1.0986146926879883
fenqusai/test_photo/41_0999.jpg,2,1,False,blue,green,,8,7,False,川AR6B63,0.9818023665517802,-0.33057444491350907,True,川,baseline,0.33333253199433704,-1.0986146926879883
fenqusai/test_photo/41_0999.jpg,2,2,False,blue,green,tractor_green,8,7,False,川AR6B63,0.9818023665517802,-0.33057444491350907,True,川,baseline,0.33333253199433704,-1.0986146926879883
fenqusai/test_photo/41_0999.jpg,2,3,False,blue,yellow,,7,7,True,川AR6B63,0.9818023665517802,-0.33057444491350907,True,川,baseline,0.33333253199433704,-1.0986146926879883
fenqusai/test_photo/41_0999.jpg,2,4,False,blue,black,,7,7,True,川AR6B63,0.9818023665517802,-0.33057444491350907,True,川,baseline,0.33333253199433704,-1.0986146926879883
fenqusai/test_photo/41_0999.jpg,2,5,False,blue,special_7,,7,7,True,川AR6B63,0.9818023665517802,-0.33057444491350907,True,川,baseline,0.33333253199433704,-1.0986146926879883
fenqusai/test_photo/41_0999.jpg,2,6,False,blue,unknown_8,,8,7,False,川AR6B63,0.9818023665517802,-0.33057444491350907,True,川,baseline,0.33333253199433704,-1.0986146926879883
fenqusai/test_photo/42.jpg,0,0,True,blue,blue,,7,7,True,豫H00351,0.9999520861417719,-0.0008624701104054111,True,豫,baseline,0.33333332672197086,-1.0986123085021973
fenqusai/test_photo/42.jpg,0,1,False,blue,green,,8,7,False,豫H00351,0.9999520861417719,-0.0008624701104054111,True,豫,baseline,0.33333332672197086,-1.0986123085021973
fenqusai/test_photo/42.jpg,0,2,False,blue,green,tractor_green,8,7,False,豫H00351,0.9999520861417719,-0.0008624701104054111,True,豫,baseline,0.33333332672197086,-1.0986123085021973
fenqusai/test_photo/42.jpg,0,3,False,blue,yellow,,7,7,True,豫H00351,0.9999520861417719,-0.0008624701104054111,True,豫,baseline,0.33333332672197086,-1.0986123085021973
fenqusai/test_photo/42.jpg,0,4,False,blue,black,,7,7,True,豫H00351,0.9999520861417719,-0.0008624701104054111,True,豫,baseline,0.33333332672197086,-1.0986123085021973
fenqusai/test_photo/42.jpg,0,5,False,blue,special_7,,7,7,True,豫H00351,0.9999520861417719,-0.0008624701104054111,True,豫,baseline,0.33333332672197086,-1.0986123085021973
fenqusai/test_photo/42.jpg,0,6,False,blue,unknown_8,,8,7,False,豫H00351,0.9999520861417719,-0.0008624701104054111,True,豫,baseline,0.33333332672197086,-1.0986123085021973
fenqusai/test_photo/44.jpg,0,0,True,blue,blue,,7,7,True,京CFM951,0.9164754709696155,-1.569959565640545,True,京,baseline,0.0719741487994267,-2.631448268890381
fenqusai/test_photo/44.jpg,0,1,False,blue,green,,8,8,True,京ECFM951,0.653839357366184,-7.648084595442867,True,京,baseline,0.0719741487994267,-2.631448268890381
fenqusai/test_photo/44.jpg,0,2,False,blue,green,tractor_green,8,8,True,京ECFM951,0.653839357366184,-7.648084595442867,True,京,baseline,0.0719741487994267,-2.631448268890381
fenqusai/test_photo/44.jpg,0,3,False,blue,yellow,,7,7,True,京CFM951,0.9164754709696155,-1.569959565640545,True,京,baseline,0.0719741487994267,-2.631448268890381
fenqusai/test_photo/44.jpg,0,4,False,blue,black,,7,7,True,京CFM951,0.9164754709696155,-1.569959565640545,True,京,baseline,0.0719741487994267,-2.631448268890381
fenqusai/test_photo/44.jpg,0,5,False,blue,special_7,,7,7,True,京CFM951,0.9164754709696155,-1.569959565640545,True,京,baseline,0.0719741487994267,-2.631448268890381
fenqusai/test_photo/44.jpg,0,6,False,blue,unknown_8,,8,8,True,京ECFM951,0.653839357366184,-7.648084595442867,True,京,baseline,0.0719741487994267,-2.631448268890381
fenqusai/test_photo/46.jpg,0,0,True,blue,blue,,7,5,False,川AQ62,0.9920589300439556,-0.14350982715797045,True,川,baseline,0.33157558744842225,-1.1038994789123535
fenqusai/test_photo/46.jpg,0,1,False,blue,green,,8,5,False,川AQ62,0.9920589300439556,-0.14350982715797045,True,川,baseline,0.33157558744842225,-1.1038994789123535
fenqusai/test_photo/46.jpg,0,2,False,blue,green,tractor_green,8,5,False,川AQ62,0.9920589300439556,-0.14350982715797045,True,川,baseline,0.33157558744842225,-1.1038994789123535
fenqusai/test_photo/46.jpg,0,3,False,blue,yellow,,7,5,False,川AQ62,0.9920589300439556,-0.14350982715797045,True,川,baseline,0.33157558744842225,-1.1038994789123535
fenqusai/test_photo/46.jpg,0,4,False,blue,black,,7,5,False,川AQ62,0.9920589300439556,-0.14350982715797045,True,川,baseline,0.33157558744842225,-1.1038994789123535
fenqusai/test_photo/46.jpg,0,5,False,blue,special_7,,7,5,False,川AQ62,0.9920589300439556,-0.14350982715797045,True,川,baseline,0.33157558744842225,-1.1038994789123535
fenqusai/test_photo/46.jpg,0,6,False,blue,unknown_8,,8,5,False,川AQ62,0.9920589300439556,-0.14350982715797045,True,川,baseline,0.33157558744842225,-1.1038994789123535
fenqusai/test_photo/47.jpg,0,0,True,blue,blue,,7,7,True,川A98888,0.9816219930052945,-0.3338816503376165,True,川,baseline,0.23960363761043413,-1.4287692308425903
fenqusai/test_photo/47.jpg,0,1,False,blue,green,,8,7,False,川A98888,0.9816219930052945,-0.3338816503376165,True,川,baseline,0.23960363761043413,-1.4287692308425903
fenqusai/test_photo/47.jpg,0,2,False,blue,green,tractor_green,8,7,False,川A98888,0.9816219930052945,-0.3338816503376165,True,川,baseline,0.23960363761043413,-1.4287692308425903
fenqusai/test_photo/47.jpg,0,3,False,blue,yellow,,7,7,True,川A98888,0.9816219930052945,-0.3338816503376165,True,川,baseline,0.23960363761043413,-1.4287692308425903
fenqusai/test_photo/47.jpg,0,4,False,blue,black,,7,7,True,川A98888,0.9816219930052945,-0.3338816503376165,True,川,baseline,0.23960363761043413,-1.4287692308425903
fenqusai/test_photo/47.jpg,0,5,False,blue,special_7,,7,7,True,川A98888,0.9816219930052945,-0.3338816503376165,True,川,baseline,0.23960363761043413,-1.4287692308425903
fenqusai/test_photo/47.jpg,0,6,False,blue,unknown_8,,8,7,False,川A98888,0.9816219930052945,-0.3338816503376165,True,川,baseline,0.23960363761043413,-1.4287692308425903
fenqusai/test_photo/48.jpg,0,0,False,blue,blue,,7,7,True,京A9412B,0.4918448684801144,-12.77265456318753,True,京,1,0.1238541981469478,-3.7136502265930176
fenqusai/test_photo/48.jpg,0,1,True,blue,green,,8,8,True,皖YA9412B,0.9252905674155563,-1.3976543495072065,True,皖,baseline,0.1238541981469478,-2.0886502265930176
fenqusai/test_photo/48.jpg,0,2,False,blue,green,tractor_green,8,8,True,皖YA9412B,0.9252905674155563,-1.3976543495072065,True,皖,baseline,0.1238541981469478,-2.0886502265930176
fenqusai/test_photo/48.jpg,0,3,False,blue,yellow,,7,7,True,京A9412B,0.4918448684801144,-12.77265456318753,True,京,1,0.1238541981469478,-3.7136502265930176
fenqusai/test_photo/48.jpg,0,4,False,blue,black,,7,7,True,京A9412B,0.4918448684801144,-12.77265456318753,True,京,1,0.1238541981469478,-3.7136502265930176
fenqusai/test_photo/48.jpg,0,5,False,blue,special_7,,7,7,True,京A9412B,0.4918448684801144,-12.77265456318753,True,京,1,0.1238541981469478,-3.7136502265930176
fenqusai/test_photo/48.jpg,0,6,False,blue,unknown_8,,8,8,True,皖YA9412B,0.9252905674155563,-1.3976543495072065,True,皖,baseline,0.1238541981469478,-2.0886502265930176
fenqusai/test_photo/48_0073.jpg,0,0,True,blue,blue,,7,7,True,黑E69T3L,0.9565390876771492,-0.7998052611292152,True,黑,baseline,0.3099460848623518,-1.1713569164276123
fenqusai/test_photo/48_0073.jpg,0,1,False,blue,green,,8,7,False,黑E69T3L,0.9565390876771492,-0.7998052611292152,True,黑,baseline,0.3099460848623518,-1.1713569164276123
fenqusai/test_photo/48_0073.jpg,0,2,False,blue,green,tractor_green,8,7,False,黑E69T3L,0.9565390876771492,-0.7998052611292152,True,黑,baseline,0.3099460848623518,-1.1713569164276123
fenqusai/test_photo/48_0073.jpg,0,3,False,blue,yellow,,7,7,True,黑E69T3L,0.9565390876771492,-0.7998052611292152,True,黑,baseline,0.3099460848623518,-1.1713569164276123
fenqusai/test_photo/48_0073.jpg,0,4,False,blue,black,,7,7,True,黑E69T3L,0.9565390876771492,-0.7998052611292152,True,黑,baseline,0.3099460848623518,-1.1713569164276123
fenqusai/test_photo/48_0073.jpg,0,5,False,blue,special_7,,7,7,True,黑E69T3L,0.9565390876771492,-0.7998052611292152,True,黑,baseline,0.3099460848623518,-1.1713569164276123
fenqusai/test_photo/48_0073.jpg,0,6,False,blue,unknown_8,,8,7,False,黑E69T3L,0.9565390876771492,-0.7998052611292152,True,黑,baseline,0.3099460848623518,-1.1713569164276123
fenqusai/test_photo/48_0073.jpg,1,0,True,blue,blue,,7,7,True,川A94BC2,0.9908923886281444,-0.16468810592778027,True,川,baseline,0.33333332672197086,-1.0986123085021973
fenqusai/test_photo/48_0073.jpg,1,1,False,blue,green,,8,8,True,川A94BCZ2,0.7274739258164151,-5.7271881848573685,True,川,baseline,0.33333332672197086,-1.0986123085021973
fenqusai/test_photo/48_0073.jpg,1,2,False,blue,green,tractor_green,8,8,True,川A94BCZ2,0.7274739258164151,-5.7271881848573685,True,川,baseline,0.33333332672197086,-1.0986123085021973
fenqusai/test_photo/48_0073.jpg,1,3,False,blue,yellow,,7,7,True,川A94BC2,0.9908923886281444,-0.16468810592778027,True,川,baseline,0.33333332672197086,-1.0986123085021973
fenqusai/test_photo/48_0073.jpg,1,4,False,blue,black,,7,7,True,川A94BC2,0.9908923886281444,-0.16468810592778027,True,川,baseline,0.33333332672197086,-1.0986123085021973
fenqusai/test_photo/48_0073.jpg,1,5,False,blue,special_7,,7,7,True,川A94BC2,0.9908923886281444,-0.16468810592778027,True,川,baseline,0.33333332672197086,-1.0986123085021973
fenqusai/test_photo/48_0073.jpg,1,6,False,blue,unknown_8,,8,8,True,川A94BCZ2,0.7274739258164151,-5.7271881848573685,True,川,baseline,0.33333332672197086,-1.0986123085021973
fenqusai/test_photo/48_0193.jpg,0,0,True,blue,blue,,7,7,True,苏E65LP3,0.9773992347966445,-0.4114813867778295,True,苏,baseline,0.33333332672197086,-1.0986123085021973
fenqusai/test_photo/48_0193.jpg,0,1,False,blue,green,,8,8,True,苏E565LP3,0.6954905490044542,-6.536481416812983,True,苏,baseline,0.33333332672197086,-1.0986123085021973
fenqusai/test_photo/48_0193.jpg,0,2,False,blue,green,tractor_green,8,8,True,苏E565LP3,0.6954905490044542,-6.536481416812983,True,苏,baseline,0.33333332672197086,-1.0986123085021973
fenqusai/test_photo/48_0193.jpg,0,3,False,blue,yellow,,7,7,True,苏E65LP3,0.9773992347966445,-0.4114813867778295,True,苏,baseline,0.33333332672197086,-1.0986123085021973
fenqusai/test_photo/48_0193.jpg,0,4,False,blue,black,,7,7,True,苏E65LP3,0.9773992347966445,-0.4114813867778295,True,苏,baseline,0.33333332672197086,-1.0986123085021973
fenqusai/test_photo/48_0193.jpg,0,5,False,blue,special_7,,7,7,True,苏E65LP3,0.9773992347966445,-0.4114813867778295,True,苏,baseline,0.33333332672197086,-1.0986123085021973
fenqusai/test_photo/48_0193.jpg,0,6,False,blue,unknown_8,,8,8,True,苏E565LP3,0.6954905490044542,-6.536481416812983,True,苏,baseline,0.33333332672197086,-1.0986123085021973
fenqusai/test_photo/48_0193.jpg,1,0,True,blue,blue,,7,7,True,川A152RK,0.9638359459713701,-0.6630152288681685,True,川,baseline,0.33333332672197086,-1.0986123085021973
fenqusai/test_photo/48_0193.jpg,1,1,False,blue,green,,8,8,True,川A1L52RK,0.38807508026243426,-17.038016140458346,True,川,baseline,0.33333332672197086,-1.0986123085021973
fenqusai/test_photo/48_0193.jpg,1,2,False,blue,green,tractor_green,8,8,True,川A1L52RK,0.38807508026243426,-17.038016140458346,True,川,baseline,0.33333332672197086,-1.0986123085021973
fenqusai/test_photo/48_0193.jpg,1,3,False,blue,yellow,,7,7,True,川A152RK,0.9638359459713701,-0.6630152288681685,True,川,baseline,0.33333332672197086,-1.0986123085021973
fenqusai/test_photo/48_0193.jpg,1,4,False,blue,black,,7,7,True,川A152RK,0.9638359459713701,-0.6630152288681685,True,川,baseline,0.33333332672197086,-1.0986123085021973
fenqusai/test_photo/48_0193.jpg,1,5,False,blue,special_7,,7,7,True,川A152RK,0.9638359459713701,-0.6630152288681685,True,川,baseline,0.33333332672197086,-1.0986123085021973
fenqusai/test_photo/48_0193.jpg,1,6,False,blue,unknown_8,,8,8,True,川A1L52RK,0.38807508026243426,-17.038016140458346,True,川,baseline,0.33333332672197086,-1.0986123085021973
fenqusai/test_photo/48_0193.jpg,2,0,True,blue,blue,,7,7,True,川A0U58C,0.982506742642312,-0.31766530539604787,True,川,baseline,0.33333332672197086,-1.0986123085021973
fenqusai/test_photo/48_0193.jpg,2,1,False,blue,green,,8,8,True,川A0U589C,0.403920600081497,-16.31766518618676,True,川,baseline,0.33333332672197086,-1.0986123085021973
fenqusai/test_photo/48_0193.jpg,2,2,False,blue,green,tractor_green,8,8,True,川A0U589C,0.403920600081497,-16.31766518618676,True,川,baseline,0.33333332672197086,-1.0986123085021973
fenqusai/test_photo/48_0193.jpg,2,3,False,blue,yellow,,7,7,True,川A0U58C,0.982506742642312,-0.31766530539604787,True,川,baseline,0.33333332672197086,-1.0986123085021973
fenqusai/test_photo/48_0193.jpg,2,4,False,blue,black,,7,7,True,川A0U58C,0.982506742642312,-0.31766530539604787,True,川,baseline,0.33333332672197086,-1.0986123085021973
fenqusai/test_photo/48_0193.jpg,2,5,False,blue,special_7,,7,7,True,川A0U58C,0.982506742642312,-0.31766530539604787,True,川,baseline,0.33333332672197086,-1.0986123085021973
fenqusai/test_photo/48_0193.jpg,2,6,False,blue,unknown_8,,8,8,True,川A0U589C,0.403920600081497,-16.31766518618676,True,川,baseline,0.33333332672197086,-1.0986123085021973
fenqusai/test_photo/48_0283.jpg,0,0,True,blue,blue,,7,7,True,黑AW6T16,0.7674903132106446,-4.763329574838281,True,黑,baseline,0.2971330903963846,-1.2135751247406006
fenqusai/test_photo/48_0283.jpg,0,1,False,blue,green,,8,6,False,黑A6T16,0.9923444739577738,-0.1383296400308609,True,黑,baseline,0.2971330903963846,-1.2135751247406006
fenqusai/test_photo/48_0283.jpg,0,2,False,blue,green,tractor_green,8,6,False,黑A6T16,0.9923444739577738,-0.1383296400308609,True,黑,baseline,0.2971330903963846,-1.2135751247406006
fenqusai/test_photo/48_0283.jpg,0,3,False,blue,yellow,,7,7,True,黑AW6T16,0.7674903132106446,-4.763329574838281,True,黑,baseline,0.2971330903963846,-1.2135751247406006
fenqusai/test_photo/48_0283.jpg,0,4,False,blue,black,,7,7,True,黑AW6T16,0.7674903132106446,-4.763329574838281,True,黑,baseline,0.2971330903963846,-1.2135751247406006
fenqusai/test_photo/48_0283.jpg,0,5,False,blue,special_7,,7,7,True,黑AW6T16,0.7674903132106446,-4.763329574838281,True,黑,baseline,0.2971330903963846,-1.2135751247406006
fenqusai/test_photo/48_0283.jpg,0,6,False,blue,unknown_8,,8,6,False,黑A6T16,0.9923444739577738,-0.1383296400308609,True,黑,baseline,0.2971330903963846,-1.2135751247406006
fenqusai/test_photo/48_0283.jpg,1,0,True,blue,blue,,7,7,True,京BJS012,0.9948109624753715,-0.09364585203695697,True,京,baseline,0.3139252651896139,-1.1586003303527832
fenqusai/test_photo/48_0283.jpg,1,1,False,blue,green,,8,7,False,京BJS012,0.9948109624753715,-0.09364585203695697,True,京,baseline,0.3139252651896139,-1.1586003303527832
fenqusai/test_photo/48_0283.jpg,1,2,False,blue,green,tractor_green,8,7,False,京BJS012,0.9948109624753715,-0.09364585203695697,True,京,baseline,0.3139252651896139,-1.1586003303527832
fenqusai/test_photo/48_0283.jpg,1,3,False,blue,yellow,,7,7,True,京BJS012,0.9948109624753715,-0.09364585203695697,True,京,baseline,0.3139252651896139,-1.1586003303527832
fenqusai/test_photo/48_0283.jpg,1,4,False,blue,black,,7,7,True,京BJS012,0.9948109624753715,-0.09364585203695697,True,京,baseline,0.3139252651896139,-1.1586003303527832
fenqusai/test_photo/48_0283.jpg,1,5,False,blue,special_7,,7,7,True,京BJS012,0.9948109624753715,-0.09364585203695697,True,京,baseline,0.3139252651896139,-1.1586003303527832
fenqusai/test_photo/48_0283.jpg,1,6,False,blue,unknown_8,,8,7,False,京BJS012,0.9948109624753715,-0.09364585203695697,True,京,baseline,0.3139252651896139,-1.1586003303527832
fenqusai/test_photo/48_0283.jpg,2,0,True,blue,blue,,7,7,True,皖A82MDD,0.9570179518430606,-0.7907963264715931,True,皖,baseline,0.21634672692923562,-1.5308729410171509
fenqusai/test_photo/48_0283.jpg,2,1,False,blue,green,,8,8,True,皖AA82MDD,0.7274291459828749,-5.7282962133159,True,皖,baseline,0.21634672692923562,-1.5308729410171509
fenqusai/test_photo/48_0283.jpg,2,2,False,blue,green,tractor_green,8,8,True,皖AA82MDD,0.7274291459828749,-5.7282962133159,True,皖,baseline,0.21634672692923562,-1.5308729410171509
fenqusai/test_photo/48_0283.jpg,2,3,False,blue,yellow,,7,7,True,皖A82MDD,0.9570179518430606,-0.7907963264715931,True,皖,baseline,0.21634672692923562,-1.5308729410171509
fenqusai/test_photo/48_0283.jpg,2,4,False,blue,black,,7,7,True,皖A82MDD,0.9570179518430606,-0.7907963264715931,True,皖,baseline,0.21634672692923562,-1.5308729410171509
fenqusai/test_photo/48_0283.jpg,2,5,False,blue,special_7,,7,7,True,皖A82MDD,0.9570179518430606,-0.7907963264715931,True,皖,baseline,0.21634672692923562,-1.5308729410171509
fenqusai/test_photo/48_0283.jpg,2,6,False,blue,unknown_8,,8,8,True,皖AA82MDD,0.7274291459828749,-5.7282962133159,True,皖,baseline,0.21634672692923562,-1.5308729410171509
fenqusai/test_photo/49.jpg,0,0,True,blue,blue,,7,7,True,琼B44444,0.8134621326619931,-3.7162062372649345,True,琼,baseline,0.29549303517117587,-1.2191100120544434
fenqusai/test_photo/49.jpg,0,1,False,blue,green,,8,6,False,琼B4444,0.9914971254401223,-0.15370614413267703,True,琼,baseline,0.29549303517117587,-1.2191100120544434
fenqusai/test_photo/49.jpg,0,2,False,blue,green,tractor_green,8,6,False,琼B4444,0.9914971254401223,-0.15370614413267703,True,琼,baseline,0.29549303517117587,-1.2191100120544434
fenqusai/test_photo/49.jpg,0,3,False,blue,yellow,,7,7,True,琼B44444,0.8134621326619931,-3.7162062372649345,True,琼,baseline,0.29549303517117587,-1.2191100120544434
fenqusai/test_photo/49.jpg,0,4,False,blue,black,,7,7,True,琼B44444,0.8134621326619931,-3.7162062372649345,True,琼,baseline,0.29549303517117587,-1.2191100120544434
fenqusai/test_photo/49.jpg,0,5,False,blue,special_7,,7,7,True,琼B44444,0.8134621326619931,-3.7162062372649345,True,琼,baseline,0.29549303517117587,-1.2191100120544434
fenqusai/test_photo/49.jpg,0,6,False,blue,unknown_8,,8,6,False,琼B4444,0.9914971254401223,-0.15370614413267703,True,琼,baseline,0.29549303517117587,-1.2191100120544434
fenqusai/test_photo/55.jpg,0,0,True,green,green,,8,8,True,川KLTY3QZ,0.68032840526333,-6.933233672597105,True,川,baseline,0.0011977200915589082,-6.727335453033447
fenqusai/test_photo/55.jpg,0,1,False,green,green,tractor_green,8,8,True,川KLTY3QZ,0.68032840526333,-6.933233672597105,True,川,baseline,0.0011977200915589082,-6.727335453033447
fenqusai/test_photo/55.jpg,0,2,False,green,blue,,7,7,True,川LTY3QZ,0.6503019173448817,-7.745733642794782,True,川,baseline,0.0011977200915589082,-6.727335453033447
fenqusai/test_photo/55.jpg,0,3,False,green,yellow,,7,7,True,川LTY3QZ,0.6503019173448817,-7.745733642794782,True,川,baseline,0.0011977200915589082,-6.727335453033447
fenqusai/test_photo/55.jpg,0,4,False,green,black,,7,7,True,川LTY3QZ,0.6503019173448817,-7.745733642794782,True,川,baseline,0.0011977200915589082,-6.727335453033447
fenqusai/test_photo/55.jpg,0,5,False,green,special_7,,7,7,True,川LTY3QZ,0.6503019173448817,-7.745733642794782,True,川,baseline,0.0011977200915589082,-6.727335453033447
fenqusai/test_photo/55.jpg,0,6,False,green,unknown_8,,8,8,True,川KLTY3QZ,0.68032840526333,-6.933233672597105,True,川,baseline,0.0011977200915589082,-6.727335453033447
fenqusai/test_photo/58.jpg,0,0,True,blue,blue,,7,7,True,吉E22602,0.9703282185939939,-0.5421761106172198,True,吉,baseline,0.20312004106399426,-1.5939581394195557
fenqusai/test_photo/58.jpg,0,1,False,blue,green,,8,8,True,吉E2260Z2,0.8072283596818212,-3.854676188848316,True,吉,baseline,0.20312004106399426,-1.5939581394195557
fenqusai/test_photo/58.jpg,0,2,False,blue,green,tractor_green,8,8,True,吉E2260Z2,0.8072283596818212,-3.854676188848316,True,吉,baseline,0.20312004106399426,-1.5939581394195557
fenqusai/test_photo/58.jpg,0,3,False,blue,yellow,,7,7,True,吉E22602,0.9703282185939939,-0.5421761106172198,True,吉,baseline,0.20312004106399426,-1.5939581394195557
fenqusai/test_photo/58.jpg,0,4,False,blue,black,,7,7,True,吉E22602,0.9703282185939939,-0.5421761106172198,True,吉,baseline,0.20312004106399426,-1.5939581394195557
fenqusai/test_photo/58.jpg,0,5,False,blue,special_7,,7,7,True,吉E22602,0.9703282185939939,-0.5421761106172198,True,吉,baseline,0.20312004106399426,-1.5939581394195557
fenqusai/test_photo/58.jpg,0,6,False,blue,unknown_8,,8,8,True,吉E2260Z2,0.8072283596818212,-3.854676188848316,True,吉,baseline,0.20312004106399426,-1.5939581394195557
fenqusai/test_photo/64_0236.jpg,0,0,True,blue,blue,,7,7,True,黑A1QT20,0.956685152019071,-0.7970568554743522,True,黑,baseline,0.18620159106279735,-1.6809253692626953
fenqusai/test_photo/64_0236.jpg,0,1,False,blue,green,,8,7,False,黑A1QT20,0.956685152019071,-0.7970568554743522,True,黑,baseline,0.18620159106279735,-1.6809253692626953
fenqusai/test_photo/64_0236.jpg,0,2,False,blue,green,tractor_green,8,7,False,黑A1QT20,0.956685152019071,-0.7970568554743522,True,黑,baseline,0.18620159106279735,-1.6809253692626953
fenqusai/test_photo/64_0236.jpg,0,3,False,blue,yellow,,7,7,True,黑A1QT20,0.956685152019071,-0.7970568554743522,True,黑,baseline,0.18620159106279735,-1.6809253692626953
fenqusai/test_photo/64_0236.jpg,0,4,False,blue,black,,7,7,True,黑A1QT20,0.956685152019071,-0.7970568554743522,True,黑,baseline,0.18620159106279735,-1.6809253692626953
fenqusai/test_photo/64_0236.jpg,0,5,False,blue,special_7,,7,7,True,黑A1QT20,0.956685152019071,-0.7970568554743522,True,黑,baseline,0.18620159106279735,-1.6809253692626953
fenqusai/test_photo/64_0236.jpg,0,6,False,blue,unknown_8,,8,7,False,黑A1QT20,0.956685152019071,-0.7970568554743522,True,黑,baseline,0.18620159106279735,-1.6809253692626953
fenqusai/test_photo/64_0236.jpg,1,0,True,yellow,yellow,,7,7,True,云E63893,0.7744230092568573,-4.601466559698551,True,云,baseline,0.0034025409635137045,-5.68323278427124
fenqusai/test_photo/64_0236.jpg,1,1,False,yellow,blue,,7,7,True,云E63893,0.7744230092568573,-4.601466559698551,True,云,baseline,0.0034025409635137045,-5.68323278427124
fenqusai/test_photo/64_0236.jpg,1,2,False,yellow,green,,8,7,False,云E63893,0.7744230092568573,-4.601466559698551,True,云,baseline,0.0034025409635137045,-5.68323278427124
fenqusai/test_photo/64_0236.jpg,1,3,False,yellow,green,tractor_green,8,8,True,云E挂63893,0.4059722897593357,-16.226466723611324,True,云,baseline,0.0034025409635137045,-5.68323278427124
fenqusai/test_photo/64_0236.jpg,1,4,False,yellow,black,,7,7,True,云E63893,0.7744230092568573,-4.601466559698551,True,云,baseline,0.0034025409635137045,-5.68323278427124
fenqusai/test_photo/64_0236.jpg,1,5,False,yellow,special_7,,7,7,True,云E63893,0.7744230092568573,-4.601466559698551,True,云,baseline,0.0034025409635137045,-5.68323278427124
fenqusai/test_photo/64_0236.jpg,1,6,False,yellow,unknown_8,,8,7,False,云E63893,0.7744230092568573,-4.601466559698551,True,云,baseline,0.0034025409635137045,-5.68323278427124
fenqusai/test_photo/64_0236.jpg,2,0,True,blue,blue,,7,7,True,蒙J8W671,0.9901989088883532,-0.17728988338421914,True,蒙,baseline,0.3105637016053437,-1.1693662405014038
fenqusai/test_photo/64_0236.jpg,2,1,False,blue,green,,8,8,True,蒙AJ8W671,0.6068748025496895,-8.989789775263489,True,蒙,baseline,0.3105637016053437,-1.1693662405014038
fenqusai/test_photo/64_0236.jpg,2,2,False,blue,green,tractor_green,8,8,True,蒙AJ8W671,0.6068748025496895,-8.989789775263489,True,蒙,baseline,0.3105637016053437,-1.1693662405014038
fenqusai/test_photo/64_0236.jpg,2,3,False,blue,yellow,,7,7,True,蒙J8W671,0.9901989088883532,-0.17728988338421914,True,蒙,baseline,0.3105637016053437,-1.1693662405014038
fenqusai/test_photo/64_0236.jpg,2,4,False,blue,black,,7,7,True,蒙J8W671,0.9901989088883532,-0.17728988338421914,True,蒙,baseline,0.3105637016053437,-1.1693662405014038
fenqusai/test_photo/64_0236.jpg,2,5,False,blue,special_7,,7,7,True,蒙J8W671,0.9901989088883532,-0.17728988338421914,True,蒙,baseline,0.3105637016053437,-1.1693662405014038
fenqusai/test_photo/64_0236.jpg,2,6,False,blue,unknown_8,,8,8,True,蒙AJ8W671,0.6068748025496895,-8.989789775263489,True,蒙,baseline,0.3105637016053437,-1.1693662405014038
fenqusai/test_photo/64_0833.jpg,0,0,False,yellow,yellow,,7,4,False,琼D10,0.0008909209162759098,-126.41858807078074,True,琼,0,5.851093216439714e-07,-14.35146713256836
fenqusai/test_photo/64_0833.jpg,0,1,False,yellow,blue,,7,4,False,琼D10,0.0008909209162759098,-126.41858807078074,True,琼,0,5.851093216439714e-07,-14.35146713256836
fenqusai/test_photo/64_0833.jpg,0,2,False,yellow,green,,8,4,False,琼D10,0.0008909209162759098,-126.41858807078074,True,琼,0,5.851093216439714e-07,-14.35146713256836
fenqusai/test_photo/64_0833.jpg,0,3,False,yellow,green,tractor_green,8,4,False,琼D10,0.0008909209162759098,-126.41858807078074,True,琼,0,5.851093216439714e-07,-14.35146713256836
fenqusai/test_photo/64_0833.jpg,0,4,False,yellow,black,,7,5,False,琼D使港0,0.0010821446334934872,-122.91858783236216,True,琼,0,5.851093216439714e-07,-14.35146713256836
fenqusai/test_photo/64_0833.jpg,0,5,True,yellow,special_7,,7,7,True,琼1使学港2港,0.012601376165804368,-78.73108652664789,True,琼,0,5.851093216439714e-07,-14.35146713256836
fenqusai/test_photo/64_0833.jpg,0,6,False,yellow,unknown_8,,8,4,False,琼D10,0.0008909209162759098,-126.41858807078074,True,琼,0,5.851093216439714e-07,-14.35146713256836
fenqusai/test_photo/64_0833.jpg,1,0,True,blue,blue,,7,7,True,川A6P2V8,0.9999468118606298,-0.0009574119703685824,True,川,baseline,0.3333252205890079,-1.0986366271972656
fenqusai/test_photo/64_0833.jpg,1,1,False,blue,green,,8,8,True,川A6P92V8,0.4110904378167874,-16.00095681615675,True,川,baseline,0.3333252205890079,-1.0986366271972656
fenqusai/test_photo/64_0833.jpg,1,2,False,blue,green,tractor_green,8,8,True,川A6P92V8,0.4110904378167874,-16.00095681615675,True,川,baseline,0.3333252205890079,-1.0986366271972656
fenqusai/test_photo/64_0833.jpg,1,3,False,blue,yellow,,7,7,True,川A6P2V8,0.9999468118606298,-0.0009574119703685824,True,川,baseline,0.3333252205890079,-1.0986366271972656
fenqusai/test_photo/64_0833.jpg,1,4,False,blue,black,,7,7,True,川A6P2V8,0.9999468118606298,-0.0009574119703685824,True,川,baseline,0.3333252205890079,-1.0986366271972656
fenqusai/test_photo/64_0833.jpg,1,5,False,blue,special_7,,7,7,True,川A6P2V8,0.9999468118606298,-0.0009574119703685824,True,川,baseline,0.3333252205890079,-1.0986366271972656
fenqusai/test_photo/64_0833.jpg,1,6,False,blue,unknown_8,,8,8,True,川A6P92V8,0.4110904378167874,-16.00095681615675,True,川,baseline,0.3333252205890079,-1.0986366271972656
fenqusai/test_photo/64_0833.jpg,2,0,True,blue,blue,,7,7,True,川A09Y3B,0.9917279579163747,-0.1495160150079755,True,川,baseline,0.33333332672197086,-1.0986123085021973
fenqusai/test_photo/64_0833.jpg,2,1,False,blue,green,,8,8,True,川A09Y13B,0.3924328812214309,-16.83701567351818,True,川,baseline,0.33333332672197086,-1.0986123085021973
fenqusai/test_photo/64_0833.jpg,2,2,False,blue,green,tractor_green,8,8,True,川A09Y13B,0.3924328812214309,-16.83701567351818,True,川,baseline,0.33333332672197086,-1.0986123085021973
fenqusai/test_photo/64_0833.jpg,2,3,False,blue,yellow,,7,7,True,川A09Y3B,0.9917279579163747,-0.1495160150079755,True,川,baseline,0.33333332672197086,-1.0986123085021973
fenqusai/test_photo/64_0833.jpg,2,4,False,blue,black,,7,7,True,川A09Y3B,0.9917279579163747,-0.1495160150079755,True,川,baseline,0.33333332672197086,-1.0986123085021973
fenqusai/test_photo/64_0833.jpg,2,5,False,blue,special_7,,7,7,True,川A09Y3B,0.9917279579163747,-0.1495160150079755,True,川,baseline,0.33333332672197086,-1.0986123085021973
fenqusai/test_photo/64_0833.jpg,2,6,False,blue,unknown_8,,8,8,True,川A09Y13B,0.3924328812214309,-16.83701567351818,True,川,baseline,0.33333332672197086,-1.0986123085021973
fenqusai/test_photo/653.jpg,0,0,True,blue,blue,,7,7,True,陕AG9Z10,0.9699448563673014,-0.5492890477179913,True,陕,baseline,0.33333332672197086,-1.0986123085021973
fenqusai/test_photo/653.jpg,0,1,False,blue,green,,8,8,True,陕AG9ZL10,0.9532508683413654,-0.8617890477179913,True,陕,baseline,0.33333332672197086,-1.0986123085021973
fenqusai/test_photo/653.jpg,0,2,False,blue,green,tractor_green,8,8,True,陕AG9ZL10,0.9532508683413654,-0.8617890477179913,True,陕,baseline,0.33333332672197086,-1.0986123085021973
fenqusai/test_photo/653.jpg,0,3,False,blue,yellow,,7,7,True,陕AG9Z10,0.9699448563673014,-0.5492890477179913,True,陕,baseline,0.33333332672197086,-1.0986123085021973
fenqusai/test_photo/653.jpg,0,4,False,blue,black,,7,7,True,陕AG9Z10,0.9699448563673014,-0.5492890477179913,True,陕,baseline,0.33333332672197086,-1.0986123085021973
fenqusai/test_photo/653.jpg,0,5,False,blue,special_7,,7,7,True,陕AG9Z10,0.9699448563673014,-0.5492890477179913,True,陕,baseline,0.33333332672197086,-1.0986123085021973
fenqusai/test_photo/653.jpg,0,6,False,blue,unknown_8,,8,8,True,陕AG9ZL10,0.9532508683413654,-0.8617890477179913,True,陕,baseline,0.33333332672197086,-1.0986123085021973
fenqusai/test_photo/655.jpg,0,0,True,blue,blue,,7,7,True,新A70M53,0.9979272050806293,-0.037349030375196435,True,新,baseline,0.33333308830348174,-1.0986130237579346
fenqusai/test_photo/655.jpg,0,1,False,blue,green,,8,8,True,新KA70M53,0.42328320222420296,-15.474848672747385,True,新,baseline,0.33333308830348174,-1.0986130237579346
fenqusai/test_photo/655.jpg,0,2,False,blue,green,tractor_green,8,8,True,新KA70M53,0.42328320222420296,-15.474848672747385,True,新,baseline,0.33333308830348174,-1.0986130237579346
fenqusai/test_photo/655.jpg,0,3,False,blue,yellow,,7,7,True,新A70M53,0.9979272050806293,-0.037349030375196435,True,新,baseline,0.33333308830348174,-1.0986130237579346
fenqusai/test_photo/655.jpg,0,4,False,blue,black,,7,7,True,新A70M53,0.9979272050806293,-0.037349030375196435,True,新,baseline,0.33333308830348174,-1.0986130237579346
fenqusai/test_photo/655.jpg,0,5,False,blue,special_7,,7,7,True,新A70M53,0.9979272050806293,-0.037349030375196435,True,新,baseline,0.33333308830348174,-1.0986130237579346
fenqusai/test_photo/655.jpg,0,6,False,blue,unknown_8,,8,8,True,新KA70M53,0.42328320222420296,-15.474848672747385,True,新,baseline,0.33333308830348174,-1.0986130237579346
fenqusai/test_photo/657.jpg,0,0,True,blue,blue,,7,7,True,晋D8880D,0.9396724910969932,-1.120029806787386,True,晋,baseline,0.10876004555205868,-2.218611240386963
fenqusai/test_photo/657.jpg,0,1,False,blue,green,,8,8,True,晋BD8880D,0.45795980307773676,-14.057529568658026,True,晋,baseline,0.10876004555205868,-2.218611240386963
fenqusai/test_photo/657.jpg,0,2,False,blue,green,tractor_green,8,8,True,晋BD8880D,0.45795980307773676,-14.057529568658026,True,晋,baseline,0.10876004555205868,-2.218611240386963
fenqusai/test_photo/657.jpg,0,3,False,blue,yellow,,7,7,True,晋D8880D,0.9396724910969932,-1.120029806787386,True,晋,baseline,0.10876004555205868,-2.218611240386963
fenqusai/test_photo/657.jpg,0,4,False,blue,black,,7,7,True,晋D8880D,0.9396724910969932,-1.120029806787386,True,晋,baseline,0.10876004555205868,-2.218611240386963
fenqusai/test_photo/657.jpg,0,5,False,blue,special_7,,7,7,True,晋D8880D,0.9396724910969932,-1.120029806787386,True,晋,baseline,0.10876004555205868,-2.218611240386963
fenqusai/test_photo/657.jpg,0,6,False,blue,unknown_8,,8,8,True,晋BD8880D,0.45795980307773676,-14.057529568658026,True,晋,baseline,0.10876004555205868,-2.218611240386963
fenqusai/test_photo/667.jpg,0,0,True,blue,blue,,7,7,True,冀G04444,0.924064050905299,-1.421530030464048,True,冀,baseline,0.08134351131067524,-2.5090742111206055
fenqusai/test_photo/667.jpg,0,1,False,blue,green,,8,7,False,冀G04444,0.924064050905299,-1.421530030464048,True,冀,baseline,0.08134351131067524,-2.5090742111206055
fenqusai/test_photo/667.jpg,0,2,False,blue,green,tractor_green,8,7,False,冀G04444,0.924064050905299,-1.421530030464048,True,冀,baseline,0.08134351131067524,-2.5090742111206055
fenqusai/test_photo/667.jpg,0,3,False,blue,yellow,,7,7,True,冀G04444,0.924064050905299,-1.421530030464048,True,冀,baseline,0.08134351131067524,-2.5090742111206055
fenqusai/test_photo/667.jpg,0,4,False,blue,black,,7,7,True,冀G04444,0.924064050905299,-1.421530030464048,True,冀,baseline,0.08134351131067524,-2.5090742111206055
fenqusai/test_photo/667.jpg,0,5,False,blue,special_7,,7,7,True,冀G04444,0.924064050905299,-1.421530030464048,True,冀,baseline,0.08134351131067524,-2.5090742111206055
fenqusai/test_photo/667.jpg,0,6,False,blue,unknown_8,,8,7,False,冀G04444,0.924064050905299,-1.421530030464048,True,冀,baseline,0.08134351131067524,-2.5090742111206055
fenqusai/test_photo/668.jpg,0,0,True,unknown_7,blue,,7,7,True,浙B0X288,0.9995889213800673,-0.007400936446401829,True,浙,baseline,0.3325070797268415,-1.101094126701355
fenqusai/test_photo/668.jpg,0,1,False,unknown_7,green,,8,8,True,浙BD0X288,0.3551790077561136,-18.632400649133388,True,浙,baseline,0.3325070797268415,-1.101094126701355
fenqusai/test_photo/668.jpg,0,2,False,unknown_7,green,tractor_green,8,8,True,浙BD0X288,0.3551790077561136,-18.632400649133388,True,浙,baseline,0.3325070797268415,-1.101094126701355
fenqusai/test_photo/668.jpg,0,3,False,unknown_7,yellow,,7,7,True,浙B0X288,0.9995889213800673,-0.007400936446401829,True,浙,baseline,0.3325070797268415,-1.101094126701355
fenqusai/test_photo/668.jpg,0,4,False,unknown_7,black,,7,7,True,浙B0X288,0.9995889213800673,-0.007400936446401829,True,浙,baseline,0.3325070797268415,-1.101094126701355
fenqusai/test_photo/668.jpg,0,5,False,unknown_7,special_7,,7,7,True,浙B0X288,0.9995889213800673,-0.007400936446401829,True,浙,baseline,0.3325070797268415,-1.101094126701355
fenqusai/test_photo/668.jpg,0,6,False,unknown_7,unknown_8,,8,8,True,浙BD0X288,0.3551790077561136,-18.632400649133388,True,浙,baseline,0.3325070797268415,-1.101094126701355
fenqusai/test_photo/673.jpg,0,0,True,blue,blue,,7,7,True,闽F43795,0.9999768122786037,-0.00041738382424227893,True,闽,baseline,0.33333332672197086,-1.0986123085021973
fenqusai/test_photo/673.jpg,0,1,False,blue,green,,8,8,True,闽F437R95,0.251084025622549,-24.875417383824242,True,闽,baseline,0.33333332672197086,-1.0986123085021973
fenqusai/test_photo/673.jpg,0,2,False,blue,green,tractor_green,8,8,True,闽F437R95,0.251084025622549,-24.875417383824242,True,闽,baseline,0.33333332672197086,-1.0986123085021973
fenqusai/test_photo/673.jpg,0,3,False,blue,yellow,,7,7,True,闽F43795,0.9999768122786037,-0.00041738382424227893,True,闽,baseline,0.33333332672197086,-1.0986123085021973
fenqusai/test_photo/673.jpg,0,4,False,blue,black,,7,7,True,闽F43795,0.9999768122786037,-0.00041738382424227893,True,闽,baseline,0.33333332672197086,-1.0986123085021973
fenqusai/test_photo/673.jpg,0,5,False,blue,special_7,,7,7,True,闽F43795,0.9999768122786037,-0.00041738382424227893,True,闽,baseline,0.33333332672197086,-1.0986123085021973
fenqusai/test_photo/673.jpg,0,6,False,blue,unknown_8,,8,8,True,闽F437R95,0.251084025622549,-24.875417383824242,True,闽,baseline,0.33333332672197086,-1.0986123085021973
fenqusai/test_photo/675.jpg,0,0,True,blue,blue,,7,7,True,晋AV6600,0.9640270250018567,-0.6594471095445371,True,晋,baseline,0.1801146164170378,-1.7141618728637695
fenqusai/test_photo/675.jpg,0,1,False,blue,green,,8,7,False,晋AV6600,0.9640270250018567,-0.6594471095445371,True,晋,baseline,0.1801146164170378,-1.7141618728637695
fenqusai/test_photo/675.jpg,0,2,False,blue,green,tractor_green,8,7,False,晋AV6600,0.9640270250018567,-0.6594471095445371,True,晋,baseline,0.1801146164170378,-1.7141618728637695
fenqusai/test_photo/675.jpg,0,3,False,blue,yellow,,7,7,True,晋AV6600,0.9640270250018567,-0.6594471095445371,True,晋,baseline,0.1801146164170378,-1.7141618728637695
fenqusai/test_photo/675.jpg,0,4,False,blue,black,,7,7,True,晋AV6600,0.9640270250018567,-0.6594471095445371,True,晋,baseline,0.1801146164170378,-1.7141618728637695
fenqusai/test_photo/675.jpg,0,5,False,blue,special_7,,7,7,True,晋AV6600,0.9640270250018567,-0.6594471095445371,True,晋,baseline,0.1801146164170378,-1.7141618728637695
fenqusai/test_photo/675.jpg,0,6,False,blue,unknown_8,,8,7,False,晋AV6600,0.9640270250018567,-0.6594471095445371,True,晋,baseline,0.1801146164170378,-1.7141618728637695
fenqusai/test_photo/677.jpg,0,0,True,unknown_7,blue,,7,7,True,皖A00T45,0.9987059076897951,-0.023308746673592395,True,皖,baseline,0.33333225384011284,-1.0986155271530151
fenqusai/test_photo/677.jpg,0,1,False,unknown_7,green,,8,7,False,皖A00T45,0.9987059076897951,-0.023308746673592395,True,皖,baseline,0.33333225384011284,-1.0986155271530151
fenqusai/test_photo/677.jpg,0,2,False,unknown_7,green,tractor_green,8,7,False,皖A00T45,0.9987059076897951,-0.023308746673592395,True,皖,baseline,0.33333225384011284,-1.0986155271530151
fenqusai/test_photo/677.jpg,0,3,False,unknown_7,yellow,,7,7,True,皖A00T45,0.9987059076897951,-0.023308746673592395,True,皖,baseline,0.33333225384011284,-1.0986155271530151
fenqusai/test_photo/677.jpg,0,4,False,unknown_7,black,,7,7,True,皖A00T45,0.9987059076897951,-0.023308746673592395,True,皖,baseline,0.33333225384011284,-1.0986155271530151
fenqusai/test_photo/677.jpg,0,5,False,unknown_7,special_7,,7,7,True,皖A00T45,0.9987059076897951,-0.023308746673592395,True,皖,baseline,0.33333225384011284,-1.0986155271530151
fenqusai/test_photo/677.jpg,0,6,False,unknown_7,unknown_8,,8,7,False,皖A00T45,0.9987059076897951,-0.023308746673592395,True,皖,baseline,0.33333225384011284,-1.0986155271530151
fenqusai/test_photo/678.jpg,0,0,True,blue,blue,,7,7,True,豫R56789,0.9995860680077772,-0.007452318342927811,True,豫,baseline,0.33331906164918473,-1.098655104637146
fenqusai/test_photo/678.jpg,0,1,False,blue,green,,8,7,False,豫R56789,0.9995860680077772,-0.007452318342927811,True,豫,baseline,0.33331906164918473,-1.098655104637146
fenqusai/test_photo/678.jpg,0,2,False,blue,green,tractor_green,8,7,False,豫R56789,0.9995860680077772,-0.007452318342927811,True,豫,baseline,0.33331906164918473,-1.098655104637146
fenqusai/test_photo/678.jpg,0,3,False,blue,yellow,,7,7,True,豫R56789,0.9995860680077772,-0.007452318342927811,True,豫,baseline,0.33331906164918473,-1.098655104637146
fenqusai/test_photo/678.jpg,0,4,False,blue,black,,7,7,True,豫R56789,0.9995860680077772,-0.007452318342927811,True,豫,baseline,0.33331906164918473,-1.098655104637146
fenqusai/test_photo/678.jpg,0,5,False,blue,special_7,,7,7,True,豫R56789,0.9995860680077772,-0.007452318342927811,True,豫,baseline,0.33331906164918473,-1.098655104637146
fenqusai/test_photo/678.jpg,0,6,False,blue,unknown_8,,8,7,False,豫R56789,0.9995860680077772,-0.007452318342927811,True,豫,baseline,0.33331906164918473,-1.098655104637146
fenqusai/test_photo/680.jpg,0,0,True,blue,blue,,7,7,True,川D19H58,0.8800574291893102,-2.2998260375434256,True,川,baseline,0.3296760901959535,-1.1096446514129639
fenqusai/test_photo/680.jpg,0,1,False,blue,green,,8,8,True,川WD19H58,0.9732895378572193,-0.4873260375434256,True,川,baseline,0.3296760901959535,-1.1096446514129639
fenqusai/test_photo/680.jpg,0,2,False,blue,green,tractor_green,8,8,True,川WD19H58,0.9732895378572193,-0.4873260375434256,True,川,baseline,0.3296760901959535,-1.1096446514129639
fenqusai/test_photo/680.jpg,0,3,False,blue,yellow,,7,7,True,川D19H58,0.8800574291893102,-2.2998260375434256,True,川,baseline,0.3296760901959535,-1.1096446514129639
fenqusai/test_photo/680.jpg,0,4,False,blue,black,,7,7,True,川D19H58,0.8800574291893102,-2.2998260375434256,True,川,baseline,0.3296760901959535,-1.1096446514129639
fenqusai/test_photo/680.jpg,0,5,False,blue,special_7,,7,7,True,川D19H58,0.8800574291893102,-2.2998260375434256,True,川,baseline,0.3296760901959535,-1.1096446514129639
fenqusai/test_photo/680.jpg,0,6,False,blue,unknown_8,,8,8,True,川WD19H58,0.9732895378572193,-0.4873260375434256,True,川,baseline,0.3296760901959535,-1.1096446514129639
fenqusai/test_photo/681.jpg,0,0,True,blue,blue,,7,7,True,吉EZ1H19,0.9847189949518599,-0.2771813308354467,True,吉,baseline,0.2534343700077733,-1.372650384902954
fenqusai/test_photo/681.jpg,0,1,False,blue,green,,8,8,True,吉LEZ1H19,0.6226739212782945,-8.52718136497424,True,吉,baseline,0.2534343700077733,-1.372650384902954
fenqusai/test_photo/681.jpg,0,2,False,blue,green,tractor_green,8,8,True,吉LEZ1H19,0.6226739212782945,-8.52718136497424,True,吉,baseline,0.2534343700077733,-1.372650384902954
fenqusai/test_photo/681.jpg,0,3,False,blue,yellow,,7,7,True,吉EZ1H19,0.9847189949518599,-0.2771813308354467,True,吉,baseline,0.2534343700077733,-1.372650384902954
fenqusai/test_photo/681.jpg,0,4,False,blue,black,,7,7,True,吉EZ1H19,0.9847189949518599,-0.2771813308354467,True,吉,baseline,0.2534343700077733,-1.372650384902954
fenqusai/test_photo/681.jpg,0,5,False,blue,special_7,,7,7,True,吉EZ1H19,0.9847189949518599,-0.2771813308354467,True,吉,baseline,0.2534343700077733,-1.372650384902954
fenqusai/test_photo/681.jpg,0,6,False,blue,unknown_8,,8,8,True,吉LEZ1H19,0.6226739212782945,-8.52718136497424,True,吉,baseline,0.2534343700077733,-1.372650384902954
fenqusai/test_photo/684.jpg,0,0,True,blue,blue,,7,7,True,浙CC6586,0.9937389600261084,-0.11305300469391,True,浙,baseline,0.33333332672197086,-1.0986123085021973
fenqusai/test_photo/684.jpg,0,1,False,blue,green,,8,8,True,浙CC65E86,0.33986820261056533,-19.42555276627536,True,浙,baseline,0.33333332672197086,-1.0986123085021973
fenqusai/test_photo/684.jpg,0,2,False,blue,green,tractor_green,8,8,True,浙CC65E86,0.33986820261056533,-19.42555276627536,True,浙,baseline,0.33333332672197086,-1.0986123085021973
fenqusai/test_photo/684.jpg,0,3,False,blue,yellow,,7,7,True,浙CC6586,0.9937389600261084,-0.11305300469391,True,浙,baseline,0.33333332672197086,-1.0986123085021973
fenqusai/test_photo/684.jpg,0,4,False,blue,black,,7,7,True,浙CC6586,0.9937389600261084,-0.11305300469391,True,浙,baseline,0.33333332672197086,-1.0986123085021973
fenqusai/test_photo/684.jpg,0,5,False,blue,special_7,,7,7,True,浙CC6586,0.9937389600261084,-0.11305300469391,True,浙,baseline,0.33333332672197086,-1.0986123085021973
fenqusai/test_photo/684.jpg,0,6,False,blue,unknown_8,,8,8,True,浙CC65E86,0.33986820261056533,-19.42555276627536,True,浙,baseline,0.33333332672197086,-1.0986123085021973
fenqusai/test_photo/686.jpg,0,0,True,blue,blue,,7,7,True,京P9WH18,0.9960358829910269,-0.07149590904734282,True,京,baseline,0.33333332672197086,-1.0986123085021973
fenqusai/test_photo/686.jpg,0,1,False,blue,green,,8,7,False,京P9WH18,0.9960358829910269,-0.07149590904734282,True,京,baseline,0.33333332672197086,-1.0986123085021973
fenqusai/test_photo/686.jpg,0,2,False,blue,green,tractor_green,8,7,False,京P9WH18,0.9960358829910269,-0.07149590904734282,True,京,baseline,0.33333332672197086,-1.0986123085021973
fenqusai/test_photo/686.jpg,0,3,False,blue,yellow,,7,7,True,京P9WH18,0.9960358829910269,-0.07149590904734282,True,京,baseline,0.33333332672197086,-1.0986123085021973
fenqusai/test_photo/686.jpg,0,4,False,blue,black,,7,7,True,京P9WH18,0.9960358829910269,-0.07149590904734282,True,京,baseline,0.33333332672197086,-1.0986123085021973
fenqusai/test_photo/686.jpg,0,5,False,blue,special_7,,7,7,True,京P9WH18,0.9960358829910269,-0.07149590904734282,True,京,baseline,0.33333332672197086,-1.0986123085021973
fenqusai/test_photo/686.jpg,0,6,False,blue,unknown_8,,8,7,False,京P9WH18,0.9960358829910269,-0.07149590904734282,True,京,baseline,0.33333332672197086,-1.0986123085021973
fenqusai/test_photo/687.jpg,0,0,True,blue,blue,,7,7,True,京A9826N,0.9943926462563633,-0.10121641145087779,True,京,baseline,0.30150385898563925,-1.198972463607788
fenqusai/test_photo/687.jpg,0,1,False,blue,green,,8,7,False,京A9826N,0.9943926462563633,-0.10121641145087779,True,京,baseline,0.30150385898563925,-1.198972463607788
fenqusai/test_photo/687.jpg,0,2,False,blue,green,tractor_green,8,7,False,京A9826N,0.9943926462563633,-0.10121641145087779,True,京,baseline,0.30150385898563925,-1.198972463607788
fenqusai/test_photo/687.jpg,0,3,False,blue,yellow,,7,7,True,京A9826N,0.9943926462563633,-0.10121641145087779,True,京,baseline,0.30150385898563925,-1.198972463607788
fenqusai/test_photo/687.jpg,0,4,False,blue,black,,7,7,True,京A9826N,0.9943926462563633,-0.10121641145087779,True,京,baseline,0.30150385898563925,-1.198972463607788
fenqusai/test_photo/687.jpg,0,5,False,blue,special_7,,7,7,True,京A9826N,0.9943926462563633,-0.10121641145087779,True,京,baseline,0.30150385898563925,-1.198972463607788
fenqusai/test_photo/687.jpg,0,6,False,blue,unknown_8,,8,7,False,京A9826N,0.9943926462563633,-0.10121641145087779,True,京,baseline,0.30150385898563925,-1.198972463607788
fenqusai/test_photo/690.jpg,0,0,True,blue,blue,,7,7,True,川AY607E,0.9941075471845305,-0.10637787268188958,True,川,baseline,0.33333332672197086,-1.0986123085021973
fenqusai/test_photo/690.jpg,0,1,False,blue,green,,8,8,True,川NAY607E,0.3947427627329877,-16.731377276635612,True,川,baseline,0.33333332672197086,-1.0986123085021973
fenqusai/test_photo/690.jpg,0,2,False,blue,green,tractor_green,8,8,True,川NAY607E,0.3947427627329877,-16.731377276635612,True,川,baseline,0.33333332672197086,-1.0986123085021973
fenqusai/test_photo/690.jpg,0,3,False,blue,yellow,,7,7,True,川AY607E,0.9941075471845305,-0.10637787268188958,True,川,baseline,0.33333332672197086,-1.0986123085021973
fenqusai/test_photo/690.jpg,0,4,False,blue,black,,7,7,True,川AY607E,0.9941075471845305,-0.10637787268188958,True,川,baseline,0.33333332672197086,-1.0986123085021973
fenqusai/test_photo/690.jpg,0,5,False,blue,special_7,,7,7,True,川AY607E,0.9941075471845305,-0.10637787268188958,True,川,baseline,0.33333332672197086,-1.0986123085021973
fenqusai/test_photo/690.jpg,0,6,False,blue,unknown_8,,8,8,True,川NAY607E,0.3947427627329877,-16.731377276635612,True,川,baseline,0.33333332672197086,-1.0986123085021973
fenqusai/test_photo/691.jpg,0,0,True,blue,blue,,7,7,True,甘AAS999,0.7856714387255267,-4.341898635029793,True,甘,baseline,0.0048996518967981476,-5.318591117858887
fenqusai/test_photo/691.jpg,0,1,False,blue,green,,8,7,False,甘AAS999,0.7856714387255267,-4.341898635029793,True,甘,baseline,0.0048996518967981476,-5.318591117858887
fenqusai/test_photo/691.jpg,0,2,False,blue,green,tractor_green,8,7,False,甘AAS999,0.7856714387255267,-4.341898635029793,True,甘,baseline,0.0048996518967981476,-5.318591117858887
fenqusai/test_photo/691.jpg,0,3,False,blue,yellow,,7,7,True,甘AAS999,0.7856714387255267,-4.341898635029793,True,甘,baseline,0.0048996518967981476,-5.318591117858887
fenqusai/test_photo/691.jpg,0,4,False,blue,black,,7,7,True,甘AAS999,0.7856714387255267,-4.341898635029793,True,甘,baseline,0.0048996518967981476,-5.318591117858887
fenqusai/test_photo/691.jpg,0,5,False,blue,special_7,,7,7,True,甘AAS999,0.7856714387255267,-4.341898635029793,True,甘,baseline,0.0048996518967981476,-5.318591117858887
fenqusai/test_photo/691.jpg,0,6,False,blue,unknown_8,,8,7,False,甘AAS999,0.7856714387255267,-4.341898635029793,True,甘,baseline,0.0048996518967981476,-5.318591117858887
fenqusai/test_photo/696.jpg,0,0,True,blue,blue,,7,7,True,鄂N77777,0.9978886083786461,-0.03804522752034245,True,鄂,baseline,0.33333332672197086,-1.0986123085021973
fenqusai/test_photo/696.jpg,0,1,False,blue,green,,8,8,True,鄂NL77777,0.30539738830477386,-21.350545883171435,True,鄂,baseline,0.33333332672197086,-1.0986123085021973
fenqusai/test_photo/696.jpg,0,2,False,blue,green,tractor_green,8,8,True,鄂NL77777,0.30539738830477386,-21.350545883171435,True,鄂,baseline,0.33333332672197086,-1.0986123085021973
fenqusai/test_photo/696.jpg,0,3,False,blue,yellow,,7,7,True,鄂N77777,0.9978886083786461,-0.03804522752034245,True,鄂,baseline,0.33333332672197086,-1.0986123085021973
fenqusai/test_photo/696.jpg,0,4,False,blue,black,,7,7,True,鄂N77777,0.9978886083786461,-0.03804522752034245,True,鄂,baseline,0.33333332672197086,-1.0986123085021973
fenqusai/test_photo/696.jpg,0,5,False,blue,special_7,,7,7,True,鄂N77777,0.9978886083786461,-0.03804522752034245,True,鄂,baseline,0.33333332672197086,-1.0986123085021973
fenqusai/test_photo/696.jpg,0,6,False,blue,unknown_8,,8,8,True,鄂NL77777,0.30539738830477386,-21.350545883171435,True,鄂,baseline,0.33333332672197086,-1.0986123085021973
fenqusai/test_photo/716.jpg,0,0,True,black,black,,7,7,True,川B9199领,0.647426477278571,-7.825500728281774,True,川,0,0.00028023926809914493,-8.179866790771484
fenqusai/test_photo/716.jpg,0,1,False,black,blue,,7,7,True,川B91999,0.6145694257509203,-8.76300078788642,True,川,0,0.00028023926809914493,-8.179866790771484
fenqusai/test_photo/716.jpg,0,2,False,black,green,,8,8,True,川LB91999,0.31994340810721134,-20.513000672875357,True,川,0,0.00028023926809914493,-8.179866790771484
fenqusai/test_photo/716.jpg,0,3,False,black,green,tractor_green,8,8,True,川LB91999,0.31994340810721134,-20.513000672875357,True,川,0,0.00028023926809914493,-8.179866790771484
fenqusai/test_photo/716.jpg,0,4,False,black,yellow,,7,7,True,川B91999,0.6145694257509203,-8.76300078788642,True,川,0,0.00028023926809914493,-8.179866790771484
fenqusai/test_photo/716.jpg,0,5,False,black,special_7,,7,7,True,川B9199领,0.647426477278571,-7.825500728281774,True,川,0,0.00028023926809914493,-8.179866790771484
fenqusai/test_photo/716.jpg,0,6,False,black,unknown_8,,8,8,True,川LB91999,0.31994340810721134,-20.513000672875357,True,川,0,0.00028023926809914493,-8.179866790771484
fenqusai/test_photo/847.jpg,0,0,True,yellow,yellow,,7,7,True,沪B87057,0.9982847122111999,-0.03090169042764046,True,沪,baseline,0.3332971685327882,-1.0987207889556885
fenqusai/test_photo/847.jpg,0,1,False,yellow,blue,,7,7,True,沪B87057,0.9982847122111999,-0.03090169042764046,True,沪,baseline,0.3332971685327882,-1.0987207889556885
fenqusai/test_photo/847.jpg,0,2,False,yellow,green,,8,7,False,沪B87057,0.9982847122111999,-0.03090169042764046,True,沪,baseline,0.3332971685327882,-1.0987207889556885
fenqusai/test_photo/847.jpg,0,3,False,yellow,green,tractor_green,8,7,False,沪B87057,0.9982847122111999,-0.03090169042764046,True,沪,baseline,0.3332971685327882,-1.0987207889556885
fenqusai/test_photo/847.jpg,0,4,False,yellow,black,,7,7,True,沪B87057,0.9982847122111999,-0.03090169042764046,True,沪,baseline,0.3332971685327882,-1.0987207889556885
fenqusai/test_photo/847.jpg,0,5,False,yellow,special_7,,7,7,True,沪B87057,0.9982847122111999,-0.03090169042764046,True,沪,baseline,0.3332971685327882,-1.0987207889556885
fenqusai/test_photo/847.jpg,0,6,False,yellow,unknown_8,,8,7,False,沪B87057,0.9982847122111999,-0.03090169042764046,True,沪,baseline,0.3332971685327882,-1.0987207889556885
fenqusai/test_photo/968.jpg,0,0,True,black,black,,7,7,True,川A60888,0.9334438093789965,-1.2397412034002286,True,川,baseline,0.09649459524502228,-2.338268280029297
fenqusai/test_photo/968.jpg,0,1,False,black,blue,,7,7,True,川A60888,0.9334438093789965,-1.2397412034002286,True,川,baseline,0.09649459524502228,-2.338268280029297
fenqusai/test_photo/968.jpg,0,2,False,black,green,,8,8,True,川AA60888,0.5110412129238552,-12.083490729291555,True,川,baseline,0.09649459524502228,-2.338268280029297
fenqusai/test_photo/968.jpg,0,3,False,black,green,tractor_green,8,8,True,川AA60888,0.5110412129238552,-12.083490729291555,True,川,baseline,0.09649459524502228,-2.338268280029297
fenqusai/test_photo/968.jpg,0,4,False,black,yellow,,7,7,True,川A60888,0.9334438093789965,-1.2397412034002286,True,川,baseline,0.09649459524502228,-2.338268280029297
fenqusai/test_photo/968.jpg,0,5,False,black,special_7,,7,7,True,川A60888,0.9334438093789965,-1.2397412034002286,True,川,baseline,0.09649459524502228,-2.338268280029297
fenqusai/test_photo/968.jpg,0,6,False,black,unknown_8,,8,8,True,川AA60888,0.5110412129238552,-12.083490729291555,True,川,baseline,0.09649459524502228,-2.338268280029297
fenqusai/test_photo/969.jpg,0,0,True,blue,blue,,7,7,True,粤AG6666,0.9999165137471322,-0.001502815284702308,True,粤,baseline,0.333333207512705,-1.098612666130066
fenqusai/test_photo/969.jpg,0,1,False,blue,green,,8,7,False,粤AG6666,0.9999165137471322,-0.001502815284702308,True,粤,baseline,0.333333207512705,-1.098612666130066
fenqusai/test_photo/969.jpg,0,2,False,blue,green,tractor_green,8,7,False,粤AG6666,0.9999165137471322,-0.001502815284702308,True,粤,baseline,0.333333207512705,-1.098612666130066
fenqusai/test_photo/969.jpg,0,3,False,blue,yellow,,7,7,True,粤AG6666,0.9999165137471322,-0.001502815284702308,True,粤,baseline,0.333333207512705,-1.098612666130066
fenqusai/test_photo/969.jpg,0,4,False,blue,black,,7,7,True,粤AG6666,0.9999165137471322,-0.001502815284702308,True,粤,baseline,0.333333207512705,-1.098612666130066
fenqusai/test_photo/969.jpg,0,5,False,blue,special_7,,7,7,True,粤AG6666,0.9999165137471322,-0.001502815284702308,True,粤,baseline,0.333333207512705,-1.098612666130066
fenqusai/test_photo/969.jpg,0,6,False,blue,unknown_8,,8,7,False,粤AG6666,0.9999165137471322,-0.001502815284702308,True,粤,baseline,0.333333207512705,-1.098612666130066
fenqusai/test_photo/971.jpg,0,0,True,blue,blue,,7,7,True,浙F88888,0.9999998079407275,-3.4570672369227395e-06,True,浙,baseline,0.33333281014879335,-1.0986138582229614
fenqusai/test_photo/971.jpg,0,1,False,blue,green,,8,7,False,浙F88888,0.9999998079407275,-3.4570672369227395e-06,True,浙,baseline,0.33333281014879335,-1.0986138582229614
fenqusai/test_photo/971.jpg,0,2,False,blue,green,tractor_green,8,7,False,浙F88888,0.9999998079407275,-3.4570672369227395e-06,True,浙,baseline,0.33333281014879335,-1.0986138582229614
fenqusai/test_photo/971.jpg,0,3,False,blue,yellow,,7,7,True,浙F88888,0.9999998079407275,-3.4570672369227395e-06,True,浙,baseline,0.33333281014879335,-1.0986138582229614
fenqusai/test_photo/971.jpg,0,4,False,blue,black,,7,7,True,浙F88888,0.9999998079407275,-3.4570672369227395e-06,True,浙,baseline,0.33333281014879335,-1.0986138582229614
fenqusai/test_photo/971.jpg,0,5,False,blue,special_7,,7,7,True,浙F88888,0.9999998079407275,-3.4570672369227395e-06,True,浙,baseline,0.33333281014879335,-1.0986138582229614
fenqusai/test_photo/971.jpg,0,6,False,blue,unknown_8,,8,7,False,浙F88888,0.9999998079407275,-3.4570672369227395e-06,True,浙,baseline,0.33333281014879335,-1.0986138582229614
fenqusai/test_photo/974.jpg,0,0,True,blue,blue,,7,7,True,川A4V999,0.805346821517567,-3.8966806829278653,True,川,baseline,0.31340279156167555,-1.1602660417556763
fenqusai/test_photo/974.jpg,0,1,False,blue,green,,8,7,False,川A4V999,0.805346821517567,-3.8966806829278653,True,川,baseline,0.31340279156167555,-1.1602660417556763
fenqusai/test_photo/974.jpg,0,2,False,blue,green,tractor_green,8,7,False,川A4V999,0.805346821517567,-3.8966806829278653,True,川,baseline,0.31340279156167555,-1.1602660417556763
fenqusai/test_photo/974.jpg,0,3,False,blue,yellow,,7,7,True,川A4V999,0.805346821517567,-3.8966806829278653,True,川,baseline,0.31340279156167555,-1.1602660417556763
fenqusai/test_photo/974.jpg,0,4,False,blue,black,,7,7,True,川A4V99领,0.9580348317586723,-0.7716805711691563,True,川,baseline,0.31340279156167555,-1.1602660417556763
fenqusai/test_photo/974.jpg,0,5,False,blue,special_7,,7,7,True,川A4V99领,0.9580348317586723,-0.7716805711691563,True,川,baseline,0.31340279156167555,-1.1602660417556763
fenqusai/test_photo/974.jpg,0,6,False,blue,unknown_8,,8,7,False,川A4V999,0.805346821517567,-3.8966806829278653,True,川,baseline,0.31340279156167555,-1.1602660417556763
fenqusai/test_photo/977.jpg,0,0,True,blue,blue,,7,7,True,桂A779D1,0.9979681234150215,-0.03661098564043641,True,桂,baseline,0.32351570659919143,-1.1285076141357422
fenqusai/test_photo/977.jpg,0,1,False,blue,green,,8,8,True,桂KA779D1,0.43221181296570704,-15.09911105595529,True,桂,baseline,0.32351570659919143,-1.1285076141357422
fenqusai/test_photo/977.jpg,0,2,False,blue,green,tractor_green,8,8,True,桂KA779D1,0.43221181296570704,-15.09911105595529,True,桂,baseline,0.32351570659919143,-1.1285076141357422
fenqusai/test_photo/977.jpg,0,3,False,blue,yellow,,7,7,True,桂A779D1,0.9979681234150215,-0.03661098564043641,True,桂,baseline,0.32351570659919143,-1.1285076141357422
fenqusai/test_photo/977.jpg,0,4,False,blue,black,,7,7,True,桂A779D1,0.9979681234150215,-0.03661098564043641,True,桂,baseline,0.32351570659919143,-1.1285076141357422
fenqusai/test_photo/977.jpg,0,5,False,blue,special_7,,7,7,True,桂A779D1,0.9979681234150215,-0.03661098564043641,True,桂,baseline,0.32351570659919143,-1.1285076141357422
fenqusai/test_photo/977.jpg,0,6,False,blue,unknown_8,,8,8,True,桂KA779D1,0.43221181296570704,-15.09911105595529,True,桂,baseline,0.32351570659919143,-1.1285076141357422
fenqusai/test_photo/985.jpg,0,0,True,blue,blue,,7,7,True,皖FDS35Z,0.9326924497677925,-1.2542358295736378,True,皖,baseline,0.133426724340667,-2.014202833175659
fenqusai/test_photo/985.jpg,0,1,False,blue,green,,8,7,False,皖FDS35Z,0.9326924497677925,-1.2542358295736378,True,皖,baseline,0.133426724340667,-2.014202833175659
fenqusai/test_photo/985.jpg,0,2,False,blue,green,tractor_green,8,7,False,皖FDS35Z,0.9326924497677925,-1.2542358295736378,True,皖,baseline,0.133426724340667,-2.014202833175659
fenqusai/test_photo/985.jpg,0,3,False,blue,yellow,,7,7,True,皖FDS35Z,0.9326924497677925,-1.2542358295736378,True,皖,baseline,0.133426724340667,-2.014202833175659
fenqusai/test_photo/985.jpg,0,4,False,blue,black,,7,7,True,皖FDS35Z,0.9326924497677925,-1.2542358295736378,True,皖,baseline,0.133426724340667,-2.014202833175659
fenqusai/test_photo/985.jpg,0,5,False,blue,special_7,,7,7,True,皖FDS35Z,0.9326924497677925,-1.2542358295736378,True,皖,baseline,0.133426724340667,-2.014202833175659
fenqusai/test_photo/985.jpg,0,6,False,blue,unknown_8,,8,7,False,皖FDS35Z,0.9326924497677925,-1.2542358295736378,True,皖,baseline,0.133426724340667,-2.014202833175659
fenqusai/test_photo/987.jpg,0,0,True,blue,blue,,7,7,True,皖A9AQ21,4.132024351718019e-05,-181.69484436511937,True,皖,baseline,0.22644099905609616,-1.4852708578109741
fenqusai/test_photo/987.jpg,0,1,False,blue,green,,8,8,True,皖A9AQ215,0.003932018134301422,-99.69484436511937,True,皖,baseline,0.22644099905609616,-1.4852708578109741
fenqusai/test_photo/987.jpg,0,2,False,blue,green,tractor_green,8,8,True,皖A9AQ215,0.003932018134301422,-99.69484436511937,True,皖,baseline,0.22644099905609616,-1.4852708578109741
fenqusai/test_photo/987.jpg,0,3,False,blue,yellow,,7,7,True,皖A9AQ21,4.132024351718019e-05,-181.69484436511937,True,皖,baseline,0.22644099905609616,-1.4852708578109741
fenqusai/test_photo/987.jpg,0,4,False,blue,black,,7,7,True,皖A9AQ21,4.132024351718019e-05,-181.69484436511937,True,皖,baseline,0.22644099905609616,-1.4852708578109741
fenqusai/test_photo/987.jpg,0,5,False,blue,special_7,,7,7,True,皖9AQ215,0.0044401164281374144,-97.50734424591008,True,皖,baseline,0.22644099905609616,-1.4852708578109741
fenqusai/test_photo/987.jpg,0,6,False,blue,unknown_8,,8,8,True,皖A9AQ215,0.003932018134301422,-99.69484436511937,True,皖,baseline,0.22644099905609616,-1.4852708578109741
fenqusai/test_photo/989.jpg,0,0,True,blue,blue,,7,7,True,琼JAY888,0.5315312323890806,-11.375879763603557,True,琼,baseline,3.823106483057643e-06,-12.474447250366211
fenqusai/test_photo/989.jpg,0,1,False,blue,green,,8,8,True,琼ZJAY888,0.20869338806887522,-28.204004644394274,True,琼,baseline,3.823106483057643e-06,-12.474447250366211
fenqusai/test_photo/989.jpg,0,2,False,blue,green,tractor_green,8,8,True,琼ZJAY888,0.20869338806887522,-28.204004644394274,True,琼,baseline,3.823106483057643e-06,-12.474447250366211
fenqusai/test_photo/989.jpg,0,3,False,blue,yellow,,7,7,True,琼JAY888,0.5315312323890806,-11.375879763603557,True,琼,baseline,3.823106483057643e-06,-12.474447250366211
fenqusai/test_photo/989.jpg,0,4,False,blue,black,,7,7,True,琼JAY888,0.5315312323890806,-11.375879763603557,True,琼,baseline,3.823106483057643e-06,-12.474447250366211
fenqusai/test_photo/989.jpg,0,5,False,blue,special_7,,7,7,True,琼JAY888,0.5315312323890806,-11.375879763603557,True,琼,baseline,3.823106483057643e-06,-12.474447250366211
fenqusai/test_photo/989.jpg,0,6,False,blue,unknown_8,,8,8,True,琼ZJAY888,0.20869338806887522,-28.204004644394274,True,琼,baseline,3.823106483057643e-06,-12.474447250366211
fenqusai/test_photo/992.jpg,0,0,True,blue,blue,,7,7,True,川B99999,0.9922056205585988,-0.14084845897741616,True,川,baseline,0.332520398338976,-1.101054072380066
fenqusai/test_photo/992.jpg,0,1,False,blue,green,,8,8,True,川XB99999,0.8545925475959216,-2.828348570736125,True,川,baseline,0.332520398338976,-1.101054072380066
fenqusai/test_photo/992.jpg,0,2,False,blue,green,tractor_green,8,8,True,川XB99999,0.8545925475959216,-2.828348570736125,True,川,baseline,0.332520398338976,-1.101054072380066
fenqusai/test_photo/992.jpg,0,3,False,blue,yellow,,7,7,True,川B99999,0.9922056205585988,-0.14084845897741616,True,川,baseline,0.332520398338976,-1.101054072380066
fenqusai/test_photo/992.jpg,0,4,False,blue,black,,7,7,True,川B99999,0.9922056205585988,-0.14084845897741616,True,川,baseline,0.332520398338976,-1.101054072380066
fenqusai/test_photo/992.jpg,0,5,False,blue,special_7,,7,7,True,川B99999,0.9922056205585988,-0.14084845897741616,True,川,baseline,0.332520398338976,-1.101054072380066
fenqusai/test_photo/992.jpg,0,6,False,blue,unknown_8,,8,8,True,川XB99999,0.8545925475959216,-2.828348570736125,True,川,baseline,0.332520398338976,-1.101054072380066
fenqusai/test_photo/999.jpg,0,0,True,blue,blue,,7,7,True,黑A562H3,0.9755270866217389,-0.44599234308128644,True,黑,baseline,0.22543746473887985,-1.4897124767303467
fenqusai/test_photo/999.jpg,0,1,False,blue,green,,8,7,False,黑A562H3,0.9755270866217389,-0.44599234308128644,True,黑,baseline,0.22543746473887985,-1.4897124767303467
fenqusai/test_photo/999.jpg,0,2,False,blue,green,tractor_green,8,7,False,黑A562H3,0.9755270866217389,-0.44599234308128644,True,黑,baseline,0.22543746473887985,-1.4897124767303467
fenqusai/test_photo/999.jpg,0,3,False,blue,yellow,,7,7,True,黑A562H3,0.9755270866217389,-0.44599234308128644,True,黑,baseline,0.22543746473887985,-1.4897124767303467
fenqusai/test_photo/999.jpg,0,4,False,blue,black,,7,7,True,黑A562H3,0.9755270866217389,-0.44599234308128644,True,黑,baseline,0.22543746473887985,-1.4897124767303467
fenqusai/test_photo/999.jpg,0,5,False,blue,special_7,,7,7,True,黑A562H3,0.9755270866217389,-0.44599234308128644,True,黑,baseline,0.22543746473887985,-1.4897124767303467
fenqusai/test_photo/999.jpg,0,6,False,blue,unknown_8,,8,7,False,黑A562H3,0.9755270866217389,-0.44599234308128644,True,黑,baseline,0.22543746473887985,-1.4897124767303467
