image,plate_index,candidate_rank,selected,estimated_type,plate_type,plate_subtype,target_len,text_len,length_ok,text,lpr_score,beam_score,province_aware,province_char,province_rank,province_conf,province_score
fenqusai/test_photo/000000109.jpg,0,0,True,green,green,,8,8,True,鄂H02143D,0.9920978851477998,-0.1428030363802293,True,鄂,baseline,0.33333189621359416,-1.098616600036621
fenqusai/test_photo/000000109.jpg,0,1,False,green,green,tractor_green,8,8,True,鄂H02143D,0.9920978851477998,-0.1428030363802293,True,鄂,baseline,0.33333189621359416,-1.098616600036621
fenqusai/test_photo/000000109.jpg,0,2,False,green,blue,,7,7,True,鄂H02143,0.5403315176700018,-11.080303311338668,True,鄂,baseline,0.33333189621359416,-1.098616600036621
fenqusai/test_photo/000000109.jpg,0,3,False,green,yellow,,7,7,True,鄂H02143,0.5403315176700018,-11.080303311338668,True,鄂,baseline,0.33333189621359416,-1.098616600036621
fenqusai/test_photo/000000109.jpg,0,4,False,green,black,,7,7,True,鄂H02143,0.5403315176700018,-11.080303311338668,True,鄂,baseline,0.33333189621359416,-1.098616600036621
fenqusai/test_photo/000000109.jpg,0,5,False,green,special_7,,7,7,True,鄂H02143,0.5403315176700018,-11.080303311338668,True,鄂,baseline,0.33333189621359416,-1.098616600036621
fenqusai/test_photo/000000109.jpg,0,6,False,green,unknown_8,,8,8,True,鄂H02143D,0.9920978851477998,-0.1428030363802293,True,鄂,baseline,0.33333189621359416,-1.098616600036621
fenqusai/test_photo/000000110.jpg,0,0,True,green,green,,8,6,False,鲁A79BF,0.9887166888633871,-0.20425411113495784,True,鲁,baseline,0.32444157351920966,-1.1256498098373413
fenqusai/test_photo/000000110.jpg,0,1,False,green,green,tractor_green,8,6,False,鲁A79BF,0.9887166888633871,-0.20425411113495784,True,鲁,baseline,0.32444157351920966,-1.1256498098373413
fenqusai/test_photo/000000110.jpg,0,2,False,green,blue,,7,6,False,鲁A79BF,0.9887166888633871,-0.20425411113495784,True,鲁,baseline,0.32444157351920966,-1.1256498098373413
fenqusai/test_photo/000000110.jpg,0,3,False,green,yellow,,7,6,False,鲁A79BF,0.9887166888633871,-0.20425411113495784,True,鲁,baseline,0.32444157351920966,-1.1256498098373413
fenqusai/test_photo/000000110.jpg,0,4,False,green,black,,7,6,False,鲁A79BF,0.9887166888633871,-0.20425411113495784,True,鲁,baseline,0.32444157351920966,-1.1256498098373413
fenqusai/test_photo/000000110.jpg,0,5,False,green,special_7,,7,6,False,鲁A79BF,0.9887166888633871,-0.20425411113495784,True,鲁,baseline,0.32444157351920966,-1.1256498098373413
fenqusai/test_photo/000000110.jpg,0,6,False,green,unknown_8,,8,6,False,鲁A79BF,0.9887166888633871,-0.20425411113495784,True,鲁,baseline,0.32444157351920966,-1.1256498098373413
fenqusai/test_photo/000000125.jpg,0,0,True,green,green,,8,8,True,皖F06075D,0.9318752134555323,-1.2700145592521608,True,皖,baseline,0.18379921977983318,-1.6939113140106201
fenqusai/test_photo/000000125.jpg,0,1,False,green,green,tractor_green,8,8,True,皖F06075D,0.9318752134555323,-1.2700145592521608,True,皖,baseline,0.18379921977983318,-1.6939113140106201
fenqusai/test_photo/000000125.jpg,0,2,False,green,blue,,7,7,True,皖F06075,0.1510716984159486,-34.02001315644753,True,皖,baseline,0.18379921977983318,-1.6939113140106201
fenqusai/test_photo/000000125.jpg,0,3,False,green,yellow,,7,7,True,皖F06075,0.1510716984159486,-34.02001315644753,True,皖,baseline,0.18379921977983318,-1.6939113140106201
fenqusai/test_photo/000000125.jpg,0,4,False,green,black,,7,7,True,皖F06075,0.1510716984159486,-34.02001315644753,True,皖,baseline,0.18379921977983318,-1.6939113140106201
fenqusai/test_photo/000000125.jpg,0,5,False,green,special_7,,7,7,True,皖F06075,0.1510716984159486,-34.02001315644753,True,皖,baseline,0.18379921977983318,-1.6939113140106201
fenqusai/test_photo/000000125.jpg,0,6,False,green,unknown_8,,8,8,True,皖F06075D,0.9318752134555323,-1.2700145592521608,True,皖,baseline,0.18379921977983318,-1.6939113140106201
fenqusai/test_photo/000000126.jpg,0,0,False,green,green,,8,7,False,桂NFS061,0.9144530725167003,-1.6097242927643833,True,桂,baseline,0.17145484118261356,-1.7634353637695312
fenqusai/test_photo/000000126.jpg,0,1,False,green,green,tractor_green,8,7,False,桂NFS061,0.9144530725167003,-1.6097242927643833,True,桂,baseline,0.17145484118261356,-1.7634353637695312
fenqusai/test_photo/000000126.jpg,0,2,True,green,blue,,7,7,True,桂NFS061,0.9144530725167003,-1.6097242927643833,True,桂,baseline,0.17145484118261356,-1.7634353637695312
fenqusai/test_photo/000000126.jpg,0,3,False,green,yellow,,7,7,True,桂NFS061,0.9144530725167003,-1.6097242927643833,True,桂,baseline,0.17145484118261356,-1.7634353637695312
fenqusai/test_photo/000000126.jpg,0,4,False,green,black,,7,7,True,桂NFS061,0.9144530725167003,-1.6097242927643833,True,桂,baseline,0.17145484118261356,-1.7634353637695312
fenqusai/test_photo/000000126.jpg,0,5,False,green,special_7,,7,7,True,桂NFS061,0.9144530725167003,-1.6097242927643833,True,桂,baseline,0.17145484118261356,-1.7634353637695312
fenqusai/test_photo/000000126.jpg,0,6,False,green,unknown_8,,8,7,False,桂NFS061,0.9144530725167003,-1.6097242927643833,True,桂,baseline,0.17145484118261356,-1.7634353637695312
fenqusai/test_photo/000000200.jpg,0,0,True,blue,blue,,7,7,True,湘ATFNU0,0.9980272024430226,-0.03554542953361306,True,湘,baseline,0.32748848952105275,-1.1163023710250854
fenqusai/test_photo/000000200.jpg,0,1,False,blue,green,,8,7,False,湘ATFNU0,0.9980272024430226,-0.03554542953361306,True,湘,baseline,0.32748848952105275,-1.1163023710250854
fenqusai/test_photo/000000200.jpg,0,2,False,blue,green,tractor_green,8,7,False,湘ATFNU0,0.9980272024430226,-0.03554542953361306,True,湘,baseline,0.32748848952105275,-1.1163023710250854
fenqusai/test_photo/000000200.jpg,0,3,False,blue,yellow,,7,7,True,湘ATFNU0,0.9980272024430226,-0.03554542953361306,True,湘,baseline,0.32748848952105275,-1.1163023710250854
fenqusai/test_photo/000000200.jpg,0,4,False,blue,black,,7,7,True,湘ATFNU0,0.9980272024430226,-0.03554542953361306,True,湘,baseline,0.32748848952105275,-1.1163023710250854
fenqusai/test_photo/000000200.jpg,0,5,False,blue,special_7,,7,7,True,湘ATFNU0,0.9980272024430226,-0.03554542953361306,True,湘,baseline,0.32748848952105275,-1.1163023710250854
fenqusai/test_photo/000000200.jpg,0,6,False,blue,unknown_8,,8,7,False,湘ATFNU0,0.9980272024430226,-0.03554542953361306,True,湘,baseline,0.32748848952105275,-1.1163023710250854
fenqusai/test_photo/000000206.jpg,0,0,True,yellow,yellow,,7,7,True,晋ME8U5R,0.9182371292058431,-1.535392998654487,True,晋,baseline,0.12113740124291032,-2.1108298301696777
fenqusai/test_photo/000000206.jpg,0,1,False,yellow,blue,,7,7,True,晋ME8U5R,0.9182371292058431,-1.535392998654487,True,晋,baseline,0.12113740124291032,-2.1108298301696777
fenqusai/test_photo/000000206.jpg,0,2,False,yellow,green,,8,7,False,晋ME8U5R,0.9182371292058431,-1.535392998654487,True,晋,baseline,0.12113740124291032,-2.1108298301696777
fenqusai/test_photo/000000206.jpg,0,3,False,yellow,green,tractor_green,8,8,True,晋M挂E8U5R,0.5250155651105981,-11.597892642005235,True,晋,baseline,0.12113740124291032,-2.1108298301696777
fenqusai/test_photo/000000206.jpg,0,4,False,yellow,black,,7,7,True,晋ME8U5R,0.9182371292058431,-1.535392998654487,True,晋,baseline,0.12113740124291032,-2.1108298301696777
fenqusai/test_photo/000000206.jpg,0,5,False,yellow,special_7,,7,7,True,晋ME8U5R,0.9182371292058431,-1.535392998654487,True,晋,baseline,0.12113740124291032,-2.1108298301696777
fenqusai/test_photo/000000206.jpg,0,6,False,yellow,unknown_8,,8,7,False,晋ME8U5R,0.9182371292058431,-1.535392998654487,True,晋,baseline,0.12113740124291032,-2.1108298301696777
fenqusai/test_photo/0302734375-95_254-229&410_508&519-508&519_241&483_229&410_498&439-0_0_5_24_31_24_24_24-105-51.jpg,0,0,False,green,green,,8,6,False,川AF070,0.9352208163750232,-1.2055069859495404,True,川,baseline,0.11788892525692922,-2.138012409210205
fenqusai/test_photo/0302734375-95_254-229&410_508&519-508&519_241&483_229&410_498&439-0_0_5_24_31_24_24_24-105-51.jpg,0,1,False,green,green,tractor_green,8,6,False,川AF070,0.9352208163750232,-1.2055069859495404,True,川,baseline,0.11788892525692922,-2.138012409210205
fenqusai/test_photo/0302734375-95_254-229&410_508&519-508&519_241&483_229&410_498&439-0_0_5_24_31_24_24_24-105-51.jpg,0,2,True,green,blue,,7,7,True,川AAF070,0.7848051329657112,-4.361756944971347,True,川,baseline,0.11788892525692922,-2.138012409210205
fenqusai/test_photo/0302734375-95_254-229&410_508&519-508&519_241&483_229&410_498&439-0_0_5_24_31_24_24_24-105-51.jpg,0,3,False,green,yellow,,7,7,True,川AAF070,0.7848051329657112,-4.361756944971347,True,川,baseline,0.11788892525692922,-2.138012409210205
fenqusai/test_photo/0302734375-95_254-229&410_508&519-508&519_241&483_229&410_498&439-0_0_5_24_31_24_24_24-105-51.jpg,0,4,False,green,black,,7,7,True,川AAF070,0.7848051329657112,-4.361756944971347,True,川,baseline,0.11788892525692922,-2.138012409210205
fenqusai/test_photo/0302734375-95_254-229&410_508&519-508&519_241&483_229&410_498&439-0_0_5_24_31_24_24_24-105-51.jpg,0,5,False,green,special_7,,7,7,True,川AAF070,0.7848051329657112,-4.361756944971347,True,川,baseline,0.11788892525692922,-2.138012409210205
fenqusai/test_photo/0302734375-95_254-229&410_508&519-508&519_241&483_229&410_498&439-0_0_5_24_31_24_24_24-105-51.jpg,0,6,False,green,unknown_8,,8,6,False,川AF070,0.9352208163750232,-1.2055069859495404,True,川,baseline,0.11788892525692922,-2.138012409210205
fenqusai/test_photo/0348046875-94_241-216&458_513&576-513&576_249&537_216&458_480&480-0_0_5_24_31_24_30_32-69-40.jpg,0,0,False,green,green,,8,8,True,川A4D40BH,0.752961810495915,-5.1073338409426015,True,川,baseline,0.32925023067894704,-1.110937237739563
fenqusai/test_photo/0348046875-94_241-216&458_513&576-513&576_249&537_216&458_480&480-0_0_5_24_31_24_30_32-69-40.jpg,0,1,False,green,green,tractor_green,8,8,True,川A4D40BH,0.752961810495915,-5.1073338409426015,True,川,baseline,0.32925023067894704,-1.110937237739563
fenqusai/test_photo/0348046875-94_241-216&458_513&576-513&576_249&537_216&458_480&480-0_0_5_24_31_24_30_32-69-40.jpg,0,2,True,green,blue,,7,7,True,川AD40BH,0.8957179912868098,-1.9823338334920209,True,川,baseline,0.32925023067894704,-1.110937237739563
fenqusai/test_photo/0348046875-94_241-216&458_513&576-513&576_249&537_216&458_480&480-0_0_5_24_31_24_30_32-69-40.jpg,0,3,False,green,yellow,,7,7,True,川AD40BH,0.8957179912868098,-1.9823338334920209,True,川,baseline,0.32925023067894704,-1.110937237739563
fenqusai/test_photo/0348046875-94_241-216&458_513&576-513&576_249&537_216&458_480&480-0_0_5_24_31_24_30_32-69-40.jpg,0,4,False,green,black,,7,7,True,川AD40BH,0.8957179912868098,-1.9823338334920209,True,川,baseline,0.32925023067894704,-1.110937237739563
fenqusai/test_photo/0348046875-94_241-216&458_513&576-513&576_249&537_216&458_480&480-0_0_5_24_31_24_30_32-69-40.jpg,0,5,False,green,special_7,,7,7,True,川AD40BH,0.8957179912868098,-1.9823338334920209,True,川,baseline,0.32925023067894704,-1.110937237739563
fenqusai/test_photo/0348046875-94_241-216&458_513&576-513&576_249&537_216&458_480&480-0_0_5_24_31_24_30_32-69-40.jpg,0,6,False,green,unknown_8,,8,8,True,川A4D40BH,0.752961810495915,-5.1073338409426015,True,川,baseline,0.32925023067894704,-1.110937237739563
fenqusai/test_photo/034921875-97_247-191&443_489&561-489&561_209&516_191&443_477&482-0_0_3_24_30_28_33_32-65-188.jpg,0,0,True,green,green,,8,8,True,琼A450440,0.8636801201181575,-2.6379505813563284,True,琼,baseline,0.30569528367486476,-1.1851664781570435
fenqusai/test_photo/034921875-97_247-191&443_489&561-489&561_209&516_191&443_477&482-0_0_3_24_30_28_33_32-65-188.jpg,0,1,False,green,green,tractor_green,8,8,True,琼A450440,0.8636801201181575,-2.6379505813563284,True,琼,baseline,0.30569528367486476,-1.1851664781570435
fenqusai/test_photo/034921875-97_247-191&443_489&561-489&561_209&516_191&443_477&482-0_0_3_24_30_28_33_32-65-188.jpg,0,2,False,green,blue,,7,7,True,琼A50440,0.9719049572585121,-0.5129506782138762,True,琼,baseline,0.30569528367486476,-1.1851664781570435
fenqusai/test_photo/034921875-97_247-191&443_489&561-489&561_209&516_191&443_477&482-0_0_3_24_30_28_33_32-65-188.jpg,0,3,False,green,yellow,,7,7,True,琼A50440,0.9719049572585121,-0.5129506782138762,True,琼,baseline,0.30569528367486476,-1.1851664781570435
fenqusai/test_photo/034921875-97_247-191&443_489&561-489&561_209&516_191&443_477&482-0_0_3_24_30_28_33_32-65-188.jpg,0,4,False,green,black,,7,7,True,琼A50440,0.9719049572585121,-0.5129506782138762,True,琼,baseline,0.30569528367486476,-1.1851664781570435
fenqusai/test_photo/034921875-97_247-191&443_489&561-489&561_209&516_191&443_477&482-0_0_3_24_30_28_33_32-65-188.jpg,0,5,False,green,special_7,,7,7,True,琼A50440,0.9719049572585121,-0.5129506782138762,True,琼,baseline,0.30569528367486476,-1.1851664781570435
fenqusai/test_photo/034921875-97_247-191&443_489&561-489&561_209&516_191&443_477&482-0_0_3_24_30_28_33_32-65-188.jpg,0,6,False,green,unknown_8,,8,8,True,琼A450440,0.8636801201181575,-2.6379505813563284,True,琼,baseline,0.30569528367486476,-1.1851664781570435
fenqusai/test_photo/03671875-106_247-213&385_448&542-448&542_221&459_213&385_443&457-0_0_3_26_30_30_26_33-107-61.jpg,0,0,True,green,green,,8,8,True,川K0AAM87,0.8383276998192908,-3.1742316906561356,True,川,baseline,0.20496354433803093,-1.5849231481552124
fenqusai/test_photo/03671875-106_247-213&385_448&542-448&542_221&459_213&385_443&457-0_0_3_26_30_30_26_33-107-61.jpg,0,1,False,green,green,tractor_green,8,8,True,川K0AAM87,0.8383276998192908,-3.1742316906561356,True,川,baseline,0.20496354433803093,-1.5849231481552124
fenqusai/test_photo/03671875-106_247-213&385_448&542-448&542_221&459_213&385_443&457-0_0_3_26_30_30_26_33-107-61.jpg,0,2,False,green,blue,,7,7,True,川K0AAM7,0.86493907761244,-2.6117316906561356,True,川,baseline,0.20496354433803093,-1.5849231481552124
fenqusai/test_photo/03671875-106_247-213&385_448&542-448&542_221&459_213&385_443&457-0_0_3_26_30_30_26_33-107-61.jpg,0,3,False,green,yellow,,7,7,True,川K0AAM7,0.86493907761244,-2.6117316906561356,True,川,baseline,0.20496354433803093,-1.5849231481552124
fenqusai/test_photo/03671875-106_247-213&385_448&542-448&542_221&459_213&385_443&457-0_0_3_26_30_30_26_33-107-61.jpg,0,4,False,green,black,,7,7,True,川K0AAM7,0.86493907761244,-2.6117316906561356,True,川,baseline,0.20496354433803093,-1.5849231481552124
fenqusai/test_photo/03671875-106_247-213&385_448&542-448&542_221&459_213&385_443&457-0_0_3_26_30_30_26_33-107-61.jpg,0,5,False,green,special_7,,7,7,True,川K0AAM7,0.86493907761244,-2.6117316906561356,True,川,baseline,0.20496354433803093,-1.5849231481552124
fenqusai/test_photo/03671875-106_247-213&385_448&542-448&542_221&459_213&385_443&457-0_0_3_26_30_30_26_33-107-61.jpg,0,6,False,green,unknown_8,,8,8,True,川K0AAM87,0.8383276998192908,-3.1742316906561356,True,川,baseline,0.20496354433803093,-1.5849231481552124
fenqusai/test_photo/0369140625-81_260-299&432_569&570-559&507_299&570_300&482_569&432-0_0_3_25_24_24_24_26-93-44.jpg,0,0,False,green,green,,8,8,True,川UM0DD02,0.1807762551974669,-30.788913087382753,True,川,baseline,0.3117217215515328,-1.1656444072723389
fenqusai/test_photo/0369140625-81_260-299&432_569&570-559&507_299&570_300&482_569&432-0_0_3_25_24_24_24_26-93-44.jpg,0,1,False,green,green,tractor_green,8,8,True,川UM0DD0学,0.7879876071733507,-4.288912491335395,True,川,baseline,0.3117217215515328,-1.1656444072723389
fenqusai/test_photo/0369140625-81_260-299&432_569&570-559&507_299&570_300&482_569&432-0_0_3_25_24_24_24_26-93-44.jpg,0,2,False,green,blue,,7,7,True,川UM0D02,0.18781445867512478,-30.10141305758043,True,川,baseline,0.3117217215515328,-1.1656444072723389
fenqusai/test_photo/0369140625-81_260-299&432_569&570-559&507_299&570_300&482_569&432-0_0_3_25_24_24_24_26-93-44.jpg,0,3,False,green,yellow,,7,7,True,川UM0D0学,0.8186665097266795,-3.601412461533073,True,川,baseline,0.3117217215515328,-1.1656444072723389
fenqusai/test_photo/0369140625-81_260-299&432_569&570-559&507_299&570_300&482_569&432-0_0_3_25_24_24_24_26-93-44.jpg,0,4,False,green,black,,7,7,True,川UM0D0学,0.8186665097266795,-3.601412461533073,True,川,baseline,0.3117217215515328,-1.1656444072723389
fenqusai/test_photo/0369140625-81_260-299&432_569&570-559&507_299&570_300&482_569&432-0_0_3_25_24_24_24_26-93-44.jpg,0,5,True,green,special_7,,7,7,True,川0M0D0学,0.9671402083319062,-0.6014124168295893,True,川,baseline,0.3117217215515328,-1.1656444072723389
fenqusai/test_photo/0369140625-81_260-299&432_569&570-559&507_299&570_300&482_569&432-0_0_3_25_24_24_24_26-93-44.jpg,0,6,False,green,unknown_8,,8,8,True,川UM0DD02,0.1807762551974669,-30.788913087382753,True,川,baseline,0.3117217215515328,-1.1656444072723389
fenqusai/test_photo/046015625-97_243-180&408_522&543-522&543_208&495_180&408_501&451-0_0_3_24_30_30_33_25-61-79.jpg,0,0,False,green,green,,8,7,False,川A0R282,0.6544165843280445,-7.632200721872593,True,川,baseline,0.33201153917351056,-1.1025855541229248
fenqusai/test_photo/046015625-97_243-180&408_522&543-522&543_208&495_180&408_501&451-0_0_3_24_30_30_33_25-61-79.jpg,0,1,False,green,green,tractor_green,8,7,False,川A0R282,0.6544165843280445,-7.632200721872593,True,川,baseline,0.33201153917351056,-1.1025855541229248
fenqusai/test_photo/046015625-97_243-180&408_522&543-522&543_208&495_180&408_501&451-0_0_3_24_30_30_33_25-61-79.jpg,0,2,True,green,blue,,7,7,True,川A0R282,0.6544165843280445,-7.632200721872593,True,川,baseline,0.33201153917351056,-1.1025855541229248
fenqusai/test_photo/046015625-97_243-180&408_522&543-522&543_208&495_180&408_501&451-0_0_3_24_30_30_33_25-61-79.jpg,0,3,False,green,yellow,,7,7,True,川A0R282,0.6544165843280445,-7.632200721872593,True,川,baseline,0.33201153917351056,-1.1025855541229248
fenqusai/test_photo/046015625-97_243-180&408_522&543-522&543_208&495_180&408_501&451-0_0_3_24_30_30_33_25-61-79.jpg,0,4,False,green,black,,7,7,True,川A0澳临82,0.8059949372024213,-3.882200721872593,True,川,baseline,0.33201153917351056,-1.1025855541229248
fenqusai/test_photo/046015625-97_243-180&408_522&543-522&543_208&495_180&408_501&451-0_0_3_24_30_30_33_25-61-79.jpg,0,5,False,green,special_7,,7,7,True,川A0澳临82,0.8059949372024213,-3.882200721872593,True,川,baseline,0.33201153917351056,-1.1025855541229248
fenqusai/test_photo/046015625-97_243-180&408_522&543-522&543_208&495_180&408_501&451-0_0_3_24_30_30_33_25-61-79.jpg,0,6,False,green,unknown_8,,8,7,False,川A0R282,0.6544165843280445,-7.632200721872593,True,川,baseline,0.33201153917351056,-1.1025855541229248
fenqusai/test_photo/049921875-80_275-250&410_534&587-534&506_259&587_250&469_530&410-0_0_3_17_25_25_30_25-128-23.jpg,0,0,True,blue,blue,,7,4,False,川L51,0.9916507775315223,-0.1509169042110443,True,川,baseline,0.3322757539796773,-1.1017900705337524
fenqusai/test_photo/049921875-80_275-250&410_534&587-534&506_259&587_250&469_530&410-0_0_3_17_25_25_30_25-128-23.jpg,0,1,False,blue,green,,8,4,False,川L51,0.9916507775315223,-0.1509169042110443,True,川,baseline,0.3322757539796773,-1.1017900705337524
fenqusai/test_photo/049921875-80_275-250&410_534&587-534&506_259&587_250&469_530&410-0_0_3_17_25_25_30_25-128-23.jpg,0,2,False,blue,green,tractor_green,8,4,False,川L51,0.9916507775315223,-0.1509169042110443,True,川,baseline,0.3322757539796773,-1.1017900705337524
fenqusai/test_photo/049921875-80_275-250&410_534&587-534&506_259&587_250&469_530&410-0_0_3_17_25_25_30_25-128-23.jpg,0,3,False,blue,yellow,,7,4,False,川L51,0.9916507775315223,-0.1509169042110443,True,川,baseline,0.3322757539796773,-1.1017900705337524
fenqusai/test_photo/049921875-80_275-250&410_534&587-534&506_259&587_250&469_530&410-0_0_3_17_25_25_30_25-128-23.jpg,0,4,False,blue,black,,7,4,False,川L51,0.9916507775315223,-0.1509169042110443,True,川,baseline,0.3322757539796773,-1.1017900705337524
fenqusai/test_photo/049921875-80_275-250&410_534&587-534&506_259&587_250&469_530&410-0_0_3_17_25_25_30_25-128-23.jpg,0,5,False,blue,special_7,,7,4,False,川L51,0.9916507775315223,-0.1509169042110443,True,川,baseline,0.3322757539796773,-1.1017900705337524
fenqusai/test_photo/049921875-80_275-250&410_534&587-534&506_259&587_250&469_530&410-0_0_3_17_25_25_30_25-128-23.jpg,0,6,False,blue,unknown_8,,8,4,False,川L51,0.9916507775315223,-0.1509169042110443,True,川,baseline,0.3322757539796773,-1.1017900705337524
fenqusai/test_photo/1006.jpg,0,0,True,blue,blue,,7,7,True,皖DTQ535,0.9750654652703535,-0.45451199468356407,True,皖,baseline,0.21202329530050126,-1.5510591268539429
fenqusai/test_photo/1006.jpg,0,1,False,blue,green,,8,7,False,皖DTQ535,0.9750654652703535,-0.45451199468356407,True,皖,baseline,0.21202329530050126,-1.5510591268539429
fenqusai/test_photo/1006.jpg,0,2,False,blue,green,tractor_green,8,7,False,皖DTQ535,0.9750654652703535,-0.45451199468356407,True,皖,baseline,0.21202329530050126,-1.5510591268539429
fenqusai/test_photo/1006.jpg,0,3,False,blue,yellow,,7,7,True,皖DTQ535,0.9750654652703535,-0.45451199468356407,True,皖,baseline,0.21202329530050126,-1.5510591268539429
fenqusai/test_photo/1006.jpg,0,4,False,blue,black,,7,7,True,皖DTQ535,0.9750654652703535,-0.45451199468356407,True,皖,baseline,0.21202329530050126,-1.5510591268539429
fenqusai/test_photo/1006.jpg,0,5,False,blue,special_7,,7,7,True,皖DTQ535,0.9750654652703535,-0.45451199468356407,True,皖,baseline,0.21202329530050126,-1.5510591268539429
fenqusai/test_photo/1006.jpg,0,6,False,blue,unknown_8,,8,7,False,皖DTQ535,0.9750654652703535,-0.45451199468356407,True,皖,baseline,0.21202329530050126,-1.5510591268539429
fenqusai/test_photo/14.jpg,0,0,False,blue,blue,,7,5,False,川X23K,0.4393390892393965,-14.804707521928293,True,川,baseline,0.33333332672197086,-1.0986123085021973
fenqusai/test_photo/14.jpg,0,1,False,blue,green,,8,5,False,川X23K,0.4393390892393965,-14.804707521928293,True,川,baseline,0.33333332672197086,-1.0986123085021973
fenqusai/test_photo/14.jpg,0,2,False,blue,green,tractor_green,8,5,False,川X23K,0.4393390892393965,-14.804707521928293,True,川,baseline,0.33333332672197086,-1.0986123085021973
fenqusai/test_photo/14.jpg,0,3,False,blue,yellow,,7,5,False,川X23K,0.4393390892393965,-14.804707521928293,True,川,baseline,0.33333332672197086,-1.0986123085021973
fenqusai/test_photo/14.jpg,0,4,False,blue,black,,7,5,False,川X23K,0.4393390892393965,-14.804707521928293,True,川,baseline,0.33333332672197086,-1.0986123085021973
fenqusai/test_photo/14.jpg,0,5,True,blue,special_7,,7,4,False,川23K,0.9969653313746158,-0.05470708624395115,True,川,baseline,0.33333332672197086,-1.0986123085021973
fenqusai/test_photo/14.jpg,0,6,False,blue,unknown_8,,8,5,False,川X23K,0.4393390892393965,-14.804707521928293,True,川,baseline,0.33333332672197086,-1.0986123085021973
fenqusai/test_photo/18.jpg,0,0,False,blue,blue,,7,7,True,川A82K55,0.4858879695641837,-12.991989545179422,True,川,baseline,0.23139222896524472,-1.4636410474777222
fenqusai/test_photo/18.jpg,0,1,False,blue,green,,8,4,False,川K55,0.6163563598361288,-8.71073957684439,True,川,baseline,0.23139222896524472,-1.4636410474777222
fenqusai/test_photo/18.jpg,0,2,False,blue,green,tractor_green,8,4,False,川K55,0.6163563598361288,-8.71073957684439,True,川,baseline,0.23139222896524472,-1.4636410474777222
fenqusai/test_photo/18.jpg,0,3,False,blue,yellow,,7,7,True,川A82K55,0.4858879695641837,-12.991989545179422,True,川,baseline,0.23139222896524472,-1.4636410474777222
fenqusai/test_photo/18.jpg,0,4,False,blue,black,,7,7,True,川A82K55,0.4858879695641837,-12.991989545179422,True,川,baseline,0.23139222896524472,-1.4636410474777222
fenqusai/test_photo/18.jpg,0,5,True,blue,special_7,,7,7,True,川682K55,0.6899868444090762,-6.6794894576351,True,川,baseline,0.23139222896524472,-1.4636410474777222
fenqusai/test_photo/18.jpg,0,6,False,blue,unknown_8,,8,4,False,川K55,0.6163563598361288,-8.71073957684439,True,川,baseline,0.23139222896524472,-1.4636410474777222
fenqusai/test_photo/195.jpg,0,0,False,green,green,,8,6,False,川BHD07,0.8928738917492047,-2.03957868102907,True,川,baseline,0.18599964173522854,-1.682010531425476
fenqusai/test_photo/195.jpg,0,1,False,green,green,tractor_green,8,6,False,川BHD07,0.8928738917492047,-2.03957868102907,True,川,baseline,0.18599964173522854,-1.682010531425476
fenqusai/test_photo/195.jpg,0,2,True,green,blue,,7,7,True,川BHD027,0.87750639331908,-2.35207868102907,True,川,baseline,0.18599964173522854,-1.682010531425476
fenqusai/test_photo/195.jpg,0,3,False,green,yellow,,7,7,True,川BHD027,0.87750639331908,-2.35207868102907,True,川,baseline,0.18599964173522854,-1.682010531425476
fenqusai/test_photo/195.jpg,0,4,False,green,black,,7,7,True,川BHD027,0.87750639331908,-2.35207868102907,True,川,baseline,0.18599964173522854,-1.682010531425476
fenqusai/test_photo/195.jpg,0,5,False,green,special_7,,7,7,True,川BHD027,0.87750639331908,-2.35207868102907,True,川,baseline,0.18599964173522854,-1.682010531425476
fenqusai/test_photo/195.jpg,0,6,False,green,unknown_8,,8,6,False,川BHD07,0.8928738917492047,-2.03957868102907,True,川,baseline,0.18599964173522854,-1.682010531425476
fenqusai/test_photo/204.jpg,0,0,True,blue,blue,,7,7,True,津DDD544,0.9998895691814774,-0.00198786449617927,True,津,baseline,0.33267141955672935,-1.100600004196167
fenqusai/test_photo/204.jpg,0,1,False,blue,green,,8,7,False,津DDD544,0.9998895691814774,-0.00198786449617927,True,津,baseline,0.33267141955672935,-1.100600004196167
fenqusai/test_photo/204.jpg,0,2,False,blue,green,tractor_green,8,7,False,津DDD544,0.9998895691814774,-0.00198786449617927,True,津,baseline,0.33267141955672935,-1.100600004196167
fenqusai/test_photo/204.jpg,0,3,False,blue,yellow,,7,7,True,津DDD544,0.9998895691814774,-0.00198786449617927,True,津,baseline,0.33267141955672935,-1.100600004196167
fenqusai/test_photo/204.jpg,0,4,False,blue,black,,7,7,True,津DDD544,0.9998895691814774,-0.00198786449617927,True,津,baseline,0.33267141955672935,-1.100600004196167
fenqusai/test_photo/204.jpg,0,5,False,blue,special_7,,7,7,True,津DDD544,0.9998895691814774,-0.00198786449617927,True,津,baseline,0.33267141955672935,-1.100600004196167
fenqusai/test_photo/204.jpg,0,6,False,blue,unknown_8,,8,7,False,津DDD544,0.9998895691814774,-0.00198786449617927,True,津,baseline,0.33267141955672935,-1.100600004196167
fenqusai/test_photo/210.jpg,0,0,False,blue,blue,,7,7,True,鲁D22Z2Z,0.7552128430655001,-5.053601846117083,True,鲁,baseline,0.33332088945170874,-1.0986496210098267
fenqusai/test_photo/210.jpg,0,1,True,blue,green,,8,8,True,鲁D2Z2Z2Z,0.9970265383405732,-0.05360204122916201,True,鲁,baseline,0.33332088945170874,-1.0986496210098267
fenqusai/test_photo/210.jpg,0,2,False,blue,green,tractor_green,8,8,True,鲁D2Z2Z2Z,0.9970265383405732,-0.05360204122916201,True,鲁,baseline,0.33332088945170874,-1.0986496210098267
fenqusai/test_photo/210.jpg,0,3,False,blue,yellow,,7,7,True,鲁D22Z2Z,0.7552128430655001,-5.053601846117083,True,鲁,baseline,0.33332088945170874,-1.0986496210098267
fenqusai/test_photo/210.jpg,0,4,False,blue,black,,7,7,True,鲁D22Z2Z,0.7552128430655001,-5.053601846117083,True,鲁,baseline,0.33332088945170874,-1.0986496210098267
fenqusai/test_photo/210.jpg,0,5,False,blue,special_7,,7,7,True,鲁D22Z2Z,0.7552128430655001,-5.053601846117083,True,鲁,baseline,0.33332088945170874,-1.0986496210098267
fenqusai/test_photo/210.jpg,0,6,False,blue,unknown_8,,8,8,True,鲁D2Z2Z2Z,0.9970265383405732,-0.05360204122916201,True,鲁,baseline,0.33332088945170874,-1.0986496210098267
fenqusai/test_photo/211.jpg,0,0,True,blue,blue,,7,7,True,川A2AVYA,0.8333460761633884,-3.2815127792664143,True,川,baseline,0.33333332672197086,-1.0986123085021973
fenqusai/test_photo/211.jpg,0,1,False,blue,green,,8,6,False,川A2AVA,0.9184350913279251,-1.5315128090687367,True,川,baseline,0.33333332672197086,-1.0986123085021973
fenqusai/test_photo/211.jpg,0,2,False,blue,green,tractor_green,8,6,False,川A2AVA,0.9184350913279251,-1.5315128090687367,True,川,baseline,0.33333332672197086,-1.0986123085021973
fenqusai/test_photo/211.jpg,0,3,False,blue,yellow,,7,7,True,川A2AVYA,0.8333460761633884,-3.2815127792664143,True,川,baseline,0.33333332672197086,-1.0986123085021973
fenqusai/test_photo/211.jpg,0,4,False,blue,black,,7,7,True,川A2AVYA,0.8333460761633884,-3.2815127792664143,True,川,baseline,0.33333332672197086,-1.0986123085021973
fenqusai/test_photo/211.jpg,0,5,False,blue,special_7,,7,7,True,川A2AVYA,0.8333460761633884,-3.2815127792664143,True,川,baseline,0.33333332672197086,-1.0986123085021973
fenqusai/test_photo/211.jpg,0,6,False,blue,unknown_8,,8,6,False,川A2AVA,0.9184350913279251,-1.5315128090687367,True,川,baseline,0.33333332672197086,-1.0986123085021973
fenqusai/test_photo/212.jpg,0,0,True,blue,blue,,7,7,True,桂G00000,0.9723184577776788,-0.5052941410076457,True,桂,baseline,0.33312763498204623,-1.0992295742034912
fenqusai/test_photo/212.jpg,0,1,False,blue,green,,8,7,False,桂G00000,0.9723184577776788,-0.5052941410076457,True,桂,baseline,0.33312763498204623,-1.0992295742034912
fenqusai/test_photo/212.jpg,0,2,False,blue,green,tractor_green,8,7,False,桂G00000,0.9723184577776788,-0.5052941410076457,True,桂,baseline,0.33312763498204623,-1.0992295742034912
fenqusai/test_photo/212.jpg,0,3,False,blue,yellow,,7,7,True,桂G00000,0.9723184577776788,-0.5052941410076457,True,桂,baseline,0.33312763498204623,-1.0992295742034912
fenqusai/test_photo/212.jpg,0,4,False,blue,black,,7,7,True,桂G00000,0.9723184577776788,-0.5052941410076457,True,桂,baseline,0.33312763498204623,-1.0992295742034912
fenqusai/test_photo/212.jpg,0,5,False,blue,special_7,,7,7,True,桂G00000,0.9723184577776788,-0.5052941410076457,True,桂,baseline,0.33312763498204623,-1.0992295742034912
fenqusai/test_photo/212.jpg,0,6,False,blue,unknown_8,,8,7,False,桂G00000,0.9723184577776788,-0.5052941410076457,True,桂,baseline,0.33312763498204623,-1.0992295742034912
fenqusai/test_photo/213.jpg,0,0,False,blue,blue,,7,7,True,川AQU06E,0.7202199568545099,-5.907575123911101,True,川,baseline,0.2862783426995744,-1.2507907152175903
fenqusai/test_photo/213.jpg,0,1,False,blue,green,,8,6,False,川QU06E,0.8275301568214715,-3.4075751239111014,True,川,baseline,0.2862783426995744,-1.2507907152175903
fenqusai/test_photo/213.jpg,0,2,False,blue,green,tractor_green,8,6,False,川QU06E,0.8275301568214715,-3.4075751239111014,True,川,baseline,0.2862783426995744,-1.2507907152175903
fenqusai/test_photo/213.jpg,0,3,False,blue,yellow,,7,7,True,川AQU06E,0.7202199568545099,-5.907575123911101,True,川,baseline,0.2862783426995744,-1.2507907152175903
fenqusai/test_photo/213.jpg,0,4,False,blue,black,,7,7,True,川AQU06E,0.7202199568545099,-5.907575123911101,True,川,baseline,0.2862783426995744,-1.2507907152175903
fenqusai/test_photo/213.jpg,0,5,True,blue,special_7,,7,7,True,川4QU06E,0.9742227677725032,-0.470075168614585,True,川,baseline,0.2862783426995744,-1.2507907152175903
fenqusai/test_photo/213.jpg,0,6,False,blue,unknown_8,,8,6,False,川QU06E,0.8275301568214715,-3.4075751239111014,True,川,baseline,0.2862783426995744,-1.2507907152175903
fenqusai/test_photo/214.jpg,0,0,True,black,black,,7,7,True,鲁B9199领,0.5994690328174751,-9.210797295578217,True,鲁,0,3.974456057378111e-05,-10.133037567138672
fenqusai/test_photo/214.jpg,0,1,False,black,blue,,7,7,True,鲁B91999,0.47175557142628616,-13.523297124214864,True,鲁,0,3.974456057378111e-05,-10.133037567138672
fenqusai/test_photo/214.jpg,0,2,False,black,green,,8,8,True,鲁LB91999,0.2716128375371269,-23.460797125397207,True,鲁,0,3.974456057378111e-05,-10.133037567138672
fenqusai/test_photo/214.jpg,0,3,False,black,green,tractor_green,8,8,True,鲁B9199学9,0.3142569612234156,-20.835797038067525,True,鲁,0,3.974456057378111e-05,-10.133037567138672
fenqusai/test_photo/214.jpg,0,4,False,black,yellow,,7,7,True,鲁B91999,0.47175557142628616,-13.523297124214864,True,鲁,0,3.974456057378111e-05,-10.133037567138672
fenqusai/test_photo/214.jpg,0,5,False,black,special_7,,7,7,True,鲁B9199领,0.5994690328174751,-9.210797295578217,True,鲁,0,3.974456057378111e-05,-10.133037567138672
fenqusai/test_photo/214.jpg,0,6,False,black,unknown_8,,8,8,True,鲁LB91999,0.2716128375371269,-23.460797125397207,True,鲁,0,3.974456057378111e-05,-10.133037567138672
fenqusai/test_photo/215.jpg,0,0,True,blue,blue,,7,7,True,黑B911ZB,0.973993130935426,-0.47431850025895983,True,黑,baseline,0.2074550537094655,-1.5728405714035034
fenqusai/test_photo/215.jpg,0,1,False,blue,green,,8,7,False,黑B911ZB,0.973993130935426,-0.47431850025895983,True,黑,baseline,0.2074550537094655,-1.5728405714035034
fenqusai/test_photo/215.jpg,0,2,False,blue,green,tractor_green,8,7,False,黑B911ZB,0.973993130935426,-0.47431850025895983,True,黑,baseline,0.2074550537094655,-1.5728405714035034
fenqusai/test_photo/215.jpg,0,3,False,blue,yellow,,7,7,True,黑B911ZB,0.973993130935426,-0.47431850025895983,True,黑,baseline,0.2074550537094655,-1.5728405714035034
fenqusai/test_photo/215.jpg,0,4,False,blue,black,,7,7,True,黑B911ZB,0.973993130935426,-0.47431850025895983,True,黑,baseline,0.2074550537094655,-1.5728405714035034
fenqusai/test_photo/215.jpg,0,5,False,blue,special_7,,7,7,True,黑B911ZB,0.973993130935426,-0.47431850025895983,True,黑,baseline,0.2074550537094655,-1.5728405714035034
fenqusai/test_photo/215.jpg,0,6,False,blue,unknown_8,,8,7,False,黑B911ZB,0.973993130935426,-0.47431850025895983,True,黑,baseline,0.2074550537094655,-1.5728405714035034
fenqusai/test_photo/216.jpg,0,0,True,unknown_7,blue,,7,7,True,川A85327,0.971295537138504,-0.5242408796639211,True,川,baseline,0.3329783913583655,-1.0996776819229126
fenqusai/test_photo/216.jpg,0,1,False,unknown_7,green,,8,8,True,川PA85327,0.9512695418800067,-0.8992408796639211,True,川,baseline,0.3329783913583655,-1.0996776819229126
fenqusai/test_photo/216.jpg,0,2,False,unknown_7,green,tractor_green,8,8,True,川PA85327,0.9512695418800067,-0.8992408796639211,True,川,baseline,0.3329783913583655,-1.0996776819229126
fenqusai/test_photo/216.jpg,0,3,False,unknown_7,yellow,,7,7,True,川A85327,0.971295537138504,-0.5242408796639211,True,川,baseline,0.3329783913583655,-1.0996776819229126
fenqusai/test_photo/216.jpg,0,4,False,unknown_7,black,,7,7,True,川A85327,0.971295537138504,-0.5242408796639211,True,川,baseline,0.3329783913583655,-1.0996776819229126
fenqusai/test_photo/216.jpg,0,5,False,unknown_7,special_7,,7,7,True,川A85327,0.971295537138504,-0.5242408796639211,True,川,baseline,0.3329783913583655,-1.0996776819229126
fenqusai/test_photo/216.jpg,0,6,False,unknown_7,unknown_8,,8,8,True,川PA85327,0.9512695418800067,-0.8992408796639211,True,川,baseline,0.3329783913583655,-1.0996776819229126
fenqusai/test_photo/217.jpg,0,0,True,yellow,yellow,,7,7,True,川A87511,0.8274539673933141,-3.409232432507281,True,川,baseline,0.01102698782183509,-4.507409572601318
fenqusai/test_photo/217.jpg,0,1,False,yellow,blue,,7,7,True,川A87511,0.8274539673933141,-3.409232432507281,True,川,baseline,0.01102698782183509,-4.507409572601318
fenqusai/test_photo/217.jpg,0,2,False,yellow,green,,8,7,False,川A87511,0.8274539673933141,-3.409232432507281,True,川,baseline,0.01102698782183509,-4.507409572601318
fenqusai/test_photo/217.jpg,0,3,False,yellow,green,tractor_green,8,7,False,川A87511,0.8274539673933141,-3.409232432507281,True,川,baseline,0.01102698782183509,-4.507409572601318
fenqusai/test_photo/217.jpg,0,4,False,yellow,black,,7,7,True,川A87511,0.8274539673933141,-3.409232432507281,True,川,baseline,0.01102698782183509,-4.507409572601318
fenqusai/test_photo/217.jpg,0,5,False,yellow,special_7,,7,7,True,川A87511,0.8274539673933141,-3.409232432507281,True,川,baseline,0.01102698782183509,-4.507409572601318
fenqusai/test_photo/217.jpg,0,6,False,yellow,unknown_8,,8,7,False,川A87511,0.8274539673933141,-3.409232432507281,True,川,baseline,0.01102698782183509,-4.507409572601318
fenqusai/test_photo/218.jpg,0,0,True,blue,blue,,7,7,True,宁DJV892,0.9816878566700199,-0.3326739490003092,True,宁,baseline,0.3307204605299302,-1.1064817905426025
fenqusai/test_photo/218.jpg,0,1,False,blue,green,,8,7,False,宁DJV892,0.9816878566700199,-0.3326739490003092,True,宁,baseline,0.3307204605299302,-1.1064817905426025
fenqusai/test_photo/218.jpg,0,2,False,blue,green,tractor_green,8,7,False,宁DJV892,0.9816878566700199,-0.3326739490003092,True,宁,baseline,0.3307204605299302,-1.1064817905426025
fenqusai/test_photo/218.jpg,0,3,False,blue,yellow,,7,7,True,宁DJV892,0.9816878566700199,-0.3326739490003092,True,宁,baseline,0.3307204605299302,-1.1064817905426025
fenqusai/test_photo/218.jpg,0,4,False,blue,black,,7,7,True,宁DJV892,0.9816878566700199,-0.3326739490003092,True,宁,baseline,0.3307204605299302,-1.1064817905426025
fenqusai/test_photo/218.jpg,0,5,False,blue,special_7,,7,7,True,宁DJV892,0.9816878566700199,-0.3326739490003092,True,宁,baseline,0.3307204605299302,-1.1064817905426025
fenqusai/test_photo/218.jpg,0,6,False,blue,unknown_8,,8,7,False,宁DJV892,0.9816878566700199,-0.3326739490003092,True,宁,baseline,0.3307204605299302,-1.1064817905426025
fenqusai/test_photo/219.jpg,0,0,True,blue,blue,,7,7,True,豫RB520T,0.9941990458507718,-0.10472121067687112,True,豫,baseline,0.3312915503613359,-1.104756474494934
fenqusai/test_photo/219.jpg,0,1,False,blue,green,,8,7,False,豫RB520T,0.9941990458507718,-0.10472121067687112,True,豫,baseline,0.3312915503613359,-1.104756474494934
fenqusai/test_photo/219.jpg,0,2,False,blue,green,tractor_green,8,7,False,豫RB520T,0.9941990458507718,-0.10472121067687112,True,豫,baseline,0.3312915503613359,-1.104756474494934
fenqusai/test_photo/219.jpg,0,3,False,blue,yellow,,7,7,True,豫RB520T,0.9941990458507718,-0.10472121067687112,True,豫,baseline,0.3312915503613359,-1.104756474494934
fenqusai/test_photo/219.jpg,0,4,False,blue,black,,7,7,True,豫RB520T,0.9941990458507718,-0.10472121067687112,True,豫,baseline,0.3312915503613359,-1.104756474494934
fenqusai/test_photo/219.jpg,0,5,False,blue,special_7,,7,7,True,豫RB520T,0.9941990458507718,-0.10472121067687112,True,豫,baseline,0.3312915503613359,-1.104756474494934
fenqusai/test_photo/219.jpg,0,6,False,blue,unknown_8,,8,7,False,豫RB520T,0.9941990458507718,-0.10472121067687112,True,豫,baseline,0.3312915503613359,-1.104756474494934
fenqusai/test_photo/22.jpg,0,0,False,blue,blue,,7,7,True,皖AZ7LDU,0.6672431470875634,-7.282813700381666,True,皖,1,0.08535332628328682,-3.2734556198120117
fenqusai/test_photo/22.jpg,0,1,False,blue,green,,8,8,True,新A7Z7LDU,0.7534648004546786,-5.095313581172377,True,新,baseline,0.08535332628328682,-2.460955858230591
fenqusai/test_photo/22.jpg,0,2,False,blue,green,tractor_green,8,8,True,新A7Z7LDU,0.7534648004546786,-5.095313581172377,True,新,baseline,0.08535332628328682,-2.460955858230591
fenqusai/test_photo/22.jpg,0,3,False,blue,yellow,,7,7,True,皖AZ7LDU,0.6672431470875634,-7.282813700381666,True,皖,1,0.08535332628328682,-3.2734556198120117
fenqusai/test_photo/22.jpg,0,4,False,blue,black,,7,7,True,皖AZ7LDU,0.6672431470875634,-7.282813700381666,True,皖,1,0.08535332628328682,-3.2734556198120117
fenqusai/test_photo/22.jpg,0,5,True,blue,special_7,,7,7,True,新7Z7LDU,0.810457558763273,-3.7828134619630873,True,新,baseline,0.08535332628328682,-2.460955858230591
fenqusai/test_photo/22.jpg,0,6,False,blue,unknown_8,,8,8,True,新A7Z7LDU,0.7534648004546786,-5.095313581172377,True,新,baseline,0.08535332628328682,-2.460955858230591
fenqusai/test_photo/220.jpg,0,0,False,blue,blue,,7,7,True,黑MA3333,0.7888834648776017,-4.2684600387573255,True,黑,baseline,0.3130665778739672,-1.1613394021987915
fenqusai/test_photo/220.jpg,0,1,True,blue,green,,8,8,True,黑MAD3333,0.978378288110727,-0.39345994935035833,True,黑,baseline,0.3130665778739672,-1.1613394021987915
fenqusai/test_photo/220.jpg,0,2,False,blue,green,tractor_green,8,8,True,黑MAD3333,0.978378288110727,-0.39345994935035833,True,黑,baseline,0.3130665778739672,-1.1613394021987915
fenqusai/test_photo/220.jpg,0,3,False,blue,yellow,,7,7,True,黑MA3333,0.7888834648776017,-4.2684600387573255,True,黑,baseline,0.3130665778739672,-1.1613394021987915
fenqusai/test_photo/220.jpg,0,4,False,blue,black,,7,7,True,黑MA3333,0.7888834648776017,-4.2684600387573255,True,黑,baseline,0.3130665778739672,-1.1613394021987915
fenqusai/test_photo/220.jpg,0,5,False,blue,special_7,,7,7,True,黑MA3333,0.7888834648776017,-4.2684600387573255,True,黑,baseline,0.3130665778739672,-1.1613394021987915
fenqusai/test_photo/220.jpg,0,6,False,blue,unknown_8,,8,8,True,黑MAD3333,0.978378288110727,-0.39345994935035833,True,黑,baseline,0.3130665778739672,-1.1613394021987915
fenqusai/test_photo/221.jpg,0,0,True,blue,blue,,7,7,True,豫AMVQ1U,0.9269432472963656,-1.3655328694728723,True,豫,baseline,0.3264263456289255,-1.1195509433746338
fenqusai/test_photo/221.jpg,0,1,False,blue,green,,8,6,False,豫AMVQ1,0.9399072786625008,-1.1155328694728723,True,豫,baseline,0.3264263456289255,-1.1195509433746338
fenqusai/test_photo/221.jpg,0,2,False,blue,green,tractor_green,8,6,False,豫AMVQ1,0.9399072786625008,-1.1155328694728723,True,豫,baseline,0.3264263456289255,-1.1195509433746338
fenqusai/test_photo/221.jpg,0,3,False,blue,yellow,,7,7,True,豫AMVQ1U,0.9269432472963656,-1.3655328694728723,True,豫,baseline,0.3264263456289255,-1.1195509433746338
fenqusai/test_photo/221.jpg,0,4,False,blue,black,,7,7,True,豫AMVQ1U,0.9269432472963656,-1.3655328694728723,True,豫,baseline,0.3264263456289255,-1.1195509433746338
fenqusai/test_photo/221.jpg,0,5,False,blue,special_7,,7,7,True,豫AMVQ1U,0.9269432472963656,-1.3655328694728723,True,豫,baseline,0.3264263456289255,-1.1195509433746338
fenqusai/test_photo/221.jpg,0,6,False,blue,unknown_8,,8,6,False,豫AMVQ1,0.9399072786625008,-1.1155328694728723,True,豫,baseline,0.3264263456289255,-1.1195509433746338
fenqusai/test_photo/222.jpg,0,0,False,green,green,,8,8,True,川AF00006,0.5178928940389693,-11.843762874600543,True,川,baseline,0.33333332672197086,-1.0986123085021973
fenqusai/test_photo/222.jpg,0,1,False,green,green,tractor_green,8,8,True,川AF00006,0.5178928940389693,-11.843762874600543,True,川,baseline,0.33333332672197086,-1.0986123085021973
fenqusai/test_photo/222.jpg,0,2,True,green,blue,,7,7,True,川F00006,0.9999992715023862,-1.311296182393562e-05,True,川,baseline,0.33333332672197086,-1.0986123085021973
fenqusai/test_photo/222.jpg,0,3,False,green,yellow,,7,7,True,川F00006,0.9999992715023862,-1.311296182393562e-05,True,川,baseline,0.33333332672197086,-1.0986123085021973
fenqusai/test_photo/222.jpg,0,4,False,green,black,,7,7,True,川F00006,0.9999992715023862,-1.311296182393562e-05,True,川,baseline,0.33333332672197086,-1.0986123085021973
fenqusai/test_photo/222.jpg,0,5,False,green,special_7,,7,7,True,川F00006,0.9999992715023862,-1.311296182393562e-05,True,川,baseline,0.33333332672197086,-1.0986123085021973
fenqusai/test_photo/222.jpg,0,6,False,green,unknown_8,,8,8,True,川AF00006,0.5178928940389693,-11.843762874600543,True,川,baseline,0.33333332672197086,-1.0986123085021973
fenqusai/test_photo/223.jpg,0,0,True,blue,blue,,7,7,True,云AG9710,0.9521352498029607,-0.8828673328957777,True,云,baseline,0.13800848092010137,-1.9804401397705078
fenqusai/test_photo/223.jpg,0,1,False,blue,green,,8,7,False,云AG9710,0.9521352498029607,-0.8828673328957777,True,云,baseline,0.13800848092010137,-1.9804401397705078
fenqusai/test_photo/223.jpg,0,2,False,blue,green,tractor_green,8,7,False,云AG9710,0.9521352498029607,-0.8828673328957777,True,云,baseline,0.13800848092010137,-1.9804401397705078
fenqusai/test_photo/223.jpg,0,3,False,blue,yellow,,7,7,True,云AG9710,0.9521352498029607,-0.8828673328957777,True,云,baseline,0.13800848092010137,-1.9804401397705078
fenqusai/test_photo/223.jpg,0,4,False,blue,black,,7,7,True,云AG9710,0.9521352498029607,-0.8828673328957777,True,云,baseline,0.13800848092010137,-1.9804401397705078
fenqusai/test_photo/223.jpg,0,5,False,blue,special_7,,7,7,True,云AG9710,0.9521352498029607,-0.8828673328957777,True,云,baseline,0.13800848092010137,-1.9804401397705078
fenqusai/test_photo/223.jpg,0,6,False,blue,unknown_8,,8,7,False,云AG9710,0.9521352498029607,-0.8828673328957777,True,云,baseline,0.13800848092010137,-1.9804401397705078
fenqusai/test_photo/224.jpg,0,0,True,blue,blue,,7,6,False,京NH111,0.7194910483295607,-5.925801496457922,True,京,baseline,0.0009183080849082578,-6.992977619171143
fenqusai/test_photo/224.jpg,0,1,False,blue,green,,8,6,False,京NH111,0.7194910483295607,-5.925801496457922,True,京,baseline,0.0009183080849082578,-6.992977619171143
fenqusai/test_photo/224.jpg,0,2,False,blue,green,tractor_green,8,6,False,京NH111,0.7194910483295607,-5.925801496457922,True,京,baseline,0.0009183080849082578,-6.992977619171143
fenqusai/test_photo/224.jpg,0,3,False,blue,yellow,,7,6,False,京NH111,0.7194910483295607,-5.925801496457922,True,京,baseline,0.0009183080849082578,-6.992977619171143
fenqusai/test_photo/224.jpg,0,4,False,blue,black,,7,6,False,京NH111,0.7194910483295607,-5.925801496457922,True,京,baseline,0.0009183080849082578,-6.992977619171143
fenqusai/test_photo/224.jpg,0,5,False,blue,special_7,,7,6,False,京NH111,0.7194910483295607,-5.925801496457922,True,京,baseline,0.0009183080849082578,-6.992977619171143
fenqusai/test_photo/224.jpg,0,6,False,blue,unknown_8,,8,6,False,京NH111,0.7194910483295607,-5.925801496457922,True,京,baseline,0.0009183080849082578,-6.992977619171143
fenqusai/test_photo/225.jpg,0,0,True,blue,blue,,7,7,True,闽FP9178,0.9999870408558822,-0.0002332661055888252,True,闽,baseline,0.3333332869855442,-1.0986124277114868
fenqusai/test_photo/225.jpg,0,1,False,blue,green,,8,7,False,闽FP9178,0.9999870408558822,-0.0002332661055888252,True,闽,baseline,0.3333332869855442,-1.0986124277114868
fenqusai/test_photo/225.jpg,0,2,False,blue,green,tractor_green,8,7,False,闽FP9178,0.9999870408558822,-0.0002332661055888252,True,闽,baseline,0.3333332869855442,-1.0986124277114868
fenqusai/test_photo/225.jpg,0,3,False,blue,yellow,,7,7,True,闽FP9178,0.9999870408558822,-0.0002332661055888252,True,闽,baseline,0.3333332869855442,-1.0986124277114868
fenqusai/test_photo/225.jpg,0,4,False,blue,black,,7,7,True,闽FP9178,0.9999870408558822,-0.0002332661055888252,True,闽,baseline,0.3333332869855442,-1.0986124277114868
fenqusai/test_photo/225.jpg,0,5,False,blue,special_7,,7,7,True,闽FP9178,0.9999870408558822,-0.0002332661055888252,True,闽,baseline,0.3333332869855442,-1.0986124277114868
fenqusai/test_photo/225.jpg,0,6,False,blue,unknown_8,,8,7,False,闽FP9178,0.9999870408558822,-0.0002332661055888252,True,闽,baseline,0.3333332869855442,-1.0986124277114868
fenqusai/test_photo/226.jpg,0,0,True,blue,blue,,7,7,True,青BQQ900,0.9145697331481322,-1.6074281033870648,True,青,baseline,0.06900229903256334,-2.6736154556274414
fenqusai/test_photo/226.jpg,0,1,False,blue,green,,8,7,False,青BQQ900,0.9145697331481322,-1.6074281033870648,True,青,baseline,0.06900229903256334,-2.6736154556274414
fenqusai/test_photo/226.jpg,0,2,False,blue,green,tractor_green,8,7,False,青BQQ900,0.9145697331481322,-1.6074281033870648,True,青,baseline,0.06900229903256334,-2.6736154556274414
fenqusai/test_photo/226.jpg,0,3,False,blue,yellow,,7,7,True,青BQQ900,0.9145697331481322,-1.6074281033870648,True,青,baseline,0.06900229903256334,-2.6736154556274414
fenqusai/test_photo/226.jpg,0,4,False,blue,black,,7,7,True,青BQQ900,0.9145697331481322,-1.6074281033870648,True,青,baseline,0.06900229903256334,-2.6736154556274414
fenqusai/test_photo/226.jpg,0,5,False,blue,special_7,,7,7,True,青BQQ900,0.9145697331481322,-1.6074281033870648,True,青,baseline,0.06900229903256334,-2.6736154556274414
fenqusai/test_photo/226.jpg,0,6,False,blue,unknown_8,,8,7,False,青BQQ900,0.9145697331481322,-1.6074281033870648,True,青,baseline,0.06900229903256334,-2.6736154556274414
fenqusai/test_photo/227.jpg,0,0,True,black,black,,7,7,True,川C05761,0.9898380395902796,-0.18385102098545048,True,川,baseline,0.3332210504866183,-1.0989491939544678
fenqusai/test_photo/227.jpg,0,1,False,black,blue,,7,7,True,川C05761,0.9898380395902796,-0.18385102098545048,True,川,baseline,0.3332210504866183,-1.0989491939544678
fenqusai/test_photo/227.jpg,0,2,False,black,green,,8,8,True,川AC05761,0.6259108839438842,-8.433850966794118,True,川,baseline,0.3332210504866183,-1.0989491939544678
fenqusai/test_photo/227.jpg,0,3,False,black,green,tractor_green,8,8,True,川AC05761,0.6259108839438842,-8.433850966794118,True,川,baseline,0.3332210504866183,-1.0989491939544678
fenqusai/test_photo/227.jpg,0,4,False,black,yellow,,7,7,True,川C05761,0.9898380395902796,-0.18385102098545048,True,川,baseline,0.3332210504866183,-1.0989491939544678
fenqusai/test_photo/227.jpg,0,5,False,black,special_7,,7,7,True,川C05761,0.9898380395902796,-0.18385102098545048,True,川,baseline,0.3332210504866183,-1.0989491939544678
fenqusai/test_photo/227.jpg,0,6,False,black,unknown_8,,8,8,True,川AC05761,0.6259108839438842,-8.433850966794118,True,川,baseline,0.3332210504866183,-1.0989491939544678
fenqusai/test_photo/228.jpg,0,0,False,blue,blue,,7,7,True,辽R81A7D,0.3964576132202406,-16.65335062739905,True,辽,baseline,0.2893343708931354,-1.240172266960144
fenqusai/test_photo/228.jpg,0,1,True,blue,green,,8,8,True,辽R81A7D3,0.9510523865737892,-0.9033503791870316,True,辽,baseline,0.2893343708931354,-1.240172266960144
fenqusai/test_photo/228.jpg,0,2,False,blue,green,tractor_green,8,8,True,辽R81A7D3,0.9510523865737892,-0.9033503791870316,True,辽,baseline,0.2893343708931354,-1.240172266960144
fenqusai/test_photo/228.jpg,0,3,False,blue,yellow,,7,7,True,辽R81A7D,0.3964576132202406,-16.65335062739905,True,辽,baseline,0.2893343708931354,-1.240172266960144
fenqusai/test_photo/228.jpg,0,4,False,blue,black,,7,7,True,辽R81A7D,0.3964576132202406,-16.65335062739905,True,辽,baseline,0.2893343708931354,-1.240172266960144
fenqusai/test_photo/228.jpg,0,5,False,blue,special_7,,7,7,True,辽R81A7D,0.3964576132202406,-16.65335062739905,True,辽,baseline,0.2893343708931354,-1.240172266960144
fenqusai/test_photo/228.jpg,0,6,False,blue,unknown_8,,8,8,True,辽R81A7D3,0.9510523865737892,-0.9033503791870316,True,辽,baseline,0.2893343708931354,-1.240172266960144
fenqusai/test_photo/229.jpg,0,0,False,blue,blue,,7,7,True,青U000MM,0.6042785630728439,-9.066959824060177,True,青,baseline,0.33267598020320205,-1.1005862951278687
fenqusai/test_photo/229.jpg,0,1,False,blue,green,,8,7,False,青U000MM,0.6042785630728439,-9.066959824060177,True,青,baseline,0.33267598020320205,-1.1005862951278687
fenqusai/test_photo/229.jpg,0,2,False,blue,green,tractor_green,8,7,False,青U000MM,0.6042785630728439,-9.066959824060177,True,青,baseline,0.33267598020320205,-1.1005862951278687
fenqusai/test_photo/229.jpg,0,3,False,blue,yellow,,7,7,True,青U000MM,0.6042785630728439,-9.066959824060177,True,青,baseline,0.33267598020320205,-1.1005862951278687
fenqusai/test_photo/229.jpg,0,4,False,blue,black,,7,7,True,青U000MM,0.6042785630728439,-9.066959824060177,True,青,baseline,0.33267598020320205,-1.1005862951278687
fenqusai/test_photo/229.jpg,0,5,True,blue,special_7,,7,7,True,青0000MM,0.9997522829253134,-0.00445945970932371,True,青,baseline,0.33267598020320205,-1.1005862951278687
fenqusai/test_photo/229.jpg,0,6,False,blue,unknown_8,,8,7,False,青U000MM,0.6042785630728439,-9.066959824060177,True,青,baseline,0.33267598020320205,-1.1005862951278687
fenqusai/test_photo/25.jpg,0,0,True,blue,blue,,7,7,True,藏ESB945,0.9560553860430407,-0.8089097835140819,True,藏,baseline,0.14850028695762077,-1.9071683883666992
fenqusai/test_photo/25.jpg,0,1,False,blue,green,,8,8,True,藏LESB945,0.6108791833109172,-8.871409356328058,True,藏,baseline,0.14850028695762077,-1.9071683883666992
fenqusai/test_photo/25.jpg,0,2,False,blue,green,tractor_green,8,8,True,藏LESB945,0.6108791833109172,-8.871409356328058,True,藏,baseline,0.14850028695762077,-1.9071683883666992
fenqusai/test_photo/25.jpg,0,3,False,blue,yellow,,7,7,True,藏ESB945,0.9560553860430407,-0.8089097835140819,True,藏,baseline,0.14850028695762077,-1.9071683883666992
fenqusai/test_photo/25.jpg,0,4,False,blue,black,,7,7,True,藏ESB945,0.9560553860430407,-0.8089097835140819,True,藏,baseline,0.14850028695762077,-1.9071683883666992
fenqusai/test_photo/25.jpg,0,5,False,blue,special_7,,7,7,True,藏ESB945,0.9560553860430407,-0.8089097835140819,True,藏,baseline,0.14850028695762077,-1.9071683883666992
fenqusai/test_photo/25.jpg,0,6,False,blue,unknown_8,,8,8,True,藏LESB945,0.6108791833109172,-8.871409356328058,True,藏,baseline,0.14850028695762077,-1.9071683883666992
fenqusai/test_photo/26.jpg,0,0,True,blue,blue,,7,7,True,苏E7382B,0.931348176640539,-1.2801976247646678,True,苏,baseline,0.2850819667135401,-1.2549785375595093
fenqusai/test_photo/26.jpg,0,1,False,blue,green,,8,7,False,苏E7382B,0.931348176640539,-1.2801976247646678,True,苏,baseline,0.2850819667135401,-1.2549785375595093
fenqusai/test_photo/26.jpg,0,2,False,blue,green,tractor_green,8,7,False,苏E7382B,0.931348176640539,-1.2801976247646678,True,苏,baseline,0.2850819667135401,-1.2549785375595093
fenqusai/test_photo/26.jpg,0,3,False,blue,yellow,,7,7,True,苏E7382B,0.931348176640539,-1.2801976247646678,True,苏,baseline,0.2850819667135401,-1.2549785375595093
fenqusai/test_photo/26.jpg,0,4,False,blue,black,,7,7,True,苏E7382B,0.931348176640539,-1.2801976247646678,True,苏,baseline,0.2850819667135401,-1.2549785375595093
fenqusai/test_photo/26.jpg,0,5,False,blue,special_7,,7,7,True,苏E7382B,0.931348176640539,-1.2801976247646678,True,苏,baseline,0.2850819667135401,-1.2549785375595093
fenqusai/test_photo/26.jpg,0,6,False,blue,unknown_8,,8,7,False,苏E7382B,0.931348176640539,-1.2801976247646678,True,苏,baseline,0.2850819667135401,-1.2549785375595093
fenqusai/test_photo/30.jpg,0,0,True,unknown_7,blue,,7,7,True,皖AJH155,0.986813494304829,-0.2389359529454893,True,皖,baseline,0.3333332869855442,-1.0986124277114868
fenqusai/test_photo/30.jpg,0,1,False,unknown_7,green,,8,7,False,皖AJH155,0.986813494304829,-0.2389359529454893,True,皖,baseline,0.3333332869855442,-1.0986124277114868
fenqusai/test_photo/30.jpg,0,2,False,unknown_7,green,tractor_green,8,7,False,皖AJH155,0.986813494304829,-0.2389359529454893,True,皖,baseline,0.3333332869855442,-1.0986124277114868
fenqusai/test_photo/30.jpg,0,3,False,unknown_7,yellow,,7,7,True,皖AJH155,0.986813494304829,-0.2389359529454893,True,皖,baseline,0.3333332869855442,-1.0986124277114868
fenqusai/test_photo/30.jpg,0,4,False,unknown_7,black,,7,7,True,皖AJH155,0.986813494304829,-0.2389359529454893,True,皖,baseline,0.3333332869855442,-1.0986124277114868
fenqusai/test_photo/30.jpg,0,5,False,unknown_7,special_7,,7,7,True,皖AJH155,0.986813494304829,-0.2389359529454893,True,皖,baseline,0.3333332869855442,-1.0986124277114868
fenqusai/test_photo/30.jpg,0,6,False,unknown_7,unknown_8,,8,7,False,皖AJH155,0.986813494304829,-0.2389359529454893,True,皖,baseline,0.3333332869855442,-1.0986124277114868
fenqusai/test_photo/3040625-99_253-195&400_483&542-482&542_207&496_195&400_483&450-0_0_3_25_26_30_30_30-114-232.jpg,0,0,True,green,green,,8,8,True,鲁HD1265B,0.7313028667720158,-5.632696558961442,True,鲁,baseline,0.013797419502187056,-4.283273696899414
fenqusai/test_photo/3040625-99_253-195&400_483&542-482&542_207&496_195&400_483&450-0_0_3_25_26_30_30_30-114-232.jpg,0,1,False,green,green,tractor_green,8,8,True,鲁HD1265B,0.7313028667720158,-5.632696558961442,True,鲁,baseline,0.013797419502187056,-4.283273696899414
fenqusai/test_photo/3040625-99_253-195&400_483&542-482&542_207&496_195&400_483&450-0_0_3_25_26_30_30_30-114-232.jpg,0,2,False,green,blue,,7,7,True,鲁HD1265,0.4451004162854055,-14.570196618566086,True,鲁,baseline,0.013797419502187056,-4.283273696899414
fenqusai/test_photo/3040625-99_253-195&400_483&542-482&542_207&496_195&400_483&450-0_0_3_25_26_30_30_30-114-232.jpg,0,3,False,green,yellow,,7,7,True,鲁HD1265,0.4451004162854055,-14.570196618566086,True,鲁,baseline,0.013797419502187056,-4.283273696899414
fenqusai/test_photo/3040625-99_253-195&400_483&542-482&542_207&496_195&400_483&450-0_0_3_25_26_30_30_30-114-232.jpg,0,4,False,green,black,,7,7,True,鲁HD1265,0.4451004162854055,-14.570196618566086,True,鲁,baseline,0.013797419502187056,-4.283273696899414
fenqusai/test_photo/3040625-99_253-195&400_483&542-482&542_207&496_195&400_483&450-0_0_3_25_26_30_30_30-114-232.jpg,0,5,False,green,special_7,,7,7,True,鲁HD1265,0.4451004162854055,-14.570196618566086,True,鲁,baseline,0.013797419502187056,-4.283273696899414
fenqusai/test_photo/3040625-99_253-195&400_483&542-482&542_207&496_195&400_483&450-0_0_3_25_26_30_30_30-114-232.jpg,0,6,False,green,unknown_8,,8,8,True,鲁HD1265B,0.7313028667720158,-5.632696558961442,True,鲁,baseline,0.013797419502187056,-4.283273696899414
fenqusai/test_photo/304515625-74_83-221&426_493&594-493&512_237&594_221&506_482&426-0_0_5_24_29_33_29_32-108-73.jpg,0,0,True,green,green,,8,5,False,川F022,0.8588389959978745,-2.739128516378372,True,川,baseline,0.3328290955679413,-1.1001261472702026
fenqusai/test_photo/304515625-74_83-221&426_493&594-493&512_237&594_221&506_482&426-0_0_5_24_29_33_29_32-108-73.jpg,0,1,False,green,green,tractor_green,8,5,False,川F02学,0.9731920745117356,-0.48912861323591983,True,川,baseline,0.3328290955679413,-1.1001261472702026
fenqusai/test_photo/304515625-74_83-221&426_493&594-493&512_237&594_221&506_482&426-0_0_5_24_29_33_29_32-108-73.jpg,0,2,False,green,blue,,7,5,False,川F022,0.8588389959978745,-2.739128516378372,True,川,baseline,0.3328290955679413,-1.1001261472702026
fenqusai/test_photo/304515625-74_83-221&426_493&594-493&512_237&594_221&506_482&426-0_0_5_24_29_33_29_32-108-73.jpg,0,3,False,green,yellow,,7,5,False,川F02学,0.9731920745117356,-0.48912861323591983,True,川,baseline,0.3328290955679413,-1.1001261472702026
fenqusai/test_photo/304515625-74_83-221&426_493&594-493&512_237&594_221&506_482&426-0_0_5_24_29_33_29_32-108-73.jpg,0,4,False,green,black,,7,5,False,川F02学,0.9731920745117356,-0.48912861323591983,True,川,baseline,0.3328290955679413,-1.1001261472702026
fenqusai/test_photo/304515625-74_83-221&426_493&594-493&512_237&594_221&506_482&426-0_0_5_24_29_33_29_32-108-73.jpg,0,5,False,green,special_7,,7,5,False,川F02学,0.9731920745117356,-0.48912861323591983,True,川,baseline,0.3328290955679413,-1.1001261472702026
fenqusai/test_photo/304515625-74_83-221&426_493&594-493&512_237&594_221&506_482&426-0_0_5_24_29_33_29_32-108-73.jpg,0,6,False,green,unknown_8,,8,5,False,川F022,0.8588389959978745,-2.739128516378372,True,川,baseline,0.3328290955679413,-1.1001261472702026
fenqusai/test_photo/30671875-101_110-88&427_475&602-475&602_119&522_88&427_458&484-0_0_3_24_30_24_31_33-82-166.jpg,0,0,True,green,green,,8,8,True,川RD0C070,0.7886833010313545,-4.273027768414977,True,川,baseline,0.10384604137332233,-2.264845848083496
fenqusai/test_photo/30671875-101_110-88&427_475&602-475&602_119&522_88&427_458&484-0_0_3_24_30_24_31_33-82-166.jpg,0,1,False,green,green,tractor_green,8,8,True,川RD0C070,0.7886833010313545,-4.273027768414977,True,川,baseline,0.10384604137332233,-2.264845848083496
fenqusai/test_photo/30671875-101_110-88&427_475&602-475&602_119&522_88&427_458&484-0_0_3_24_30_24_31_33-82-166.jpg,0,2,False,green,blue,,7,7,True,川R0C070,0.8602047154414607,-2.710527783316138,True,川,baseline,0.10384604137332233,-2.264845848083496
fenqusai/test_photo/30671875-101_110-88&427_475&602-475&602_119&522_88&427_458&484-0_0_3_24_30_24_31_33-82-166.jpg,0,3,False,green,yellow,,7,7,True,川R0C070,0.8602047154414607,-2.710527783316138,True,川,baseline,0.10384604137332233,-2.264845848083496
fenqusai/test_photo/30671875-101_110-88&427_475&602-475&602_119&522_88&427_458&484-0_0_3_24_30_24_31_33-82-166.jpg,0,4,False,green,black,,7,7,True,川R0C070,0.8602047154414607,-2.710527783316138,True,川,baseline,0.10384604137332233,-2.264845848083496
fenqusai/test_photo/30671875-101_110-88&427_475&602-475&602_119&522_88&427_458&484-0_0_3_24_30_24_31_33-82-166.jpg,0,5,False,green,special_7,,7,7,True,川R0C070,0.8602047154414607,-2.710527783316138,True,川,baseline,0.10384604137332233,-2.264845848083496
fenqusai/test_photo/30671875-101_110-88&427_475&602-475&602_119&522_88&427_458&484-0_0_3_24_30_24_31_33-82-166.jpg,0,6,False,green,unknown_8,,8,8,True,川RD0C070,0.7886833010313545,-4.273027768414977,True,川,baseline,0.10384604137332233,-2.264845848083496
fenqusai/test_photo/32.jpg,0,0,True,blue,blue,,7,7,True,陕AZ0E83,0.9996986003010448,-0.005426012321514406,True,陕,baseline,0.33331643916741815,-1.0986629724502563
fenqusai/test_photo/32.jpg,0,1,False,blue,green,,8,8,True,陕AZ0LE83,0.5323203803942593,-11.349175538074597,True,陕,baseline,0.33331643916741815,-1.0986629724502563
fenqusai/test_photo/32.jpg,0,2,False,blue,green,tractor_green,8,8,True,陕AZ0LE83,0.5323203803942593,-11.349175538074597,True,陕,baseline,0.33331643916741815,-1.0986629724502563
fenqusai/test_photo/32.jpg,0,3,False,blue,yellow,,7,7,True,陕AZ0E83,0.9996986003010448,-0.005426012321514406,True,陕,baseline,0.33331643916741815,-1.0986629724502563
fenqusai/test_photo/32.jpg,0,4,False,blue,black,,7,7,True,陕AZ0E83,0.9996986003010448,-0.005426012321514406,True,陕,baseline,0.33331643916741815,-1.0986629724502563
fenqusai/test_photo/32.jpg,0,5,False,blue,special_7,,7,7,True,陕AZ0E83,0.9996986003010448,-0.005426012321514406,True,陕,baseline,0.33331643916741815,-1.0986629724502563
fenqusai/test_photo/32.jpg,0,6,False,blue,unknown_8,,8,8,True,陕AZ0LE83,0.5323203803942593,-11.349175538074597,True,陕,baseline,0.33331643916741815,-1.0986629724502563
fenqusai/test_photo/33.jpg,0,0,True,blue,blue,,7,6,False,川A8H32,0.9513535066063413,-0.8976521623652332,True,川,baseline,0.3313605913714509,-1.1045480966567993
fenqusai/test_photo/33.jpg,0,1,False,blue,green,,8,6,False,川A8H32,0.9513535066063413,-0.8976521623652332,True,川,baseline,0.3313605913714509,-1.1045480966567993
fenqusai/test_photo/33.jpg,0,2,False,blue,green,tractor_green,8,6,False,川A8H32,0.9513535066063413,-0.8976521623652332,True,川,baseline,0.3313605913714509,-1.1045480966567993
fenqusai/test_photo/33.jpg,0,3,False,blue,yellow,,7,6,False,川A8H32,0.9513535066063413,-0.8976521623652332,True,川,baseline,0.3313605913714509,-1.1045480966567993
fenqusai/test_photo/33.jpg,0,4,False,blue,black,,7,6,False,川A8H32,0.9513535066063413,-0.8976521623652332,True,川,baseline,0.3313605913714509,-1.1045480966567993
fenqusai/test_photo/33.jpg,0,5,False,blue,special_7,,7,6,False,川A8H32,0.9513535066063413,-0.8976521623652332,True,川,baseline,0.3313605913714509,-1.1045480966567993
fenqusai/test_photo/33.jpg,0,6,False,blue,unknown_8,,8,6,False,川A8H32,0.9513535066063413,-0.8976521623652332,True,川,baseline,0.3313605913714509,-1.1045480966567993
fenqusai/test_photo/34.jpg,0,0,False,blue,blue,,7,7,True,黑AJP250,0.481424991487611,-13.158087134361068,True,黑,baseline,0.3232748739979864,-5.123154640197754
fenqusai/test_photo/34.jpg,0,1,True,blue,green,,8,8,True,甘RAJP250,0.5196415956644681,-11.783086994662682,True,甘,baseline,0.3232748739979864,-1.129252314567566
fenqusai/test_photo/34.jpg,0,2,False,blue,green,tractor_green,8,8,True,甘RAJP250,0.5196415956644681,-11.783086994662682,True,甘,baseline,0.3232748739979864,-1.129252314567566
fenqusai/test_photo/34.jpg,0,3,False,blue,yellow,,7,7,True,黑AJP250,0.481424991487611,-13.158087134361068,True,黑,baseline,0.3232748739979864,-5.123154640197754
fenqusai/test_photo/34.jpg,0,4,False,blue,black,,7,7,True,黑AJP250,0.481424991487611,-13.158087134361068,True,黑,baseline,0.3232748739979864,-5.123154640197754
fenqusai/test_photo/34.jpg,0,5,False,blue,special_7,,7,7,True,黑AJP250,0.481424991487611,-13.158087134361068,True,黑,baseline,0.3232748739979864,-5.123154640197754
fenqusai/test_photo/34.jpg,0,6,False,blue,unknown_8,,8,8,True,甘RAJP250,0.5196415956644681,-11.783086994662682,True,甘,baseline,0.3232748739979864,-1.129252314567566
fenqusai/test_photo/37.jpg,0,0,True,blue,blue,,7,7,True,冀B98Z10,0.9797848208361115,-0.36760143603714823,True,冀,baseline,0.23141228347728862,-1.4635543823242188
fenqusai/test_photo/37.jpg,0,1,False,blue,green,,8,7,False,冀B98Z10,0.9797848208361115,-0.36760143603714823,True,冀,baseline,0.23141228347728862,-1.4635543823242188
fenqusai/test_photo/37.jpg,0,2,False,blue,green,tractor_green,8,7,False,冀B98Z10,0.9797848208361115,-0.36760143603714823,True,冀,baseline,0.23141228347728862,-1.4635543823242188
fenqusai/test_photo/37.jpg,0,3,False,blue,yellow,,7,7,True,冀B98Z10,0.9797848208361115,-0.36760143603714823,True,冀,baseline,0.23141228347728862,-1.4635543823242188
fenqusai/test_photo/37.jpg,0,4,False,blue,black,,7,7,True,冀B98Z10,0.9797848208361115,-0.36760143603714823,True,冀,baseline,0.23141228347728862,-1.4635543823242188
fenqusai/test_photo/37.jpg,0,5,False,blue,special_7,,7,7,True,冀B98Z10,0.9797848208361115,-0.36760143603714823,True,冀,baseline,0.23141228347728862,-1.4635543823242188
fenqusai/test_photo/37.jpg,0,6,False,blue,unknown_8,,8,7,False,冀B98Z10,0.9797848208361115,-0.36760143603714823,True,冀,baseline,0.23141228347728862,-1.4635543823242188
fenqusai/test_photo/374.jpg,0,0,True,blue,blue,,7,7,True,吉A12345,0.999879068588169,-0.0021768970432276546,True,吉,baseline,0.3333323730490376,-1.0986151695251465
fenqusai/test_photo/374.jpg,0,1,False,blue,green,,8,7,False,吉A12345,0.999879068588169,-0.0021768970432276546,True,吉,baseline,0.3333323730490376,-1.0986151695251465
fenqusai/test_photo/374.jpg,0,2,False,blue,green,tractor_green,8,7,False,吉A12345,0.999879068588169,-0.0021768970432276546,True,吉,baseline,0.3333323730490376,-1.0986151695251465
fenqusai/test_photo/374.jpg,0,3,False,blue,yellow,,7,7,True,吉A12345,0.999879068588169,-0.0021768970432276546,True,吉,baseline,0.3333323730490376,-1.0986151695251465
fenqusai/test_photo/374.jpg,0,4,False,blue,black,,7,7,True,吉A12345,0.999879068588169,-0.0021768970432276546,True,吉,baseline,0.3333323730490376,-1.0986151695251465
fenqusai/test_photo/374.jpg,0,5,False,blue,special_7,,7,7,True,吉A12345,0.999879068588169,-0.0021768970432276546,True,吉,baseline,0.3333323730490376,-1.0986151695251465
fenqusai/test_photo/374.jpg,0,6,False,blue,unknown_8,,8,7,False,吉A12345,0.999879068588169,-0.0021768970432276546,True,吉,baseline,0.3333323730490376,-1.0986151695251465
fenqusai/test_photo/38.jpg,0,0,True,blue,blue,,7,7,True,川AW6312,0.8174862511005727,-3.6273815023996008,True,川,baseline,0.12466439961696113,-2.082129955291748
fenqusai/test_photo/38.jpg,0,1,False,blue,green,,8,6,False,川A6312,0.9392887766773261,-1.127381591806568,True,川,baseline,0.12466439961696113,-2.082129955291748
fenqusai/test_photo/38.jpg,0,2,False,blue,green,tractor_green,8,6,False,川A6312,0.9392887766773261,-1.127381591806568,True,川,baseline,0.12466439961696113,-2.082129955291748
fenqusai/test_photo/38.jpg,0,3,False,blue,yellow,,7,7,True,川AW6312,0.8174862511005727,-3.6273815023996008,True,川,baseline,0.12466439961696113,-2.082129955291748
fenqusai/test_photo/38.jpg,0,4,False,blue,black,,7,7,True,川AW6312,0.8174862511005727,-3.6273815023996008,True,川,baseline,0.12466439961696113,-2.082129955291748
fenqusai/test_photo/38.jpg,0,5,False,blue,special_7,,7,7,True,川AW6312,0.8174862511005727,-3.6273815023996008,True,川,baseline,0.12466439961696113,-2.082129955291748
fenqusai/test_photo/38.jpg,0,6,False,blue,unknown_8,,8,6,False,川A6312,0.9392887766773261,-1.127381591806568,True,川,baseline,0.12466439961696113,-2.082129955291748
fenqusai/test_photo/38_0576.jpg,0,0,True,blue,blue,,7,7,True,川D703W6,0.9989309918444214,-0.01925243914206476,True,川,baseline,0.333283937999877,-1.0987604856491089
fenqusai/test_photo/38_0576.jpg,0,1,False,blue,green,,8,7,False,川D703W6,0.9989309918444214,-0.01925243914206476,True,川,baseline,0.333283937999877,-1.0987604856491089
fenqusai/test_photo/38_0576.jpg,0,2,False,blue,green,tractor_green,8,7,False,川D703W6,0.9989309918444214,-0.01925243914206476,True,川,baseline,0.333283937999877,-1.0987604856491089
fenqusai/test_photo/38_0576.jpg,0,3,False,blue,yellow,,7,7,True,川D703W6,0.9989309918444214,-0.01925243914206476,True,川,baseline,0.333283937999877,-1.0987604856491089
fenqusai/test_photo/38_0576.jpg,0,4,False,blue,black,,7,7,True,川D703W6,0.9989309918444214,-0.01925243914206476,True,川,baseline,0.333283937999877,-1.0987604856491089
fenqusai/test_photo/38_0576.jpg,0,5,False,blue,special_7,,7,7,True,川D703W6,0.9989309918444214,-0.01925243914206476,True,川,baseline,0.333283937999877,-1.0987604856491089
fenqusai/test_photo/38_0576.jpg,0,6,False,blue,unknown_8,,8,7,False,川D703W6,0.9989309918444214,-0.01925243914206476,True,川,baseline,0.333283937999877,-1.0987604856491089
fenqusai/test_photo/38_0576.jpg,1,0,False,blue,blue,,7,7,True,川A79P2Z,0.3337823715134072,-19.750789452107256,True,川,baseline,0.33307124884427614,-1.0993988513946533
fenqusai/test_photo/38_0576.jpg,1,1,True,blue,green,,8,8,True,川AA79P2Z,0.9999561425113647,-0.0007894521072557836,True,川,baseline,0.33307124884427614,-1.0993988513946533
fenqusai/test_photo/38_0576.jpg,1,2,False,blue,green,tractor_green,8,8,True,川AA79P2Z,0.9999561425113647,-0.0007894521072557836,True,川,baseline,0.33307124884427614,-1.0993988513946533
fenqusai/test_photo/38_0576.jpg,1,3,False,blue,yellow,,7,7,True,川A79P2Z,0.3337823715134072,-19.750789452107256,True,川,baseline,0.33307124884427614,-1.0993988513946533
fenqusai/test_photo/38_0576.jpg,1,4,False,blue,black,,7,7,True,川A79P2Z,0.3337823715134072,-19.750789452107256,True,川,baseline,0.33307124884427614,-1.0993988513946533
fenqusai/test_photo/38_0576.jpg,1,5,False,blue,special_7,,7,7,True,川A79P2Z,0.3337823715134072,-19.750789452107256,True,川,baseline,0.33307124884427614,-1.0993988513946533
fenqusai/test_photo/38_0576.jpg,1,6,False,blue,unknown_8,,8,8,True,川AA79P2Z,0.9999561425113647,-0.0007894521072557836,True,川,baseline,0.33307124884427614,-1.0993988513946533
fenqusai/test_photo/38_0665.jpg,0,0,False,blue,blue,,7,7,True,川A958CT,0.6111343304483169,-8.863892829729586,True,川,baseline,0.3800970713221171,-0.9673286080360413
fenqusai/test_photo/38_0665.jpg,0,1,True,blue,green,,8,8,True,川AA958CT,0.9902482481446895,-0.17639300854352058,True,川,baseline,0.3800970713221171,-0.9673286080360413
fenqusai/test_photo/38_0665.jpg,0,2,False,blue,green,tractor_green,8,8,True,川AA958CT,0.9902482481446895,-0.17639300854352058,True,川,baseline,0.3800970713221171,-0.9673286080360413
fenqusai/test_photo/38_0665.jpg,0,3,False,blue,yellow,,7,7,True,川A958CT,0.6111343304483169,-8.863892829729586,True,川,baseline,0.3800970713221171,-0.9673286080360413
fenqusai/test_photo/38_0665.jpg,0,4,False,blue,black,,7,7,True,川A958CT,0.6111343304483169,-8.863892829729586,True,川,baseline,0.3800970713221171,-0.9673286080360413
fenqusai/test_photo/38_0665.jpg,0,5,False,blue,special_7,,7,7,True,川A958CT,0.6111343304483169,-8.863892829729586,True,川,baseline,0.3800970713221171,-0.9673286080360413
fenqusai/test_photo/38_0665.jpg,0,6,False,blue,unknown_8,,8,8,True,川AA958CT,0.9902482481446895,-0.17639300854352058,True,川,baseline,0.3800970713221171,-0.9673286080360413
fenqusai/test_photo/38_0665.jpg,1,0,True,blue,blue,,7,7,True,鄂AFS675,0.9170092803865931,-1.5594783551805378,True,鄂,baseline,0.17098889374790652,-1.7661566734313965
fenqusai/test_photo/38_0665.jpg,1,1,False,blue,green,,8,8,True,鄂AFS5675,0.8674536089846177,-2.5594784147851826,True,鄂,baseline,0.17098889374790652,-1.7661566734313965
fenqusai/test_photo/38_0665.jpg,1,2,False,blue,green,tractor_green,8,8,True,鄂AFS5675,0.8674536089846177,-2.5594784147851826,True,鄂,baseline,0.17098889374790652,-1.7661566734313965
fenqusai/test_photo/38_0665.jpg,1,3,False,blue,yellow,,7,7,True,鄂AFS675,0.9170092803865931,-1.5594783551805378,True,鄂,baseline,0.17098889374790652,-1.7661566734313965
fenqusai/test_photo/38_0665.jpg,1,4,False,blue,black,,7,7,True,鄂AFS675,0.9170092803865931,-1.5594783551805378,True,鄂,baseline,0.17098889374790652,-1.7661566734313965
fenqusai/test_photo/38_0665.jpg,1,5,False,blue,special_7,,7,7,True,鄂AFS675,0.9170092803865931,-1.5594783551805378,True,鄂,baseline,0.17098889374790652,-1.7661566734313965
fenqusai/test_photo/38_0665.jpg,1,6,False,blue,unknown_8,,8,8,True,鄂AFS5675,0.8674536089846177,-2.5594784147851826,True,鄂,baseline,0.17098889374790652,-1.7661566734313965
fenqusai/test_photo/38_0665.jpg,2,0,False,blue,blue,,7,7,True,川A298NU,0.6677604050601683,-7.268865207199269,True,川,baseline,0.33333332672197086,-1.0986123085021973
fenqusai/test_photo/38_0665.jpg,2,1,True,blue,green,,8,8,True,川A2398NU,0.9989524827229757,-0.018865193520468893,True,川,baseline,0.33333332672197086,-1.0986123085021973
fenqusai/test_photo/38_0665.jpg,2,2,False,blue,green,tractor_green,8,8,True,川A2398NU,0.9989524827229757,-0.018865193520468893,True,川,baseline,0.33333332672197086,-1.0986123085021973
fenqusai/test_photo/38_0665.jpg,2,3,False,blue,yellow,,7,7,True,川A298NU,0.6677604050601683,-7.268865207199269,True,川,baseline,0.33333332672197086,-1.0986123085021973
fenqusai/test_photo/38_0665.jpg,2,4,False,blue,black,,7,7,True,川A298NU,0.6677604050601683,-7.268865207199269,True,川,baseline,0.33333332672197086,-1.0986123085021973
fenqusai/test_photo/38_0665.jpg,2,5,False,blue,special_7,,7,7,True,川A298NU,0.6677604050601683,-7.268865207199269,True,川,baseline,0.33333332672197086,-1.0986123085021973
fenqusai/test_photo/38_0665.jpg,2,6,False,blue,unknown_8,,8,8,True,川A2398NU,0.9989524827229757,-0.018865193520468893,True,川,baseline,0.33333332672197086,-1.0986123085021973
fenqusai/test_photo/38_0689.jpg,0,0,True,blue,blue,,7,7,True,渝CM3063,0.9739272305883971,-0.47553642094032256,True,渝,baseline,0.29355143590217764,-1.2257024049758911
fenqusai/test_photo/38_0689.jpg,0,1,False,blue,green,,8,7,False,渝CM3063,0.9739272305883971,-0.47553642094032256,True,渝,baseline,0.29355143590217764,-1.2257024049758911
fenqusai/test_photo/38_0689.jpg,0,2,False,blue,green,tractor_green,8,7,False,渝CM3063,0.9739272305883971,-0.47553642094032256,True,渝,baseline,0.29355143590217764,-1.2257024049758911
fenqusai/test_photo/38_0689.jpg,0,3,False,blue,yellow,,7,7,True,渝CM3063,0.9739272305883971,-0.47553642094032256,True,渝,baseline,0.29355143590217764,-1.2257024049758911
fenqusai/test_photo/38_0689.jpg,0,4,False,blue,black,,7,7,True,渝CM3063,0.9739272305883971,-0.47553642094032256,True,渝,baseline,0.29355143590217764,-1.2257024049758911
fenqusai/test_photo/38_0689.jpg,0,5,False,blue,special_7,,7,7,True,渝CM3063,0.9739272305883971,-0.47553642094032256,True,渝,baseline,0.29355143590217764,-1.2257024049758911
fenqusai/test_photo/38_0689.jpg,0,6,False,blue,unknown_8,,8,7,False,渝CM3063,0.9739272305883971,-0.47553642094032256,True,渝,baseline,0.29355143590217764,-1.2257024049758911
fenqusai/test_photo/38_0689.jpg,1,0,True,yellow,yellow,,7,7,True,川AS93UT,0.13046976365960108,-36.659047952881565,True,川,0,8.030405621907324e-07,-14.034860610961914
fenqusai/test_photo/38_0689.jpg,1,1,False,yellow,blue,,7,7,True,川AS93UT,0.13046976365960108,-36.659047952881565,True,川,0,8.030405621907324e-07,-14.034860610961914
fenqusai/test_photo/38_0689.jpg,1,2,False,yellow,green,,8,6,False,川S93UT,0.2471586337488438,-25.159048318891337,True,川,0,8.030405621907324e-07,-14.034860610961914
fenqusai/test_photo/38_0689.jpg,1,3,False,yellow,green,tractor_green,8,6,False,川S93UT,0.2471586337488438,-25.159048318891337,True,川,0,8.030405621907324e-07,-14.034860610961914
fenqusai/test_photo/38_0689.jpg,1,4,False,yellow,black,,7,6,False,川S93UT,0.2471586337488438,-25.159048318891337,True,川,0,8.030405621907324e-07,-14.034860610961914
fenqusai/test_photo/38_0689.jpg,1,5,False,yellow,special_7,,7,6,False,川S93UT,0.2471586337488438,-25.159048318891337,True,川,0,8.030405621907324e-07,-14.034860610961914
fenqusai/test_photo/38_0689.jpg,1,6,False,yellow,unknown_8,,8,6,False,川S93UT,0.2471586337488438,-25.159048318891337,True,川,0,8.030405621907324e-07,-14.034860610961914
fenqusai/test_photo/38_0727.jpg,0,0,True,blue,blue,,7,7,True,皖GY8578,0.9956872923673521,-0.0777966152577676,True,皖,baseline,0.32015581274095234,-1.1389474868774414
fenqusai/test_photo/38_0727.jpg,0,1,False,blue,green,,8,7,False,皖GY8578,0.9956872923673521,-0.0777966152577676,True,皖,baseline,0.32015581274095234,-1.1389474868774414
fenqusai/test_photo/38_0727.jpg,0,2,False,blue,green,tractor_green,8,7,False,皖GY8578,0.9956872923673521,-0.0777966152577676,True,皖,baseline,0.32015581274095234,-1.1389474868774414
fenqusai/test_photo/38_0727.jpg,0,3,False,blue,yellow,,7,7,True,皖GY8578,0.9956872923673521,-0.0777966152577676,True,皖,baseline,0.32015581274095234,-1.1389474868774414
fenqusai/test_photo/38_0727.jpg,0,4,False,blue,black,,7,7,True,皖GY8578,0.9956872923673521,-0.0777966152577676,True,皖,baseline,0.32015581274095234,-1.1389474868774414
fenqusai/test_photo/38_0727.jpg,0,5,False,blue,special_7,,7,7,True,皖GY8578,0.9956872923673521,-0.0777966152577676,True,皖,baseline,0.32015581274095234,-1.1389474868774414
fenqusai/test_photo/38_0727.jpg,0,6,False,blue,unknown_8,,8,7,False,皖GY8578,0.9956872923673521,-0.0777966152577676,True,皖,baseline,0.32015581274095234,-1.1389474868774414
fenqusai/test_photo/38_0727.jpg,1,0,False,blue,blue,,7,7,True,川AH036Q,0.8114023100069473,-3.761843062932911,True,川,baseline,0.31720124312778586,-1.1482188701629639
fenqusai/test_photo/38_0727.jpg,1,1,True,blue,green,,8,8,True,川DAH036Q,0.9958783462291404,-0.07434308155936264,True,川,baseline,0.31720124312778586,-1.1482188701629639
fenqusai/test_photo/38_0727.jpg,1,2,False,blue,green,tractor_green,8,8,True,川DAH036Q,0.9958783462291404,-0.07434308155936264,True,川,baseline,0.31720124312778586,-1.1482188701629639
fenqusai/test_photo/38_0727.jpg,1,3,False,blue,yellow,,7,7,True,川AH036Q,0.8114023100069473,-3.761843062932911,True,川,baseline,0.31720124312778586,-1.1482188701629639
fenqusai/test_photo/38_0727.jpg,1,4,False,blue,black,,7,7,True,川AH036Q,0.8114023100069473,-3.761843062932911,True,川,baseline,0.31720124312778586,-1.1482188701629639
fenqusai/test_photo/38_0727.jpg,1,5,False,blue,special_7,,7,7,True,川AH036Q,0.8114023100069473,-3.761843062932911,True,川,baseline,0.31720124312778586,-1.1482188701629639
fenqusai/test_photo/38_0727.jpg,1,6,False,blue,unknown_8,,8,8,True,川DAH036Q,0.9958783462291404,-0.07434308155936264,True,川,baseline,0.31720124312778586,-1.1482188701629639
fenqusai/test_photo/38_0738.jpg,0,0,True,blue,blue,,7,5,False,川AFVA,0.8720303005355747,-2.464759932412555,True,川,baseline,0.028350068041165594,-3.5631258487701416
fenqusai/test_photo/38_0738.jpg,0,1,False,blue,green,,8,5,False,川AFVA,0.8720303005355747,-2.464759932412555,True,川,baseline,0.028350068041165594,-3.5631258487701416
fenqusai/test_photo/38_0738.jpg,0,2,False,blue,green,tractor_green,8,5,False,川AFVA,0.8720303005355747,-2.464759932412555,True,川,baseline,0.028350068041165594,-3.5631258487701416
fenqusai/test_photo/38_0738.jpg,0,3,False,blue,yellow,,7,5,False,川AFVA,0.8720303005355747,-2.464759932412555,True,川,baseline,0.028350068041165594,-3.5631258487701416
fenqusai/test_photo/38_0738.jpg,0,4,False,blue,black,,7,5,False,川AFVA,0.8720303005355747,-2.464759932412555,True,川,baseline,0.028350068041165594,-3.5631258487701416
fenqusai/test_photo/38_0738.jpg,0,5,False,blue,special_7,,7,5,False,川AFVA,0.8720303005355747,-2.464759932412555,True,川,baseline,0.028350068041165594,-3.5631258487701416
fenqusai/test_photo/38_0738.jpg,0,6,False,blue,unknown_8,,8,5,False,川AFVA,0.8720303005355747,-2.464759932412555,True,川,baseline,0.028350068041165594,-3.5631258487701416
fenqusai/test_photo/38_0738.jpg,1,0,True,blue,blue,,7,7,True,藏BQZ027,0.9675169619840089,-0.5944018043783217,True,藏,baseline,0.33333137964263354,-1.0986181497573853
fenqusai/test_photo/38_0738.jpg,1,1,False,blue,green,,8,8,True,藏BQZ0Z27,0.5668023916283458,-10.219401929641208,True,藏,baseline,0.33333137964263354,-1.0986181497573853
fenqusai/test_photo/38_0738.jpg,1,2,False,blue,green,tractor_green,8,8,True,藏BQZ0Z27,0.5668023916283458,-10.219401929641208,True,藏,baseline,0.33333137964263354,-1.0986181497573853
fenqusai/test_photo/38_0738.jpg,1,3,False,blue,yellow,,7,7,True,藏BQZ027,0.9675169619840089,-0.5944018043783217,True,藏,baseline,0.33333137964263354,-1.0986181497573853
fenqusai/test_photo/38_0738.jpg,1,4,False,blue,black,,7,7,True,藏BQZ027,0.9675169619840089,-0.5944018043783217,True,藏,baseline,0.33333137964263354,-1.0986181497573853
fenqusai/test_photo/38_0738.jpg,1,5,False,blue,special_7,,7,7,True,藏BQZ027,0.9675169619840089,-0.5944018043783217,True,藏,baseline,0.33333137964263354,-1.0986181497573853
fenqusai/test_photo/38_0738.jpg,1,6,False,blue,unknown_8,,8,8,True,藏BQZ0Z27,0.5668023916283458,-10.219401929641208,True,藏,baseline,0.33333137964263354,-1.0986181497573853
fenqusai/test_photo/38_0738.jpg,2,0,False,blue,blue,,7,7,True,川AA8RJ1,0.6299848847590575,-8.317070141945806,True,川,baseline,0.33313367124685583,-1.0992114543914795
fenqusai/test_photo/38_0738.jpg,2,1,True,blue,green,,8,8,True,川AA85RJ1,0.9997461106447255,-0.004570588631395367,True,川,baseline,0.33313367124685583,-1.0992114543914795
fenqusai/test_photo/38_0738.jpg,2,2,False,blue,green,tractor_green,8,8,True,川AA85RJ1,0.9997461106447255,-0.004570588631395367,True,川,baseline,0.33313367124685583,-1.0992114543914795
fenqusai/test_photo/38_0738.jpg,2,3,False,blue,yellow,,7,7,True,川AA8RJ1,0.6299848847590575,-8.317070141945806,True,川,baseline,0.33313367124685583,-1.0992114543914795
fenqusai/test_photo/38_0738.jpg,2,4,False,blue,black,,7,7,True,川AA8RJ1,0.6299848847590575,-8.317070141945806,True,川,baseline,0.33313367124685583,-1.0992114543914795
fenqusai/test_photo/38_0738.jpg,2,5,False,blue,special_7,,7,7,True,川AA8RJ1,0.6299848847590575,-8.317070141945806,True,川,baseline,0.33313367124685583,-1.0992114543914795
fenqusai/test_photo/38_0738.jpg,2,6,False,blue,unknown_8,,8,8,True,川AA85RJ1,0.9997461106447255,-0.004570588631395367,True,川,baseline,0.33313367124685583,-1.0992114543914795
fenqusai/test_photo/38_0751.jpg,0,0,True,blue,blue,,7,7,True,川DA7675,0.8776347007654134,-2.349446944986994,True,川,baseline,0.03283440559551055,-3.41627836227417
fenqusai/test_photo/38_0751.jpg,0,1,False,blue,green,,8,7,False,川DA7675,0.8776347007654134,-2.349446944986994,True,川,baseline,0.03283440559551055,-3.41627836227417
fenqusai/test_photo/38_0751.jpg,0,2,False,blue,green,tractor_green,8,7,False,川DA7675,0.8776347007654134,-2.349446944986994,True,川,baseline,0.03283440559551055,-3.41627836227417
fenqusai/test_photo/38_0751.jpg,0,3,False,blue,yellow,,7,7,True,川DA7675,0.8776347007654134,-2.349446944986994,True,川,baseline,0.03283440559551055,-3.41627836227417
fenqusai/test_photo/38_0751.jpg,0,4,False,blue,black,,7,7,True,川DA7675,0.8776347007654134,-2.349446944986994,True,川,baseline,0.03283440559551055,-3.41627836227417
fenqusai/test_photo/38_0751.jpg,0,5,False,blue,special_7,,7,7,True,川DA7675,0.8776347007654134,-2.349446944986994,True,川,baseline,0.03283440559551055,-3.41627836227417
fenqusai/test_photo/38_0751.jpg,0,6,False,blue,unknown_8,,8,7,False,川DA7675,0.8776347007654134,-2.349446944986994,True,川,baseline,0.03283440559551055,-3.41627836227417
fenqusai/test_photo/38_0751.jpg,1,0,True,blue,blue,,7,7,True,川AT049T,0.9921189635510065,-0.14242060715331917,True,川,baseline,0.33333332672197086,-1.0986123085021973
fenqusai/test_photo/38_0751.jpg,1,1,False,blue,green,,8,8,True,川ATU049T,0.6383398317209251,-8.07992074522189,True,川,baseline,0.33333332672197086,-1.0986123085021973
fenqusai/test_photo/38_0751.jpg,1,2,False,blue,green,tractor_green,8,8,True,川ATU049T,0.6383398317209251,-8.07992074522189,True,川,baseline,0.33333332672197086,-1.0986123085021973
fenqusai/test_photo/38_0751.jpg,1,3,False,blue,yellow,,7,7,True,川AT049T,0.9921189635510065,-0.14242060715331917,True,川,baseline,0.33333332672197086,-1.0986123085021973
fenqusai/test_photo/38_0751.jpg,1,4,False,blue,black,,7,7,True,川AT049T,0.9921189635510065,-0.14242060715331917,True,川,baseline,0.33333332672197086,-1.0986123085021973
fenqusai/test_photo/38_0751.jpg,1,5,False,blue,special_7,,7,7,True,川AT049T,0.9921189635510065,-0.14242060715331917,True,川,baseline,0.33333332672197086,-1.0986123085021973
fenqusai/test_photo/38_0751.jpg,1,6,False,blue,unknown_8,,8,8,True,川ATU049T,0.6383398317209251,-8.07992074522189,True,川,baseline,0.33333332672197086,-1.0986123085021973
fenqusai/test_photo/38_0751.jpg,2,0,True,yellow,yellow,,7,7,True,川AG2991,0.7297618931653701,-5.670665492255907,True,川,baseline,0.32794627604141213,-1.1149054765701294
fenqusai/test_photo/38_0751.jpg,2,1,False,yellow,blue,,7,7,True,川AG2991,0.7297618931653701,-5.670665492255907,True,川,baseline,0.32794627604141213,-1.1149054765701294
fenqusai/test_photo/38_0751.jpg,2,2,False,yellow,green,,8,6,False,川AG291,0.9974662438076827,-0.04566548853061647,True,川,baseline,0.32794627604141213,-1.1149054765701294
fenqusai/test_photo/38_0751.jpg,2,3,False,yellow,green,tractor_green,8,8,True,川AG29学91,0.47445308414448023,-13.420665722176167,True,川,baseline,0.32794627604141213,-1.1149054765701294
fenqusai/test_photo/38_0751.jpg,2,4,False,yellow,black,,7,7,True,川AG29港1,0.7876920358968151,-4.295665492255907,True,川,baseline,0.32794627604141213,-1.1149054765701294
fenqusai/test_photo/38_0751.jpg,2,5,False,yellow,special_7,,7,7,True,川AG29港1,0.7876920358968151,-4.295665492255907,True,川,baseline,0.32794627604141213,-1.1149054765701294
fenqusai/test_photo/38_0751.jpg,2,6,False,yellow,unknown_8,,8,6,False,川AG291,0.9974662438076827,-0.04566548853061647,True,川,baseline,0.32794627604141213,-1.1149054765701294
fenqusai/test_photo/38_0751.jpg,3,0,False,blue,blue,,7,7,True,川A64V6Y,0.7300404779093844,-5.66379534934822,True,川,baseline,0.33328048146069356,-1.0987708568572998
fenqusai/test_photo/38_0751.jpg,3,1,True,blue,green,,8,8,True,川AA64V6Y,0.9637941836507358,-0.6637951728625922,True,川,baseline,0.33328048146069356,-1.0987708568572998
fenqusai/test_photo/38_0751.jpg,3,2,False,blue,green,tractor_green,8,8,True,川AA64V6Y,0.9637941836507358,-0.6637951728625922,True,川,baseline,0.33328048146069356,-1.0987708568572998
fenqusai/test_photo/38_0751.jpg,3,3,False,blue,yellow,,7,7,True,川A64V6Y,0.7300404779093844,-5.66379534934822,True,川,baseline,0.33328048146069356,-1.0987708568572998
fenqusai/test_photo/38_0751.jpg,3,4,False,blue,black,,7,7,True,川A64V6Y,0.7300404779093844,-5.66379534934822,True,川,baseline,0.33328048146069356,-1.0987708568572998
fenqusai/test_photo/38_0751.jpg,3,5,False,blue,special_7,,7,7,True,川A64V6Y,0.7300404779093844,-5.66379534934822,True,川,baseline,0.33328048146069356,-1.0987708568572998
fenqusai/test_photo/38_0751.jpg,3,6,False,blue,unknown_8,,8,8,True,川AA64V6Y,0.9637941836507358,-0.6637951728625922,True,川,baseline,0.33328048146069356,-1.0987708568572998
fenqusai/test_photo/38_0754.jpg,0,0,True,blue,blue,,7,7,True,川CTY806,0.9766499627649998,-0.4252854376148605,True,川,baseline,0.22397884781907396,-1.4962036609649658
fenqusai/test_photo/38_0754.jpg,0,1,False,blue,green,,8,8,True,川RCTY806,0.7685802380106531,-4.737785631329956,True,川,baseline,0.22397884781907396,-1.4962036609649658
fenqusai/test_photo/38_0754.jpg,0,2,False,blue,green,tractor_green,8,8,True,川RCTY806,0.7685802380106531,-4.737785631329956,True,川,baseline,0.22397884781907396,-1.4962036609649658
fenqusai/test_photo/38_0754.jpg,0,3,False,blue,yellow,,7,7,True,川CTY806,0.9766499627649998,-0.4252854376148605,True,川,baseline,0.22397884781907396,-1.4962036609649658
fenqusai/test_photo/38_0754.jpg,0,4,False,blue,black,,7,7,True,川CTY806,0.9766499627649998,-0.4252854376148605,True,川,baseline,0.22397884781907396,-1.4962036609649658
fenqusai/test_photo/38_0754.jpg,0,5,False,blue,special_7,,7,7,True,川CTY806,0.9766499627649998,-0.4252854376148605,True,川,baseline,0.22397884781907396,-1.4962036609649658
fenqusai/test_photo/38_0754.jpg,0,6,False,blue,unknown_8,,8,8,True,川RCTY806,0.7685802380106531,-4.737785631329956,True,川,baseline,0.22397884781907396,-1.4962036609649658
fenqusai/test_photo/38_0754.jpg,1,0,True,blue,blue,,7,7,True,川A3Z2S0,0.9306299315984011,-1.2940843738542682,True,川,baseline,0.1219441340281273,-2.1041922569274902
fenqusai/test_photo/38_0754.jpg,1,1,False,blue,green,,8,7,False,川A3Z2S0,0.9306299315984011,-1.2940843738542682,True,川,baseline,0.1219441340281273,-2.1041922569274902
fenqusai/test_photo/38_0754.jpg,1,2,False,blue,green,tractor_green,8,7,False,川A3Z2S0,0.9306299315984011,-1.2940843738542682,True,川,baseline,0.1219441340281273,-2.1041922569274902
fenqusai/test_photo/38_0754.jpg,1,3,False,blue,yellow,,7,7,True,川A3Z2S0,0.9306299315984011,-1.2940843738542682,True,川,baseline,0.1219441340281273,-2.1041922569274902
fenqusai/test_photo/38_0754.jpg,1,4,False,blue,black,,7,7,True,川A3Z2S0,0.9306299315984011,-1.2940843738542682,True,川,baseline,0.1219441340281273,-2.1041922569274902
fenqusai/test_photo/38_0754.jpg,1,5,False,blue,special_7,,7,7,True,川A3Z2S0,0.9306299315984011,-1.2940843738542682,True,川,baseline,0.1219441340281273,-2.1041922569274902
fenqusai/test_photo/38_0754.jpg,1,6,False,blue,unknown_8,,8,7,False,川A3Z2S0,0.9306299315984011,-1.2940843738542682,True,川,baseline,0.1219441340281273,-2.1041922569274902
fenqusai/test_photo/38_0754.jpg,2,0,True,blue,blue,,7,7,True,新AM0219,0.6484404862882589,-7.797330913921513,True,新,baseline,0.16001246553246457,-1.8325035572052002
fenqusai/test_photo/38_0754.jpg,2,1,False,blue,green,,8,6,False,新AM029,0.9599981395075502,-0.7348307856318286,True,新,baseline,0.16001246553246457,-1.8325035572052002
fenqusai/test_photo/38_0754.jpg,2,2,False,blue,green,tractor_green,8,6,False,新AM029,0.9599981395075502,-0.7348307856318286,True,新,baseline,0.16001246553246457,-1.8325035572052002
fenqusai/test_photo/38_0754.jpg,2,3,False,blue,yellow,,7,7,True,新AM0219,0.6484404862882589,-7.797330913921513,True,新,baseline,0.16001246553246457,-1.8325035572052002
fenqusai/test_photo/38_0754.jpg,2,4,False,blue,black,,7,7,True,新AM0219,0.6484404862882589,-7.797330913921513,True,新,baseline,0.16001246553246457,-1.8325035572052002
fenqusai/test_photo/38_0754.jpg,2,5,False,blue,special_7,,7,7,True,新AM0219,0.6484404862882589,-7.797330913921513,True,新,baseline,0.16001246553246457,-1.8325035572052002
fenqusai/test_photo/38_0754.jpg,2,6,False,blue,unknown_8,,8,6,False,新AM029,0.9599981395075502,-0.7348307856318286,True,新,baseline,0.16001246553246457,-1.8325035572052002
fenqusai/test_photo/38_0754.jpg,3,0,True,black,black,,7,7,True,川AAYX6S,0.5461191181245808,-10.888526915431811,True,川,baseline,0.3333332472491222,-1.0986125469207764
fenqusai/test_photo/38_0754.jpg,3,1,False,black,blue,,7,7,True,川AAYX6S,0.5461191181245808,-10.888526915431811,True,川,baseline,0.3333332472491222,-1.0986125469207764
fenqusai/test_photo/38_0754.jpg,3,2,False,black,green,,8,6,False,川AYX6S,0.9685051274866652,-0.5760270340808518,True,川,baseline,0.3333332472491222,-1.0986125469207764
fenqusai/test_photo/38_0754.jpg,3,3,False,black,green,tractor_green,8,6,False,川AYX6S,0.9685051274866652,-0.5760270340808518,True,川,baseline,0.3333332472491222,-1.0986125469207764
fenqusai/test_photo/38_0754.jpg,3,4,False,black,yellow,,7,7,True,川AAYX6S,0.5461191181245808,-10.888526915431811,True,川,baseline,0.3333332472491222,-1.0986125469207764
fenqusai/test_photo/38_0754.jpg,3,5,False,black,special_7,,7,7,True,川AAYX6S,0.5461191181245808,-10.888526915431811,True,川,baseline,0.3333332472491222,-1.0986125469207764
fenqusai/test_photo/38_0754.jpg,3,6,False,black,unknown_8,,8,6,False,川AYX6S,0.9685051274866652,-0.5760270340808518,True,川,baseline,0.3333332472491222,-1.0986125469207764
fenqusai/test_photo/38_0778.jpg,0,0,True,yellow,yellow,,7,7,True,渝BT9953,0.8413800539747699,-3.108812649574247,True,渝,baseline,0.020540217346115944,-3.8853704929351807
fenqusai/test_photo/38_0778.jpg,0,1,False,yellow,blue,,7,7,True,渝BT9953,0.8413800539747699,-3.108812649574247,True,渝,baseline,0.020540217346115944,-3.8853704929351807
fenqusai/test_photo/38_0778.jpg,0,2,False,yellow,green,,8,8,True,渝BT9953J,0.5585372174899516,-10.483812439095345,True,渝,baseline,0.020540217346115944,-3.8853704929351807
fenqusai/test_photo/38_0778.jpg,0,3,False,yellow,green,tractor_green,8,8,True,渝BT9953J,0.5585372174899516,-10.483812439095345,True,渝,baseline,0.020540217346115944,-3.8853704929351807
fenqusai/test_photo/38_0778.jpg,0,4,False,yellow,black,,7,7,True,渝BT9953,0.8413800539747699,-3.108812649574247,True,渝,baseline,0.020540217346115944,-3.8853704929351807
fenqusai/test_photo/38_0778.jpg,0,5,False,yellow,special_7,,7,7,True,渝BT9953,0.8413800539747699,-3.108812649574247,True,渝,baseline,0.020540217346115944,-3.8853704929351807
fenqusai/test_photo/38_0778.jpg,0,6,False,yellow,unknown_8,,8,8,True,渝BT9953J,0.5585372174899516,-10.483812439095345,True,渝,baseline,0.020540217346115944,-3.8853704929351807
fenqusai/test_photo/38_0778.jpg,1,0,True,blue,blue,,7,7,True,川AE229X,0.9921631391618081,-0.14161914752872917,True,川,baseline,0.333333207512705,-1.098612666130066
fenqusai/test_photo/38_0778.jpg,1,1,False,blue,green,,8,8,True,川AE2Z29X,0.7753850650272254,-4.579119268600664,True,川,baseline,0.333333207512705,-1.098612666130066
fenqusai/test_photo/38_0778.jpg,1,2,False,blue,green,tractor_green,8,8,True,川AE2Z29X,0.7753850650272254,-4.579119268600664,True,川,baseline,0.333333207512705,-1.098612666130066
fenqusai/test_photo/38_0778.jpg,1,3,False,blue,yellow,,7,7,True,川AE229X,0.9921631391618081,-0.14161914752872917,True,川,baseline,0.333333207512705,-1.098612666130066
fenqusai/test_photo/38_0778.jpg,1,4,False,blue,black,,7,7,True,川AE229X,0.9921631391618081,-0.14161914752872917,True,川,baseline,0.333333207512705,-1.098612666130066
fenqusai/test_photo/38_0778.jpg,1,5,False,blue,special_7,,7,7,True,川AE229X,0.9921631391618081,-0.14161914752872917,True,川,baseline,0.333333207512705,-1.098612666130066
fenqusai/test_photo/38_0778.jpg,1,6,False,blue,unknown_8,,8,8,True,川AE2Z29X,0.7753850650272254,-4.579119268600664,True,川,baseline,0.333333207512705,-1.098612666130066
fenqusai/test_photo/38_0831.jpg,0,0,True,blue,blue,,7,7,True,川A10JL2,0.961809063027434,-0.7009078895548484,True,川,baseline,0.33328659995678583,-1.098752498626709
fenqusai/test_photo/38_0831.jpg,0,1,False,blue,green,,8,8,True,川LA10JL2,0.6253180541308999,-8.450907697353152,True,川,baseline,0.33328659995678583,-1.098752498626709
fenqusai/test_photo/38_0831.jpg,0,2,False,blue,green,tractor_green,8,8,True,川LA10JL2,0.6253180541308999,-8.450907697353152,True,川,baseline,0.33328659995678583,-1.098752498626709
fenqusai/test_photo/38_0831.jpg,0,3,False,blue,yellow,,7,7,True,川A10JL2,0.961809063027434,-0.7009078895548484,True,川,baseline,0.33328659995678583,-1.098752498626709
fenqusai/test_photo/38_0831.jpg,0,4,False,blue,black,,7,7,True,川A10JL2,0.961809063027434,-0.7009078895548484,True,川,baseline,0.33328659995678583,-1.098752498626709
fenqusai/test_photo/38_0831.jpg,0,5,False,blue,special_7,,7,7,True,川A10JL2,0.961809063027434,-0.7009078895548484,True,川,baseline,0.33328659995678583,-1.098752498626709
fenqusai/test_photo/38_0831.jpg,0,6,False,blue,unknown_8,,8,8,True,川LA10JL2,0.6253180541308999,-8.450907697353152,True,川,baseline,0.33328659995678583,-1.098752498626709
fenqusai/test_photo/38_0831.jpg,1,0,True,blue,blue,,7,7,True,川A639M1,0.8874813128184534,-2.1486206490021686,True,川,baseline,0.3325487814469027,-1.1009687185287476
fenqusai/test_photo/38_0831.jpg,1,1,False,blue,green,,8,8,True,川MA639M1,0.534559487942972,-11.273620649002169,True,川,baseline,0.3325487814469027,-1.1009687185287476
fenqusai/test_photo/38_0831.jpg,1,2,False,blue,green,tractor_green,8,8,True,川MA639M1,0.534559487942972,-11.273620649002169,True,川,baseline,0.3325487814469027,-1.1009687185287476
fenqusai/test_photo/38_0831.jpg,1,3,False,blue,yellow,,7,7,True,川A639M1,0.8874813128184534,-2.1486206490021686,True,川,baseline,0.3325487814469027,-1.1009687185287476
fenqusai/test_photo/38_0831.jpg,1,4,False,blue,black,,7,7,True,川A639M1,0.8874813128184534,-2.1486206490021686,True,川,baseline,0.3325487814469027,-1.1009687185287476
fenqusai/test_photo/38_0831.jpg,1,5,False,blue,special_7,,7,7,True,川A639M1,0.8874813128184534,-2.1486206490021686,True,川,baseline,0.3325487814469027,-1.1009687185287476
fenqusai/test_photo/38_0831.jpg,1,6,False,blue,unknown_8,,8,8,True,川MA639M1,0.534559487942972,-11.273620649002169,True,川,baseline,0.3325487814469027,-1.1009687185287476
fenqusai/test_photo/38_0838.jpg,0,0,True,blue,blue,,7,7,True,新AVR196,0.9277878669473998,-1.3491389516129857,True,新,baseline,0.307382692970901,-1.179661750793457
fenqusai/test_photo/38_0838.jpg,0,1,False,blue,green,,8,6,False,新AVR96,0.9773906774519899,-0.4116389814153081,True,新,baseline,0.307382692970901,-1.179661750793457
fenqusai/test_photo/38_0838.jpg,0,2,False,blue,green,tractor_green,8,6,False,新AVR96,0.9773906774519899,-0.4116389814153081,True,新,baseline,0.307382692970901,-1.179661750793457
fenqusai/test_photo/38_0838.jpg,0,3,False,blue,yellow,,7,7,True,新AVR196,0.9277878669473998,-1.3491389516129857,True,新,baseline,0.307382692970901,-1.179661750793457
fenqusai/test_photo/38_0838.jpg,0,4,False,blue,black,,7,7,True,新AVR196,0.9277878669473998,-1.3491389516129857,True,新,baseline,0.307382692970901,-1.179661750793457
fenqusai/test_photo/38_0838.jpg,0,5,False,blue,special_7,,7,7,True,新AVR196,0.9277878669473998,-1.3491389516129857,True,新,baseline,0.307382692970901,-1.179661750793457
fenqusai/test_photo/38_0838.jpg,0,6,False,blue,unknown_8,,8,6,False,新AVR96,0.9773906774519899,-0.4116389814153081,True,新,baseline,0.307382692970901,-1.179661750793457
fenqusai/test_photo/38_0838.jpg,1,0,True,blue,blue,,7,7,True,川AV97R5,0.9930717065798784,-0.1251432986364236,True,川,baseline,0.3333294325746695,-1.0986239910125732
fenqusai/test_photo/38_0838.jpg,1,1,False,blue,green,,8,8,True,川AAV97R5,0.6546732121184448,-7.625143451547949,True,川,baseline,0.3333294325746695,-1.0986239910125732
fenqusai/test_photo/38_0838.jpg,1,2,False,blue,green,tractor_green,8,8,True,川AAV97R5,0.6546732121184448,-7.625143451547949,True,川,baseline,0.3333294325746695,-1.0986239910125732
fenqusai/test_photo/38_0838.jpg,1,3,False,blue,yellow,,7,7,True,川AV97R5,0.9930717065798784,-0.1251432986364236,True,川,baseline,0.3333294325746695,-1.0986239910125732
fenqusai/test_photo/38_0838.jpg,1,4,False,blue,black,,7,7,True,川AV97R5,0.9930717065798784,-0.1251432986364236,True,川,baseline,0.3333294325746695,-1.0986239910125732
fenqusai/test_photo/38_0838.jpg,1,5,False,blue,special_7,,7,7,True,川AV97R5,0.9930717065798784,-0.1251432986364236,True,川,baseline,0.3333294325746695,-1.0986239910125732
fenqusai/test_photo/38_0838.jpg,1,6,False,blue,unknown_8,,8,8,True,川AAV97R5,0.6546732121184448,-7.625143451547949,True,川,baseline,0.3333294325746695,-1.0986239910125732
fenqusai/test_photo/38_0860.jpg,0,0,True,yellow,yellow,,7,7,True,吉BX0675,0.6986231608706867,-6.455588290097573,True,吉,baseline,0.053057909680183674,-2.936371326446533
fenqusai/test_photo/38_0860.jpg,0,1,False,yellow,blue,,7,7,True,吉BX0675,0.6986231608706867,-6.455588290097573,True,吉,baseline,0.053057909680183674,-2.936371326446533
fenqusai/test_photo/38_0860.jpg,0,2,False,yellow,green,,8,7,False,吉BX0675,0.6986231608706867,-6.455588290097573,True,吉,baseline,0.053057909680183674,-2.936371326446533
fenqusai/test_photo/38_0860.jpg,0,3,False,yellow,green,tractor_green,8,7,False,吉BX0675,0.6986231608706867,-6.455588290097573,True,吉,baseline,0.053057909680183674,-2.936371326446533
fenqusai/test_photo/38_0860.jpg,0,4,False,yellow,black,,7,7,True,吉BX06澳5,0.9001700671434979,-1.8930882602952508,True,吉,baseline,0.053057909680183674,-2.936371326446533
fenqusai/test_photo/38_0860.jpg,0,5,False,yellow,special_7,,7,7,True,吉BX06澳5,0.9001700671434979,-1.8930882602952508,True,吉,baseline,0.053057909680183674,-2.936371326446533
fenqusai/test_photo/38_0860.jpg,0,6,False,yellow,unknown_8,,8,7,False,吉BX0675,0.6986231608706867,-6.455588290097573,True,吉,baseline,0.053057909680183674,-2.936371326446533
fenqusai/test_photo/38_0860.jpg,1,0,True,blue,blue,,7,7,True,川AZ4Z28,0.9139059071224369,-1.6204978634914085,True,川,baseline,0.33081095317096043,-1.1062082052230835
fenqusai/test_photo/38_0860.jpg,1,1,False,blue,green,,8,8,True,川AAZ4Z28,0.9830345659423054,-0.3079979230960532,True,川,baseline,0.33081095317096043,-1.1062082052230835
fenqusai/test_photo/38_0860.jpg,1,2,False,blue,green,tractor_green,8,8,True,川AAZ4Z28,0.9830345659423054,-0.3079979230960532,True,川,baseline,0.33081095317096043,-1.1062082052230835
fenqusai/test_photo/38_0860.jpg,1,3,False,blue,yellow,,7,7,True,川AZ4Z28,0.9139059071224369,-1.6204978634914085,True,川,baseline,0.33081095317096043,-1.1062082052230835
fenqusai/test_photo/38_0860.jpg,1,4,False,blue,black,,7,7,True,川AZ4Z28,0.9139059071224369,-1.6204978634914085,True,川,baseline,0.33081095317096043,-1.1062082052230835
fenqusai/test_photo/38_0860.jpg,1,5,False,blue,special_7,,7,7,True,川AZ4Z28,0.9139059071224369,-1.6204978634914085,True,川,baseline,0.33081095317096043,-1.1062082052230835
fenqusai/test_photo/38_0860.jpg,1,6,False,blue,unknown_8,,8,8,True,川AAZ4Z28,0.9830345659423054,-0.3079979230960532,True,川,baseline,0.33081095317096043,-1.1062082052230835
fenqusai/test_photo/39.jpg,0,0,True,unknown_7,blue,,7,7,True,川B07559,0.9994264677217137,-0.010326542595052501,True,川,baseline,0.3299169720271571,-1.1089142560958862
fenqusai/test_photo/39.jpg,0,1,False,unknown_7,green,,8,7,False,川B07559,0.9994264677217137,-0.010326542595052501,True,川,baseline,0.3299169720271571,-1.1089142560958862
fenqusai/test_photo/39.jpg,0,2,False,unknown_7,green,tractor_green,8,7,False,川B07559,0.9994264677217137,-0.010326542595052501,True,川,baseline,0.3299169720271571,-1.1089142560958862
fenqusai/test_photo/39.jpg,0,3,False,unknown_7,yellow,,7,7,True,川B07559,0.9994264677217137,-0.010326542595052501,True,川,baseline,0.3299169720271571,-1.1089142560958862
fenqusai/test_photo/39.jpg,0,4,False,unknown_7,black,,7,7,True,川B07559,0.9994264677217137,-0.010326542595052501,True,川,baseline,0.3299169720271571,-1.1089142560958862
fenqusai/test_photo/39.jpg,0,5,False,unknown_7,special_7,,7,7,True,川B07559,0.9994264677217137,-0.010326542595052501,True,川,baseline,0.3299169720271571,-1.1089142560958862
fenqusai/test_photo/39.jpg,0,6,False,unknown_7,unknown_8,,8,7,False,川B07559,0.9994264677217137,-0.010326542595052501,True,川,baseline,0.3299169720271571,-1.1089142560958862
fenqusai/test_photo/39.jpg,1,0,True,unknown_7,blue,,7,7,True,晋D711T1,0.81011596205852,-3.7904018134912576,True,晋,baseline,0.32308185942761863,-1.1298495531082153
fenqusai/test_photo/39.jpg,1,1,False,unknown_7,green,,8,8,True,晋D7111T1,0.7099772704061128,-6.165401813491258,True,晋,baseline,0.32308185942761863,-1.1298495531082153
fenqusai/test_photo/39.jpg,1,2,False,unknown_7,green,tractor_green,8,8,True,晋D7111T1,0.7099772704061128,-6.165401813491258,True,晋,baseline,0.32308185942761863,-1.1298495531082153
fenqusai/test_photo/39.jpg,1,3,False,unknown_7,yellow,,7,7,True,晋D711T1,0.81011596205852,-3.7904018134912576,True,晋,baseline,0.32308185942761863,-1.1298495531082153
fenqusai/test_photo/39.jpg,1,4,False,unknown_7,black,,7,7,True,晋D7领111,0.8713938625331622,-2.477901753886613,True,晋,baseline,0.32308185942761863,-1.1298495531082153
fenqusai/test_photo/39.jpg,1,5,False,unknown_7,special_7,,7,7,True,晋7领11T1,0.9340579813893093,-1.2279017538866128,True,晋,baseline,0.32308185942761863,-1.1298495531082153
fenqusai/test_photo/39.jpg,1,6,False,unknown_7,unknown_8,,8,8,True,晋D7111T1,0.7099772704061128,-6.165401813491258,True,晋,baseline,0.32308185942761863,-1.1298495531082153
fenqusai/test_photo/40.jpg,0,0,True,blue,blue,,7,7,True,粤HN8888,0.5917513128605458,-9.44403861570754,True,粤,baseline,0.09507013903567037,-2.353140354156494
fenqusai/test_photo/40.jpg,0,1,False,blue,green,,8,6,False,粤N8888,0.932573137371346,-1.2565385827620048,True,粤,baseline,0.09507013903567037,-2.353140354156494
fenqusai/test_photo/40.jpg,0,2,False,blue,green,tractor_green,8,6,False,粤N8888,0.932573137371346,-1.2565385827620048,True,粤,baseline,0.09507013903567037,-2.353140354156494
fenqusai/test_photo/40.jpg,0,3,False,blue,yellow,,7,7,True,粤HN8888,0.5917513128605458,-9.44403861570754,True,粤,baseline,0.09507013903567037,-2.353140354156494
fenqusai/test_photo/40.jpg,0,4,False,blue,black,,7,7,True,粤HN8888,0.5917513128605458,-9.44403861570754,True,粤,baseline,0.09507013903567037,-2.353140354156494
fenqusai/test_photo/40.jpg,0,5,False,blue,special_7,,7,7,True,粤5N8888,0.6255567308231779,-8.44403861570754,True,粤,baseline,0.09507013903567037,-2.353140354156494
fenqusai/test_photo/40.jpg,0,6,False,blue,unknown_8,,8,6,False,粤N8888,0.932573137371346,-1.2565385827620048,True,粤,baseline,0.09507013903567037,-2.353140354156494
fenqusai/test_photo/41_0670.jpg,0,0,True,blue,blue,,7,7,True,皖A857LG,0.9847456036559543,-0.2766949482174823,True,皖,baseline,0.25960335056952016,-1.3486003875732422
fenqusai/test_photo/41_0670.jpg,0,1,False,blue,green,,8,7,False,皖A857LG,0.9847456036559543,-0.2766949482174823,True,皖,baseline,0.25960335056952016,-1.3486003875732422
fenqusai/test_photo/41_0670.jpg,0,2,False,blue,green,tractor_green,8,7,False,皖A857LG,0.9847456036559543,-0.2766949482174823,True,皖,baseline,0.25960335056952016,-1.3486003875732422
fenqusai/test_photo/41_0670.jpg,0,3,False,blue,yellow,,7,7,True,皖A857LG,0.9847456036559543,-0.2766949482174823,True,皖,baseline,0.25960335056952016,-1.3486003875732422
fenqusai/test_photo/41_0670.jpg,0,4,False,blue,black,,7,7,True,皖A857LG,0.9847456036559543,-0.2766949482174823,True,皖,baseline,0.25960335056952016,-1.3486003875732422
fenqusai/test_photo/41_0670.jpg,0,5,False,blue,special_7,,7,7,True,皖A857LG,0.9847456036559543,-0.2766949482174823,True,皖,baseline,0.25960335056952016,-1.3486003875732422
fenqusai/test_photo/41_0670.jpg,0,6,False,blue,unknown_8,,8,7,False,皖A857LG,0.9847456036559543,-0.2766949482174823,True,皖,baseline,0.25960335056952016,-1.3486003875732422
fenqusai/test_photo/41_0670.jpg,1,0,False,blue,blue,,7,7,True,川AA5TYK,0.6959073600176184,-6.52569715673507,True,川,baseline,0.33295648092642205,-1.0997434854507446
fenqusai/test_photo/41_0670.jpg,1,1,True,blue,green,,8,8,True,川AA5TYK7,0.9916628898727371,-0.1506970477703291,True,川,baseline,0.33295648092642205,-1.0997434854507446
fenqusai/test_photo/41_0670.jpg,1,2,False,blue,green,tractor_green,8,8,True,川AA5TYK7,0.9916628898727371,-0.1506970477703291,True,川,baseline,0.33295648092642205,-1.0997434854507446
fenqusai/test_photo/41_0670.jpg,1,3,False,blue,yellow,,7,7,True,川AA5TYK,0.6959073600176184,-6.52569715673507,True,川,baseline,0.33295648092642205,-1.0997434854507446
fenqusai/test_photo/41_0670.jpg,1,4,False,blue,black,,7,7,True,川AA5TYK,0.6959073600176184,-6.52569715673507,True,川,baseline,0.33295648092642205,-1.0997434854507446
fenqusai/test_photo/41_0670.jpg,1,5,False,blue,special_7,,7,7,True,川AA5TYK,0.6959073600176184,-6.52569715673507,True,川,baseline,0.33295648092642205,-1.0997434854507446
fenqusai/test_photo/41_0670.jpg,1,6,False,blue,unknown_8,,8,8,True,川AA5TYK7,0.9916628898727371,-0.1506970477703291,True,川,baseline,0.33295648092642205,-1.0997434854507446
fenqusai/test_photo/41_0686.jpg,0,0,True,blue,blue,,7,7,True,云D6868X,0.9250661105045203,-1.402021317742765,True,云,baseline,0.18723125890879547,-1.6754107475280762
fenqusai/test_photo/41_0686.jpg,0,1,False,blue,green,,8,7,False,云D6868X,0.9250661105045203,-1.402021317742765,True,云,baseline,0.18723125890879547,-1.6754107475280762
fenqusai/test_photo/41_0686.jpg,0,2,False,blue,green,tractor_green,8,7,False,云D6868X,0.9250661105045203,-1.402021317742765,True,云,baseline,0.18723125890879547,-1.6754107475280762
fenqusai/test_photo/41_0686.jpg,0,3,False,blue,yellow,,7,7,True,云D6868X,0.9250661105045203,-1.402021317742765,True,云,baseline,0.18723125890879547,-1.6754107475280762
fenqusai/test_photo/41_0686.jpg,0,4,False,blue,black,,7,7,True,云D6868X,0.9250661105045203,-1.402021317742765,True,云,baseline,0.18723125890879547,-1.6754107475280762
fenqusai/test_photo/41_0686.jpg,0,5,False,blue,special_7,,7,7,True,云D6868X,0.9250661105045203,-1.402021317742765,True,云,baseline,0.18723125890879547,-1.6754107475280762
fenqusai/test_photo/41_0686.jpg,0,6,False,blue,unknown_8,,8,7,False,云D6868X,0.9250661105045203,-1.402021317742765,True,云,baseline,0.18723125890879547,-1.6754107475280762
fenqusai/test_photo/41_0686.jpg,1,0,True,blue,blue,,7,7,True,川A8H403,0.9987759617172306,-0.022046184531056667,True,川,baseline,0.33333332672197086,-1.0986123085021973
fenqusai/test_photo/41_0686.jpg,1,1,False,blue,green,,8,7,False,川A8H403,0.9987759617172306,-0.022046184531056667,True,川,baseline,0.33333332672197086,-1.0986123085021973
fenqusai/test_photo/41_0686.jpg,1,2,False,blue,green,tractor_green,8,7,False,川A8H403,0.9987759617172306,-0.022046184531056667,True,川,baseline,0.33333332672197086,-1.0986123085021973
fenqusai/test_photo/41_0686.jpg,1,3,False,blue,yellow,,7,7,True,川A8H403,0.9987759617172306,-0.022046184531056667,True,川,baseline,0.33333332672197086,-1.0986123085021973
fenqusai/test_photo/41_0686.jpg,1,4,False,blue,black,,7,7,True,川A8H403,0.9987759617172306,-0.022046184531056667,True,川,baseline,0.33333332672197086,-1.0986123085021973
fenqusai/test_photo/41_0686.jpg,1,5,False,blue,special_7,,7,7,True,川A8H403,0.9987759617172306,-0.022046184531056667,True,川,baseline,0.33333332672197086,-1.0986123085021973
fenqusai/test_photo/41_0686.jpg,1,6,False,blue,unknown_8,,8,7,False,川A8H403,0.9987759617172306,-0.022046184531056667,True,川,baseline,0.33333332672197086,-1.0986123085021973
fenqusai/test_photo/41_0705.jpg,0,0,True,green,green,,8,8,True,川AXP8176,0.9307690072569377,-1.2913946099288012,True,川,baseline,0.17834145312973412,-1.724055290222168
fenqusai/test_photo/41_0705.jpg,0,1,False,green,green,tractor_green,8,8,True,川AXP8176,0.9307690072569377,-1.2913946099288012,True,川,baseline,0.17834145312973412,-1.724055290222168
fenqusai/test_photo/41_0705.jpg,0,2,False,green,blue,,7,7,True,川AP8176,0.9179310190014618,-1.5413946099288012,True,川,baseline,0.17834145312973412,-1.724055290222168
fenqusai/test_photo/41_0705.jpg,0,3,False,green,yellow,,7,7,True,川AP8176,0.9179310190014618,-1.5413946099288012,True,川,baseline,0.17834145312973412,-1.724055290222168
fenqusai/test_photo/41_0705.jpg,0,4,False,green,black,,7,7,True,川AP8176,0.9179310190014618,-1.5413946099288012,True,川,baseline,0.17834145312973412,-1.724055290222168
fenqusai/test_photo/41_0705.jpg,0,5,False,green,special_7,,7,7,True,川AP8176,0.9179310190014618,-1.5413946099288012,True,川,baseline,0.17834145312973412,-1.724055290222168
fenqusai/test_photo/41_0705.jpg,0,6,False,green,unknown_8,,8,8,True,川AXP8176,0.9307690072569377,-1.2913946099288012,True,川,baseline,0.17834145312973412,-1.724055290222168
fenqusai/test_photo/41_0705.jpg,1,0,True,blue,blue,,7,7,True,川AT7369,0.98089934386502,-0.34713774581894086,True,川,baseline,0.33332891600752684,-1.0986255407333374
fenqusai/test_photo/41_0705.jpg,1,1,False,blue,green,,8,8,True,川UAT7369,0.5417040767115107,-11.034637390315652,True,川,baseline,0.33332891600752684,-1.0986255407333374
fenqusai/test_photo/41_0705.jpg,1,2,False,blue,green,tractor_green,8,8,True,川UAT7369,0.5417040767115107,-11.034637390315652,True,川,baseline,0.33332891600752684,-1.0986255407333374
fenqusai/test_photo/41_0705.jpg,1,3,False,blue,yellow,,7,7,True,川AT7369,0.98089934386502,-0.34713774581894086,True,川,baseline,0.33332891600752684,-1.0986255407333374
fenqusai/test_photo/41_0705.jpg,1,4,False,blue,black,,7,7,True,川AT7369,0.98089934386502,-0.34713774581894086,True,川,baseline,0.33332891600752684,-1.0986255407333374
fenqusai/test_photo/41_0705.jpg,1,5,False,blue,special_7,,7,7,True,川AT7369,0.98089934386502,-0.34713774581894086,True,川,baseline,0.33332891600752684,-1.0986255407333374
fenqusai/test_photo/41_0705.jpg,1,6,False,blue,unknown_8,,8,8,True,川UAT7369,0.5417040767115107,-11.034637390315652,True,川,baseline,0.33332891600752684,-1.0986255407333374
fenqusai/test_photo/41_0734.jpg,0,0,True,blue,blue,,7,7,True,辽A5J6V7,0.9064154211558823,-1.7686360040625004,True,辽,baseline,0.05706496244367799,-2.863564968109131
fenqusai/test_photo/41_0734.jpg,0,1,False,blue,green,,8,8,True,辽A5J6V7T,0.6202716039030042,-8.596760869020727,True,辽,baseline,0.05706496244367799,-2.863564968109131
fenqusai/test_photo/41_0734.jpg,0,2,False,blue,green,tractor_green,8,8,True,辽A5J6V7T,0.6202716039030042,-8.596760869020727,True,辽,baseline,0.05706496244367799,-2.863564968109131
fenqusai/test_photo/41_0734.jpg,0,3,False,blue,yellow,,7,7,True,辽A5J6V7,0.9064154211558823,-1.7686360040625004,True,辽,baseline,0.05706496244367799,-2.863564968109131
fenqusai/test_photo/41_0734.jpg,0,4,False,blue,black,,7,7,True,辽A5J6V7,0.9064154211558823,-1.7686360040625004,True,辽,baseline,0.05706496244367799,-2.863564968109131
fenqusai/test_photo/41_0734.jpg,0,5,False,blue,special_7,,7,7,True,辽A5J6V7,0.9064154211558823,-1.7686360040625004,True,辽,baseline,0.05706496244367799,-2.863564968109131
fenqusai/test_photo/41_0734.jpg,0,6,False,blue,unknown_8,,8,8,True,辽A5J6V7T,0.6202716039030042,-8.596760869020727,True,辽,baseline,0.05706496244367799,-2.863564968109131
fenqusai/test_photo/41_0734.jpg,1,0,True,yellow,yellow,,7,7,True,川AU382学,0.8293086340902992,-3.3689321330423354,True,川,baseline,0.04804917425896685,-3.0355303287506104
fenqusai/test_photo/41_0734.jpg,1,1,False,yellow,blue,,7,7,True,川AU3824,0.4791344534593077,-13.243932446432382,True,川,baseline,0.04804917425896685,-3.0355303287506104
fenqusai/test_photo/41_0734.jpg,1,2,False,yellow,green,,8,6,False,川AU382,0.49952014162389924,-12.493932446432382,True,川,baseline,0.04804917425896685,-3.0355303287506104
fenqusai/test_photo/41_0734.jpg,1,3,False,yellow,green,tractor_green,8,7,False,川AU382学,0.8293086340902992,-3.3689321330423354,True,川,baseline,0.04804917425896685,-3.0355303287506104
fenqusai/test_photo/41_0734.jpg,1,4,False,yellow,black,,7,7,True,川AU382学,0.8293086340902992,-3.3689321330423354,True,川,baseline,0.04804917425896685,-3.0355303287506104
fenqusai/test_photo/41_0734.jpg,1,5,False,yellow,special_7,,7,7,True,川AU382学,0.8293086340902992,-3.3689321330423354,True,川,baseline,0.04804917425896685,-3.0355303287506104
fenqusai/test_photo/41_0734.jpg,1,6,False,yellow,unknown_8,,8,6,False,川AU382,0.49952014162389924,-12.493932446432382,True,川,baseline,0.04804917425896685,-3.0355303287506104
fenqusai/test_photo/41_0752.jpg,0,0,True,blue,blue,,7,7,True,川NH1103,0.9788931021268649,-0.3839909993106261,True,川,baseline,0.23277116835475922,-1.4576994180679321
fenqusai/test_photo/41_0752.jpg,0,1,False,blue,green,,8,8,True,川ZNH1103,0.7975634048595112,-4.071490973233594,True,川,baseline,0.23277116835475922,-1.4576994180679321
fenqusai/test_photo/41_0752.jpg,0,2,False,blue,green,tractor_green,8,8,True,川ZNH1103,0.7975634048595112,-4.071490973233594,True,川,baseline,0.23277116835475922,-1.4576994180679321
fenqusai/test_photo/41_0752.jpg,0,3,False,blue,yellow,,7,7,True,川NH1103,0.9788931021268649,-0.3839909993106261,True,川,baseline,0.23277116835475922,-1.4576994180679321
fenqusai/test_photo/41_0752.jpg,0,4,False,blue,black,,7,7,True,川NH1103,0.9788931021268649,-0.3839909993106261,True,川,baseline,0.23277116835475922,-1.4576994180679321
fenqusai/test_photo/41_0752.jpg,0,5,False,blue,special_7,,7,7,True,川NH1103,0.9788931021268649,-0.3839909993106261,True,川,baseline,0.23277116835475922,-1.4576994180679321
fenqusai/test_photo/41_0752.jpg,0,6,False,blue,unknown_8,,8,8,True,川ZNH1103,0.7975634048595112,-4.071490973233594,True,川,baseline,0.23277116835475922,-1.4576994180679321
fenqusai/test_photo/41_0752.jpg,1,0,True,blue,blue,,7,7,True,川A62B2Q,0.9779045021981215,-0.40217867512546945,True,川,baseline,0.32829600401001363,-1.1138396263122559
fenqusai/test_photo/41_0752.jpg,1,1,False,blue,green,,8,7,False,川A62B2Q,0.9779045021981215,-0.40217867512546945,True,川,baseline,0.32829600401001363,-1.1138396263122559
fenqusai/test_photo/41_0752.jpg,1,2,False,blue,green,tractor_green,8,7,False,川A62B2Q,0.9779045021981215,-0.40217867512546945,True,川,baseline,0.32829600401001363,-1.1138396263122559
fenqusai/test_photo/41_0752.jpg,1,3,False,blue,yellow,,7,7,True,川A62B2Q,0.9779045021981215,-0.40217867512546945,True,川,baseline,0.32829600401001363,-1.1138396263122559
fenqusai/test_photo/41_0752.jpg,1,4,False,blue,black,,7,7,True,川A62B2Q,0.9779045021981215,-0.40217867512546945,True,川,baseline,0.32829600401001363,-1.1138396263122559
fenqusai/test_photo/41_0752.jpg,1,5,False,blue,special_7,,7,7,True,川A62B2Q,0.9779045021981215,-0.40217867512546945,True,川,baseline,0.32829600401001363,-1.1138396263122559
fenqusai/test_photo/41_0752.jpg,1,6,False,blue,unknown_8,,8,7,False,川A62B2Q,0.9779045021981215,-0.40217867512546945,True,川,baseline,0.32829600401001363,-1.1138396263122559
fenqusai/test_photo/41_0752.jpg,2,0,False,blue,blue,,7,7,True,川AATA22,0.06947990925699232,-48.000917585532754,True,川,baseline,0.33333332672197086,-1.0986123085021973
fenqusai/test_photo/41_0752.jpg,2,1,True,blue,green,,8,8,True,川AATA22T,0.9999490841079514,-0.000916509389519149,True,川,baseline,0.33333332672197086,-1.0986123085021973
fenqusai/test_photo/41_0752.jpg,2,2,False,blue,green,tractor_green,8,8,True,川AATA22T,0.9999490841079514,-0.000916509389519149,True,川,baseline,0.33333332672197086,-1.0986123085021973
fenqusai/test_photo/41_0752.jpg,2,3,False,blue,yellow,,7,7,True,川AATA22,0.06947990925699232,-48.000917585532754,True,川,baseline,0.33333332672197086,-1.0986123085021973
fenqusai/test_photo/41_0752.jpg,2,4,False,blue,black,,7,7,True,川AATA22,0.06947990925699232,-48.000917585532754,True,川,baseline,0.33333332672197086,-1.0986123085021973
fenqusai/test_photo/41_0752.jpg,2,5,False,blue,special_7,,7,7,True,川AATA22,0.06947990925699232,-48.000917585532754,True,川,baseline,0.33333332672197086,-1.0986123085021973
fenqusai/test_photo/41_0752.jpg,2,6,False,blue,unknown_8,,8,8,True,川AATA22T,0.9999490841079514,-0.000916509389519149,True,川,baseline,0.33333332672197086,-1.0986123085021973
fenqusai/test_photo/41_0752.jpg,3,0,True,blue,blue,,7,1,False,川,0.9999750178828789,-0.000449683725229022,True,川,baseline,0.33333332672197086,-1.0986123085021973
fenqusai/test_photo/41_0752.jpg,3,1,False,blue,green,,8,1,False,川,0.9999750178828789,-0.000449683725229022,True,川,baseline,0.33333332672197086,-1.0986123085021973
fenqusai/test_photo/41_0752.jpg,3,2,False,blue,green,tractor_green,8,1,False,川,0.9999750178828789,-0.000449683725229022,True,川,baseline,0.33333332672197086,-1.0986123085021973
fenqusai/test_photo/41_0752.jpg,3,3,False,blue,yellow,,7,1,False,川,0.9999750178828789,-0.000449683725229022,True,川,baseline,0.33333332672197086,-1.0986123085021973
fenqusai/test_photo/41_0752.jpg,3,4,False,blue,black,,7,1,False,川,0.9999750178828789,-0.000449683725229022,True,川,baseline,0.33333332672197086,-1.0986123085021973
fenqusai/test_photo/41_0752.jpg,3,5,False,blue,special_7,,7,1,False,川,0.9999750178828789,-0.000449683725229022,True,川,baseline,0.33333332672197086,-1.0986123085021973
fenqusai/test_photo/41_0752.jpg,3,6,False,blue,unknown_8,,8,1,False,川,0.9999750178828789,-0.000449683725229022,True,川,baseline,0.33333332672197086,-1.0986123085021973
fenqusai/test_photo/41_0775.jpg,0,0,True,blue,blue,,7,7,True,云AA666F,0.9983667081054167,-0.029423289058513546,True,云,baseline,0.33333332672197086,-1.0986123085021973
fenqusai/test_photo/41_0775.jpg,0,1,False,blue,green,,8,7,False,云AA666F,0.9983667081054167,-0.029423289058513546,True,云,baseline,0.33333332672197086,-1.0986123085021973
fenqusai/test_photo/41_0775.jpg,0,2,False,blue,green,tractor_green,8,7,False,云AA666F,0.9983667081054167,-0.029423289058513546,True,云,baseline,0.33333332672197086,-1.0986123085021973
fenqusai/test_photo/41_0775.jpg,0,3,False,blue,yellow,,7,7,True,云AA666F,0.9983667081054167,-0.029423289058513546,True,云,baseline,0.33333332672197086,-1.0986123085021973
fenqusai/test_photo/41_0775.jpg,0,4,False,blue,black,,7,7,True,云AA666F,0.9983667081054167,-0.029423289058513546,True,云,baseline,0.33333332672197086,-1.0986123085021973
fenqusai/test_photo/41_0775.jpg,0,5,False,blue,special_7,,7,7,True,云AA666F,0.9983667081054167,-0.029423289058513546,True,云,baseline,0.33333332672197086,-1.0986123085021973
fenqusai/test_photo/41_0775.jpg,0,6,False,blue,unknown_8,,8,7,False,云AA666F,0.9983667081054167,-0.029423289058513546,True,云,baseline,0.33333332672197086,-1.0986123085021973
fenqusai/test_photo/41_0775.jpg,1,0,True,blue,blue,,7,7,True,川A77H3Q,0.995186384156774,-0.08685429489558771,True,川,baseline,0.33080740397351655,-1.106218934059143
fenqusai/test_photo/41_0775.jpg,1,1,False,blue,green,,8,7,False,川A77H3Q,0.995186384156774,-0.08685429489558771,True,川,baseline,0.33080740397351655,-1.106218934059143
fenqusai/test_photo/41_0775.jpg,1,2,False,blue,green,tractor_green,8,7,False,川A77H3Q,0.995186384156774,-0.08685429489558771,True,川,baseline,0.33080740397351655,-1.106218934059143
fenqusai/test_photo/41_0775.jpg,1,3,False,blue,yellow,,7,7,True,川A77H3Q,0.995186384156774,-0.08685429489558771,True,川,baseline,0.33080740397351655,-1.106218934059143
fenqusai/test_photo/41_0775.jpg,1,4,False,blue,black,,7,7,True,川A77H3Q,0.995186384156774,-0.08685429489558771,True,川,baseline,0.33080740397351655,-1.106218934059143
fenqusai/test_photo/41_0775.jpg,1,5,False,blue,special_7,,7,7,True,川A77H3Q,0.995186384156774,-0.08685429489558771,True,川,baseline,0.33080740397351655,-1.106218934059143
fenqusai/test_photo/41_0775.jpg,1,6,False,blue,unknown_8,,8,7,False,川A77H3Q,0.995186384156774,-0.08685429489558771,True,川,baseline,0.33080740397351655,-1.106218934059143
fenqusai/test_photo/41_0793.jpg,0,0,True,blue,blue,,7,7,True,琼LP8685,0.9978009985017481,-0.039625611343296896,True,琼,baseline,0.3333326512033613,-1.0986143350601196
fenqusai/test_photo/41_0793.jpg,0,1,False,blue,green,,8,8,True,琼ELP8685,0.6953690745212306,-6.539625574090394,True,琼,baseline,0.3333326512033613,-1.0986143350601196
fenqusai/test_photo/41_0793.jpg,0,2,False,blue,green,tractor_green,8,8,True,琼ELP8685,0.6953690745212306,-6.539625574090394,True,琼,baseline,0.3333326512033613,-1.0986143350601196
fenqusai/test_photo/41_0793.jpg,0,3,False,blue,yellow,,7,7,True,琼LP8685,0.9978009985017481,-0.039625611343296896,True,琼,baseline,0.3333326512033613,-1.0986143350601196
fenqusai/test_photo/41_0793.jpg,0,4,False,blue,black,,7,7,True,琼LP8685,0.9978009985017481,-0.039625611343296896,True,琼,baseline,0.3333326512033613,-1.0986143350601196
fenqusai/test_photo/41_0793.jpg,0,5,False,blue,special_7,,7,7,True,琼LP8685,0.9978009985017481,-0.039625611343296896,True,琼,baseline,0.3333326512033613,-1.0986143350601196
fenqusai/test_photo/41_0793.jpg,0,6,False,blue,unknown_8,,8,8,True,琼ELP8685,0.6953690745212306,-6.539625574090394,True,琼,baseline,0.3333326512033613,-1.0986143350601196
fenqusai/test_photo/41_0793.jpg,1,0,False,blue,blue,,7,7,True,川AAY33W,0.7487983502481227,-5.207140026278324,True,川,baseline,0.29752819100952754,-1.212246298789978
fenqusai/test_photo/41_0793.jpg,1,1,True,blue,green,,8,8,True,川AA8Y33W,0.991996650598112,-0.14463986609084145,True,川,baseline,0.29752819100952754,-1.212246298789978
fenqusai/test_photo/41_0793.jpg,1,2,False,blue,green,tractor_green,8,8,True,川AA8Y33W,0.991996650598112,-0.14463986609084145,True,川,baseline,0.29752819100952754,-1.212246298789978
fenqusai/test_photo/41_0793.jpg,1,3,False,blue,yellow,,7,7,True,川AAY33W,0.7487983502481227,-5.207140026278324,True,川,baseline,0.29752819100952754,-1.212246298789978
fenqusai/test_photo/41_0793.jpg,1,4,False,blue,black,,7,7,True,川AAY33W,0.7487983502481227,-5.207140026278324,True,川,baseline,0.29752819100952754,-1.212246298789978
fenqusai/test_photo/41_0793.jpg,1,5,False,blue,special_7,,7,7,True,川AAY33W,0.7487983502481227,-5.207140026278324,True,川,baseline,0.29752819100952754,-1.212246298789978
fenqusai/test_photo/41_0793.jpg,1,6,False,blue,unknown_8,,8,8,True,川AA8Y33W,0.991996650598112,-0.14463986609084145,True,川,baseline,0.29752819100952754,-1.212246298789978
fenqusai/test_photo/41_0797.jpg,0,0,True,blue,blue,,7,7,True,沪HDF666,0.9303569362180744,-1.2993653534958867,True,沪,baseline,0.29598660412970695,-1.2174410820007324
fenqusai/test_photo/41_0797.jpg,0,1,False,blue,green,,8,6,False,沪DF666,0.9733144465069166,-0.48686538329820905,True,沪,baseline,0.29598660412970695,-1.2174410820007324
fenqusai/test_photo/41_0797.jpg,0,2,False,blue,green,tractor_green,8,6,False,沪DF666,0.9733144465069166,-0.48686538329820905,True,沪,baseline,0.29598660412970695,-1.2174410820007324
fenqusai/test_photo/41_0797.jpg,0,3,False,blue,yellow,,7,7,True,沪HDF666,0.9303569362180744,-1.2993653534958867,True,沪,baseline,0.29598660412970695,-1.2174410820007324
fenqusai/test_photo/41_0797.jpg,0,4,False,blue,black,,7,7,True,沪HDF666,0.9303569362180744,-1.2993653534958867,True,沪,baseline,0.29598660412970695,-1.2174410820007324
fenqusai/test_photo/41_0797.jpg,0,5,False,blue,special_7,,7,7,True,沪HDF666,0.9303569362180744,-1.2993653534958867,True,沪,baseline,0.29598660412970695,-1.2174410820007324
fenqusai/test_photo/41_0797.jpg,0,6,False,blue,unknown_8,,8,6,False,沪DF666,0.9733144465069166,-0.48686538329820905,True,沪,baseline,0.29598660412970695,-1.2174410820007324
fenqusai/test_photo/41_0797.jpg,1,0,False,blue,blue,,7,7,True,黑A38SU9,0.4027101580150589,-16.37168736010358,True,黑,1,0.3304102135011876,-7.232420444488525
fenqusai/test_photo/41_0797.jpg,1,1,True,blue,green,,8,8,True,川AA38SU9,0.9932624199639537,-0.12168683994900675,True,川,baseline,0.3304102135011876,-1.1074203252792358
fenqusai/test_photo/41_0797.jpg,1,2,False,blue,green,tractor_green,8,8,True,川AA38SU9,0.9932624199639537,-0.12168683994900675,True,川,baseline,0.3304102135011876,-1.1074203252792358
fenqusai/test_photo/41_0797.jpg,1,3,False,blue,yellow,,7,7,True,黑A38SU9,0.4027101580150589,-16.37168736010358,True,黑,1,0.3304102135011876,-7.232420444488525
fenqusai/test_photo/41_0797.jpg,1,4,False,blue,black,,7,7,True,黑A38SU9,0.4027101580150589,-16.37168736010358,True,黑,1,0.3304102135011876,-7.232420444488525
fenqusai/test_photo/41_0797.jpg,1,5,False,blue,special_7,,7,7,True,黑A38SU9,0.4027101580150589,-16.37168736010358,True,黑,1,0.3304102135011876,-7.232420444488525
fenqusai/test_photo/41_0797.jpg,1,6,False,blue,unknown_8,,8,8,True,川AA38SU9,0.9932624199639537,-0.12168683994900675,True,川,baseline,0.3304102135011876,-1.1074203252792358
fenqusai/test_photo/41_0801.jpg,0,0,True,blue,blue,,7,7,True,川A9YN87,0.999995503347089,-8.093993437796598e-05,True,川,baseline,0.33333332672197086,-1.0986123085021973
fenqusai/test_photo/41_0801.jpg,0,1,False,blue,green,,8,8,True,川AA9YN87,0.4690954931004418,-13.625080582307419,True,川,baseline,0.33333332672197086,-1.0986123085021973
fenqusai/test_photo/41_0801.jpg,0,2,False,blue,green,tractor_green,8,8,True,川AA9YN87,0.4690954931004418,-13.625080582307419,True,川,baseline,0.33333332672197086,-1.0986123085021973
fenqusai/test_photo/41_0801.jpg,0,3,False,blue,yellow,,7,7,True,川A9YN87,0.999995503347089,-8.093993437796598e-05,True,川,baseline,0.33333332672197086,-1.0986123085021973
fenqusai/test_photo/41_0801.jpg,0,4,False,blue,black,,7,7,True,川A9YN87,0.999995503347089,-8.093993437796598e-05,True,川,baseline,0.33333332672197086,-1.0986123085021973
fenqusai/test_photo/41_0801.jpg,0,5,False,blue,special_7,,7,7,True,川A9YN87,0.999995503347089,-8.093993437796598e-05,True,川,baseline,0.33333332672197086,-1.0986123085021973
fenqusai/test_photo/41_0801.jpg,0,6,False,blue,unknown_8,,8,8,True,川AA9YN87,0.4690954931004418,-13.625080582307419,True,川,baseline,0.33333332672197086,-1.0986123085021973
fenqusai/test_photo/41_0801.jpg,1,0,True,blue,blue,,7,7,True,辽A5G1W0,0.9646008491078449,-0.6487360394088952,True,辽,baseline,0.17691958784500972,-1.7320599555969238
fenqusai/test_photo/41_0801.jpg,1,1,False,blue,green,,8,7,False,辽A5G1W0,0.9646008491078449,-0.6487360394088952,True,辽,baseline,0.17691958784500972,-1.7320599555969238
fenqusai/test_photo/41_0801.jpg,1,2,False,blue,green,tractor_green,8,7,False,辽A5G1W0,0.9646008491078449,-0.6487360394088952,True,辽,baseline,0.17691958784500972,-1.7320599555969238
fenqusai/test_photo/41_0801.jpg,1,3,False,blue,yellow,,7,7,True,辽A5G1W0,0.9646008491078449,-0.6487360394088952,True,辽,baseline,0.17691958784500972,-1.7320599555969238
fenqusai/test_photo/41_0801.jpg,1,4,False,blue,black,,7,7,True,辽A5G1W0,0.9646008491078449,-0.6487360394088952,True,辽,baseline,0.17691958784500972,-1.7320599555969238
fenqusai/test_photo/41_0801.jpg,1,5,False,blue,special_7,,7,7,True,辽A5G1W0,0.9646008491078449,-0.6487360394088952,True,辽,baseline,0.17691958784500972,-1.7320599555969238
fenqusai/test_photo/41_0801.jpg,1,6,False,blue,unknown_8,,8,7,False,辽A5G1W0,0.9646008491078449,-0.6487360394088952,True,辽,baseline,0.17691958784500972,-1.7320599555969238
fenqusai/test_photo/41_0801.jpg,2,0,True,blue,blue,,7,7,True,川A1EM22,0.9993470917204962,-0.011756187304847288,True,川,baseline,0.3333332869855442,-1.0986124277114868
fenqusai/test_photo/41_0801.jpg,2,1,False,blue,green,,8,7,False,川A1EM22,0.9993470917204962,-0.011756187304847288,True,川,baseline,0.3333332869855442,-1.0986124277114868
fenqusai/test_photo/41_0801.jpg,2,2,False,blue,green,tractor_green,8,7,False,川A1EM22,0.9993470917204962,-0.011756187304847288,True,川,baseline,0.3333332869855442,-1.0986124277114868
fenqusai/test_photo/41_0801.jpg,2,3,False,blue,yellow,,7,7,True,川A1EM22,0.9993470917204962,-0.011756187304847288,True,川,baseline,0.3333332869855442,-1.0986124277114868
fenqusai/test_photo/41_0801.jpg,2,4,False,blue,black,,7,7,True,川A1EM22,0.9993470917204962,-0.011756187304847288,True,川,baseline,0.3333332869855442,-1.0986124277114868
fenqusai/test_photo/41_0801.jpg,2,5,False,blue,special_7,,7,7,True,川A1EM22,0.9993470917204962,-0.011756187304847288,True,川,baseline,0.3333332869855442,-1.0986124277114868
fenqusai/test_photo/41_0801.jpg,2,6,False,blue,unknown_8,,8,7,False,川A1EM22,0.9993470917204962,-0.011756187304847288,True,川,baseline,0.3333332869855442,-1.0986124277114868
fenqusai/test_photo/41_0803.jpg,0,0,True,blue,blue,,7,7,True,辽CYJ683,0.9685156707310373,-0.5758310853343289,True,辽,baseline,0.23365766814117309,-1.4538981914520264
fenqusai/test_photo/41_0803.jpg,0,1,False,blue,green,,8,7,False,辽CYJ683,0.9685156707310373,-0.5758310853343289,True,辽,baseline,0.23365766814117309,-1.4538981914520264
fenqusai/test_photo/41_0803.jpg,0,2,False,blue,green,tractor_green,8,7,False,辽CYJ683,0.9685156707310373,-0.5758310853343289,True,辽,baseline,0.23365766814117309,-1.4538981914520264
fenqusai/test_photo/41_0803.jpg,0,3,False,blue,yellow,,7,7,True,辽CYJ683,0.9685156707310373,-0.5758310853343289,True,辽,baseline,0.23365766814117309,-1.4538981914520264
fenqusai/test_photo/41_0803.jpg,0,4,False,blue,black,,7,7,True,辽CYJ683,0.9685156707310373,-0.5758310853343289,True,辽,baseline,0.23365766814117309,-1.4538981914520264
fenqusai/test_photo/41_0803.jpg,0,5,False,blue,special_7,,7,7,True,辽CYJ683,0.9685156707310373,-0.5758310853343289,True,辽,baseline,0.23365766814117309,-1.4538981914520264
fenqusai/test_photo/41_0803.jpg,0,6,False,blue,unknown_8,,8,7,False,辽CYJ683,0.9685156707310373,-0.5758310853343289,True,辽,baseline,0.23365766814117309,-1.4538981914520264
fenqusai/test_photo/41_0803.jpg,1,0,True,blue,blue,,7,7,True,川A758CD,0.999948154192841,-0.0009332487215871765,True,川,baseline,0.3333332869855442,-1.0986124277114868
fenqusai/test_photo/41_0803.jpg,1,1,False,blue,green,,8,8,True,川NA758CD,0.636710166610531,-8.12593303963967,True,川,baseline,0.3333332869855442,-1.0986124277114868
fenqusai/test_photo/41_0803.jpg,1,2,False,blue,green,tractor_green,8,8,True,川NA758CD,0.636710166610531,-8.12593303963967,True,川,baseline,0.3333332869855442,-1.0986124277114868
fenqusai/test_photo/41_0803.jpg,1,3,False,blue,yellow,,7,7,True,川A758CD,0.999948154192841,-0.0009332487215871765,True,川,baseline,0.3333332869855442,-1.0986124277114868
fenqusai/test_photo/41_0803.jpg,1,4,False,blue,black,,7,7,True,川A758CD,0.999948154192841,-0.0009332487215871765,True,川,baseline,0.3333332869855442,-1.0986124277114868
fenqusai/test_photo/41_0803.jpg,1,5,False,blue,special_7,,7,7,True,川A758CD,0.999948154192841,-0.0009332487215871765,True,川,baseline,0.3333332869855442,-1.0986124277114868
fenqusai/test_photo/41_0803.jpg,1,6,False,blue,unknown_8,,8,8,True,川NA758CD,0.636710166610531,-8.12593303963967,True,川,baseline,0.3333332869855442,-1.0986124277114868
fenqusai/test_photo/41_0812.jpg,0,0,False,blue,blue,,7,7,True,宁TT72LE,0.29230584474134935,-22.139183004675687,True,宁,baseline,0.33311985153887236,-1.0992529392242432
fenqusai/test_photo/41_0812.jpg,0,1,False,blue,green,,8,8,True,宁A1T72LE,0.24275113402164009,-25.482933004675687,True,宁,baseline,0.33311985153887236,-1.0992529392242432
fenqusai/test_photo/41_0812.jpg,0,2,False,blue,green,tractor_green,8,8,True,宁A1T72LE,0.24275113402164009,-25.482933004675687,True,宁,baseline,0.33311985153887236,-1.0992529392242432
fenqusai/test_photo/41_0812.jpg,0,3,False,blue,yellow,,7,7,True,宁TT72LE,0.29230584474134935,-22.139183004675687,True,宁,baseline,0.33311985153887236,-1.0992529392242432
fenqusai/test_photo/41_0812.jpg,0,4,False,blue,black,,7,7,True,宁TT72LE,0.29230584474134935,-22.139183004675687,True,宁,baseline,0.33311985153887236,-1.0992529392242432
fenqusai/test_photo/41_0812.jpg,0,5,True,blue,special_7,,7,7,True,宁1T72LE,0.9305602077543657,-1.2954330046756866,True,宁,baseline,0.33311985153887236,-1.0992529392242432
fenqusai/test_photo/41_0812.jpg,0,6,False,blue,unknown_8,,8,8,True,宁A1T72LE,0.24275113402164009,-25.482933004675687,True,宁,baseline,0.33311985153887236,-1.0992529392242432
fenqusai/test_photo/41_0812.jpg,1,0,True,blue,blue,,7,7,True,川A286MU,0.9999994966742388,-9.05986598098707e-06,True,川,baseline,0.33333034650311383,-1.0986212491989136
fenqusai/test_photo/41_0812.jpg,1,1,False,blue,green,,8,8,True,川A286MUD,0.35164279969300555,-18.81250905986598,True,川,baseline,0.33333034650311383,-1.0986212491989136
fenqusai/test_photo/41_0812.jpg,1,2,False,blue,green,tractor_green,8,8,True,川A286MUD,0.35164279969300555,-18.81250905986598,True,川,baseline,0.33333034650311383,-1.0986212491989136
fenqusai/test_photo/41_0812.jpg,1,3,False,blue,yellow,,7,7,True,川A286MU,0.9999994966742388,-9.05986598098707e-06,True,川,baseline,0.33333034650311383,-1.0986212491989136
fenqusai/test_photo/41_0812.jpg,1,4,False,blue,black,,7,7,True,川A286MU,0.9999994966742388,-9.05986598098707e-06,True,川,baseline,0.33333034650311383,-1.0986212491989136
fenqusai/test_photo/41_0812.jpg,1,5,False,blue,special_7,,7,7,True,川A286MU,0.9999994966742388,-9.05986598098707e-06,True,川,baseline,0.33333034650311383,-1.0986212491989136
fenqusai/test_photo/41_0812.jpg,1,6,False,blue,unknown_8,,8,8,True,川A286MUD,0.35164279969300555,-18.81250905986598,True,川,baseline,0.33333034650311383,-1.0986212491989136
fenqusai/test_photo/41_0837.jpg,0,0,True,blue,blue,,7,7,True,辽A3T0Y1,0.9524043262064721,-0.8777811951683816,True,辽,baseline,0.23524638703938797,-1.4471218585968018
fenqusai/test_photo/41_0837.jpg,0,1,False,blue,green,,8,7,False,辽A3T0Y1,0.9524043262064721,-0.8777811951683816,True,辽,baseline,0.23524638703938797,-1.4471218585968018
fenqusai/test_photo/41_0837.jpg,0,2,False,blue,green,tractor_green,8,7,False,辽A3T0Y1,0.9524043262064721,-0.8777811951683816,True,辽,baseline,0.23524638703938797,-1.4471218585968018
fenqusai/test_photo/41_0837.jpg,0,3,False,blue,yellow,,7,7,True,辽A3T0Y1,0.9524043262064721,-0.8777811951683816,True,辽,baseline,0.23524638703938797,-1.4471218585968018
fenqusai/test_photo/41_0837.jpg,0,4,False,blue,black,,7,7,True,辽A3T0Y1,0.9524043262064721,-0.8777811951683816,True,辽,baseline,0.23524638703938797,-1.4471218585968018
fenqusai/test_photo/41_0837.jpg,0,5,False,blue,special_7,,7,7,True,辽A3T0Y1,0.9524043262064721,-0.8777811951683816,True,辽,baseline,0.23524638703938797,-1.4471218585968018
fenqusai/test_photo/41_0837.jpg,0,6,False,blue,unknown_8,,8,7,False,辽A3T0Y1,0.9524043262064721,-0.8777811951683816,True,辽,baseline,0.23524638703938797,-1.4471218585968018
fenqusai/test_photo/41_0837.jpg,1,0,True,blue,blue,,7,7,True,川A3P041,0.9668748563868124,-0.6063517113871058,True,川,baseline,0.18276138675405545,-1.6995738744735718
fenqusai/test_photo/41_0837.jpg,1,1,False,blue,green,,8,7,False,川A3P041,0.9668748563868124,-0.6063517113871058,True,川,baseline,0.18276138675405545,-1.6995738744735718
fenqusai/test_photo/41_0837.jpg,1,2,False,blue,green,tractor_green,8,7,False,川A3P041,0.9668748563868124,-0.6063517113871058,True,川,baseline,0.18276138675405545,-1.6995738744735718
fenqusai/test_photo/41_0837.jpg,1,3,False,blue,yellow,,7,7,True,川A3P041,0.9668748563868124,-0.6063517113871058,True,川,baseline,0.18276138675405545,-1.6995738744735718
fenqusai/test_photo/41_0837.jpg,1,4,False,blue,black,,7,7,True,川A3P041,0.9668748563868124,-0.6063517113871058,True,川,baseline,0.18276138675405545,-1.6995738744735718
fenqusai/test_photo/41_0837.jpg,1,5,False,blue,special_7,,7,7,True,川A3P041,0.9668748563868124,-0.6063517113871058,True,川,baseline,0.18276138675405545,-1.6995738744735718
fenqusai/test_photo/41_0837.jpg,1,6,False,blue,unknown_8,,8,7,False,川A3P041,0.9668748563868124,-0.6063517113871058,True,川,baseline,0.18276138675405545,-1.6995738744735718
fenqusai/test_photo/41_0837.jpg,2,0,True,blue,blue,,7,7,True,川CCQ403,0.9303615616178109,-1.299275864198762,True,川,baseline,0.32595206800686477,-1.1210049390792847
fenqusai/test_photo/41_0837.jpg,2,1,False,blue,green,,8,8,True,川ACCQ403,0.9207205958899448,-1.486775864198762,True,川,baseline,0.32595206800686477,-1.1210049390792847
fenqusai/test_photo/41_0837.jpg,2,2,False,blue,green,tractor_green,8,8,True,川ACCQ403,0.9207205958899448,-1.486775864198762,True,川,baseline,0.32595206800686477,-1.1210049390792847
fenqusai/test_photo/41_0837.jpg,2,3,False,blue,yellow,,7,7,True,川CCQ403,0.9303615616178109,-1.299275864198762,True,川,baseline,0.32595206800686477,-1.1210049390792847
fenqusai/test_photo/41_0837.jpg,2,4,False,blue,black,,7,7,True,川CCQ403,0.9303615616178109,-1.299275864198762,True,川,baseline,0.32595206800686477,-1.1210049390792847
fenqusai/test_photo/41_0837.jpg,2,5,False,blue,special_7,,7,7,True,川CCQ403,0.9303615616178109,-1.299275864198762,True,川,baseline,0.32595206800686477,-1.1210049390792847
fenqusai/test_photo/41_0837.jpg,2,6,False,blue,unknown_8,,8,8,True,川ACCQ403,0.9207205958899448,-1.486775864198762,True,川,baseline,0.32595206800686477,-1.1210049390792847
fenqusai/test_photo/41_0847.jpg,0,0,True,blue,blue,,7,7,True,云AD9G57,0.9190687129356188,-1.5190990231880548,True,云,baseline,0.07300354020407858,-2.6172473430633545
fenqusai/test_photo/41_0847.jpg,0,1,False,blue,green,,8,7,False,云AD9G57,0.9190687129356188,-1.5190990231880548,True,云,baseline,0.07300354020407858,-2.6172473430633545
fenqusai/test_photo/41_0847.jpg,0,2,False,blue,green,tractor_green,8,7,False,云AD9G57,0.9190687129356188,-1.5190990231880548,True,云,baseline,0.07300354020407858,-2.6172473430633545
fenqusai/test_photo/41_0847.jpg,0,3,False,blue,yellow,,7,7,True,云AD9G57,0.9190687129356188,-1.5190990231880548,True,云,baseline,0.07300354020407858,-2.6172473430633545
fenqusai/test_photo/41_0847.jpg,0,4,False,blue,black,,7,7,True,云AD9G57,0.9190687129356188,-1.5190990231880548,True,云,baseline,0.07300354020407858,-2.6172473430633545
fenqusai/test_photo/41_0847.jpg,0,5,False,blue,special_7,,7,7,True,云AD9G57,0.9190687129356188,-1.5190990231880548,True,云,baseline,0.07300354020407858,-2.6172473430633545
fenqusai/test_photo/41_0847.jpg,0,6,False,blue,unknown_8,,8,7,False,云AD9G57,0.9190687129356188,-1.5190990231880548,True,云,baseline,0.07300354020407858,-2.6172473430633545
fenqusai/test_photo/41_0847.jpg,1,0,True,blue,blue,,7,7,True,川A720HM,0.5134169286199158,-12.00000667571976,True,川,baseline,0.33333332672197086,-1.0986123085021973
fenqusai/test_photo/41_0847.jpg,1,1,False,blue,green,,8,6,False,川A20HM,0.9999996026368668,-7.152537818910787e-06,True,川,baseline,0.33333332672197086,-1.0986123085021973
fenqusai/test_photo/41_0847.jpg,1,2,False,blue,green,tractor_green,8,6,False,川A20HM,0.9999996026368668,-7.152537818910787e-06,True,川,baseline,0.33333332672197086,-1.0986123085021973
fenqusai/test_photo/41_0847.jpg,1,3,False,blue,yellow,,7,7,True,川A720HM,0.5134169286199158,-12.00000667571976,True,川,baseline,0.33333332672197086,-1.0986123085021973
fenqusai/test_photo/41_0847.jpg,1,4,False,blue,black,,7,7,True,川A720HM,0.5134169286199158,-12.00000667571976,True,川,baseline,0.33333332672197086,-1.0986123085021973
fenqusai/test_photo/41_0847.jpg,1,5,False,blue,special_7,,7,7,True,川A720HM,0.5134169286199158,-12.00000667571976,True,川,baseline,0.33333332672197086,-1.0986123085021973
fenqusai/test_photo/41_0847.jpg,1,6,False,blue,unknown_8,,8,6,False,川A20HM,0.9999996026368668,-7.152537818910787e-06,True,川,baseline,0.33333332672197086,-1.0986123085021973
fenqusai/test_photo/41_0862.jpg,0,0,True,blue,blue,,7,7,True,云A2UP33,0.9987076104386646,-0.023278057505450533,True,云,baseline,0.3333295120466087,-1.0986237525939941
fenqusai/test_photo/41_0862.jpg,0,1,False,blue,green,,8,7,False,云A2UP33,0.9987076104386646,-0.023278057505450533,True,云,baseline,0.3333295120466087,-1.0986237525939941
fenqusai/test_photo/41_0862.jpg,0,2,False,blue,green,tractor_green,8,7,False,云A2UP33,0.9987076104386646,-0.023278057505450533,True,云,baseline,0.3333295120466087,-1.0986237525939941
fenqusai/test_photo/41_0862.jpg,0,3,False,blue,yellow,,7,7,True,云A2UP33,0.9987076104386646,-0.023278057505450533,True,云,baseline,0.3333295120466087,-1.0986237525939941
fenqusai/test_photo/41_0862.jpg,0,4,False,blue,black,,7,7,True,云A2UP33,0.9987076104386646,-0.023278057505450533,True,云,baseline,0.3333295120466087,-1.0986237525939941
fenqusai/test_photo/41_0862.jpg,0,5,False,blue,special_7,,7,7,True,云A2UP33,0.9987076104386646,-0.023278057505450533,True,云,baseline,0.3333295120466087,-1.0986237525939941
fenqusai/test_photo/41_0862.jpg,0,6,False,blue,unknown_8,,8,7,False,云A2UP33,0.9987076104386646,-0.023278057505450533,True,云,baseline,0.3333295120466087,-1.0986237525939941
fenqusai/test_photo/41_0862.jpg,1,0,True,blue,blue,,7,7,True,川AQ27N5,0.9741645157676803,-0.47115148038892585,True,川,baseline,0.20968596348611718,-1.5621442794799805
fenqusai/test_photo/41_0862.jpg,1,1,False,blue,green,,8,8,True,川WAQ27N5,0.7176806203508268,-5.971151292261766,True,川,baseline,0.20968596348611718,-1.5621442794799805
fenqusai/test_photo/41_0862.jpg,1,2,False,blue,green,tractor_green,8,8,True,川WAQ27N5,0.7176806203508268,-5.971151292261766,True,川,baseline,0.20968596348611718,-1.5621442794799805
fenqusai/test_photo/41_0862.jpg,1,3,False,blue,yellow,,7,7,True,川AQ27N5,0.9741645157676803,-0.47115148038892585,True,川,baseline,0.20968596348611718,-1.5621442794799805
fenqusai/test_photo/41_0862.jpg,1,4,False,blue,black,,7,7,True,川AQ27N5,0.9741645157676803,-0.47115148038892585,True,川,baseline,0.20968596348611718,-1.5621442794799805
fenqusai/test_photo/41_0862.jpg,1,5,False,blue,special_7,,7,7,True,川AQ27N5,0.9741645157676803,-0.47115148038892585,True,川,baseline,0.20968596348611718,-1.5621442794799805
fenqusai/test_photo/41_0862.jpg,1,6,False,blue,unknown_8,,8,8,True,川WAQ27N5,0.7176806203508268,-5.971151292261766,True,川,baseline,0.20968596348611718,-1.5621442794799805
fenqusai/test_photo/41_0862.jpg,2,0,False,blue,blue,,7,7,True,川AL743D,0.4890507448877922,-12.875202398063088,True,川,baseline,0.33327213823794855,-1.0987958908081055
fenqusai/test_photo/41_0862.jpg,2,1,True,blue,green,,8,8,True,川AAL743D,0.9725935510757139,-0.5002022094702667,True,川,baseline,0.33327213823794855,-1.0987958908081055
fenqusai/test_photo/41_0862.jpg,2,2,False,blue,green,tractor_green,8,8,True,川AAL743D,0.9725935510757139,-0.5002022094702667,True,川,baseline,0.33327213823794855,-1.0987958908081055
fenqusai/test_photo/41_0862.jpg,2,3,False,blue,yellow,,7,7,True,川AL743D,0.4890507448877922,-12.875202398063088,True,川,baseline,0.33327213823794855,-1.0987958908081055
fenqusai/test_photo/41_0862.jpg,2,4,False,blue,black,,7,7,True,川AL743D,0.4890507448877922,-12.875202398063088,True,川,baseline,0.33327213823794855,-1.0987958908081055
fenqusai/test_photo/41_0862.jpg,2,5,False,blue,special_7,,7,7,True,川AL743D,0.4890507448877922,-12.875202398063088,True,川,baseline,0.33327213823794855,-1.0987958908081055
fenqusai/test_photo/41_0862.jpg,2,6,False,blue,unknown_8,,8,8,True,川AAL743D,0.9725935510757139,-0.5002022094702667,True,川,baseline,0.33327213823794855,-1.0987958908081055
fenqusai/test_photo/41_0878.jpg,0,0,True,blue,blue,,7,7,True,贵A036WA,0.9663328076056625,-0.6164456899059303,True,贵,baseline,0.19293948106933426,-1.6453787088394165
fenqusai/test_photo/41_0878.jpg,0,1,False,blue,green,,8,8,True,贵A036MWA,0.7900683084761272,-4.241445675004769,True,贵,baseline,0.19293948106933426,-1.6453787088394165
fenqusai/test_photo/41_0878.jpg,0,2,False,blue,green,tractor_green,8,8,True,贵A036MWA,0.7900683084761272,-4.241445675004769,True,贵,baseline,0.19293948106933426,-1.6453787088394165
fenqusai/test_photo/41_0878.jpg,0,3,False,blue,yellow,,7,7,True,贵A036WA,0.9663328076056625,-0.6164456899059303,True,贵,baseline,0.19293948106933426,-1.6453787088394165
fenqusai/test_photo/41_0878.jpg,0,4,False,blue,black,,7,7,True,贵A036WA,0.9663328076056625,-0.6164456899059303,True,贵,baseline,0.19293948106933426,-1.6453787088394165
fenqusai/test_photo/41_0878.jpg,0,5,False,blue,special_7,,7,7,True,贵A036WA,0.9663328076056625,-0.6164456899059303,True,贵,baseline,0.19293948106933426,-1.6453787088394165
fenqusai/test_photo/41_0878.jpg,0,6,False,blue,unknown_8,,8,8,True,贵A036MWA,0.7900683084761272,-4.241445675004769,True,贵,baseline,0.19293948106933426,-1.6453787088394165
fenqusai/test_photo/41_0878.jpg,1,0,False,blue,blue,,7,7,True,川AAX4X9,0.33227083236907573,-19.832487884447346,True,川,baseline,0.23726787719103656,-1.4385654926300049
fenqusai/test_photo/41_0878.jpg,1,1,True,blue,green,,8,8,True,川AAX4X98,0.9254276453737895,-1.394987921700249,True,川,baseline,0.23726787719103656,-1.4385654926300049
fenqusai/test_photo/41_0878.jpg,1,2,False,blue,green,tractor_green,8,8,True,川AAX4X98,0.9254276453737895,-1.394987921700249,True,川,baseline,0.23726787719103656,-1.4385654926300049
fenqusai/test_photo/41_0878.jpg,1,3,False,blue,yellow,,7,7,True,川AAX4X9,0.33227083236907573,-19.832487884447346,True,川,baseline,0.23726787719103656,-1.4385654926300049
fenqusai/test_photo/41_0878.jpg,1,4,False,blue,black,,7,7,True,川AAX4X9,0.33227083236907573,-19.832487884447346,True,川,baseline,0.23726787719103656,-1.4385654926300049
fenqusai/test_photo/41_0878.jpg,1,5,False,blue,special_7,,7,7,True,川AAX4X9,0.33227083236907573,-19.832487884447346,True,川,baseline,0.23726787719103656,-1.4385654926300049
fenqusai/test_photo/41_0878.jpg,1,6,False,blue,unknown_8,,8,8,True,川AAX4X98,0.9254276453737895,-1.394987921700249,True,川,baseline,0.23726787719103656,-1.4385654926300049
fenqusai/test_photo/41_0902.jpg,0,0,True,blue,blue,,7,7,True,吉A678WY,0.7266615614476017,-5.747299873607062,True,吉,baseline,0.24573899600326013,-1.4034852981567383
fenqusai/test_photo/41_0902.jpg,0,1,False,blue,green,,8,6,False,吉A678Y,0.9829361563363341,-0.3097999569604326,True,吉,baseline,0.24573899600326013,-1.4034852981567383
fenqusai/test_photo/41_0902.jpg,0,2,False,blue,green,tractor_green,8,6,False,吉A678Y,0.9829361563363341,-0.3097999569604326,True,吉,baseline,0.24573899600326013,-1.4034852981567383
fenqusai/test_photo/41_0902.jpg,0,3,False,blue,yellow,,7,7,True,吉A678WY,0.7266615614476017,-5.747299873607062,True,吉,baseline,0.24573899600326013,-1.4034852981567383
fenqusai/test_photo/41_0902.jpg,0,4,False,blue,black,,7,7,True,吉A678WY,0.7266615614476017,-5.747299873607062,True,吉,baseline,0.24573899600326013,-1.4034852981567383
fenqusai/test_photo/41_0902.jpg,0,5,False,blue,special_7,,7,7,True,吉A678WY,0.7266615614476017,-5.747299873607062,True,吉,baseline,0.24573899600326013,-1.4034852981567383
fenqusai/test_photo/41_0902.jpg,0,6,False,blue,unknown_8,,8,6,False,吉A678Y,0.9829361563363341,-0.3097999569604326,True,吉,baseline,0.24573899600326013,-1.4034852981567383
fenqusai/test_photo/41_0902.jpg,1,0,False,blue,blue,,7,7,True,川A923SU,0.569929441888233,-10.12036881558015,True,川,baseline,0.16038872231435153,-1.8301548957824707
fenqusai/test_photo/41_0902.jpg,1,1,False,blue,green,,8,8,True,川A923SJU,0.43622207501180615,-14.932868741074344,True,川,baseline,0.16038872231435153,-1.8301548957824707
fenqusai/test_photo/41_0902.jpg,1,2,False,blue,green,tractor_green,8,8,True,川A923SJU,0.43622207501180615,-14.932868741074344,True,川,baseline,0.16038872231435153,-1.8301548957824707
fenqusai/test_photo/41_0902.jpg,1,3,False,blue,yellow,,7,7,True,川A923SU,0.569929441888233,-10.12036881558015,True,川,baseline,0.16038872231435153,-1.8301548957824707
fenqusai/test_photo/41_0902.jpg,1,4,False,blue,black,,7,7,True,川A923SU,0.569929441888233,-10.12036881558015,True,川,baseline,0.16038872231435153,-1.8301548957824707
fenqusai/test_photo/41_0902.jpg,1,5,True,blue,special_7,,7,7,True,川4923SU,0.7369035530775269,-5.4953686721855775,True,川,baseline,0.16038872231435153,-1.8301548957824707
fenqusai/test_photo/41_0902.jpg,1,6,False,blue,unknown_8,,8,8,True,川A923SJU,0.43622207501180615,-14.932868741074344,True,川,baseline,0.16038872231435153,-1.8301548957824707
fenqusai/test_photo/41_0902.jpg,2,0,True,blue,blue,,7,7,True,川A965NB,0.9952861867897275,-0.08504924877649955,True,川,baseline,0.3332004745847597,-1.099010944366455
fenqusai/test_photo/41_0902.jpg,2,1,False,blue,green,,8,8,True,川A9651NB,0.8251212321621669,-3.4600491966224354,True,川,baseline,0.3332004745847597,-1.099010944366455
fenqusai/test_photo/41_0902.jpg,2,2,False,blue,green,tractor_green,8,8,True,川A9651NB,0.8251212321621669,-3.4600491966224354,True,川,baseline,0.3332004745847597,-1.099010944366455
fenqusai/test_photo/41_0902.jpg,2,3,False,blue,yellow,,7,7,True,川A965NB,0.9952861867897275,-0.08504924877649955,True,川,baseline,0.3332004745847597,-1.099010944366455
fenqusai/test_photo/41_0902.jpg,2,4,False,blue,black,,7,7,True,川A965NB,0.9952861867897275,-0.08504924877649955,True,川,baseline,0.3332004745847597,-1.099010944366455
fenqusai/test_photo/41_0902.jpg,2,5,False,blue,special_7,,7,7,True,川A965NB,0.9952861867897275,-0.08504924877649955,True,川,baseline,0.3332004745847597,-1.099010944366455
fenqusai/test_photo/41_0902.jpg,2,6,False,blue,unknown_8,,8,8,True,川A9651NB,0.8251212321621669,-3.4600491966224354,True,川,baseline,0.3332004745847597,-1.099010944366455
fenqusai/test_photo/41_0902.jpg,3,0,True,blue,blue,,7,7,True,川AFS006,0.9499403988898988,-0.9244086185933043,True,川,baseline,0.33333332672197086,-1.0986123085021973
fenqusai/test_photo/41_0902.jpg,3,1,False,blue,green,,8,8,True,川JAFS006,0.9466477145011787,-0.9869086185933043,True,川,baseline,0.33333332672197086,-1.0986123085021973
fenqusai/test_photo/41_0902.jpg,3,2,False,blue,green,tractor_green,8,8,True,川JAFS006,0.9466477145011787,-0.9869086185933043,True,川,baseline,0.33333332672197086,-1.0986123085021973
fenqusai/test_photo/41_0902.jpg,3,3,False,blue,yellow,,7,7,True,川AFS006,0.9499403988898988,-0.9244086185933043,True,川,baseline,0.33333332672197086,-1.0986123085021973
fenqusai/test_photo/41_0902.jpg,3,4,False,blue,black,,7,7,True,川AFS006,0.9499403988898988,-0.9244086185933043,True,川,baseline,0.33333332672197086,-1.0986123085021973
fenqusai/test_photo/41_0902.jpg,3,5,False,blue,special_7,,7,7,True,川AFS006,0.9499403988898988,-0.9244086185933043,True,川,baseline,0.33333332672197086,-1.0986123085021973
fenqusai/test_photo/41_0902.jpg,3,6,False,blue,unknown_8,,8,8,True,川JAFS006,0.9466477145011787,-0.9869086185933043,True,川,baseline,0.33333332672197086,-1.0986123085021973
fenqusai/test_photo/41_0902.jpg,4,0,False,blue,blue,,7,7,True,黑GCR76Q,0.41098078665753507,-16.005758640669,True,黑,baseline,0.29730117526106775,-1.2130095958709717
fenqusai/test_photo/41_0902.jpg,4,1,False,blue,green,,8,6,False,黑GR76Q,0.5240578235745659,-11.630758507489872,True,黑,baseline,0.29730117526106775,-1.2130095958709717
fenqusai/test_photo/41_0902.jpg,4,2,False,blue,green,tractor_green,8,6,False,黑GR76Q,0.5240578235745659,-11.630758507489872,True,黑,baseline,0.29730117526106775,-1.2130095958709717
fenqusai/test_photo/41_0902.jpg,4,3,False,blue,yellow,,7,7,True,黑GCR76Q,0.41098078665753507,-16.005758640669,True,黑,baseline,0.29730117526106775,-1.2130095958709717
fenqusai/test_photo/41_0902.jpg,4,4,False,blue,black,,7,7,True,黑GCR76Q,0.41098078665753507,-16.005758640669,True,黑,baseline,0.29730117526106775,-1.2130095958709717
fenqusai/test_photo/41_0902.jpg,4,5,True,blue,special_7,,7,7,True,黑6CR76Q,0.7758530283511063,-4.568259117446132,True,黑,baseline,0.29730117526106775,-1.2130095958709717
fenqusai/test_photo/41_0902.jpg,4,6,False,blue,unknown_8,,8,6,False,黑GR76Q,0.5240578235745659,-11.630758507489872,True,黑,baseline,0.29730117526106775,-1.2130095958709717
fenqusai/test_photo/41_0929.jpg,0,0,True,blue,blue,,7,7,True,冀A0TC57,0.8830712831527652,-2.238288358755767,True,冀,baseline,0.03555751047493177,-3.336603879928589
fenqusai/test_photo/41_0929.jpg,0,1,False,blue,green,,8,7,False,冀A0TC57,0.8830712831527652,-2.238288358755767,True,冀,baseline,0.03555751047493177,-3.336603879928589
fenqusai/test_photo/41_0929.jpg,0,2,False,blue,green,tractor_green,8,7,False,冀A0TC57,0.8830712831527652,-2.238288358755767,True,冀,baseline,0.03555751047493177,-3.336603879928589
fenqusai/test_photo/41_0929.jpg,0,3,False,blue,yellow,,7,7,True,冀A0TC57,0.8830712831527652,-2.238288358755767,True,冀,baseline,0.03555751047493177,-3.336603879928589
fenqusai/test_photo/41_0929.jpg,0,4,False,blue,black,,7,7,True,冀A0TC57,0.8830712831527652,-2.238288358755767,True,冀,baseline,0.03555751047493177,-3.336603879928589
fenqusai/test_photo/41_0929.jpg,0,5,False,blue,special_7,,7,7,True,冀A0TC57,0.8830712831527652,-2.238288358755767,True,冀,baseline,0.03555751047493177,-3.336603879928589
fenqusai/test_photo/41_0929.jpg,0,6,False,blue,unknown_8,,8,7,False,冀A0TC57,0.8830712831527652,-2.238288358755767,True,冀,baseline,0.03555751047493177,-3.336603879928589
fenqusai/test_photo/41_0929.jpg,1,0,False,blue,blue,,7,7,True,鲁SAK796,0.5683226382377167,-10.1711879362756,True,鲁,1,0.30364570637489574,-4.566893577575684
fenqusai/test_photo/41_0929.jpg,1,1,True,blue,green,,8,8,True,鄂SAK79S6,0.993979966649142,-0.10868808249324502,True,鄂,baseline,0.30364570637489574,-1.1918936967849731
fenqusai/test_photo/41_0929.jpg,1,2,False,blue,green,tractor_green,8,8,True,鄂SAK79S6,0.993979966649142,-0.10868808249324502,True,鄂,baseline,0.30364570637489574,-1.1918936967849731
fenqusai/test_photo/41_0929.jpg,1,3,False,blue,yellow,,7,7,True,鲁SAK796,0.5683226382377167,-10.1711879362756,True,鲁,1,0.30364570637489574,-4.566893577575684
fenqusai/test_photo/41_0929.jpg,1,4,False,blue,black,,7,7,True,鲁SAK796,0.5683226382377167,-10.1711879362756,True,鲁,1,0.30364570637489574,-4.566893577575684
fenqusai/test_photo/41_0929.jpg,1,5,False,blue,special_7,,7,7,True,鲁SAK796,0.5683226382377167,-10.1711879362756,True,鲁,1,0.30364570637489574,-4.566893577575684
fenqusai/test_photo/41_0929.jpg,1,6,False,blue,unknown_8,,8,8,True,鄂SAK79S6,0.993979966649142,-0.10868808249324502,True,鄂,baseline,0.30364570637489574,-1.1918936967849731
fenqusai/test_photo/41_0929.jpg,2,0,True,unknown_7,blue,,7,7,True,川A7020U,0.9999946622974075,-9.607890308416245e-05,True,川,baseline,0.3333307836002122,-1.0986199378967285
fenqusai/test_photo/41_0929.jpg,2,1,False,unknown_7,green,,8,8,True,川AA7020U,0.5940221457651887,-9.375096201866768,True,川,baseline,0.3333307836002122,-1.0986199378967285
fenqusai/test_photo/41_0929.jpg,2,2,False,unknown_7,green,tractor_green,8,8,True,川AA7020U,0.5940221457651887,-9.375096201866768,True,川,baseline,0.3333307836002122,-1.0986199378967285
fenqusai/test_photo/41_0929.jpg,2,3,False,unknown_7,yellow,,7,7,True,川A7020U,0.9999946622974075,-9.607890308416245e-05,True,川,baseline,0.3333307836002122,-1.0986199378967285
fenqusai/test_photo/41_0929.jpg,2,4,False,unknown_7,black,,7,7,True,川A7020U,0.9999946622974075,-9.607890308416245e-05,True,川,baseline,0.3333307836002122,-1.0986199378967285
fenqusai/test_photo/41_0929.jpg,2,5,False,unknown_7,special_7,,7,7,True,川A7020U,0.9999946622974075,-9.607890308416245e-05,True,川,baseline,0.3333307836002122,-1.0986199378967285
fenqusai/test_photo/41_0929.jpg,2,6,False,unknown_7,unknown_8,,8,8,True,川AA7020U,0.5940221457651887,-9.375096201866768,True,川,baseline,0.3333307836002122,-1.0986199378967285
fenqusai/test_photo/41_0953.jpg,0,0,True,blue,blue,,7,7,True,冀GEY129,0.7602655463880565,-4.933575064559584,True,冀,baseline,0.0025168793729909386,-5.984735488891602
fenqusai/test_photo/41_0953.jpg,0,1,False,blue,green,,8,7,False,冀GEY129,0.7602655463880565,-4.933575064559584,True,冀,baseline,0.0025168793729909386,-5.984735488891602
fenqusai/test_photo/41_0953.jpg,0,2,False,blue,green,tractor_green,8,7,False,冀GEY129,0.7602655463880565,-4.933575064559584,True,冀,baseline,0.0025168793729909386,-5.984735488891602
fenqusai/test_photo/41_0953.jpg,0,3,False,blue,yellow,,7,7,True,冀GEY129,0.7602655463880565,-4.933575064559584,True,冀,baseline,0.0025168793729909386,-5.984735488891602
fenqusai/test_photo/41_0953.jpg,0,4,False,blue,black,,7,7,True,冀GEY129,0.7602655463880565,-4.933575064559584,True,冀,baseline,0.0025168793729909386,-5.984735488891602
fenqusai/test_photo/41_0953.jpg,0,5,False,blue,special_7,,7,7,True,冀GEY129,0.7602655463880565,-4.933575064559584,True,冀,baseline,0.0025168793729909386,-5.984735488891602
fenqusai/test_photo/41_0953.jpg,0,6,False,blue,unknown_8,,8,7,False,冀GEY129,0.7602655463880565,-4.933575064559584,True,冀,baseline,0.0025168793729909386,-5.984735488891602
fenqusai/test_photo/41_0953.jpg,1,0,True,blue,blue,,7,7,True,川AM609H,0.8757896363122525,-2.387328445445732,True,川,baseline,0.4758119694902367,-0.7427325248718262
fenqusai/test_photo/41_0953.jpg,1,1,False,blue,green,,8,8,True,川LAM609H,0.7728816515984378,-4.637328207027153,True,川,baseline,0.4758119694902367,-0.7427325248718262
fenqusai/test_photo/41_0953.jpg,1,2,False,blue,green,tractor_green,8,8,True,川LAM609H,0.7728816515984378,-4.637328207027153,True,川,baseline,0.4758119694902367,-0.7427325248718262
fenqusai/test_photo/41_0953.jpg,1,3,False,blue,yellow,,7,7,True,川AM609H,0.8757896363122525,-2.387328445445732,True,川,baseline,0.4758119694902367,-0.7427325248718262
fenqusai/test_photo/41_0953.jpg,1,4,False,blue,black,,7,7,True,川AM609H,0.8757896363122525,-2.387328445445732,True,川,baseline,0.4758119694902367,-0.7427325248718262
fenqusai/test_photo/41_0953.jpg,1,5,False,blue,special_7,,7,7,True,川AM609H,0.8757896363122525,-2.387328445445732,True,川,baseline,0.4758119694902367,-0.7427325248718262
fenqusai/test_photo/41_0953.jpg,1,6,False,blue,unknown_8,,8,8,True,川LAM609H,0.7728816515984378,-4.637328207027153,True,川,baseline,0.4758119694902367,-0.7427325248718262
fenqusai/test_photo/41_0953.jpg,2,0,True,blue,blue,,7,7,True,川AB0J21,0.9694025540757346,-0.5593557757833878,True,川,baseline,0.2935706482687642,-1.2256369590759277
fenqusai/test_photo/41_0953.jpg,2,1,False,blue,green,,8,7,False,川AB0J21,0.9694025540757346,-0.5593557757833878,True,川,baseline,0.2935706482687642,-1.2256369590759277
fenqusai/test_photo/41_0953.jpg,2,2,False,blue,green,tractor_green,8,7,False,川AB0J21,0.9694025540757346,-0.5593557757833878,True,川,baseline,0.2935706482687642,-1.2256369590759277
fenqusai/test_photo/41_0953.jpg,2,3,False,blue,yellow,,7,7,True,川AB0J21,0.9694025540757346,-0.5593557757833878,True,川,baseline,0.2935706482687642,-1.2256369590759277
fenqusai/test_photo/41_0953.jpg,2,4,False,blue,black,,7,7,True,川AB0J21,0.9694025540757346,-0.5593557757833878,True,川,baseline,0.2935706482687642,-1.2256369590759277
fenqusai/test_photo/41_0953.jpg,2,5,False,blue,special_7,,7,7,True,川AB0J21,0.9694025540757346,-0.5593557757833878,True,川,baseline,0.2935706482687642,-1.2256369590759277
fenqusai/test_photo/41_0953.jpg,2,6,False,blue,unknown_8,,8,7,False,川AB0J21,0.9694025540757346,-0.5593557757833878,True,川,baseline,0.2935706482687642,-1.2256369590759277
fenqusai/test_photo/41_0999.jpg,0,0,True,blue,blue,,7,7,True,沪GFD112,0.9660772900637018,-0.6212058759426782,True,沪,baseline,0.1812542982700684,-1.7078542709350586
fenqusai/test_photo/41_0999.jpg,0,1,False,blue,green,,8,7,False,沪GFD112,0.9660772900637018,-0.6212058759426782,True,沪,baseline,0.1812542982700684,-1.7078542709350586
fenqusai/test_photo/41_0999.jpg,0,2,False,blue,green,tractor_green,8,7,False,沪GFD112,0.9660772900637018,-0.6212058759426782,True,沪,baseline,0.1812542982700684,-1.7078542709350586
fenqusai/test_photo/41_0999.jpg,0,3,False,blue,yellow,,7,7,True,沪GFD112,0.9660772900637018,-0.6212058759426782,True,沪,baseline,0.1812542982700684,-1.7078542709350586
fenqusai/test_photo/41_0999.jpg,0,4,False,blue,black,,7,7,True,沪GFD112,0.9660772900637018,-0.6212058759426782,True,沪,baseline,0.1812542982700684,-1.7078542709350586
fenqusai/test_photo/41_0999.jpg,0,5,False,blue,special_7,,7,7,True,沪GFD112,0.9660772900637018,-0.6212058759426782,True,沪,baseline,0.1812542982700684,-1.7078542709350586
fenqusai/test_photo/41_0999.jpg,0,6,False,blue,unknown_8,,8,7,False,沪GFD112,0.9660772900637018,-0.6212058759426782,True,沪,baseline,0.1812542982700684,-1.7078542709350586
fenqusai/test_photo/41_0999.jpg,1,0,True,blue,blue,,7,7,True,皖A2S8Y5,0.9374463349120099,-1.1627237796574192,True,皖,baseline,0.10421182724446532,-2.2613296508789062
fenqusai/test_photo/41_0999.jpg,1,1,False,blue,green,,8,8,True,皖AA2S8Y5,0.47963270415497156,-13.225224018096917,True,皖,baseline,0.10421182724446532,-2.2613296508789062
fenqusai/test_photo/41_0999.jpg,1,2,False,blue,green,tractor_green,8,8,True,皖AA2S8Y5,0.47963270415497156,-13.225224018096917,True,皖,baseline,0.10421182724446532,-2.2613296508789062
fenqusai/test_photo/41_0999.jpg,1,3,False,blue,yellow,,7,7,True,皖A2S8Y5,0.9374463349120099,-1.1627237796574192,True,皖,baseline,0.10421182724446532,-2.2613296508789062
fenqusai/test_photo/41_0999.jpg,1,4,False,blue,black,,7,7,True,皖A2S8Y5,0.9374463349120099,-1.1627237796574192,True,皖,baseline,0.10421182724446532,-2.2613296508789062
fenqusai/test_photo/41_0999.jpg,1,5,False,blue,special_7,,7,7,True,皖A2S8Y5,0.9374463349120099,-1.1627237796574192,True,皖,baseline,0.10421182724446532,-2.2613296508789062
fenqusai/test_photo/41_0999.jpg,1,6,False,blue,unknown_8,,8,8,True,皖AA2S8Y5,0.47963270415497156,-13.225224018096917,True,皖,baseline,0.10421182724446532,-2.2613296508789062
fenqusai/test_photo/41_0999.jpg,2,0,True,blue,blue,,7,7,True,川AK6A63,0.9397816875944314,-1.1179382027691744,True,川,baseline,0.33327607144550564,-1.09878408908844
fenqusai/test_photo/41_0999.jpg,2,1,False,blue,green,,8,7,False,川AK6A63,0.9397816875944314,-1.1179382027691744,True,川,baseline,0.33327607144550564,-1.09878408908844
fenqusai/test_photo/41_0999.jpg,2,2,False,blue,green,tractor_green,8,7,False,川AK6A63,0.9397816875944314,-1.1179382027691744,True,川,baseline,0.33327607144550564,-1.09878408908844
fenqusai/test_photo/41_0999.jpg,2,3,False,blue,yellow,,7,7,True,川AK6A63,0.9397816875944314,-1.1179382027691744,True,川,baseline,0.33327607144550564,-1.09878408908844
fenqusai/test_photo/41_0999.jpg,2,4,False,blue,black,,7,7,True,川AK6A63,0.9397816875944314,-1.1179382027691744,True,川,baseline,0.33327607144550564,-1.09878408908844
fenqusai/test_photo/41_0999.jpg,2,5,False,blue,special_7,,7,7,True,川AK6A63,0.9397816875944314,-1.1179382027691744,True,川,baseline,0.33327607144550564,-1.09878408908844
fenqusai/test_photo/41_0999.jpg,2,6,False,blue,unknown_8,,8,7,False,川AK6A63,0.9397816875944314,-1.1179382027691744,True,川,baseline,0.33327607144550564,-1.09878408908844
fenqusai/test_photo/42.jpg,0,0,True,blue,blue,,7,7,True,豫H00351,0.9999996489959927,-6.318073239697242e-06,True,豫,baseline,0.33333126043406397,-1.098618507385254
fenqusai/test_photo/42.jpg,0,1,False,blue,green,,8,7,False,豫H00351,0.9999996489959927,-6.318073239697242e-06,True,豫,baseline,0.33333126043406397,-1.098618507385254
fenqusai/test_photo/42.jpg,0,2,False,blue,green,tractor_green,8,7,False,豫H00351,0.9999996489959927,-6.318073239697242e-06,True,豫,baseline,0.33333126043406397,-1.098618507385254
fenqusai/test_photo/42.jpg,0,3,False,blue,yellow,,7,7,True,豫H00351,0.9999996489959927,-6.318073239697242e-06,True,豫,baseline,0.33333126043406397,-1.098618507385254
fenqusai/test_photo/42.jpg,0,4,False,blue,black,,7,7,True,豫H00351,0.9999996489959927,-6.318073239697242e-06,True,豫,baseline,0.33333126043406397,-1.098618507385254
fenqusai/test_photo/42.jpg,0,5,False,blue,special_7,,7,7,True,豫H00351,0.9999996489959927,-6.318073239697242e-06,True,豫,baseline,0.33333126043406397,-1.098618507385254
fenqusai/test_photo/42.jpg,0,6,False,blue,unknown_8,,8,7,False,豫H00351,0.9999996489959927,-6.318073239697242e-06,True,豫,baseline,0.33333126043406397,-1.098618507385254
fenqusai/test_photo/44.jpg,0,0,True,blue,blue,,7,7,True,京CFM951,0.9164754709696155,-1.569959565640545,True,京,baseline,0.0719741487994267,-2.631448268890381
fenqusai/test_photo/44.jpg,0,1,False,blue,green,,8,8,True,京ECFM951,0.653839357366184,-7.648084595442867,True,京,baseline,0.0719741487994267,-2.631448268890381
fenqusai/test_photo/44.jpg,0,2,False,blue,green,tractor_green,8,8,True,京ECFM951,0.653839357366184,-7.648084595442867,True,京,baseline,0.0719741487994267,-2.631448268890381
fenqusai/test_photo/44.jpg,0,3,False,blue,yellow,,7,7,True,京CFM951,0.9164754709696155,-1.569959565640545,True,京,baseline,0.0719741487994267,-2.631448268890381
fenqusai/test_photo/44.jpg,0,4,False,blue,black,,7,7,True,京CFM951,0.9164754709696155,-1.569959565640545,True,京,baseline,0.0719741487994267,-2.631448268890381
fenqusai/test_photo/44.jpg,0,5,False,blue,special_7,,7,7,True,京CFM951,0.9164754709696155,-1.569959565640545,True,京,baseline,0.0719741487994267,-2.631448268890381
fenqusai/test_photo/44.jpg,0,6,False,blue,unknown_8,,8,8,True,京ECFM951,0.653839357366184,-7.648084595442867,True,京,baseline,0.0719741487994267,-2.631448268890381
fenqusai/test_photo/46.jpg,0,0,True,blue,blue,,7,7,True,新AAQ621,0.9749291038540193,-0.4570294432312494,True,新,baseline,0.23618504970747375,-1.443139672279358
fenqusai/test_photo/46.jpg,0,1,False,blue,green,,8,7,False,新AAQ621,0.9749291038540193,-0.4570294432312494,True,新,baseline,0.23618504970747375,-1.443139672279358
fenqusai/test_photo/46.jpg,0,2,False,blue,green,tractor_green,8,7,False,新AAQ621,0.9749291038540193,-0.4570294432312494,True,新,baseline,0.23618504970747375,-1.443139672279358
fenqusai/test_photo/46.jpg,0,3,False,blue,yellow,,7,7,True,新AAQ621,0.9749291038540193,-0.4570294432312494,True,新,baseline,0.23618504970747375,-1.443139672279358
fenqusai/test_photo/46.jpg,0,4,False,blue,black,,7,7,True,新AAQ621,0.9749291038540193,-0.4570294432312494,True,新,baseline,0.23618504970747375,-1.443139672279358
fenqusai/test_photo/46.jpg,0,5,False,blue,special_7,,7,7,True,新AAQ621,0.9749291038540193,-0.4570294432312494,True,新,baseline,0.23618504970747375,-1.443139672279358
fenqusai/test_photo/46.jpg,0,6,False,blue,unknown_8,,8,7,False,新AAQ621,0.9749291038540193,-0.4570294432312494,True,新,baseline,0.23618504970747375,-1.443139672279358
fenqusai/test_photo/47.jpg,0,0,True,blue,blue,,7,7,True,浙A98888,0.9515735926002341,-0.8934885263442993,True,浙,baseline,0.1364085523743731,-1.9921008348464966
fenqusai/test_photo/47.jpg,0,1,False,blue,green,,8,7,False,浙A98888,0.9515735926002341,-0.8934885263442993,True,浙,baseline,0.1364085523743731,-1.9921008348464966
fenqusai/test_photo/47.jpg,0,2,False,blue,green,tractor_green,8,7,False,浙A98888,0.9515735926002341,-0.8934885263442993,True,浙,baseline,0.1364085523743731,-1.9921008348464966
fenqusai/test_photo/47.jpg,0,3,False,blue,yellow,,7,7,True,浙A98888,0.9515735926002341,-0.8934885263442993,True,浙,baseline,0.1364085523743731,-1.9921008348464966
fenqusai/test_photo/47.jpg,0,4,False,blue,black,,7,7,True,浙A98888,0.9515735926002341,-0.8934885263442993,True,浙,baseline,0.1364085523743731,-1.9921008348464966
fenqusai/test_photo/47.jpg,0,5,False,blue,special_7,,7,7,True,浙A98888,0.9515735926002341,-0.8934885263442993,True,浙,baseline,0.1364085523743731,-1.9921008348464966
fenqusai/test_photo/47.jpg,0,6,False,blue,unknown_8,,8,7,False,浙A98888,0.9515735926002341,-0.8934885263442993,True,浙,baseline,0.1364085523743731,-1.9921008348464966
fenqusai/test_photo/48.jpg,0,0,False,blue,blue,,7,7,True,皖XA94TZ,0.015841194717044028,-74.61254648491737,True,皖,baseline,0.03246504445010682,-3.427591323852539
fenqusai/test_photo/48.jpg,0,1,False,blue,green,,8,8,True,皖XA94TZB,0.20119618448720963,-28.862546484917374,True,皖,baseline,0.03246504445010682,-3.427591323852539
fenqusai/test_photo/48.jpg,0,2,False,blue,green,tractor_green,8,8,True,皖XA94TZB,0.20119618448720963,-28.862546484917374,True,皖,baseline,0.03246504445010682,-3.427591323852539
fenqusai/test_photo/48.jpg,0,3,False,blue,yellow,,7,7,True,皖XA94TZ,0.015841194717044028,-74.61254648491737,True,皖,baseline,0.03246504445010682,-3.427591323852539
fenqusai/test_photo/48.jpg,0,4,False,blue,black,,7,7,True,皖XA94TZ,0.015841194717044028,-74.61254648491737,True,皖,baseline,0.03246504445010682,-3.427591323852539
fenqusai/test_photo/48.jpg,0,5,True,blue,special_7,,7,7,True,闽3A94ZB,0.35557099127458114,-18.612546399235697,True,闽,1,0.03246504445010682,-3.927591323852539
fenqusai/test_photo/48.jpg,0,6,False,blue,unknown_8,,8,8,True,皖XA94TZB,0.20119618448720963,-28.862546484917374,True,皖,baseline,0.03246504445010682,-3.427591323852539
fenqusai/test_photo/48_0073.jpg,0,0,True,blue,blue,,7,7,True,闽BE69T3,0.6189644190255671,-8.634734807940049,True,闽,baseline,0.1390312826167475,-1.9730563163757324
fenqusai/test_photo/48_0073.jpg,0,1,False,blue,green,,8,6,False,闽E69T3,0.9520364834951667,-0.8847345946671794,True,闽,baseline,0.1390312826167475,-1.9730563163757324
fenqusai/test_photo/48_0073.jpg,0,2,False,blue,green,tractor_green,8,6,False,闽E69T3,0.9520364834951667,-0.8847345946671794,True,闽,baseline,0.1390312826167475,-1.9730563163757324
fenqusai/test_photo/48_0073.jpg,0,3,False,blue,yellow,,7,7,True,闽BE69T3,0.6189644190255671,-8.634734807940049,True,闽,baseline,0.1390312826167475,-1.9730563163757324
fenqusai/test_photo/48_0073.jpg,0,4,False,blue,black,,7,7,True,闽BE69T3,0.6189644190255671,-8.634734807940049,True,闽,baseline,0.1390312826167475,-1.9730563163757324
fenqusai/test_photo/48_0073.jpg,0,5,False,blue,special_7,,7,7,True,闽BE69T3,0.6189644190255671,-8.634734807940049,True,闽,baseline,0.1390312826167475,-1.9730563163757324
fenqusai/test_photo/48_0073.jpg,0,6,False,blue,unknown_8,,8,6,False,闽E69T3,0.9520364834951667,-0.8847345946671794,True,闽,baseline,0.1390312826167475,-1.9730563163757324
fenqusai/test_photo/48_0073.jpg,1,0,True,blue,blue,,7,7,True,川A94BC2,0.9843988445843083,-0.28303441545131136,True,川,baseline,0.333279130639031,-1.0987749099731445
fenqusai/test_photo/48_0073.jpg,1,1,False,blue,green,,8,7,False,川A94BC2,0.9843988445843083,-0.28303441545131136,True,川,baseline,0.333279130639031,-1.0987749099731445
fenqusai/test_photo/48_0073.jpg,1,2,False,blue,green,tractor_green,8,7,False,川A94BC2,0.9843988445843083,-0.28303441545131136,True,川,baseline,0.333279130639031,-1.0987749099731445
fenqusai/test_photo/48_0073.jpg,1,3,False,blue,yellow,,7,7,True,川A94BC2,0.9843988445843083,-0.28303441545131136,True,川,baseline,0.333279130639031,-1.0987749099731445
fenqusai/test_photo/48_0073.jpg,1,4,False,blue,black,,7,7,True,川A94BC2,0.9843988445843083,-0.28303441545131136,True,川,baseline,0.333279130639031,-1.0987749099731445
fenqusai/test_photo/48_0073.jpg,1,5,False,blue,special_7,,7,7,True,川A94BC2,0.9843988445843083,-0.28303441545131136,True,川,baseline,0.333279130639031,-1.0987749099731445
fenqusai/test_photo/48_0073.jpg,1,6,False,blue,unknown_8,,8,7,False,川A94BC2,0.9843988445843083,-0.28303441545131136,True,川,baseline,0.333279130639031,-1.0987749099731445
fenqusai/test_photo/48_0193.jpg,0,0,True,blue,blue,,7,7,True,苏E65LP3,0.9672735441018837,-0.5989309995419205,True,苏,baseline,0.18513657521675264,-1.6866614818572998
fenqusai/test_photo/48_0193.jpg,0,1,False,blue,green,,8,7,False,苏E65LP3,0.9672735441018837,-0.5989309995419205,True,苏,baseline,0.18513657521675264,-1.6866614818572998
fenqusai/test_photo/48_0193.jpg,0,2,False,blue,green,tractor_green,8,7,False,苏E65LP3,0.9672735441018837,-0.5989309995419205,True,苏,baseline,0.18513657521675264,-1.6866614818572998
fenqusai/test_photo/48_0193.jpg,0,3,False,blue,yellow,,7,7,True,苏E65LP3,0.9672735441018837,-0.5989309995419205,True,苏,baseline,0.18513657521675264,-1.6866614818572998
fenqusai/test_photo/48_0193.jpg,0,4,False,blue,black,,7,7,True,苏E65LP3,0.9672735441018837,-0.5989309995419205,True,苏,baseline,0.18513657521675264,-1.6866614818572998
fenqusai/test_photo/48_0193.jpg,0,5,False,blue,special_7,,7,7,True,苏E65LP3,0.9672735441018837,-0.5989309995419205,True,苏,baseline,0.18513657521675264,-1.6866614818572998
fenqusai/test_photo/48_0193.jpg,0,6,False,blue,unknown_8,,8,7,False,苏E65LP3,0.9672735441018837,-0.5989309995419205,True,苏,baseline,0.18513657521675264,-1.6866614818572998
fenqusai/test_photo/48_0193.jpg,1,0,True,blue,blue,,7,7,True,川A15ZRK,0.8697541351791443,-2.5118047892824507,True,川,baseline,0.041974252636289844,-3.170698881149292
fenqusai/test_photo/48_0193.jpg,1,1,False,blue,green,,8,8,True,川A15Z2RK,0.4079995707686921,-16.136804819088866,True,川,baseline,0.041974252636289844,-3.170698881149292
fenqusai/test_photo/48_0193.jpg,1,2,False,blue,green,tractor_green,8,8,True,川A15Z2RK,0.4079995707686921,-16.136804819088866,True,川,baseline,0.041974252636289844,-3.170698881149292
fenqusai/test_photo/48_0193.jpg,1,3,False,blue,yellow,,7,7,True,川A15ZRK,0.8697541351791443,-2.5118047892824507,True,川,baseline,0.041974252636289844,-3.170698881149292
fenqusai/test_photo/48_0193.jpg,1,4,False,blue,black,,7,7,True,川A15ZRK,0.8697541351791443,-2.5118047892824507,True,川,baseline,0.041974252636289844,-3.170698881149292
fenqusai/test_photo/48_0193.jpg,1,5,False,blue,special_7,,7,7,True,川A15ZRK,0.8697541351791443,-2.5118047892824507,True,川,baseline,0.041974252636289844,-3.170698881149292
fenqusai/test_photo/48_0193.jpg,1,6,False,blue,unknown_8,,8,8,True,川A15Z2RK,0.4079995707686921,-16.136804819088866,True,川,baseline,0.041974252636289844,-3.170698881149292
fenqusai/test_photo/48_0193.jpg,2,0,True,blue,blue,,7,7,True,川A0U58C,0.9684695538631618,-0.5766881942181499,True,川,baseline,0.33333332672197086,-1.0986123085021973
fenqusai/test_photo/48_0193.jpg,2,1,False,blue,green,,8,7,False,川A0U58C,0.9684695538631618,-0.5766881942181499,True,川,baseline,0.33333332672197086,-1.0986123085021973
fenqusai/test_photo/48_0193.jpg,2,2,False,blue,green,tractor_green,8,7,False,川A0U58C,0.9684695538631618,-0.5766881942181499,True,川,baseline,0.33333332672197086,-1.0986123085021973
fenqusai/test_photo/48_0193.jpg,2,3,False,blue,yellow,,7,7,True,川A0U58C,0.9684695538631618,-0.5766881942181499,True,川,baseline,0.33333332672197086,-1.0986123085021973
fenqusai/test_photo/48_0193.jpg,2,4,False,blue,black,,7,7,True,川A0U58C,0.9684695538631618,-0.5766881942181499,True,川,baseline,0.33333332672197086,-1.0986123085021973
fenqusai/test_photo/48_0193.jpg,2,5,False,blue,special_7,,7,7,True,川A0U58C,0.9684695538631618,-0.5766881942181499,True,川,baseline,0.33333332672197086,-1.0986123085021973
fenqusai/test_photo/48_0193.jpg,2,6,False,blue,unknown_8,,8,7,False,川A0U58C,0.9684695538631618,-0.5766881942181499,True,川,baseline,0.33333332672197086,-1.0986123085021973
fenqusai/test_photo/48_0283.jpg,0,0,False,blue,blue,,7,7,True,川AAH6T1,0.019220162542799738,-71.13231753325678,True,川,baseline,0.3332634376709942,-1.098821997642517
fenqusai/test_photo/48_0283.jpg,0,1,True,blue,green,,8,8,True,川AAH6T16,0.9621345491936569,-0.6948175332567814,True,川,baseline,0.3332634376709942,-1.098821997642517
fenqusai/test_photo/48_0283.jpg,0,2,False,blue,green,tractor_green,8,8,True,川AAH6T16,0.9621345491936569,-0.6948175332567814,True,川,baseline,0.3332634376709942,-1.098821997642517
fenqusai/test_photo/48_0283.jpg,0,3,False,blue,yellow,,7,7,True,川AAH6T1,0.019220162542799738,-71.13231753325678,True,川,baseline,0.3332634376709942,-1.098821997642517
fenqusai/test_photo/48_0283.jpg,0,4,False,blue,black,,7,7,True,川AAH6T1,0.019220162542799738,-71.13231753325678,True,川,baseline,0.3332634376709942,-1.098821997642517
fenqusai/test_photo/48_0283.jpg,0,5,False,blue,special_7,,7,7,True,川AAH6T1,0.019220162542799738,-71.13231753325678,True,川,baseline,0.3332634376709942,-1.098821997642517
fenqusai/test_photo/48_0283.jpg,0,6,False,blue,unknown_8,,8,8,True,川AAH6T16,0.9621345491936569,-0.6948175332567814,True,川,baseline,0.3332634376709942,-1.098821997642517
fenqusai/test_photo/48_0283.jpg,1,0,True,blue,blue,,7,7,True,川BJS012,0.9934865301805961,-0.11762595050811342,True,川,baseline,0.32404966988535056,-1.1268584728240967
fenqusai/test_photo/48_0283.jpg,1,1,False,blue,green,,8,7,False,川BJS012,0.9934865301805961,-0.11762595050811342,True,川,baseline,0.32404966988535056,-1.1268584728240967
fenqusai/test_photo/48_0283.jpg,1,2,False,blue,green,tractor_green,8,7,False,川BJS012,0.9934865301805961,-0.11762595050811342,True,川,baseline,0.32404966988535056,-1.1268584728240967
fenqusai/test_photo/48_0283.jpg,1,3,False,blue,yellow,,7,7,True,川BJS012,0.9934865301805961,-0.11762595050811342,True,川,baseline,0.32404966988535056,-1.1268584728240967
fenqusai/test_photo/48_0283.jpg,1,4,False,blue,black,,7,7,True,川BJS012,0.9934865301805961,-0.11762595050811342,True,川,baseline,0.32404966988535056,-1.1268584728240967
fenqusai/test_photo/48_0283.jpg,1,5,False,blue,special_7,,7,7,True,川BJS012,0.9934865301805961,-0.11762595050811342,True,川,baseline,0.32404966988535056,-1.1268584728240967
fenqusai/test_photo/48_0283.jpg,1,6,False,blue,unknown_8,,8,7,False,川BJS012,0.9934865301805961,-0.11762595050811342,True,川,baseline,0.32404966988535056,-1.1268584728240967
fenqusai/test_photo/48_0283.jpg,2,0,False,blue,blue,,7,7,True,川AA82MD,0.3443073366715042,-19.191970798463444,True,川,baseline,0.3323688117357832,-1.1015100479125977
fenqusai/test_photo/48_0283.jpg,2,1,True,blue,green,,8,8,True,川AA82MDD,0.9997516399085864,-0.004471036881994905,True,川,baseline,0.3323688117357832,-1.1015100479125977
fenqusai/test_photo/48_0283.jpg,2,2,False,blue,green,tractor_green,8,8,True,川AA82MDD,0.9997516399085864,-0.004471036881994905,True,川,baseline,0.3323688117357832,-1.1015100479125977
fenqusai/test_photo/48_0283.jpg,2,3,False,blue,yellow,,7,7,True,川AA82MD,0.3443073366715042,-19.191970798463444,True,川,baseline,0.3323688117357832,-1.1015100479125977
fenqusai/test_photo/48_0283.jpg,2,4,False,blue,black,,7,7,True,川AA82MD,0.3443073366715042,-19.191970798463444,True,川,baseline,0.3323688117357832,-1.1015100479125977
fenqusai/test_photo/48_0283.jpg,2,5,False,blue,special_7,,7,7,True,川AA82MD,0.3443073366715042,-19.191970798463444,True,川,baseline,0.3323688117357832,-1.1015100479125977
fenqusai/test_photo/48_0283.jpg,2,6,False,blue,unknown_8,,8,8,True,川AA82MDD,0.9997516399085864,-0.004471036881994905,True,川,baseline,0.3323688117357832,-1.1015100479125977
fenqusai/test_photo/49.jpg,0,0,True,blue,blue,,7,7,True,冀B44444,0.6642114756143823,-7.364784471137682,True,冀,baseline,0.09778029213185047,-2.3250322341918945
fenqusai/test_photo/49.jpg,0,1,False,blue,green,,8,6,False,冀B4444,0.9334415534935004,-1.2397847046668176,True,冀,baseline,0.09778029213185047,-2.3250322341918945
fenqusai/test_photo/49.jpg,0,2,False,blue,green,tractor_green,8,6,False,冀B4444,0.9334415534935004,-1.2397847046668176,True,冀,baseline,0.09778029213185047,-2.3250322341918945
fenqusai/test_photo/49.jpg,0,3,False,blue,yellow,,7,7,True,冀B44444,0.6642114756143823,-7.364784471137682,True,冀,baseline,0.09778029213185047,-2.3250322341918945
fenqusai/test_photo/49.jpg,0,4,False,blue,black,,7,7,True,冀B44444,0.6642114756143823,-7.364784471137682,True,冀,baseline,0.09778029213185047,-2.3250322341918945
fenqusai/test_photo/49.jpg,0,5,False,blue,special_7,,7,7,True,冀B44444,0.6642114756143823,-7.364784471137682,True,冀,baseline,0.09778029213185047,-2.3250322341918945
fenqusai/test_photo/49.jpg,0,6,False,blue,unknown_8,,8,6,False,冀B4444,0.9334415534935004,-1.2397847046668176,True,冀,baseline,0.09778029213185047,-2.3250322341918945
fenqusai/test_photo/55.jpg,0,0,True,blue,blue,,7,7,True,川WRW927,0.6922909545779993,-6.619481228488439,True,川,baseline,0.3169095340246293,-1.1491389274597168
fenqusai/test_photo/55.jpg,0,1,False,blue,green,,8,6,False,川WRW97,0.9830900917509257,-0.30698123826732626,True,川,baseline,0.3169095340246293,-1.1491389274597168
fenqusai/test_photo/55.jpg,0,2,False,blue,green,tractor_green,8,6,False,川WRW97,0.9830900917509257,-0.30698123826732626,True,川,baseline,0.3169095340246293,-1.1491389274597168
fenqusai/test_photo/55.jpg,0,3,False,blue,yellow,,7,7,True,川WRW927,0.6922909545779993,-6.619481228488439,True,川,baseline,0.3169095340246293,-1.1491389274597168
fenqusai/test_photo/55.jpg,0,4,False,blue,black,,7,7,True,川WRW927,0.6922909545779993,-6.619481228488439,True,川,baseline,0.3169095340246293,-1.1491389274597168
fenqusai/test_photo/55.jpg,0,5,False,blue,special_7,,7,7,True,川WRW927,0.6922909545779993,-6.619481228488439,True,川,baseline,0.3169095340246293,-1.1491389274597168
fenqusai/test_photo/55.jpg,0,6,False,blue,unknown_8,,8,6,False,川WRW97,0.9830900917509257,-0.30698123826732626,True,川,baseline,0.3169095340246293,-1.1491389274597168
fenqusai/test_photo/58.jpg,0,0,True,blue,blue,,7,7,True,粤E22602,0.9170424598644813,-1.5588270860925988,True,粤,baseline,0.09605842202343651,-2.3427987098693848
fenqusai/test_photo/58.jpg,0,1,False,blue,green,,8,8,True,粤E2Z2602,0.8644781209040674,-2.621327086092599,True,粤,baseline,0.09605842202343651,-2.3427987098693848
fenqusai/test_photo/58.jpg,0,2,False,blue,green,tractor_green,8,8,True,粤E2Z2602,0.8644781209040674,-2.621327086092599,True,粤,baseline,0.09605842202343651,-2.3427987098693848
fenqusai/test_photo/58.jpg,0,3,False,blue,yellow,,7,7,True,粤E22602,0.9170424598644813,-1.5588270860925988,True,粤,baseline,0.09605842202343651,-2.3427987098693848
fenqusai/test_photo/58.jpg,0,4,False,blue,black,,7,7,True,粤E22602,0.9170424598644813,-1.5588270860925988,True,粤,baseline,0.09605842202343651,-2.3427987098693848
fenqusai/test_photo/58.jpg,0,5,False,blue,special_7,,7,7,True,粤E22602,0.9170424598644813,-1.5588270860925988,True,粤,baseline,0.09605842202343651,-2.3427987098693848
fenqusai/test_photo/58.jpg,0,6,False,blue,unknown_8,,8,8,True,粤E2Z2602,0.8644781209040674,-2.621327086092599,True,粤,baseline,0.09605842202343651,-2.3427987098693848
fenqusai/test_photo/64_0236.jpg,0,0,True,blue,blue,,7,7,True,蒙A1QT20,0.8890955235654905,-2.115910775894008,True,蒙,baseline,0.31905130315800345,-1.1424033641815186
fenqusai/test_photo/64_0236.jpg,0,1,False,blue,green,,8,7,False,蒙A1QT20,0.8890955235654905,-2.115910775894008,True,蒙,baseline,0.31905130315800345,-1.1424033641815186
fenqusai/test_photo/64_0236.jpg,0,2,False,blue,green,tractor_green,8,7,False,蒙A1QT20,0.8890955235654905,-2.115910775894008,True,蒙,baseline,0.31905130315800345,-1.1424033641815186
fenqusai/test_photo/64_0236.jpg,0,3,False,blue,yellow,,7,7,True,蒙A1QT20,0.8890955235654905,-2.115910775894008,True,蒙,baseline,0.31905130315800345,-1.1424033641815186
fenqusai/test_photo/64_0236.jpg,0,4,False,blue,black,,7,7,True,蒙A1QT20,0.8890955235654905,-2.115910775894008,True,蒙,baseline,0.31905130315800345,-1.1424033641815186
fenqusai/test_photo/64_0236.jpg,0,5,False,blue,special_7,,7,7,True,蒙A1QT20,0.8890955235654905,-2.115910775894008,True,蒙,baseline,0.31905130315800345,-1.1424033641815186
fenqusai/test_photo/64_0236.jpg,0,6,False,blue,unknown_8,,8,7,False,蒙A1QT20,0.8890955235654905,-2.115910775894008,True,蒙,baseline,0.31905130315800345,-1.1424033641815186
fenqusai/test_photo/64_0236.jpg,1,0,True,yellow,yellow,,7,7,True,川E63893,0.834966390236237,-3.246548510798476,True,川,baseline,0.018351665345597165,-3.998034954071045
fenqusai/test_photo/64_0236.jpg,1,1,False,yellow,blue,,7,7,True,川E63893,0.834966390236237,-3.246548510798476,True,川,baseline,0.018351665345597165,-3.998034954071045
fenqusai/test_photo/64_0236.jpg,1,2,False,yellow,green,,8,8,True,川ME63893,0.7117090964853381,-6.121548421391509,True,川,baseline,0.018351665345597165,-3.998034954071045
fenqusai/test_photo/64_0236.jpg,1,3,False,yellow,green,tractor_green,8,8,True,川ME63893,0.7117090964853381,-6.121548421391509,True,川,baseline,0.018351665345597165,-3.998034954071045
fenqusai/test_photo/64_0236.jpg,1,4,False,yellow,black,,7,7,True,川E63893,0.834966390236237,-3.246548510798476,True,川,baseline,0.018351665345597165,-3.998034954071045
fenqusai/test_photo/64_0236.jpg,1,5,False,yellow,special_7,,7,7,True,川E63893,0.834966390236237,-3.246548510798476,True,川,baseline,0.018351665345597165,-3.998034954071045
fenqusai/test_photo/64_0236.jpg,1,6,False,yellow,unknown_8,,8,8,True,川ME63893,0.7117090964853381,-6.121548421391509,True,川,baseline,0.018351665345597165,-3.998034954071045
fenqusai/test_photo/64_0236.jpg,2,0,False,blue,blue,,7,7,True,皖L18671,0.25460597261857376,-24.624686417439506,True,皖,baseline,0.2681292318648657,-1.3162862062454224
fenqusai/test_photo/64_0236.jpg,2,1,False,blue,green,,8,6,False,皖J8671,0.271497594598152,-23.46843598780876,True,皖,baseline,0.2681292318648657,-1.3162862062454224
fenqusai/test_photo/64_0236.jpg,2,2,False,blue,green,tractor_green,8,6,False,皖J8671,0.271497594598152,-23.46843598780876,True,皖,baseline,0.2681292318648657,-1.3162862062454224
fenqusai/test_photo/64_0236.jpg,2,3,False,blue,yellow,,7,7,True,皖L18671,0.25460597261857376,-24.624686417439506,True,皖,baseline,0.2681292318648657,-1.3162862062454224
fenqusai/test_photo/64_0236.jpg,2,4,False,blue,black,,7,7,True,皖L18671,0.25460597261857376,-24.624686417439506,True,皖,baseline,0.2681292318648657,-1.3162862062454224
fenqusai/test_photo/64_0236.jpg,2,5,True,blue,special_7,,7,7,True,皖18W671,0.5089885246423204,-12.155936536670168,True,皖,baseline,0.2681292318648657,-1.3162862062454224
fenqusai/test_photo/64_0236.jpg,2,6,False,blue,unknown_8,,8,6,False,皖J8671,0.271497594598152,-23.46843598780876,True,皖,baseline,0.2681292318648657,-1.3162862062454224
fenqusai/test_photo/64_0833.jpg,0,0,True,yellow,yellow,,7,7,True,吉B19210,0.754994440420625,-5.058808081947284,True,吉,baseline,0.002538794003396133,-5.9760661125183105
fenqusai/test_photo/64_0833.jpg,0,1,False,yellow,blue,,7,7,True,吉B19210,0.754994440420625,-5.058808081947284,True,吉,baseline,0.002538794003396133,-5.9760661125183105
fenqusai/test_photo/64_0833.jpg,0,2,False,yellow,green,,8,8,True,吉B192Z10,0.5679243126829391,-10.183808186255412,True,吉,baseline,0.002538794003396133,-5.9760661125183105
fenqusai/test_photo/64_0833.jpg,0,3,False,yellow,green,tractor_green,8,8,True,吉B192Z10,0.5679243126829391,-10.183808186255412,True,吉,baseline,0.002538794003396133,-5.9760661125183105
fenqusai/test_photo/64_0833.jpg,0,4,False,yellow,black,,7,7,True,吉B19210,0.754994440420625,-5.058808081947284,True,吉,baseline,0.002538794003396133,-5.9760661125183105
fenqusai/test_photo/64_0833.jpg,0,5,False,yellow,special_7,,7,7,True,吉B19210,0.754994440420625,-5.058808081947284,True,吉,baseline,0.002538794003396133,-5.9760661125183105
fenqusai/test_photo/64_0833.jpg,0,6,False,yellow,unknown_8,,8,8,True,吉B192Z10,0.5679243126829391,-10.183808186255412,True,吉,baseline,0.002538794003396133,-5.9760661125183105
fenqusai/test_photo/64_0833.jpg,1,0,True,blue,blue,,7,7,True,川A6P2V8,0.9981962613671027,-0.03249661190784536,True,川,baseline,0.33333332672197086,-1.0986123085021973
fenqusai/test_photo/64_0833.jpg,1,1,False,blue,green,,8,8,True,川A6P21V8,0.5512563251901741,-10.719996804342372,True,川,baseline,0.33333332672197086,-1.0986123085021973
fenqusai/test_photo/64_0833.jpg,1,2,False,blue,green,tractor_green,8,8,True,川A6P21V8,0.5512563251901741,-10.719996804342372,True,川,baseline,0.33333332672197086,-1.0986123085021973
fenqusai/test_photo/64_0833.jpg,1,3,False,blue,yellow,,7,7,True,川A6P2V8,0.9981962613671027,-0.03249661190784536,True,川,baseline,0.33333332672197086,-1.0986123085021973
fenqusai/test_photo/64_0833.jpg,1,4,False,blue,black,,7,7,True,川A6P2V8,0.9981962613671027,-0.03249661190784536,True,川,baseline,0.33333332672197086,-1.0986123085021973
fenqusai/test_photo/64_0833.jpg,1,5,False,blue,special_7,,7,7,True,川A6P2V8,0.9981962613671027,-0.03249661190784536,True,川,baseline,0.33333332672197086,-1.0986123085021973
fenqusai/test_photo/64_0833.jpg,1,6,False,blue,unknown_8,,8,8,True,川A6P21V8,0.5512563251901741,-10.719996804342372,True,川,baseline,0.33333332672197086,-1.0986123085021973
fenqusai/test_photo/64_0833.jpg,2,0,True,blue,blue,,7,7,True,川A09Y3B,0.9999982052530894,-3.230547338262113e-05,True,川,baseline,0.33332899547934286,-1.0986253023147583
fenqusai/test_photo/64_0833.jpg,2,1,False,blue,green,,8,7,False,川A09Y3B,0.9999982052530894,-3.230547338262113e-05,True,川,baseline,0.33332899547934286,-1.0986253023147583
fenqusai/test_photo/64_0833.jpg,2,2,False,blue,green,tractor_green,8,7,False,川A09Y3B,0.9999982052530894,-3.230547338262113e-05,True,川,baseline,0.33332899547934286,-1.0986253023147583
fenqusai/test_photo/64_0833.jpg,2,3,False,blue,yellow,,7,7,True,川A09Y3B,0.9999982052530894,-3.230547338262113e-05,True,川,baseline,0.33332899547934286,-1.0986253023147583
fenqusai/test_photo/64_0833.jpg,2,4,False,blue,black,,7,7,True,川A09Y3B,0.9999982052530894,-3.230547338262113e-05,True,川,baseline,0.33332899547934286,-1.0986253023147583
fenqusai/test_photo/64_0833.jpg,2,5,False,blue,special_7,,7,7,True,川A09Y3B,0.9999982052530894,-3.230547338262113e-05,True,川,baseline,0.33332899547934286,-1.0986253023147583
fenqusai/test_photo/64_0833.jpg,2,6,False,blue,unknown_8,,8,7,False,川A09Y3B,0.9999982052530894,-3.230547338262113e-05,True,川,baseline,0.33332899547934286,-1.0986253023147583
fenqusai/test_photo/653.jpg,0,0,True,blue,blue,,7,7,True,云AG9710,0.9491011780066807,-0.9403176719442783,True,云,baseline,0.13027873306089674,-2.038079023361206
fenqusai/test_photo/653.jpg,0,1,False,blue,green,,8,7,False,云AG9710,0.9491011780066807,-0.9403176719442783,True,云,baseline,0.13027873306089674,-2.038079023361206
fenqusai/test_photo/653.jpg,0,2,False,blue,green,tractor_green,8,7,False,云AG9710,0.9491011780066807,-0.9403176719442783,True,云,baseline,0.13027873306089674,-2.038079023361206
fenqusai/test_photo/653.jpg,0,3,False,blue,yellow,,7,7,True,云AG9710,0.9491011780066807,-0.9403176719442783,True,云,baseline,0.13027873306089674,-2.038079023361206
fenqusai/test_photo/653.jpg,0,4,False,blue,black,,7,7,True,云AG9710,0.9491011780066807,-0.9403176719442783,True,云,baseline,0.13027873306089674,-2.038079023361206
fenqusai/test_photo/653.jpg,0,5,False,blue,special_7,,7,7,True,云AG9710,0.9491011780066807,-0.9403176719442783,True,云,baseline,0.13027873306089674,-2.038079023361206
fenqusai/test_photo/653.jpg,0,6,False,blue,unknown_8,,8,7,False,云AG9710,0.9491011780066807,-0.9403176719442783,True,云,baseline,0.13027873306089674,-2.038079023361206
fenqusai/test_photo/655.jpg,0,0,True,blue,blue,,7,7,True,青A70M53,0.9337705586525982,-1.2334414586193816,True,青,baseline,0.2125589191967856,-1.5485360622406006
fenqusai/test_photo/655.jpg,0,1,False,blue,green,,8,7,False,青A70M53,0.9337705586525982,-1.2334414586193816,True,青,baseline,0.2125589191967856,-1.5485360622406006
fenqusai/test_photo/655.jpg,0,2,False,blue,green,tractor_green,8,7,False,青A70M53,0.9337705586525982,-1.2334414586193816,True,青,baseline,0.2125589191967856,-1.5485360622406006
fenqusai/test_photo/655.jpg,0,3,False,blue,yellow,,7,7,True,青A70M53,0.9337705586525982,-1.2334414586193816,True,青,baseline,0.2125589191967856,-1.5485360622406006
fenqusai/test_photo/655.jpg,0,4,False,blue,black,,7,7,True,青A70M53,0.9337705586525982,-1.2334414586193816,True,青,baseline,0.2125589191967856,-1.5485360622406006
fenqusai/test_photo/655.jpg,0,5,False,blue,special_7,,7,7,True,青A70M53,0.9337705586525982,-1.2334414586193816,True,青,baseline,0.2125589191967856,-1.5485360622406006
fenqusai/test_photo/655.jpg,0,6,False,blue,unknown_8,,8,7,False,青A70M53,0.9337705586525982,-1.2334414586193816,True,青,baseline,0.2125589191967856,-1.5485360622406006
fenqusai/test_photo/657.jpg,0,0,True,blue,blue,,7,7,True,蒙D8880D,0.514436460315585,-11.964298126741596,True,蒙,baseline,0.5061852690271175,-0.6808525323867798
fenqusai/test_photo/657.jpg,0,1,False,blue,green,,8,8,True,蒙CD8880D,0.3698919571024441,-17.901797828718372,True,蒙,baseline,0.5061852690271175,-0.6808525323867798
fenqusai/test_photo/657.jpg,0,2,False,blue,green,tractor_green,8,8,True,蒙CD8880D,0.3698919571024441,-17.901797828718372,True,蒙,baseline,0.5061852690271175,-0.6808525323867798
fenqusai/test_photo/657.jpg,0,3,False,blue,yellow,,7,7,True,蒙D8880D,0.514436460315585,-11.964298126741596,True,蒙,baseline,0.5061852690271175,-0.6808525323867798
fenqusai/test_photo/657.jpg,0,4,False,blue,black,,7,7,True,蒙D8880D,0.514436460315585,-11.964298126741596,True,蒙,baseline,0.5061852690271175,-0.6808525323867798
fenqusai/test_photo/657.jpg,0,5,False,blue,special_7,,7,7,True,蒙D8880D,0.514436460315585,-11.964298126741596,True,蒙,baseline,0.5061852690271175,-0.6808525323867798
fenqusai/test_photo/657.jpg,0,6,False,blue,unknown_8,,8,8,True,蒙CD8880D,0.3698919571024441,-17.901797828718372,True,蒙,baseline,0.5061852690271175,-0.6808525323867798
fenqusai/test_photo/667.jpg,0,0,True,blue,blue,,7,7,True,青G04444,0.9987338973889183,-0.02280428633093834,True,青,baseline,0.3278802525126583,-1.1151068210601807
fenqusai/test_photo/667.jpg,0,1,False,blue,green,,8,7,False,青G04444,0.9987338973889183,-0.02280428633093834,True,青,baseline,0.3278802525126583,-1.1151068210601807
fenqusai/test_photo/667.jpg,0,2,False,blue,green,tractor_green,8,7,False,青G04444,0.9987338973889183,-0.02280428633093834,True,青,baseline,0.3278802525126583,-1.1151068210601807
fenqusai/test_photo/667.jpg,0,3,False,blue,yellow,,7,7,True,青G04444,0.9987338973889183,-0.02280428633093834,True,青,baseline,0.3278802525126583,-1.1151068210601807
fenqusai/test_photo/667.jpg,0,4,False,blue,black,,7,7,True,青G04444,0.9987338973889183,-0.02280428633093834,True,青,baseline,0.3278802525126583,-1.1151068210601807
fenqusai/test_photo/667.jpg,0,5,False,blue,special_7,,7,7,True,青G04444,0.9987338973889183,-0.02280428633093834,True,青,baseline,0.3278802525126583,-1.1151068210601807
fenqusai/test_photo/667.jpg,0,6,False,blue,unknown_8,,8,7,False,青G04444,0.9987338973889183,-0.02280428633093834,True,青,baseline,0.3278802525126583,-1.1151068210601807
fenqusai/test_photo/668.jpg,0,0,True,unknown_7,blue,,7,7,True,浙B0X288,0.987580374090975,-0.22495309261984175,True,浙,baseline,0.29254505611019943,-1.22913658618927
fenqusai/test_photo/668.jpg,0,1,False,unknown_7,green,,8,8,True,浙BD0X288,0.5035317527644562,-12.349953085169261,True,浙,baseline,0.29254505611019943,-1.22913658618927
fenqusai/test_photo/668.jpg,0,2,False,unknown_7,green,tractor_green,8,8,True,浙BD0X288,0.5035317527644562,-12.349953085169261,True,浙,baseline,0.29254505611019943,-1.22913658618927
fenqusai/test_photo/668.jpg,0,3,False,unknown_7,yellow,,7,7,True,浙B0X288,0.987580374090975,-0.22495309261984175,True,浙,baseline,0.29254505611019943,-1.22913658618927
fenqusai/test_photo/668.jpg,0,4,False,unknown_7,black,,7,7,True,浙B0X288,0.987580374090975,-0.22495309261984175,True,浙,baseline,0.29254505611019943,-1.22913658618927
fenqusai/test_photo/668.jpg,0,5,False,unknown_7,special_7,,7,7,True,浙B0X288,0.987580374090975,-0.22495309261984175,True,浙,baseline,0.29254505611019943,-1.22913658618927
fenqusai/test_photo/668.jpg,0,6,False,unknown_7,unknown_8,,8,8,True,浙BD0X288,0.5035317527644562,-12.349953085169261,True,浙,baseline,0.29254505611019943,-1.22913658618927
fenqusai/test_photo/673.jpg,0,0,True,blue,blue,,7,7,True,闽F43795,0.9995686880740332,-0.007765289418777854,True,闽,baseline,0.3307678132859236,-1.106338620185852
fenqusai/test_photo/673.jpg,0,1,False,blue,green,,8,7,False,闽F43795,0.9995686880740332,-0.007765289418777854,True,闽,baseline,0.3307678132859236,-1.106338620185852
fenqusai/test_photo/673.jpg,0,2,False,blue,green,tractor_green,8,7,False,闽F43795,0.9995686880740332,-0.007765289418777854,True,闽,baseline,0.3307678132859236,-1.106338620185852
fenqusai/test_photo/673.jpg,0,3,False,blue,yellow,,7,7,True,闽F43795,0.9995686880740332,-0.007765289418777854,True,闽,baseline,0.3307678132859236,-1.106338620185852
fenqusai/test_photo/673.jpg,0,4,False,blue,black,,7,7,True,闽F43795,0.9995686880740332,-0.007765289418777854,True,闽,baseline,0.3307678132859236,-1.106338620185852
fenqusai/test_photo/673.jpg,0,5,False,blue,special_7,,7,7,True,闽F43795,0.9995686880740332,-0.007765289418777854,True,闽,baseline,0.3307678132859236,-1.106338620185852
fenqusai/test_photo/673.jpg,0,6,False,blue,unknown_8,,8,7,False,闽F43795,0.9995686880740332,-0.007765289418777854,True,闽,baseline,0.3307678132859236,-1.106338620185852
fenqusai/test_photo/675.jpg,0,0,True,blue,blue,,7,7,True,晋AV66D0,0.9104248790967421,-1.6891899899196687,True,晋,baseline,0.07449047266913858,-2.5970840454101562
fenqusai/test_photo/675.jpg,0,1,False,blue,green,,8,7,False,晋AV66D0,0.9104248790967421,-1.6891899899196687,True,晋,baseline,0.07449047266913858,-2.5970840454101562
fenqusai/test_photo/675.jpg,0,2,False,blue,green,tractor_green,8,7,False,晋AV66D0,0.9104248790967421,-1.6891899899196687,True,晋,baseline,0.07449047266913858,-2.5970840454101562
fenqusai/test_photo/675.jpg,0,3,False,blue,yellow,,7,7,True,晋AV66D0,0.9104248790967421,-1.6891899899196687,True,晋,baseline,0.07449047266913858,-2.5970840454101562
fenqusai/test_photo/675.jpg,0,4,False,blue,black,,7,7,True,晋AV66D0,0.9104248790967421,-1.6891899899196687,True,晋,baseline,0.07449047266913858,-2.5970840454101562
fenqusai/test_photo/675.jpg,0,5,False,blue,special_7,,7,7,True,晋AV66D0,0.9104248790967421,-1.6891899899196687,True,晋,baseline,0.07449047266913858,-2.5970840454101562
fenqusai/test_photo/675.jpg,0,6,False,blue,unknown_8,,8,7,False,晋AV66D0,0.9104248790967421,-1.6891899899196687,True,晋,baseline,0.07449047266913858,-2.5970840454101562
fenqusai/test_photo/677.jpg,0,0,True,unknown_7,blue,,7,7,True,皖A0BTA5,0.9771387518726656,-0.41627913713249853,True,皖,baseline,0.33333332672197086,-1.0986123085021973
fenqusai/test_photo/677.jpg,0,1,False,unknown_7,green,,8,7,False,皖A0BTA5,0.9771387518726656,-0.41627913713249853,True,皖,baseline,0.33333332672197086,-1.0986123085021973
fenqusai/test_photo/677.jpg,0,2,False,unknown_7,green,tractor_green,8,7,False,皖A0BTA5,0.9771387518726656,-0.41627913713249853,True,皖,baseline,0.33333332672197086,-1.0986123085021973
fenqusai/test_photo/677.jpg,0,3,False,unknown_7,yellow,,7,7,True,皖A0BTA5,0.9771387518726656,-0.41627913713249853,True,皖,baseline,0.33333332672197086,-1.0986123085021973
fenqusai/test_photo/677.jpg,0,4,False,unknown_7,black,,7,7,True,皖A0BTA5,0.9771387518726656,-0.41627913713249853,True,皖,baseline,0.33333332672197086,-1.0986123085021973
fenqusai/test_photo/677.jpg,0,5,False,unknown_7,special_7,,7,7,True,皖A0BTA5,0.9771387518726656,-0.41627913713249853,True,皖,baseline,0.33333332672197086,-1.0986123085021973
fenqusai/test_photo/677.jpg,0,6,False,unknown_7,unknown_8,,8,7,False,皖A0BTA5,0.9771387518726656,-0.41627913713249853,True,皖,baseline,0.33333332672197086,-1.0986123085021973
fenqusai/test_photo/678.jpg,0,0,True,blue,blue,,7,7,True,京R56789,0.962587734067679,-0.6863411645317115,True,京,baseline,0.16781665065052906,-1.7848832607269287
fenqusai/test_photo/678.jpg,0,1,False,blue,green,,8,7,False,京R56789,0.962587734067679,-0.6863411645317115,True,京,baseline,0.16781665065052906,-1.7848832607269287
fenqusai/test_photo/678.jpg,0,2,False,blue,green,tractor_green,8,7,False,京R56789,0.962587734067679,-0.6863411645317115,True,京,baseline,0.16781665065052906,-1.7848832607269287
fenqusai/test_photo/678.jpg,0,3,False,blue,yellow,,7,7,True,京R56789,0.962587734067679,-0.6863411645317115,True,京,baseline,0.16781665065052906,-1.7848832607269287
fenqusai/test_photo/678.jpg,0,4,False,blue,black,,7,7,True,京R56789,0.962587734067679,-0.6863411645317115,True,京,baseline,0.16781665065052906,-1.7848832607269287
fenqusai/test_photo/678.jpg,0,5,False,blue,special_7,,7,7,True,京R56789,0.962587734067679,-0.6863411645317115,True,京,baseline,0.16781665065052906,-1.7848832607269287
fenqusai/test_photo/678.jpg,0,6,False,blue,unknown_8,,8,7,False,京R56789,0.962587734067679,-0.6863411645317115,True,京,baseline,0.16781665065052906,-1.7848832607269287
fenqusai/test_photo/680.jpg,0,0,True,blue,blue,,7,7,True,川AD19KA,0.991809333041894,-0.14803910578439172,True,川,baseline,0.29359805168848135,-1.2255436182022095
fenqusai/test_photo/680.jpg,0,1,False,blue,green,,8,7,False,川AD19KA,0.991809333041894,-0.14803910578439172,True,川,baseline,0.29359805168848135,-1.2255436182022095
fenqusai/test_photo/680.jpg,0,2,False,blue,green,tractor_green,8,7,False,川AD19KA,0.991809333041894,-0.14803910578439172,True,川,baseline,0.29359805168848135,-1.2255436182022095
fenqusai/test_photo/680.jpg,0,3,False,blue,yellow,,7,7,True,川AD19KA,0.991809333041894,-0.14803910578439172,True,川,baseline,0.29359805168848135,-1.2255436182022095
fenqusai/test_photo/680.jpg,0,4,False,blue,black,,7,7,True,川AD19KA,0.991809333041894,-0.14803910578439172,True,川,baseline,0.29359805168848135,-1.2255436182022095
fenqusai/test_photo/680.jpg,0,5,False,blue,special_7,,7,7,True,川AD19KA,0.991809333041894,-0.14803910578439172,True,川,baseline,0.29359805168848135,-1.2255436182022095
fenqusai/test_photo/680.jpg,0,6,False,blue,unknown_8,,8,7,False,川AD19KA,0.991809333041894,-0.14803910578439172,True,川,baseline,0.29359805168848135,-1.2255436182022095
fenqusai/test_photo/681.jpg,0,0,True,blue,blue,,7,6,False,藏E71A0,0.9423783979501809,-1.0682709970747837,True,藏,baseline,0.2159115372128522,-1.5328865051269531
fenqusai/test_photo/681.jpg,0,1,False,blue,green,,8,6,False,藏E71A0,0.9423783979501809,-1.0682709970747837,True,藏,baseline,0.2159115372128522,-1.5328865051269531
fenqusai/test_photo/681.jpg,0,2,False,blue,green,tractor_green,8,6,False,藏E71A0,0.9423783979501809,-1.0682709970747837,True,藏,baseline,0.2159115372128522,-1.5328865051269531
fenqusai/test_photo/681.jpg,0,3,False,blue,yellow,,7,6,False,藏E71A0,0.9423783979501809,-1.0682709970747837,True,藏,baseline,0.2159115372128522,-1.5328865051269531
fenqusai/test_photo/681.jpg,0,4,False,blue,black,,7,6,False,藏E71A0,0.9423783979501809,-1.0682709970747837,True,藏,baseline,0.2159115372128522,-1.5328865051269531
fenqusai/test_photo/681.jpg,0,5,False,blue,special_7,,7,6,False,藏E71A0,0.9423783979501809,-1.0682709970747837,True,藏,baseline,0.2159115372128522,-1.5328865051269531
fenqusai/test_photo/681.jpg,0,6,False,blue,unknown_8,,8,6,False,藏E71A0,0.9423783979501809,-1.0682709970747837,True,藏,baseline,0.2159115372128522,-1.5328865051269531
fenqusai/test_photo/684.jpg,0,0,True,blue,blue,,7,7,True,浙CC6586,0.9999926225018294,-0.00013279545692057582,True,浙,baseline,0.33333332672197086,-1.0986123085021973
fenqusai/test_photo/684.jpg,0,1,False,blue,green,,8,8,True,浙CC65686,0.29559725459307706,-21.93763279545692,True,浙,baseline,0.33333332672197086,-1.0986123085021973
fenqusai/test_photo/684.jpg,0,2,False,blue,green,tractor_green,8,8,True,浙CC65686,0.29559725459307706,-21.93763279545692,True,浙,baseline,0.33333332672197086,-1.0986123085021973
fenqusai/test_photo/684.jpg,0,3,False,blue,yellow,,7,7,True,浙CC6586,0.9999926225018294,-0.00013279545692057582,True,浙,baseline,0.33333332672197086,-1.0986123085021973
fenqusai/test_photo/684.jpg,0,4,False,blue,black,,7,7,True,浙CC6586,0.9999926225018294,-0.00013279545692057582,True,浙,baseline,0.33333332672197086,-1.0986123085021973
fenqusai/test_photo/684.jpg,0,5,False,blue,special_7,,7,7,True,浙CC6586,0.9999926225018294,-0.00013279545692057582,True,浙,baseline,0.33333332672197086,-1.0986123085021973
fenqusai/test_photo/684.jpg,0,6,False,blue,unknown_8,,8,8,True,浙CC65686,0.29559725459307706,-21.93763279545692,True,浙,baseline,0.33333332672197086,-1.0986123085021973
fenqusai/test_photo/686.jpg,0,0,True,blue,blue,,7,7,True,京P9WH18,0.9998785333833072,-0.0021865318984737314,True,京,baseline,0.33333332672197086,-1.0986123085021973
fenqusai/test_photo/686.jpg,0,1,False,blue,green,,8,7,False,京P9WH18,0.9998785333833072,-0.0021865318984737314,True,京,baseline,0.33333332672197086,-1.0986123085021973
fenqusai/test_photo/686.jpg,0,2,False,blue,green,tractor_green,8,7,False,京P9WH18,0.9998785333833072,-0.0021865318984737314,True,京,baseline,0.33333332672197086,-1.0986123085021973
fenqusai/test_photo/686.jpg,0,3,False,blue,yellow,,7,7,True,京P9WH18,0.9998785333833072,-0.0021865318984737314,True,京,baseline,0.33333332672197086,-1.0986123085021973
fenqusai/test_photo/686.jpg,0,4,False,blue,black,,7,7,True,京P9WH18,0.9998785333833072,-0.0021865318984737314,True,京,baseline,0.33333332672197086,-1.0986123085021973
fenqusai/test_photo/686.jpg,0,5,False,blue,special_7,,7,7,True,京P9WH18,0.9998785333833072,-0.0021865318984737314,True,京,baseline,0.33333332672197086,-1.0986123085021973
fenqusai/test_photo/686.jpg,0,6,False,blue,unknown_8,,8,7,False,京P9WH18,0.9998785333833072,-0.0021865318984737314,True,京,baseline,0.33333332672197086,-1.0986123085021973
fenqusai/test_photo/687.jpg,0,0,False,blue,blue,,7,7,True,京A9826N,0.3094553223868146,-21.112947925914618,True,京,baseline,0.2616128724784137,-1.3408894538879395
fenqusai/test_photo/687.jpg,0,1,False,blue,green,,8,7,False,京A9826N,0.3094553223868146,-21.112947925914618,True,京,baseline,0.2616128724784137,-1.3408894538879395
fenqusai/test_photo/687.jpg,0,2,False,blue,green,tractor_green,8,7,False,京A9826N,0.3094553223868146,-21.112947925914618,True,京,baseline,0.2616128724784137,-1.3408894538879395
fenqusai/test_photo/687.jpg,0,3,False,blue,yellow,,7,7,True,京A9826N,0.3094553223868146,-21.112947925914618,True,京,baseline,0.2616128724784137,-1.3408894538879395
fenqusai/test_photo/687.jpg,0,4,False,blue,black,,7,7,True,京A9826N,0.3094553223868146,-21.112947925914618,True,京,baseline,0.2616128724784137,-1.3408894538879395
fenqusai/test_photo/687.jpg,0,5,True,blue,special_7,,7,7,True,京79826N,0.8678889121351466,-2.5504479706181016,True,京,baseline,0.2616128724784137,-1.3408894538879395
fenqusai/test_photo/687.jpg,0,6,False,blue,unknown_8,,8,7,False,京A9826N,0.3094553223868146,-21.112947925914618,True,京,baseline,0.2616128724784137,-1.3408894538879395
fenqusai/test_photo/690.jpg,0,0,False,blue,blue,,7,7,True,川AY607E,0.830855598838589,-3.3353868090604237,True,川,baseline,0.33322220245690565,-1.0989457368850708
fenqusai/test_photo/690.jpg,0,1,True,blue,green,,8,8,True,川AAY607E,0.9815399197761709,-0.3353866898511342,True,川,baseline,0.33322220245690565,-1.0989457368850708
fenqusai/test_photo/690.jpg,0,2,False,blue,green,tractor_green,8,8,True,川AAY607E,0.9815399197761709,-0.3353866898511342,True,川,baseline,0.33322220245690565,-1.0989457368850708
fenqusai/test_photo/690.jpg,0,3,False,blue,yellow,,7,7,True,川AY607E,0.830855598838589,-3.3353868090604237,True,川,baseline,0.33322220245690565,-1.0989457368850708
fenqusai/test_photo/690.jpg,0,4,False,blue,black,,7,7,True,川AY607E,0.830855598838589,-3.3353868090604237,True,川,baseline,0.33322220245690565,-1.0989457368850708
fenqusai/test_photo/690.jpg,0,5,False,blue,special_7,,7,7,True,川AY607E,0.830855598838589,-3.3353868090604237,True,川,baseline,0.33322220245690565,-1.0989457368850708
fenqusai/test_photo/690.jpg,0,6,False,blue,unknown_8,,8,8,True,川AAY607E,0.9815399197761709,-0.3353866898511342,True,川,baseline,0.33322220245690565,-1.0989457368850708
fenqusai/test_photo/691.jpg,0,0,True,blue,blue,,7,7,True,闽AAS999,0.5312946858496923,-11.383892059326172,True,闽,0,3.7924288333907873e-06,-12.482503890991211
fenqusai/test_photo/691.jpg,0,1,False,blue,green,,8,8,True,川TAAS999,0.20323832625396127,-28.68076741695404,True,川,baseline,3.7924288333907873e-06,-13.232503890991211
fenqusai/test_photo/691.jpg,0,2,False,blue,green,tractor_green,8,8,True,川TAAS999,0.20323832625396127,-28.68076741695404,True,川,baseline,3.7924288333907873e-06,-13.232503890991211
fenqusai/test_photo/691.jpg,0,3,False,blue,yellow,,7,7,True,闽AAS999,0.5312946858496923,-11.383892059326172,True,闽,0,3.7924288333907873e-06,-12.482503890991211
fenqusai/test_photo/691.jpg,0,4,False,blue,black,,7,7,True,闽AAS999,0.5312946858496923,-11.383892059326172,True,闽,0,3.7924288333907873e-06,-12.482503890991211
fenqusai/test_photo/691.jpg,0,5,False,blue,special_7,,7,7,True,闽AAS999,0.5312946858496923,-11.383892059326172,True,闽,0,3.7924288333907873e-06,-12.482503890991211
fenqusai/test_photo/691.jpg,0,6,False,blue,unknown_8,,8,8,True,川TAAS999,0.20323832625396127,-28.68076741695404,True,川,baseline,3.7924288333907873e-06,-13.232503890991211
fenqusai/test_photo/696.jpg,0,0,True,blue,blue,,7,7,True,鄂N77777,0.9985040304243816,-0.0269476137956417,True,鄂,baseline,0.3244725935145155,-1.1255542039871216
fenqusai/test_photo/696.jpg,0,1,False,blue,green,,8,7,False,鄂N77777,0.9985040304243816,-0.0269476137956417,True,鄂,baseline,0.3244725935145155,-1.1255542039871216
fenqusai/test_photo/696.jpg,0,2,False,blue,green,tractor_green,8,7,False,鄂N77777,0.9985040304243816,-0.0269476137956417,True,鄂,baseline,0.3244725935145155,-1.1255542039871216
fenqusai/test_photo/696.jpg,0,3,False,blue,yellow,,7,7,True,鄂N77777,0.9985040304243816,-0.0269476137956417,True,鄂,baseline,0.3244725935145155,-1.1255542039871216
fenqusai/test_photo/696.jpg,0,4,False,blue,black,,7,7,True,鄂N77777,0.9985040304243816,-0.0269476137956417,True,鄂,baseline,0.3244725935145155,-1.1255542039871216
fenqusai/test_photo/696.jpg,0,5,False,blue,special_7,,7,7,True,鄂N77777,0.9985040304243816,-0.0269476137956417,True,鄂,baseline,0.3244725935145155,-1.1255542039871216
fenqusai/test_photo/696.jpg,0,6,False,blue,unknown_8,,8,7,False,鄂N77777,0.9985040304243816,-0.0269476137956417,True,鄂,baseline,0.3244725935145155,-1.1255542039871216
fenqusai/test_photo/716.jpg,0,0,True,black,black,,7,7,True,川B9199领,0.647426477278571,-7.825500728281774,True,川,0,0.00028023926809914493,-8.179866790771484
fenqusai/test_photo/716.jpg,0,1,False,black,blue,,7,7,True,川B91999,0.6145694257509203,-8.76300078788642,True,川,0,0.00028023926809914493,-8.179866790771484
fenqusai/test_photo/716.jpg,0,2,False,black,green,,8,8,True,川LB91999,0.31994340810721134,-20.513000672875357,True,川,0,0.00028023926809914493,-8.179866790771484
fenqusai/test_photo/716.jpg,0,3,False,black,green,tractor_green,8,8,True,川LB91999,0.31994340810721134,-20.513000672875357,True,川,0,0.00028023926809914493,-8.179866790771484
fenqusai/test_photo/716.jpg,0,4,False,black,yellow,,7,7,True,川B91999,0.6145694257509203,-8.76300078788642,True,川,0,0.00028023926809914493,-8.179866790771484
fenqusai/test_photo/716.jpg,0,5,False,black,special_7,,7,7,True,川B9199领,0.647426477278571,-7.825500728281774,True,川,0,0.00028023926809914493,-8.179866790771484
fenqusai/test_photo/716.jpg,0,6,False,black,unknown_8,,8,8,True,川LB91999,0.31994340810721134,-20.513000672875357,True,川,0,0.00028023926809914493,-8.179866790771484
fenqusai/test_photo/847.jpg,0,0,True,yellow,yellow,,7,7,True,沪B87057,0.47391402156275036,-13.441128531267168,True,沪,0,4.864466828985812e-07,-14.536138534545898
fenqusai/test_photo/847.jpg,0,1,False,yellow,blue,,7,7,True,沪B87057,0.47391402156275036,-13.441128531267168,True,沪,0,4.864466828985812e-07,-14.536138534545898
fenqusai/test_photo/847.jpg,0,2,False,yellow,green,,8,7,False,沪B87057,0.47391402156275036,-13.441128531267168,True,沪,0,4.864466828985812e-07,-14.536138534545898
fenqusai/test_photo/847.jpg,0,3,False,yellow,green,tractor_green,8,7,False,沪B87057,0.47391402156275036,-13.441128531267168,True,沪,0,4.864466828985812e-07,-14.536138534545898
fenqusai/test_photo/847.jpg,0,4,False,yellow,black,,7,7,True,沪B87057,0.47391402156275036,-13.441128531267168,True,沪,0,4.864466828985812e-07,-14.536138534545898
fenqusai/test_photo/847.jpg,0,5,False,yellow,special_7,,7,7,True,沪B87057,0.47391402156275036,-13.441128531267168,True,沪,0,4.864466828985812e-07,-14.536138534545898
fenqusai/test_photo/847.jpg,0,6,False,yellow,unknown_8,,8,7,False,沪B87057,0.47391402156275036,-13.441128531267168,True,沪,0,4.864466828985812e-07,-14.536138534545898
fenqusai/test_photo/968.jpg,0,0,True,black,black,,7,7,True,川A60888,0.9334438093789965,-1.2397412034002286,True,川,baseline,0.09649459524502228,-2.338268280029297
fenqusai/test_photo/968.jpg,0,1,False,black,blue,,7,7,True,川A60888,0.9334438093789965,-1.2397412034002286,True,川,baseline,0.09649459524502228,-2.338268280029297
fenqusai/test_photo/968.jpg,0,2,False,black,green,,8,8,True,川AA60888,0.5110412129238552,-12.083490729291555,True,川,baseline,0.09649459524502228,-2.338268280029297
fenqusai/test_photo/968.jpg,0,3,False,black,green,tractor_green,8,8,True,川AA60888,0.5110412129238552,-12.083490729291555,True,川,baseline,0.09649459524502228,-2.338268280029297
fenqusai/test_photo/968.jpg,0,4,False,black,yellow,,7,7,True,川A60888,0.9334438093789965,-1.2397412034002286,True,川,baseline,0.09649459524502228,-2.338268280029297
fenqusai/test_photo/968.jpg,0,5,False,black,special_7,,7,7,True,川A60888,0.9334438093789965,-1.2397412034002286,True,川,baseline,0.09649459524502228,-2.338268280029297
fenqusai/test_photo/968.jpg,0,6,False,black,unknown_8,,8,8,True,川AA60888,0.5110412129238552,-12.083490729291555,True,川,baseline,0.09649459524502228,-2.338268280029297
fenqusai/test_photo/969.jpg,0,0,True,blue,blue,,7,7,True,贵AG6666,0.7104999240599089,-6.152155889896669,True,贵,baseline,0.0007103952148423198,-7.249689102172852
fenqusai/test_photo/969.jpg,0,1,False,blue,green,,8,8,True,贵AG65666,0.2559892643125757,-24.52715588989667,True,贵,baseline,0.0007103952148423198,-7.249689102172852
fenqusai/test_photo/969.jpg,0,2,False,blue,green,tractor_green,8,8,True,贵AG65666,0.2559892643125757,-24.52715588989667,True,贵,baseline,0.0007103952148423198,-7.249689102172852
fenqusai/test_photo/969.jpg,0,3,False,blue,yellow,,7,7,True,贵AG6666,0.7104999240599089,-6.152155889896669,True,贵,baseline,0.0007103952148423198,-7.249689102172852
fenqusai/test_photo/969.jpg,0,4,False,blue,black,,7,7,True,贵AG6666,0.7104999240599089,-6.152155889896669,True,贵,baseline,0.0007103952148423198,-7.249689102172852
fenqusai/test_photo/969.jpg,0,5,False,blue,special_7,,7,7,True,贵AG6666,0.7104999240599089,-6.152155889896669,True,贵,baseline,0.0007103952148423198,-7.249689102172852
fenqusai/test_photo/969.jpg,0,6,False,blue,unknown_8,,8,8,True,贵AG65666,0.2559892643125757,-24.52715588989667,True,贵,baseline,0.0007103952148423198,-7.249689102172852
fenqusai/test_photo/971.jpg,0,0,True,blue,blue,,7,7,True,浙F88888,0.9999998079407275,-3.4570672369227395e-06,True,浙,baseline,0.33333281014879335,-1.0986138582229614
fenqusai/test_photo/971.jpg,0,1,False,blue,green,,8,7,False,浙F88888,0.9999998079407275,-3.4570672369227395e-06,True,浙,baseline,0.33333281014879335,-1.0986138582229614
fenqusai/test_photo/971.jpg,0,2,False,blue,green,tractor_green,8,7,False,浙F88888,0.9999998079407275,-3.4570672369227395e-06,True,浙,baseline,0.33333281014879335,-1.0986138582229614
fenqusai/test_photo/971.jpg,0,3,False,blue,yellow,,7,7,True,浙F88888,0.9999998079407275,-3.4570672369227395e-06,True,浙,baseline,0.33333281014879335,-1.0986138582229614
fenqusai/test_photo/971.jpg,0,4,False,blue,black,,7,7,True,浙F88888,0.9999998079407275,-3.4570672369227395e-06,True,浙,baseline,0.33333281014879335,-1.0986138582229614
fenqusai/test_photo/971.jpg,0,5,False,blue,special_7,,7,7,True,浙F88888,0.9999998079407275,-3.4570672369227395e-06,True,浙,baseline,0.33333281014879335,-1.0986138582229614
fenqusai/test_photo/971.jpg,0,6,False,blue,unknown_8,,8,7,False,浙F88888,0.9999998079407275,-3.4570672369227395e-06,True,浙,baseline,0.33333281014879335,-1.0986138582229614
fenqusai/test_photo/974.jpg,0,0,True,blue,blue,,7,6,False,川V9M9V,0.8742017738172196,-2.419993214642659,True,川,baseline,0.2776865613426348,-1.2812622785568237
fenqusai/test_photo/974.jpg,0,1,False,blue,green,,8,6,False,川V9M9V,0.8742017738172196,-2.419993214642659,True,川,baseline,0.2776865613426348,-1.2812622785568237
fenqusai/test_photo/974.jpg,0,2,False,blue,green,tractor_green,8,6,False,川V9M9V,0.8742017738172196,-2.419993214642659,True,川,baseline,0.2776865613426348,-1.2812622785568237
fenqusai/test_photo/974.jpg,0,3,False,blue,yellow,,7,6,False,川V9M9V,0.8742017738172196,-2.419993214642659,True,川,baseline,0.2776865613426348,-1.2812622785568237
fenqusai/test_photo/974.jpg,0,4,False,blue,black,,7,6,False,川V9M9临,0.8895113994667087,-2.107493214642659,True,川,baseline,0.2776865613426348,-1.2812622785568237
fenqusai/test_photo/974.jpg,0,5,False,blue,special_7,,7,6,False,川V9M9临,0.8895113994667087,-2.107493214642659,True,川,baseline,0.2776865613426348,-1.2812622785568237
fenqusai/test_photo/974.jpg,0,6,False,blue,unknown_8,,8,6,False,川V9M9V,0.8742017738172196,-2.419993214642659,True,川,baseline,0.2776865613426348,-1.2812622785568237
fenqusai/test_photo/977.jpg,0,0,True,blue,blue,,7,6,False,桂A77Q1,0.996911365545108,-0.05568145435094607,True,桂,baseline,0.3196691524508142,-1.140468716621399
fenqusai/test_photo/977.jpg,0,1,False,blue,green,,8,6,False,桂A77Q1,0.996911365545108,-0.05568145435094607,True,桂,baseline,0.3196691524508142,-1.140468716621399
fenqusai/test_photo/977.jpg,0,2,False,blue,green,tractor_green,8,6,False,桂A77Q1,0.996911365545108,-0.05568145435094607,True,桂,baseline,0.3196691524508142,-1.140468716621399
fenqusai/test_photo/977.jpg,0,3,False,blue,yellow,,7,6,False,桂A77Q1,0.996911365545108,-0.05568145435094607,True,桂,baseline,0.3196691524508142,-1.140468716621399
fenqusai/test_photo/977.jpg,0,4,False,blue,black,,7,6,False,桂A77Q1,0.996911365545108,-0.05568145435094607,True,桂,baseline,0.3196691524508142,-1.140468716621399
fenqusai/test_photo/977.jpg,0,5,False,blue,special_7,,7,6,False,桂A77Q1,0.996911365545108,-0.05568145435094607,True,桂,baseline,0.3196691524508142,-1.140468716621399
fenqusai/test_photo/977.jpg,0,6,False,blue,unknown_8,,8,6,False,桂A77Q1,0.996911365545108,-0.05568145435094607,True,桂,baseline,0.3196691524508142,-1.140468716621399
fenqusai/test_photo/985.jpg,0,0,False,blue,blue,,7,7,True,川NP5352,0.711554182205288,-6.125466820880433,True,川,baseline,0.3236738661648494,-1.128018856048584
fenqusai/test_photo/985.jpg,0,1,False,blue,green,,8,8,True,川NPZ5352,0.7315966575345988,-5.6254667612757885,True,川,baseline,0.3236738661648494,-1.128018856048584
fenqusai/test_photo/985.jpg,0,2,False,blue,green,tractor_green,8,8,True,川NPZ5352,0.7315966575345988,-5.6254667612757885,True,川,baseline,0.3236738661648494,-1.128018856048584
fenqusai/test_photo/985.jpg,0,3,False,blue,yellow,,7,7,True,川NP5352,0.711554182205288,-6.125466820880433,True,川,baseline,0.3236738661648494,-1.128018856048584
fenqusai/test_photo/985.jpg,0,4,False,blue,black,,7,7,True,川NP5352,0.711554182205288,-6.125466820880433,True,川,baseline,0.3236738661648494,-1.128018856048584
fenqusai/test_photo/985.jpg,0,5,True,blue,special_7,,7,7,True,川4P5352,0.9328877654260939,-1.2504668339189493,True,川,baseline,0.3236738661648494,-1.128018856048584
fenqusai/test_photo/985.jpg,0,6,False,blue,unknown_8,,8,8,True,川NPZ5352,0.7315966575345988,-5.6254667612757885,True,川,baseline,0.3236738661648494,-1.128018856048584
fenqusai/test_photo/987.jpg,0,0,False,blue,blue,,7,7,True,皖SAQ215,0.0017132287554298597,-114.64875949919221,True,皖,baseline,0.221603162915923,-1.5068670511245728
fenqusai/test_photo/987.jpg,0,1,True,blue,green,,8,8,True,皖SAQ2152,0.7927695142638608,-4.180009499192209,True,皖,baseline,0.221603162915923,-1.5068670511245728
fenqusai/test_photo/987.jpg,0,2,False,blue,green,tractor_green,8,8,True,皖SAQ2152,0.7927695142638608,-4.180009499192209,True,皖,baseline,0.221603162915923,-1.5068670511245728
fenqusai/test_photo/987.jpg,0,3,False,blue,yellow,,7,7,True,皖SAQ215,0.0017132287554298597,-114.64875949919221,True,皖,baseline,0.221603162915923,-1.5068670511245728
fenqusai/test_photo/987.jpg,0,4,False,blue,black,,7,7,True,皖SAQ215,0.0017132287554298597,-114.64875949919221,True,皖,baseline,0.221603162915923,-1.5068670511245728
fenqusai/test_photo/987.jpg,0,5,False,blue,special_7,,7,7,True,皖9AQ215,0.0020099341793046142,-111.77375947311518,True,皖,baseline,0.221603162915923,-1.5068670511245728
fenqusai/test_photo/987.jpg,0,6,False,blue,unknown_8,,8,8,True,皖SAQ2152,0.7927695142638608,-4.180009499192209,True,皖,baseline,0.221603162915923,-1.5068670511245728
fenqusai/test_photo/989.jpg,0,0,True,blue,blue,,7,7,True,琼JAY888,0.5315312323890806,-11.375879763603557,True,琼,baseline,3.823106483057643e-06,-12.474447250366211
fenqusai/test_photo/989.jpg,0,1,False,blue,green,,8,8,True,琼ZJAY888,0.20869338806887522,-28.204004644394274,True,琼,baseline,3.823106483057643e-06,-12.474447250366211
fenqusai/test_photo/989.jpg,0,2,False,blue,green,tractor_green,8,8,True,琼ZJAY888,0.20869338806887522,-28.204004644394274,True,琼,baseline,3.823106483057643e-06,-12.474447250366211
fenqusai/test_photo/989.jpg,0,3,False,blue,yellow,,7,7,True,琼JAY888,0.5315312323890806,-11.375879763603557,True,琼,baseline,3.823106483057643e-06,-12.474447250366211
fenqusai/test_photo/989.jpg,0,4,False,blue,black,,7,7,True,琼JAY888,0.5315312323890806,-11.375879763603557,True,琼,baseline,3.823106483057643e-06,-12.474447250366211
fenqusai/test_photo/989.jpg,0,5,False,blue,special_7,,7,7,True,琼JAY888,0.5315312323890806,-11.375879763603557,True,琼,baseline,3.823106483057643e-06,-12.474447250366211
fenqusai/test_photo/989.jpg,0,6,False,blue,unknown_8,,8,8,True,琼ZJAY888,0.20869338806887522,-28.204004644394274,True,琼,baseline,3.823106483057643e-06,-12.474447250366211
fenqusai/test_photo/992.jpg,0,0,False,blue,blue,,7,7,True,川B99999,0.7809977901829672,-4.449293255118363,True,川,baseline,0.33332096892161106,-1.0986493825912476
fenqusai/test_photo/992.jpg,0,1,False,blue,green,,8,7,False,川B99999,0.7809977901829672,-4.449293255118363,True,川,baseline,0.33332096892161106,-1.0986493825912476
fenqusai/test_photo/992.jpg,0,2,False,blue,green,tractor_green,8,7,False,川B99999,0.7809977901829672,-4.449293255118363,True,川,baseline,0.33332096892161106,-1.0986493825912476
fenqusai/test_photo/992.jpg,0,3,False,blue,yellow,,7,7,True,川B99999,0.7809977901829672,-4.449293255118363,True,川,baseline,0.33332096892161106,-1.0986493825912476
fenqusai/test_photo/992.jpg,0,4,False,blue,black,,7,7,True,川B99999,0.7809977901829672,-4.449293255118363,True,川,baseline,0.33332096892161106,-1.0986493825912476
fenqusai/test_photo/992.jpg,0,5,True,blue,special_7,,7,7,True,川899999,0.9993450268155529,-0.01179337991558782,True,川,baseline,0.33332096892161106,-1.0986493825912476
fenqusai/test_photo/992.jpg,0,6,False,blue,unknown_8,,8,7,False,川B99999,0.7809977901829672,-4.449293255118363,True,川,baseline,0.33332096892161106,-1.0986493825912476
fenqusai/test_photo/999.jpg,0,0,True,blue,blue,,7,7,True,川A562U3,0.9673361887057401,-0.597765283428032,True,川,baseline,0.3274312233324129,-1.1164772510528564
fenqusai/test_photo/999.jpg,0,1,False,blue,green,,8,8,True,川A5621U3,0.8331723693981574,-3.2852651791199037,True,川,baseline,0.3274312233324129,-1.1164772510528564
fenqusai/test_photo/999.jpg,0,2,False,blue,green,tractor_green,8,8,True,川A5621U3,0.8331723693981574,-3.2852651791199037,True,川,baseline,0.3274312233324129,-1.1164772510528564
fenqusai/test_photo/999.jpg,0,3,False,blue,yellow,,7,7,True,川A562U3,0.9673361887057401,-0.597765283428032,True,川,baseline,0.3274312233324129,-1.1164772510528564
fenqusai/test_photo/999.jpg,0,4,False,blue,black,,7,7,True,川A562U3,0.9673361887057401,-0.597765283428032,True,川,baseline,0.3274312233324129,-1.1164772510528564
fenqusai/test_photo/999.jpg,0,5,False,blue,special_7,,7,7,True,川A562U3,0.9673361887057401,-0.597765283428032,True,川,baseline,0.3274312233324129,-1.1164772510528564
fenqusai/test_photo/999.jpg,0,6,False,blue,unknown_8,,8,8,True,川A5621U3,0.8331723693981574,-3.2852651791199037,True,川,baseline,0.3274312233324129,-1.1164772510528564
