image,plate_index,candidate_rank,selected,estimated_type,plate_type,plate_subtype,target_len,text_len,length_ok,text,lpr_score,beam_score,province_aware,province_char,province_rank,province_conf,province_score
fenqusai/test_photo/000000109.jpg,0,0,True,green,green,,8,8,True,鄂H02143D,0.9999954503754771,-8.189342770492658e-05,True,鄂,raw_locked,0.33333332672197086,-1.0986123085021973
fenqusai/test_photo/000000109.jpg,0,1,False,green,green,tractor_green,8,8,True,鄂H02143D,0.9999954503754771,-8.189342770492658e-05,True,鄂,raw_locked,0.33333332672197086,-1.0986123085021973
fenqusai/test_photo/000000109.jpg,0,2,False,green,blue,,7,7,True,鄂H2143D,0.15269011136816682,-33.828206893427705,True,鄂,raw_locked,0.33333332672197086,-1.0986123085021973
fenqusai/test_photo/000000109.jpg,0,3,False,green,yellow,,7,7,True,鄂H2143D,0.15269011136816682,-33.828206893427705,True,鄂,raw_locked,0.33333332672197086,-1.0986123085021973
fenqusai/test_photo/000000109.jpg,0,4,False,green,black,,7,7,True,鄂H2143D,0.15269011136816682,-33.828206893427705,True,鄂,raw_locked,0.33333332672197086,-1.0986123085021973
fenqusai/test_photo/000000109.jpg,0,5,False,green,special_7,,7,7,True,鄂H2143D,0.15269011136816682,-33.828206893427705,True,鄂,raw_locked,0.33333332672197086,-1.0986123085021973
fenqusai/test_photo/000000109.jpg,0,6,False,green,unknown_8,,8,8,True,鄂H02143D,0.9999954503754771,-8.189342770492658e-05,True,鄂,raw_locked,0.33333332672197086,-1.0986123085021973
fenqusai/test_photo/000000110.jpg,0,0,True,green,green,,8,8,True,晋R40096F,0.99999900659864,-1.7881233361549675e-05,True,晋,raw_locked,0.33333332672197086,-1.0986123085021973
fenqusai/test_photo/000000110.jpg,0,1,False,green,green,tractor_green,8,8,True,晋R40096F,0.99999900659864,-1.7881233361549675e-05,True,晋,raw_locked,0.33333332672197086,-1.0986123085021973
fenqusai/test_photo/000000110.jpg,0,2,False,green,blue,,7,7,True,晋R40096,0.02588527888947714,-65.77345538123336,True,晋,raw_locked,0.33333332672197086,-1.0986123085021973
fenqusai/test_photo/000000110.jpg,0,3,False,green,yellow,,7,7,True,晋R40096,0.02588527888947714,-65.77345538123336,True,晋,raw_locked,0.33333332672197086,-1.0986123085021973
fenqusai/test_photo/000000110.jpg,0,4,False,green,black,,7,7,True,晋R40096,0.02588527888947714,-65.77345538123336,True,晋,raw_locked,0.33333332672197086,-1.0986123085021973
fenqusai/test_photo/000000110.jpg,0,5,False,green,special_7,,7,7,True,晋R40096,0.02588527888947714,-65.77345538123336,True,晋,raw_locked,0.33333332672197086,-1.0986123085021973
fenqusai/test_photo/000000110.jpg,0,6,False,green,unknown_8,,8,8,True,晋R40096F,0.99999900659864,-1.7881233361549675e-05,True,晋,raw_locked,0.33333332672197086,-1.0986123085021973
fenqusai/test_photo/000000125.jpg,0,0,True,green,green,,8,8,True,皖E98075D,0.9969709290619341,-0.05460602145694793,True,皖,raw_locked,0.3233621729218588,-1.1289823055267334
fenqusai/test_photo/000000125.jpg,0,1,False,green,green,tractor_green,8,8,True,皖E98075D,0.9969709290619341,-0.05460602145694793,True,皖,raw_locked,0.3233621729218588,-1.1289823055267334
fenqusai/test_photo/000000125.jpg,0,2,False,green,blue,,7,7,True,皖E98075,0.0723458232940751,-47.27335602145695,True,皖,raw_locked,0.3233621729218588,-1.1289823055267334
fenqusai/test_photo/000000125.jpg,0,3,False,green,yellow,,7,7,True,皖E98075,0.0723458232940751,-47.27335602145695,True,皖,raw_locked,0.3233621729218588,-1.1289823055267334
fenqusai/test_photo/000000125.jpg,0,4,False,green,black,,7,7,True,皖E98075,0.0723458232940751,-47.27335602145695,True,皖,raw_locked,0.3233621729218588,-1.1289823055267334
fenqusai/test_photo/000000125.jpg,0,5,False,green,special_7,,7,7,True,皖E98075,0.0723458232940751,-47.27335602145695,True,皖,raw_locked,0.3233621729218588,-1.1289823055267334
fenqusai/test_photo/000000125.jpg,0,6,False,green,unknown_8,,8,8,True,皖E98075D,0.9969709290619341,-0.05460602145694793,True,皖,raw_locked,0.3233621729218588,-1.1289823055267334
fenqusai/test_photo/000000126.jpg,0,0,False,green,green,,8,8,True,桂NFS06L1,0.23938371796817895,-25.734375,True,桂,raw_locked,0.33333332672197086,-1.0986123085021973
fenqusai/test_photo/000000126.jpg,0,1,False,green,green,tractor_green,8,8,True,桂NFS06L1,0.23938371796817895,-25.734375,True,桂,raw_locked,0.33333332672197086,-1.0986123085021973
fenqusai/test_photo/000000126.jpg,0,2,True,green,blue,,7,7,True,桂NFS061,1.0,0.0,True,桂,raw_locked,0.33333332672197086,-1.0986123085021973
fenqusai/test_photo/000000126.jpg,0,3,False,green,yellow,,7,7,True,桂NFS061,1.0,0.0,True,桂,raw_locked,0.33333332672197086,-1.0986123085021973
fenqusai/test_photo/000000126.jpg,0,4,False,green,black,,7,7,True,桂NFS061,1.0,0.0,True,桂,raw_locked,0.33333332672197086,-1.0986123085021973
fenqusai/test_photo/000000126.jpg,0,5,False,green,special_7,,7,7,True,桂NFS061,1.0,0.0,True,桂,raw_locked,0.33333332672197086,-1.0986123085021973
fenqusai/test_photo/000000126.jpg,0,6,False,green,unknown_8,,8,8,True,桂NFS06L1,0.23938371796817895,-25.734375,True,桂,raw_locked,0.33333332672197086,-1.0986123085021973
fenqusai/test_photo/000000200.jpg,0,0,True,blue,blue,,7,7,True,黑ATFNU0,0.9998078600819567,-0.0034588508270800844,True,黑,raw_locked,0.3333314591150369,-1.0986179113388062
fenqusai/test_photo/000000200.jpg,0,1,False,blue,green,,8,8,True,黑XATFNU0,0.48138161923721035,-13.15970885257331,True,黑,raw_locked,0.3333314591150369,-1.0986179113388062
fenqusai/test_photo/000000200.jpg,0,2,False,blue,green,tractor_green,8,8,True,黑XATFNU0,0.48138161923721035,-13.15970885257331,True,黑,raw_locked,0.3333314591150369,-1.0986179113388062
fenqusai/test_photo/000000200.jpg,0,3,False,blue,yellow,,7,7,True,黑ATFNU0,0.9998078600819567,-0.0034588508270800844,True,黑,raw_locked,0.3333314591150369,-1.0986179113388062
fenqusai/test_photo/000000200.jpg,0,4,False,blue,black,,7,7,True,黑ATFNU0,0.9998078600819567,-0.0034588508270800844,True,黑,raw_locked,0.3333314591150369,-1.0986179113388062
fenqusai/test_photo/000000200.jpg,0,5,False,blue,special_7,,7,7,True,黑ATFNU0,0.9998078600819567,-0.0034588508270800844,True,黑,raw_locked,0.3333314591150369,-1.0986179113388062
fenqusai/test_photo/000000200.jpg,0,6,False,blue,unknown_8,,8,8,True,黑XATFNU0,0.48138161923721035,-13.15970885257331,True,黑,raw_locked,0.3333314591150369,-1.0986179113388062
fenqusai/test_photo/000000206.jpg,0,0,True,yellow,yellow,,7,7,True,晋ME8U5R,0.9691492618335511,-0.5640595555305481,True,晋,raw_locked,0.33333332672197086,-1.0986123085021973
fenqusai/test_photo/000000206.jpg,0,1,False,yellow,blue,,7,7,True,晋ME8U5R,0.9691492618335511,-0.5640595555305481,True,晋,raw_locked,0.33333332672197086,-1.0986123085021973
fenqusai/test_photo/000000206.jpg,0,2,False,yellow,green,,8,8,True,晋ME89U5R,0.2234985101686507,-26.970309555530548,True,晋,raw_locked,0.33333332672197086,-1.0986123085021973
fenqusai/test_photo/000000206.jpg,0,3,False,yellow,green,tractor_green,8,8,True,晋ME89U5R,0.2234985101686507,-26.970309555530548,True,晋,raw_locked,0.33333332672197086,-1.0986123085021973
fenqusai/test_photo/000000206.jpg,0,4,False,yellow,black,,7,7,True,晋ME8U5R,0.9691492618335511,-0.5640595555305481,True,晋,raw_locked,0.33333332672197086,-1.0986123085021973
fenqusai/test_photo/000000206.jpg,0,5,False,yellow,special_7,,7,7,True,晋ME8U5R,0.9691492618335511,-0.5640595555305481,True,晋,raw_locked,0.33333332672197086,-1.0986123085021973
fenqusai/test_photo/000000206.jpg,0,6,False,yellow,unknown_8,,8,8,True,晋ME89U5R,0.2234985101686507,-26.970309555530548,True,晋,raw_locked,0.33333332672197086,-1.0986123085021973
fenqusai/test_photo/0302734375-95_254-229&410_508&519-508&519_241&483_229&410_498&439-0_0_5_24_31_24_24_24-105-51.jpg,0,0,True,green,green,,8,8,True,湘NA7D700,0.7965302628167116,-4.094822800906279,True,湘,raw_locked,0.08790198783603884,-2.431532859802246
fenqusai/test_photo/0302734375-95_254-229&410_508&519-508&519_241&483_229&410_498&439-0_0_5_24_31_24_24_24-105-51.jpg,0,1,False,green,green,tractor_green,8,8,True,湘NA7D700,0.7965302628167116,-4.094822800906279,True,湘,raw_locked,0.08790198783603884,-2.431532859802246
fenqusai/test_photo/0302734375-95_254-229&410_508&519-508&519_241&483_229&410_498&439-0_0_5_24_31_24_24_24-105-51.jpg,0,2,False,green,blue,,7,7,True,湘N7D700,0.8376600436073026,-3.1885728605109236,True,湘,raw_locked,0.08790198783603884,-2.431532859802246
fenqusai/test_photo/0302734375-95_254-229&410_508&519-508&519_241&483_229&410_498&439-0_0_5_24_31_24_24_24-105-51.jpg,0,3,False,green,yellow,,7,7,True,湘N7D700,0.8376600436073026,-3.1885728605109236,True,湘,raw_locked,0.08790198783603884,-2.431532859802246
fenqusai/test_photo/0302734375-95_254-229&410_508&519-508&519_241&483_229&410_498&439-0_0_5_24_31_24_24_24-105-51.jpg,0,4,False,green,black,,7,7,True,湘N7D700,0.8376600436073026,-3.1885728605109236,True,湘,raw_locked,0.08790198783603884,-2.431532859802246
fenqusai/test_photo/0302734375-95_254-229&410_508&519-508&519_241&483_229&410_498&439-0_0_5_24_31_24_24_24-105-51.jpg,0,5,False,green,special_7,,7,7,True,湘N7D700,0.8376600436073026,-3.1885728605109236,True,湘,raw_locked,0.08790198783603884,-2.431532859802246
fenqusai/test_photo/0302734375-95_254-229&410_508&519-508&519_241&483_229&410_498&439-0_0_5_24_31_24_24_24-105-51.jpg,0,6,False,green,unknown_8,,8,8,True,湘NA7D700,0.7965302628167116,-4.094822800906279,True,湘,raw_locked,0.08790198783603884,-2.431532859802246
fenqusai/test_photo/0348046875-94_241-216&458_513&576-513&576_249&537_216&458_480&480-0_0_5_24_31_24_30_32-69-40.jpg,0,0,False,green,green,,8,7,False,湘M470N8,0.9426355769146977,-1.0633593927559275,True,湘,raw_locked,0.23467325911209194,-1.4495611190795898
fenqusai/test_photo/0348046875-94_241-216&458_513&576-513&576_249&537_216&458_480&480-0_0_5_24_31_24_30_32-69-40.jpg,0,1,False,green,green,tractor_green,8,7,False,湘M470N8,0.9426355769146977,-1.0633593927559275,True,湘,raw_locked,0.23467325911209194,-1.4495611190795898
fenqusai/test_photo/0348046875-94_241-216&458_513&576-513&576_249&537_216&458_480&480-0_0_5_24_31_24_30_32-69-40.jpg,0,2,True,green,blue,,7,7,True,湘M470N8,0.9426355769146977,-1.0633593927559275,True,湘,raw_locked,0.23467325911209194,-1.4495611190795898
fenqusai/test_photo/0348046875-94_241-216&458_513&576-513&576_249&537_216&458_480&480-0_0_5_24_31_24_30_32-69-40.jpg,0,3,False,green,yellow,,7,7,True,湘M470N8,0.9426355769146977,-1.0633593927559275,True,湘,raw_locked,0.23467325911209194,-1.4495611190795898
fenqusai/test_photo/0348046875-94_241-216&458_513&576-513&576_249&537_216&458_480&480-0_0_5_24_31_24_30_32-69-40.jpg,0,4,False,green,black,,7,7,True,湘M470N8,0.9426355769146977,-1.0633593927559275,True,湘,raw_locked,0.23467325911209194,-1.4495611190795898
fenqusai/test_photo/0348046875-94_241-216&458_513&576-513&576_249&537_216&458_480&480-0_0_5_24_31_24_30_32-69-40.jpg,0,5,False,green,special_7,,7,7,True,湘M470N8,0.9426355769146977,-1.0633593927559275,True,湘,raw_locked,0.23467325911209194,-1.4495611190795898
fenqusai/test_photo/0348046875-94_241-216&458_513&576-513&576_249&537_216&458_480&480-0_0_5_24_31_24_30_32-69-40.jpg,0,6,False,green,unknown_8,,8,7,False,湘M470N8,0.9426355769146977,-1.0633593927559275,True,湘,raw_locked,0.23467325911209194,-1.4495611190795898
fenqusai/test_photo/034921875-97_247-191&443_489&561-489&561_209&516_191&443_477&482-0_0_3_24_30_28_33_32-65-188.jpg,0,0,True,green,green,,8,8,True,湘AA49898,0.5231492850239886,-11.661991484957753,True,湘,raw_locked,0.22570370367804285,-1.4885321855545044
fenqusai/test_photo/034921875-97_247-191&443_489&561-489&561_209&516_191&443_477&482-0_0_3_24_30_28_33_32-65-188.jpg,0,1,False,green,green,tractor_green,8,8,True,湘AA49898,0.5231492850239886,-11.661991484957753,True,湘,raw_locked,0.22570370367804285,-1.4885321855545044
fenqusai/test_photo/034921875-97_247-191&443_489&561-489&561_209&516_191&443_477&482-0_0_3_24_30_28_33_32-65-188.jpg,0,2,False,green,blue,,7,7,True,湘A49898,0.5887033598533121,-9.536991403001366,True,湘,raw_locked,0.22570370367804285,-1.4885321855545044
fenqusai/test_photo/034921875-97_247-191&443_489&561-489&561_209&516_191&443_477&482-0_0_3_24_30_28_33_32-65-188.jpg,0,3,False,green,yellow,,7,7,True,湘A49898,0.5887033598533121,-9.536991403001366,True,湘,raw_locked,0.22570370367804285,-1.4885321855545044
fenqusai/test_photo/034921875-97_247-191&443_489&561-489&561_209&516_191&443_477&482-0_0_3_24_30_28_33_32-65-188.jpg,0,4,False,green,black,,7,7,True,湘A领领898,0.7772019353524845,-4.5369912837920765,True,湘,raw_locked,0.22570370367804285,-1.4885321855545044
fenqusai/test_photo/034921875-97_247-191&443_489&561-489&561_209&516_191&443_477&482-0_0_3_24_30_28_33_32-65-188.jpg,0,5,False,green,special_7,,7,7,True,湘6领领898,0.9269646973241901,-1.3651163433967213,True,湘,raw_locked,0.22570370367804285,-1.4885321855545044
fenqusai/test_photo/034921875-97_247-191&443_489&561-489&561_209&516_191&443_477&482-0_0_3_24_30_28_33_32-65-188.jpg,0,6,False,green,unknown_8,,8,8,True,湘AA49898,0.5231492850239886,-11.661991484957753,True,湘,raw_locked,0.22570370367804285,-1.4885321855545044
fenqusai/test_photo/03671875-106_247-213&385_448&542-448&542_221&459_213&385_443&457-0_0_3_26_30_30_26_33-107-61.jpg,0,0,True,green,green,,8,8,True,粤F6D8884,0.06814288926792601,-48.350672382818715,True,粤,1,0.00017309718929565948,-10.499359130859375
fenqusai/test_photo/03671875-106_247-213&385_448&542-448&542_221&459_213&385_443&457-0_0_3_26_30_30_26_33-107-61.jpg,0,1,False,green,green,tractor_green,8,8,True,粤F6D8884,0.06814288926792601,-48.350672382818715,True,粤,1,0.00017309718929565948,-10.499359130859375
fenqusai/test_photo/03671875-106_247-213&385_448&542-448&542_221&459_213&385_443&457-0_0_3_26_30_30_26_33-107-61.jpg,0,2,False,green,blue,,7,7,True,京GF6D88,0.003458047460699999,-102.0069210044959,True,京,baseline,0.00017309718929565948,-8.661657333374023
fenqusai/test_photo/03671875-106_247-213&385_448&542-448&542_221&459_213&385_443&457-0_0_3_26_30_30_26_33-107-61.jpg,0,3,False,green,yellow,,7,7,True,京GF6D88,0.003458047460699999,-102.0069210044959,True,京,baseline,0.00017309718929565948,-8.661657333374023
fenqusai/test_photo/03671875-106_247-213&385_448&542-448&542_221&459_213&385_443&457-0_0_3_26_30_30_26_33-107-61.jpg,0,4,False,green,black,,7,7,True,京GF6D88,0.003458047460699999,-102.0069210044959,True,京,baseline,0.00017309718929565948,-8.661657333374023
fenqusai/test_photo/03671875-106_247-213&385_448&542-448&542_221&459_213&385_443&457-0_0_3_26_30_30_26_33-107-61.jpg,0,5,False,green,special_7,,7,7,True,京GF6D88,0.003458047460699999,-102.0069210044959,True,京,baseline,0.00017309718929565948,-8.661657333374023
fenqusai/test_photo/03671875-106_247-213&385_448&542-448&542_221&459_213&385_443&457-0_0_3_26_30_30_26_33-107-61.jpg,0,6,False,green,unknown_8,,8,8,True,粤F6D8884,0.06814288926792601,-48.350672382818715,True,粤,1,0.00017309718929565948,-10.499359130859375
fenqusai/test_photo/0369140625-81_260-299&432_569&570-559&507_299&570_300&482_569&432-0_0_3_25_24_24_24_26-93-44.jpg,0,0,True,green,green,,8,8,True,湘AD1DQ42,0.9928304786164527,-0.12951622636205684,True,湘,raw_locked,0.3318794907849247,-1.1029833555221558
fenqusai/test_photo/0369140625-81_260-299&432_569&570-559&507_299&570_300&482_569&432-0_0_3_25_24_24_24_26-93-44.jpg,0,1,False,green,green,tractor_green,8,8,True,湘AD1DQ42,0.9928304786164527,-0.12951622636205684,True,湘,raw_locked,0.3318794907849247,-1.1029833555221558
fenqusai/test_photo/0369140625-81_260-299&432_569&570-559&507_299&570_300&482_569&432-0_0_3_25_24_24_24_26-93-44.jpg,0,2,False,green,blue,,7,7,True,湘AD1Q42,0.6895068221664018,-6.692016373743854,True,湘,raw_locked,0.3318794907849247,-1.1029833555221558
fenqusai/test_photo/0369140625-81_260-299&432_569&570-559&507_299&570_300&482_569&432-0_0_3_25_24_24_24_26-93-44.jpg,0,3,False,green,yellow,,7,7,True,湘AD1Q42,0.6895068221664018,-6.692016373743854,True,湘,raw_locked,0.3318794907849247,-1.1029833555221558
fenqusai/test_photo/0369140625-81_260-299&432_569&570-559&507_299&570_300&482_569&432-0_0_3_25_24_24_24_26-93-44.jpg,0,4,False,green,black,,7,7,True,湘AD1Q42,0.6895068221664018,-6.692016373743854,True,湘,raw_locked,0.3318794907849247,-1.1029833555221558
fenqusai/test_photo/0369140625-81_260-299&432_569&570-559&507_299&570_300&482_569&432-0_0_3_25_24_24_24_26-93-44.jpg,0,5,False,green,special_7,,7,7,True,湘AD1Q42,0.6895068221664018,-6.692016373743854,True,湘,raw_locked,0.3318794907849247,-1.1029833555221558
fenqusai/test_photo/0369140625-81_260-299&432_569&570-559&507_299&570_300&482_569&432-0_0_3_25_24_24_24_26-93-44.jpg,0,6,False,green,unknown_8,,8,8,True,湘AD1DQ42,0.9928304786164527,-0.12951622636205684,True,湘,raw_locked,0.3318794907849247,-1.1029833555221558
fenqusai/test_photo/046015625-97_243-180&408_522&543-522&543_208&495_180&408_501&451-0_0_3_24_30_30_33_25-61-79.jpg,0,0,False,green,green,,8,5,False,湘Z63M,0.533937126426119,-11.29458937912181,True,湘,raw_locked,0.18232947242497874,-1.7019399404525757
fenqusai/test_photo/046015625-97_243-180&408_522&543-522&543_208&495_180&408_501&451-0_0_3_24_30_30_33_25-61-79.jpg,0,1,False,green,green,tractor_green,8,5,False,湘Z63M,0.533937126426119,-11.29458937912181,True,湘,raw_locked,0.18232947242497874,-1.7019399404525757
fenqusai/test_photo/046015625-97_243-180&408_522&543-522&543_208&495_180&408_501&451-0_0_3_24_30_30_33_25-61-79.jpg,0,2,False,green,blue,,7,5,False,湘Z63M,0.533937126426119,-11.29458937912181,True,湘,raw_locked,0.18232947242497874,-1.7019399404525757
fenqusai/test_photo/046015625-97_243-180&408_522&543-522&543_208&495_180&408_501&451-0_0_3_24_30_30_33_25-61-79.jpg,0,3,False,green,yellow,,7,5,False,湘Z63M,0.533937126426119,-11.29458937912181,True,湘,raw_locked,0.18232947242497874,-1.7019399404525757
fenqusai/test_photo/046015625-97_243-180&408_522&543-522&543_208&495_180&408_501&451-0_0_3_24_30_30_33_25-61-79.jpg,0,4,False,green,black,,7,7,True,湘P领领63M,0.5823569921789575,-9.732089352113455,True,湘,raw_locked,0.18232947242497874,-1.7019399404525757
fenqusai/test_photo/046015625-97_243-180&408_522&543-522&543_208&495_180&408_501&451-0_0_3_24_30_30_33_25-61-79.jpg,0,5,True,green,special_7,,7,7,True,湘3领领63M,0.84438743825715,-3.044589113694876,True,湘,raw_locked,0.18232947242497874,-1.7019399404525757
fenqusai/test_photo/046015625-97_243-180&408_522&543-522&543_208&495_180&408_501&451-0_0_3_24_30_30_33_25-61-79.jpg,0,6,False,green,unknown_8,,8,5,False,湘Z63M,0.533937126426119,-11.29458937912181,True,湘,raw_locked,0.18232947242497874,-1.7019399404525757
fenqusai/test_photo/049921875-80_275-250&410_534&587-534&506_259&587_250&469_530&410-0_0_3_17_25_25_30_25-128-23.jpg,0,0,True,green,green,,8,8,True,皖RDT1A84,0.8847104107979654,-2.204908325270935,True,皖,raw_locked,0.10251939434120502,-2.277703285217285
fenqusai/test_photo/049921875-80_275-250&410_534&587-534&506_259&587_250&469_530&410-0_0_3_17_25_25_30_25-128-23.jpg,0,1,False,green,green,tractor_green,8,8,True,皖RDT1A84,0.8847104107979654,-2.204908325270935,True,皖,raw_locked,0.10251939434120502,-2.277703285217285
fenqusai/test_photo/049921875-80_275-250&410_534&587-534&506_259&587_250&469_530&410-0_0_3_17_25_25_30_25-128-23.jpg,0,2,False,green,blue,,7,7,True,皖DT1A84,0.7834698651448474,-4.392408235863968,True,皖,raw_locked,0.10251939434120502,-2.277703285217285
fenqusai/test_photo/049921875-80_275-250&410_534&587-534&506_259&587_250&469_530&410-0_0_3_17_25_25_30_25-128-23.jpg,0,3,False,green,yellow,,7,7,True,皖DT1A84,0.7834698651448474,-4.392408235863968,True,皖,raw_locked,0.10251939434120502,-2.277703285217285
fenqusai/test_photo/049921875-80_275-250&410_534&587-534&506_259&587_250&469_530&410-0_0_3_17_25_25_30_25-128-23.jpg,0,4,False,green,black,,7,7,True,皖DT1A84,0.7834698651448474,-4.392408235863968,True,皖,raw_locked,0.10251939434120502,-2.277703285217285
fenqusai/test_photo/049921875-80_275-250&410_534&587-534&506_259&587_250&469_530&410-0_0_3_17_25_25_30_25-128-23.jpg,0,5,False,green,special_7,,7,7,True,皖DT1A84,0.7834698651448474,-4.392408235863968,True,皖,raw_locked,0.10251939434120502,-2.277703285217285
fenqusai/test_photo/049921875-80_275-250&410_534&587-534&506_259&587_250&469_530&410-0_0_3_17_25_25_30_25-128-23.jpg,0,6,False,green,unknown_8,,8,8,True,皖RDT1A84,0.8847104107979654,-2.204908325270935,True,皖,raw_locked,0.10251939434120502,-2.277703285217285
fenqusai/test_photo/1006.jpg,0,0,True,blue,blue,,7,7,True,冀DYQ565,0.9564014675767678,-0.802395160542801,True,冀,raw_locked,0.14992423568828062,-1.897625207901001
fenqusai/test_photo/1006.jpg,0,1,False,blue,green,,8,8,True,冀DYQS565,0.35987156881523125,-18.3961451605428,True,冀,raw_locked,0.14992423568828062,-1.897625207901001
fenqusai/test_photo/1006.jpg,0,2,False,blue,green,tractor_green,8,8,True,冀DYQS565,0.35987156881523125,-18.3961451605428,True,冀,raw_locked,0.14992423568828062,-1.897625207901001
fenqusai/test_photo/1006.jpg,0,3,False,blue,yellow,,7,7,True,冀DYQ565,0.9564014675767678,-0.802395160542801,True,冀,raw_locked,0.14992423568828062,-1.897625207901001
fenqusai/test_photo/1006.jpg,0,4,False,blue,black,,7,7,True,冀DYQ565,0.9564014675767678,-0.802395160542801,True,冀,raw_locked,0.14992423568828062,-1.897625207901001
fenqusai/test_photo/1006.jpg,0,5,False,blue,special_7,,7,7,True,冀DYQ565,0.9564014675767678,-0.802395160542801,True,冀,raw_locked,0.14992423568828062,-1.897625207901001
fenqusai/test_photo/1006.jpg,0,6,False,blue,unknown_8,,8,8,True,冀DYQS565,0.35987156881523125,-18.3961451605428,True,冀,raw_locked,0.14992423568828062,-1.897625207901001
fenqusai/test_photo/14.jpg,0,0,True,blue,blue,,7,7,True,湘C4298S,0.9416826065386033,-1.0815659444760968,True,湘,raw_locked,0.11429687586311567,-2.1689560413360596
fenqusai/test_photo/14.jpg,0,1,False,blue,green,,8,8,True,湘C4Z298S,0.3209480895474818,-20.456565907225013,True,湘,raw_locked,0.11429687586311567,-2.1689560413360596
fenqusai/test_photo/14.jpg,0,2,False,blue,green,tractor_green,8,8,True,湘C4Z298S,0.3209480895474818,-20.456565907225013,True,湘,raw_locked,0.11429687586311567,-2.1689560413360596
fenqusai/test_photo/14.jpg,0,3,False,blue,yellow,,7,7,True,湘C4298S,0.9416826065386033,-1.0815659444760968,True,湘,raw_locked,0.11429687586311567,-2.1689560413360596
fenqusai/test_photo/14.jpg,0,4,False,blue,black,,7,7,True,湘C4298S,0.9416826065386033,-1.0815659444760968,True,湘,raw_locked,0.11429687586311567,-2.1689560413360596
fenqusai/test_photo/14.jpg,0,5,False,blue,special_7,,7,7,True,湘C4298S,0.9416826065386033,-1.0815659444760968,True,湘,raw_locked,0.11429687586311567,-2.1689560413360596
fenqusai/test_photo/14.jpg,0,6,False,blue,unknown_8,,8,8,True,湘C4Z298S,0.3209480895474818,-20.456565907225013,True,湘,raw_locked,0.11429687586311567,-2.1689560413360596
fenqusai/test_photo/18.jpg,0,0,True,blue,blue,,7,7,True,湘U6E553,0.8666704981521659,-2.5757356087014998,True,湘,raw_locked,0.21004154009556636,-1.5604499578475952
fenqusai/test_photo/18.jpg,0,1,False,blue,green,,8,8,True,湘AU6E553,0.8591798751651746,-2.7319856087014998,True,湘,raw_locked,0.21004154009556636,-1.5604499578475952
fenqusai/test_photo/18.jpg,0,2,False,blue,green,tractor_green,8,8,True,湘AU6E553,0.8591798751651746,-2.7319856087014998,True,湘,raw_locked,0.21004154009556636,-1.5604499578475952
fenqusai/test_photo/18.jpg,0,3,False,blue,yellow,,7,7,True,湘U6E553,0.8666704981521659,-2.5757356087014998,True,湘,raw_locked,0.21004154009556636,-1.5604499578475952
fenqusai/test_photo/18.jpg,0,4,False,blue,black,,7,7,True,湘U6E553,0.8666704981521659,-2.5757356087014998,True,湘,raw_locked,0.21004154009556636,-1.5604499578475952
fenqusai/test_photo/18.jpg,0,5,False,blue,special_7,,7,7,True,湘U6E553,0.8666704981521659,-2.5757356087014998,True,湘,raw_locked,0.21004154009556636,-1.5604499578475952
fenqusai/test_photo/18.jpg,0,6,False,blue,unknown_8,,8,8,True,湘AU6E553,0.8591798751651746,-2.7319856087014998,True,湘,raw_locked,0.21004154009556636,-1.5604499578475952
fenqusai/test_photo/195.jpg,0,0,True,green,green,,8,8,True,皖F4448D0,0.004020265335237772,-99.29533274529967,True,皖,raw_locked,0.18465277197194974,-1.6892781257629395
fenqusai/test_photo/195.jpg,0,1,False,green,green,tractor_green,8,8,True,皖F挂448D0,0.004415397677786305,-97.60783274529967,True,皖,raw_locked,0.18465277197194974,-1.6892781257629395
fenqusai/test_photo/195.jpg,0,2,False,green,blue,,7,7,True,皖F4448D,0.00018447352569252927,-154.76408274529967,True,皖,raw_locked,0.18465277197194974,-1.6892781257629395
fenqusai/test_photo/195.jpg,0,3,False,green,yellow,,7,7,True,皖F挂448D,0.0002026045320482988,-153.07658274529967,True,皖,raw_locked,0.18465277197194974,-1.6892781257629395
fenqusai/test_photo/195.jpg,0,4,False,green,black,,7,7,True,皖F临448D,0.0002141788727516464,-152.07658268569503,True,皖,raw_locked,0.18465277197194974,-1.6892781257629395
fenqusai/test_photo/195.jpg,0,5,False,green,special_7,,7,7,True,皖F临448D,0.0002141788727516464,-152.07658268569503,True,皖,raw_locked,0.18465277197194974,-1.6892781257629395
fenqusai/test_photo/195.jpg,0,6,False,green,unknown_8,,8,8,True,皖F4448D0,0.004020265335237772,-99.29533274529967,True,皖,raw_locked,0.18465277197194974,-1.6892781257629395
fenqusai/test_photo/204.jpg,0,0,True,blue,blue,,7,7,True,渝DDD544,0.992453827601103,-0.1363461986097647,True,渝,raw_locked,0.29230441930246265,-1.229959487915039
fenqusai/test_photo/204.jpg,0,1,False,blue,green,,8,7,False,渝DDD544,0.992453827601103,-0.1363461986097647,True,渝,raw_locked,0.29230441930246265,-1.229959487915039
fenqusai/test_photo/204.jpg,0,2,False,blue,green,tractor_green,8,7,False,渝DDD544,0.992453827601103,-0.1363461986097647,True,渝,raw_locked,0.29230441930246265,-1.229959487915039
fenqusai/test_photo/204.jpg,0,3,False,blue,yellow,,7,7,True,渝DDD544,0.992453827601103,-0.1363461986097647,True,渝,raw_locked,0.29230441930246265,-1.229959487915039
fenqusai/test_photo/204.jpg,0,4,False,blue,black,,7,7,True,渝DDD544,0.992453827601103,-0.1363461986097647,True,渝,raw_locked,0.29230441930246265,-1.229959487915039
fenqusai/test_photo/204.jpg,0,5,False,blue,special_7,,7,7,True,渝DDD544,0.992453827601103,-0.1363461986097647,True,渝,raw_locked,0.29230441930246265,-1.229959487915039
fenqusai/test_photo/204.jpg,0,6,False,blue,unknown_8,,8,7,False,渝DDD544,0.992453827601103,-0.1363461986097647,True,渝,raw_locked,0.29230441930246265,-1.229959487915039
fenqusai/test_photo/210.jpg,0,0,True,blue,blue,,7,7,True,吉D22222,0.9399438682218125,-1.1148321628570486,True,吉,baseline,0.1093234638570639,-2.213444232940674
fenqusai/test_photo/210.jpg,0,1,False,blue,green,,8,8,True,吉D222229,0.3902146223822645,-16.939050793647766,True,吉,baseline,0.1093234638570639,-2.213444232940674
fenqusai/test_photo/210.jpg,0,2,False,blue,green,tractor_green,8,8,True,吉D222229,0.3902146223822645,-16.939050793647766,True,吉,baseline,0.1093234638570639,-2.213444232940674
fenqusai/test_photo/210.jpg,0,3,False,blue,yellow,,7,7,True,吉D22222,0.9399438682218125,-1.1148321628570486,True,吉,baseline,0.1093234638570639,-2.213444232940674
fenqusai/test_photo/210.jpg,0,4,False,blue,black,,7,7,True,吉D22222,0.9399438682218125,-1.1148321628570486,True,吉,baseline,0.1093234638570639,-2.213444232940674
fenqusai/test_photo/210.jpg,0,5,False,blue,special_7,,7,7,True,吉D22222,0.9399438682218125,-1.1148321628570486,True,吉,baseline,0.1093234638570639,-2.213444232940674
fenqusai/test_photo/210.jpg,0,6,False,blue,unknown_8,,8,8,True,吉D222229,0.3902146223822645,-16.939050793647766,True,吉,baseline,0.1093234638570639,-2.213444232940674
fenqusai/test_photo/211.jpg,0,0,True,blue,blue,,7,7,True,辽A266Z9,0.9781277572536219,-0.39806975412272294,True,辽,raw_locked,0.3333046779878126,-1.0986982583999634
fenqusai/test_photo/211.jpg,0,1,False,blue,green,,8,8,True,辽AL266Z9,0.6911923006239853,-6.648069612561692,True,辽,raw_locked,0.3333046779878126,-1.0986982583999634
fenqusai/test_photo/211.jpg,0,2,False,blue,green,tractor_green,8,8,True,辽AL266Z9,0.6911923006239853,-6.648069612561692,True,辽,raw_locked,0.3333046779878126,-1.0986982583999634
fenqusai/test_photo/211.jpg,0,3,False,blue,yellow,,7,7,True,辽A266Z9,0.9781277572536219,-0.39806975412272294,True,辽,raw_locked,0.3333046779878126,-1.0986982583999634
fenqusai/test_photo/211.jpg,0,4,False,blue,black,,7,7,True,辽A266Z9,0.9781277572536219,-0.39806975412272294,True,辽,raw_locked,0.3333046779878126,-1.0986982583999634
fenqusai/test_photo/211.jpg,0,5,False,blue,special_7,,7,7,True,辽A266Z9,0.9781277572536219,-0.39806975412272294,True,辽,raw_locked,0.3333046779878126,-1.0986982583999634
fenqusai/test_photo/211.jpg,0,6,False,blue,unknown_8,,8,8,True,辽AL266Z9,0.6911923006239853,-6.648069612561692,True,辽,raw_locked,0.3333046779878126,-1.0986982583999634
fenqusai/test_photo/212.jpg,0,0,True,blue,blue,,7,7,True,川G00000,0.8907049275373373,-2.083357374335719,True,川,baseline,0.04576326532926653,-3.08427357673645
fenqusai/test_photo/212.jpg,0,1,False,blue,green,,8,7,False,川G00000,0.8907049275373373,-2.083357374335719,True,川,baseline,0.04576326532926653,-3.08427357673645
fenqusai/test_photo/212.jpg,0,2,False,blue,green,tractor_green,8,7,False,川G00000,0.8907049275373373,-2.083357374335719,True,川,baseline,0.04576326532926653,-3.08427357673645
fenqusai/test_photo/212.jpg,0,3,False,blue,yellow,,7,7,True,川G00000,0.8907049275373373,-2.083357374335719,True,川,baseline,0.04576326532926653,-3.08427357673645
fenqusai/test_photo/212.jpg,0,4,False,blue,black,,7,7,True,川G00000,0.8907049275373373,-2.083357374335719,True,川,baseline,0.04576326532926653,-3.08427357673645
fenqusai/test_photo/212.jpg,0,5,False,blue,special_7,,7,7,True,川G00000,0.8907049275373373,-2.083357374335719,True,川,baseline,0.04576326532926653,-3.08427357673645
fenqusai/test_photo/212.jpg,0,6,False,blue,unknown_8,,8,7,False,川G00000,0.8907049275373373,-2.083357374335719,True,川,baseline,0.04576326532926653,-3.08427357673645
fenqusai/test_photo/213.jpg,0,0,False,blue,blue,,7,7,True,浙E34692,0.5370976209912418,-11.18835740591291,True,浙,raw_locked,0.23622692057555886,-1.442962408065796
fenqusai/test_photo/213.jpg,0,1,False,blue,green,,8,8,True,浙Q534692,0.5187684395958017,-11.813357913483713,True,浙,raw_locked,0.23622692057555886,-1.442962408065796
fenqusai/test_photo/213.jpg,0,2,False,blue,green,tractor_green,8,8,True,浙Q534692,0.5187684395958017,-11.813357913483713,True,浙,raw_locked,0.23622692057555886,-1.442962408065796
fenqusai/test_photo/213.jpg,0,3,False,blue,yellow,,7,7,True,浙E34692,0.5370976209912418,-11.18835740591291,True,浙,raw_locked,0.23622692057555886,-1.442962408065796
fenqusai/test_photo/213.jpg,0,4,False,blue,black,,7,7,True,浙E领4692,0.6171232447219933,-8.688357480418716,True,浙,raw_locked,0.23622692057555886,-1.442962408065796
fenqusai/test_photo/213.jpg,0,5,True,blue,special_7,,7,7,True,浙5领4692,0.8702832592151842,-2.5008576303616508,True,浙,raw_locked,0.23622692057555886,-1.442962408065796
fenqusai/test_photo/213.jpg,0,6,False,blue,unknown_8,,8,8,True,浙Q534692,0.5187684395958017,-11.813357913483713,True,浙,raw_locked,0.23622692057555886,-1.442962408065796
fenqusai/test_photo/214.jpg,0,0,True,black,black,,7,7,True,云B91999,0.8341969437311121,-3.2631436968913476,True,云,baseline,0.013073864952534849,-4.337140083312988
fenqusai/test_photo/214.jpg,0,1,False,black,blue,,7,7,True,云B91999,0.8341969437311121,-3.2631436968913476,True,云,baseline,0.013073864952534849,-4.337140083312988
fenqusai/test_photo/214.jpg,0,2,False,black,green,,8,7,False,云B91999,0.8341969437311121,-3.2631436968913476,True,云,baseline,0.013073864952534849,-4.337140083312988
fenqusai/test_photo/214.jpg,0,3,False,black,green,tractor_green,8,7,False,云B91999,0.8341969437311121,-3.2631436968913476,True,云,baseline,0.013073864952534849,-4.337140083312988
fenqusai/test_photo/214.jpg,0,4,False,black,yellow,,7,7,True,云B91999,0.8341969437311121,-3.2631436968913476,True,云,baseline,0.013073864952534849,-4.337140083312988
fenqusai/test_photo/214.jpg,0,5,False,black,special_7,,7,7,True,云B91999,0.8341969437311121,-3.2631436968913476,True,云,baseline,0.013073864952534849,-4.337140083312988
fenqusai/test_photo/214.jpg,0,6,False,black,unknown_8,,8,7,False,云B91999,0.8341969437311121,-3.2631436968913476,True,云,baseline,0.013073864952534849,-4.337140083312988
fenqusai/test_photo/215.jpg,0,0,True,blue,blue,,7,7,True,京B911ZB,0.96546480176722,-0.6326214073492338,True,京,raw_locked,0.17706968900390133,-1.7312119007110596
fenqusai/test_photo/215.jpg,0,1,False,blue,green,,8,8,True,京B911ZBD,0.192143660842648,-29.691215157349234,True,京,raw_locked,0.17706968900390133,-1.7312119007110596
fenqusai/test_photo/215.jpg,0,2,False,blue,green,tractor_green,8,8,True,京B911ZBD,0.192143660842648,-29.691215157349234,True,京,raw_locked,0.17706968900390133,-1.7312119007110596
fenqusai/test_photo/215.jpg,0,3,False,blue,yellow,,7,7,True,京B911ZB,0.96546480176722,-0.6326214073492338,True,京,raw_locked,0.17706968900390133,-1.7312119007110596
fenqusai/test_photo/215.jpg,0,4,False,blue,black,,7,7,True,京B911ZB,0.96546480176722,-0.6326214073492338,True,京,raw_locked,0.17706968900390133,-1.7312119007110596
fenqusai/test_photo/215.jpg,0,5,False,blue,special_7,,7,7,True,京B911ZB,0.96546480176722,-0.6326214073492338,True,京,raw_locked,0.17706968900390133,-1.7312119007110596
fenqusai/test_photo/215.jpg,0,6,False,blue,unknown_8,,8,8,True,京B911ZBD,0.192143660842648,-29.691215157349234,True,京,raw_locked,0.17706968900390133,-1.7312119007110596
fenqusai/test_photo/216.jpg,0,0,False,unknown_7,blue,,7,7,True,川A85327,0.928083563521191,-1.3434030603374367,True,川,raw_locked,0.3246155094436888,-1.125113844871521
fenqusai/test_photo/216.jpg,0,1,True,unknown_7,green,,8,8,True,川MA85327,0.9811028828298035,-0.3434030901397591,True,川,raw_locked,0.3246155094436888,-1.125113844871521
fenqusai/test_photo/216.jpg,0,2,False,unknown_7,green,tractor_green,8,8,True,川MA85327,0.9811028828298035,-0.3434030901397591,True,川,raw_locked,0.3246155094436888,-1.125113844871521
fenqusai/test_photo/216.jpg,0,3,False,unknown_7,yellow,,7,7,True,川A85327,0.928083563521191,-1.3434030603374367,True,川,raw_locked,0.3246155094436888,-1.125113844871521
fenqusai/test_photo/216.jpg,0,4,False,unknown_7,black,,7,7,True,川A85327,0.928083563521191,-1.3434030603374367,True,川,raw_locked,0.3246155094436888,-1.125113844871521
fenqusai/test_photo/216.jpg,0,5,False,unknown_7,special_7,,7,7,True,川A85327,0.928083563521191,-1.3434030603374367,True,川,raw_locked,0.3246155094436888,-1.125113844871521
fenqusai/test_photo/216.jpg,0,6,False,unknown_7,unknown_8,,8,8,True,川MA85327,0.9811028828298035,-0.3434030901397591,True,川,raw_locked,0.3246155094436888,-1.125113844871521
fenqusai/test_photo/217.jpg,0,0,True,yellow,yellow,,7,7,True,川A87511,0.9719293920983973,-0.5124981426178223,True,川,raw_locked,0.30963162841287006,-1.1723719835281372
fenqusai/test_photo/217.jpg,0,1,False,yellow,blue,,7,7,True,川A87511,0.9719293920983973,-0.5124981426178223,True,川,raw_locked,0.30963162841287006,-1.1723719835281372
fenqusai/test_photo/217.jpg,0,2,False,yellow,green,,8,8,True,川A87T511,0.6291610811209976,-8.340623356589184,True,川,raw_locked,0.30963162841287006,-1.1723719835281372
fenqusai/test_photo/217.jpg,0,3,False,yellow,green,tractor_green,8,8,True,川A87T511,0.6291610811209976,-8.340623356589184,True,川,raw_locked,0.30963162841287006,-1.1723719835281372
fenqusai/test_photo/217.jpg,0,4,False,yellow,black,,7,7,True,川A87511,0.9719293920983973,-0.5124981426178223,True,川,raw_locked,0.30963162841287006,-1.1723719835281372
fenqusai/test_photo/217.jpg,0,5,False,yellow,special_7,,7,7,True,川A87511,0.9719293920983973,-0.5124981426178223,True,川,raw_locked,0.30963162841287006,-1.1723719835281372
fenqusai/test_photo/217.jpg,0,6,False,yellow,unknown_8,,8,8,True,川A87T511,0.6291610811209976,-8.340623356589184,True,川,raw_locked,0.30963162841287006,-1.1723719835281372
fenqusai/test_photo/218.jpg,0,0,True,blue,blue,,7,7,True,湘DJV826,0.9023274301560812,-1.8500007632781035,True,湘,raw_locked,0.10388303764740923,-2.2644896507263184
fenqusai/test_photo/218.jpg,0,1,False,blue,green,,8,8,True,湘DJV82A6,0.7651308758153768,-4.81875084523449,True,湘,raw_locked,0.10388303764740923,-2.2644896507263184
fenqusai/test_photo/218.jpg,0,2,False,blue,green,tractor_green,8,8,True,湘DJV82A6,0.7651308758153768,-4.81875084523449,True,湘,raw_locked,0.10388303764740923,-2.2644896507263184
fenqusai/test_photo/218.jpg,0,3,False,blue,yellow,,7,7,True,湘DJV826,0.9023274301560812,-1.8500007632781035,True,湘,raw_locked,0.10388303764740923,-2.2644896507263184
fenqusai/test_photo/218.jpg,0,4,False,blue,black,,7,7,True,湘DJV826,0.9023274301560812,-1.8500007632781035,True,湘,raw_locked,0.10388303764740923,-2.2644896507263184
fenqusai/test_photo/218.jpg,0,5,False,blue,special_7,,7,7,True,湘DJV826,0.9023274301560812,-1.8500007632781035,True,湘,raw_locked,0.10388303764740923,-2.2644896507263184
fenqusai/test_photo/218.jpg,0,6,False,blue,unknown_8,,8,8,True,湘DJV82A6,0.7651308758153768,-4.81875084523449,True,湘,raw_locked,0.10388303764740923,-2.2644896507263184
fenqusai/test_photo/219.jpg,0,0,True,blue,blue,,7,7,True,新RB520T,0.9635035707820151,-0.6692235314694415,True,新,raw_locked,0.19114619399708582,-1.6547167301177979
fenqusai/test_photo/219.jpg,0,1,False,blue,green,,8,8,True,新R8B520T,0.5966970553263794,-9.294223309159833,True,新,raw_locked,0.19114619399708582,-1.6547167301177979
fenqusai/test_photo/219.jpg,0,2,False,blue,green,tractor_green,8,8,True,新R8B520T,0.5966970553263794,-9.294223309159833,True,新,raw_locked,0.19114619399708582,-1.6547167301177979
fenqusai/test_photo/219.jpg,0,3,False,blue,yellow,,7,7,True,新RB520T,0.9635035707820151,-0.6692235314694415,True,新,raw_locked,0.19114619399708582,-1.6547167301177979
fenqusai/test_photo/219.jpg,0,4,False,blue,black,,7,7,True,新RB520T,0.9635035707820151,-0.6692235314694415,True,新,raw_locked,0.19114619399708582,-1.6547167301177979
fenqusai/test_photo/219.jpg,0,5,False,blue,special_7,,7,7,True,新RB520T,0.9635035707820151,-0.6692235314694415,True,新,raw_locked,0.19114619399708582,-1.6547167301177979
fenqusai/test_photo/219.jpg,0,6,False,blue,unknown_8,,8,8,True,新R8B520T,0.5966970553263794,-9.294223309159833,True,新,raw_locked,0.19114619399708582,-1.6547167301177979
fenqusai/test_photo/22.jpg,0,0,False,blue,blue,,7,7,True,豫A67LGV,0.4390353514631519,-14.817156154167513,True,豫,raw_locked,0.25380788070422583,-1.3711776733398438
fenqusai/test_photo/22.jpg,0,1,True,blue,green,,8,8,True,豫A67LGV4,0.6212926244221554,-8.567155677330355,True,豫,raw_locked,0.25380788070422583,-1.3711776733398438
fenqusai/test_photo/22.jpg,0,2,False,blue,green,tractor_green,8,8,True,豫A67LGV学,0.9556175050243537,-0.8171558160974186,True,豫,raw_locked,0.25380788070422583,-1.3711776733398438
fenqusai/test_photo/22.jpg,0,3,False,blue,yellow,,7,7,True,豫A67LGV,0.4390353514631519,-14.817156154167513,True,豫,raw_locked,0.25380788070422583,-1.3711776733398438
fenqusai/test_photo/22.jpg,0,4,False,blue,black,,7,7,True,豫A67LGV,0.4390353514631519,-14.817156154167513,True,豫,raw_locked,0.25380788070422583,-1.3711776733398438
fenqusai/test_photo/22.jpg,0,5,False,blue,special_7,,7,7,True,豫A67LGV,0.4390353514631519,-14.817156154167513,True,豫,raw_locked,0.25380788070422583,-1.3711776733398438
fenqusai/test_photo/22.jpg,0,6,False,blue,unknown_8,,8,8,True,豫A67LGV4,0.6212926244221554,-8.567155677330355,True,豫,raw_locked,0.25380788070422583,-1.3711776733398438
fenqusai/test_photo/220.jpg,0,0,True,blue,blue,,7,7,True,川DP3333,0.975742769770311,-0.4420130916441849,True,川,raw_locked,0.217237270984604,-1.5267651081085205
fenqusai/test_photo/220.jpg,0,1,False,blue,green,,8,8,True,川DP33335,0.554997086987302,-10.598263450578088,True,川,raw_locked,0.217237270984604,-1.5267651081085205
fenqusai/test_photo/220.jpg,0,2,False,blue,green,tractor_green,8,8,True,川DP33335,0.554997086987302,-10.598263450578088,True,川,raw_locked,0.217237270984604,-1.5267651081085205
fenqusai/test_photo/220.jpg,0,3,False,blue,yellow,,7,7,True,川DP3333,0.975742769770311,-0.4420130916441849,True,川,raw_locked,0.217237270984604,-1.5267651081085205
fenqusai/test_photo/220.jpg,0,4,False,blue,black,,7,7,True,川DP3333,0.975742769770311,-0.4420130916441849,True,川,raw_locked,0.217237270984604,-1.5267651081085205
fenqusai/test_photo/220.jpg,0,5,False,blue,special_7,,7,7,True,川DP3333,0.975742769770311,-0.4420130916441849,True,川,raw_locked,0.217237270984604,-1.5267651081085205
fenqusai/test_photo/220.jpg,0,6,False,blue,unknown_8,,8,8,True,川DP33335,0.554997086987302,-10.598263450578088,True,川,raw_locked,0.217237270984604,-1.5267651081085205
fenqusai/test_photo/221.jpg,0,0,True,blue,blue,,7,7,True,豫AMV062,0.9895064380474232,-0.18988213673583232,True,豫,raw_locked,0.27659054404125566,-1.285217046737671
fenqusai/test_photo/221.jpg,0,1,False,blue,green,,8,8,True,豫AMV06M2,0.32900660449626534,-20.010194171307376,True,豫,raw_locked,0.27659054404125566,-1.285217046737671
fenqusai/test_photo/221.jpg,0,2,False,blue,green,tractor_green,8,8,True,豫AMV06M2,0.32900660449626534,-20.010194171307376,True,豫,raw_locked,0.27659054404125566,-1.285217046737671
fenqusai/test_photo/221.jpg,0,3,False,blue,yellow,,7,7,True,豫AMV062,0.9895064380474232,-0.18988213673583232,True,豫,raw_locked,0.27659054404125566,-1.285217046737671
fenqusai/test_photo/221.jpg,0,4,False,blue,black,,7,7,True,豫AMV062,0.9895064380474232,-0.18988213673583232,True,豫,raw_locked,0.27659054404125566,-1.285217046737671
fenqusai/test_photo/221.jpg,0,5,False,blue,special_7,,7,7,True,豫AMV062,0.9895064380474232,-0.18988213673583232,True,豫,raw_locked,0.27659054404125566,-1.285217046737671
fenqusai/test_photo/221.jpg,0,6,False,blue,unknown_8,,8,8,True,豫AMV06M2,0.32900660449626534,-20.010194171307376,True,豫,raw_locked,0.27659054404125566,-1.285217046737671
fenqusai/test_photo/222.jpg,0,0,True,green,green,,8,8,True,川DF00006,0.9915497897578959,-0.152750082313986,True,川,raw_locked,0.2884765346787155,-1.243141531944275
fenqusai/test_photo/222.jpg,0,1,False,green,green,tractor_green,8,8,True,川DF00006,0.9915497897578959,-0.152750082313986,True,川,raw_locked,0.2884765346787155,-1.243141531944275
fenqusai/test_photo/222.jpg,0,2,False,green,blue,,7,7,True,川F00006,0.6003621586134217,-9.18399974703786,True,川,raw_locked,0.2884765346787155,-1.243141531944275
fenqusai/test_photo/222.jpg,0,3,False,green,yellow,,7,7,True,川F00006,0.6003621586134217,-9.18399974703786,True,川,raw_locked,0.2884765346787155,-1.243141531944275
fenqusai/test_photo/222.jpg,0,4,False,green,black,,7,7,True,川F00006,0.6003621586134217,-9.18399974703786,True,川,raw_locked,0.2884765346787155,-1.243141531944275
fenqusai/test_photo/222.jpg,0,5,False,green,special_7,,7,7,True,川F00006,0.6003621586134217,-9.18399974703786,True,川,raw_locked,0.2884765346787155,-1.243141531944275
fenqusai/test_photo/222.jpg,0,6,False,green,unknown_8,,8,8,True,川DF00006,0.9915497897578959,-0.152750082313986,True,川,raw_locked,0.2884765346787155,-1.243141531944275
fenqusai/test_photo/223.jpg,0,0,True,blue,blue,,7,7,True,桂AG9Z10,0.9791682893604323,-0.37893153564073145,True,桂,raw_locked,0.31688543221964155,-1.1492149829864502
fenqusai/test_photo/223.jpg,0,1,False,blue,green,,8,8,True,桂AG9Z10U,0.6354998616135165,-8.160181310027838,True,桂,raw_locked,0.31688543221964155,-1.1492149829864502
fenqusai/test_photo/223.jpg,0,2,False,blue,green,tractor_green,8,8,True,桂AG9Z10U,0.6354998616135165,-8.160181310027838,True,桂,raw_locked,0.31688543221964155,-1.1492149829864502
fenqusai/test_photo/223.jpg,0,3,False,blue,yellow,,7,7,True,桂AG9Z10,0.9791682893604323,-0.37893153564073145,True,桂,raw_locked,0.31688543221964155,-1.1492149829864502
fenqusai/test_photo/223.jpg,0,4,False,blue,black,,7,7,True,桂AG9Z10,0.9791682893604323,-0.37893153564073145,True,桂,raw_locked,0.31688543221964155,-1.1492149829864502
fenqusai/test_photo/223.jpg,0,5,False,blue,special_7,,7,7,True,桂AG9Z10,0.9791682893604323,-0.37893153564073145,True,桂,raw_locked,0.31688543221964155,-1.1492149829864502
fenqusai/test_photo/223.jpg,0,6,False,blue,unknown_8,,8,8,True,桂AG9Z10U,0.6354998616135165,-8.160181310027838,True,桂,raw_locked,0.31688543221964155,-1.1492149829864502
fenqusai/test_photo/224.jpg,0,0,True,blue,blue,,7,7,True,京NH1N10,0.9868840409136376,-0.2376491914874279,True,京,raw_locked,0.2632493450391621,-1.334653615951538
fenqusai/test_photo/224.jpg,0,1,False,blue,green,,8,7,False,京NH1N10,0.9868840409136376,-0.2376491914874279,True,京,raw_locked,0.2632493450391621,-1.334653615951538
fenqusai/test_photo/224.jpg,0,2,False,blue,green,tractor_green,8,7,False,京NH1N10,0.9868840409136376,-0.2376491914874279,True,京,raw_locked,0.2632493450391621,-1.334653615951538
fenqusai/test_photo/224.jpg,0,3,False,blue,yellow,,7,7,True,京NH1N10,0.9868840409136376,-0.2376491914874279,True,京,raw_locked,0.2632493450391621,-1.334653615951538
fenqusai/test_photo/224.jpg,0,4,False,blue,black,,7,7,True,京NH1N10,0.9868840409136376,-0.2376491914874279,True,京,raw_locked,0.2632493450391621,-1.334653615951538
fenqusai/test_photo/224.jpg,0,5,False,blue,special_7,,7,7,True,京NH1N10,0.9868840409136376,-0.2376491914874279,True,京,raw_locked,0.2632493450391621,-1.334653615951538
fenqusai/test_photo/224.jpg,0,6,False,blue,unknown_8,,8,7,False,京NH1N10,0.9868840409136376,-0.2376491914874279,True,京,raw_locked,0.2632493450391621,-1.334653615951538
fenqusai/test_photo/225.jpg,0,0,True,blue,blue,,7,7,True,川FP9178,0.9117999121286194,-1.6620247363343879,True,川,baseline,0.06325220044115072,-2.7606253623962402
fenqusai/test_photo/225.jpg,0,1,False,blue,green,,8,8,True,川FP91786,0.23097730130292274,-26.377845048834388,True,川,baseline,0.06325220044115072,-2.7606253623962402
fenqusai/test_photo/225.jpg,0,2,False,blue,green,tractor_green,8,8,True,川FP91786,0.23097730130292274,-26.377845048834388,True,川,baseline,0.06325220044115072,-2.7606253623962402
fenqusai/test_photo/225.jpg,0,3,False,blue,yellow,,7,7,True,川FP9178,0.9117999121286194,-1.6620247363343879,True,川,baseline,0.06325220044115072,-2.7606253623962402
fenqusai/test_photo/225.jpg,0,4,False,blue,black,,7,7,True,川FP9178,0.9117999121286194,-1.6620247363343879,True,川,baseline,0.06325220044115072,-2.7606253623962402
fenqusai/test_photo/225.jpg,0,5,False,blue,special_7,,7,7,True,川FP9178,0.9117999121286194,-1.6620247363343879,True,川,baseline,0.06325220044115072,-2.7606253623962402
fenqusai/test_photo/225.jpg,0,6,False,blue,unknown_8,,8,8,True,川FP91786,0.23097730130292274,-26.377845048834388,True,川,baseline,0.06325220044115072,-2.7606253623962402
fenqusai/test_photo/226.jpg,0,0,True,blue,blue,,7,7,True,宁BQQ900,0.6036743863166396,-9.084965794448408,True,宁,baseline,3.8632928957729756e-05,-10.161405563354492
fenqusai/test_photo/226.jpg,0,1,False,blue,green,,8,8,True,宁B0QQ900,0.3368715239566924,-19.58496580562428,True,宁,baseline,3.8632928957729756e-05,-10.161405563354492
fenqusai/test_photo/226.jpg,0,2,False,blue,green,tractor_green,8,8,True,宁B0QQ900,0.3368715239566924,-19.58496580562428,True,宁,baseline,3.8632928957729756e-05,-10.161405563354492
fenqusai/test_photo/226.jpg,0,3,False,blue,yellow,,7,7,True,宁BQQ900,0.6036743863166396,-9.084965794448408,True,宁,baseline,3.8632928957729756e-05,-10.161405563354492
fenqusai/test_photo/226.jpg,0,4,False,blue,black,,7,7,True,宁BQQ900,0.6036743863166396,-9.084965794448408,True,宁,baseline,3.8632928957729756e-05,-10.161405563354492
fenqusai/test_photo/226.jpg,0,5,False,blue,special_7,,7,7,True,宁BQQ900,0.6036743863166396,-9.084965794448408,True,宁,baseline,3.8632928957729756e-05,-10.161405563354492
fenqusai/test_photo/226.jpg,0,6,False,blue,unknown_8,,8,8,True,宁B0QQ900,0.3368715239566924,-19.58496580562428,True,宁,baseline,3.8632928957729756e-05,-10.161405563354492
fenqusai/test_photo/227.jpg,0,0,True,black,black,,7,7,True,皖C05761,0.9915292864469096,-0.15312229096889496,True,皖,raw_locked,0.2860082523030034,-1.2517346143722534
fenqusai/test_photo/227.jpg,0,1,False,black,blue,,7,7,True,皖C05761,0.9915292864469096,-0.15312229096889496,True,皖,raw_locked,0.2860082523030034,-1.2517346143722534
fenqusai/test_photo/227.jpg,0,2,False,black,green,,8,8,True,皖AC05761,0.23428542844399963,-26.121872290968895,True,皖,raw_locked,0.2860082523030034,-1.2517346143722534
fenqusai/test_photo/227.jpg,0,3,False,black,green,tractor_green,8,8,True,皖AC05761,0.23428542844399963,-26.121872290968895,True,皖,raw_locked,0.2860082523030034,-1.2517346143722534
fenqusai/test_photo/227.jpg,0,4,False,black,yellow,,7,7,True,皖C05761,0.9915292864469096,-0.15312229096889496,True,皖,raw_locked,0.2860082523030034,-1.2517346143722534
fenqusai/test_photo/227.jpg,0,5,False,black,special_7,,7,7,True,皖C05761,0.9915292864469096,-0.15312229096889496,True,皖,raw_locked,0.2860082523030034,-1.2517346143722534
fenqusai/test_photo/227.jpg,0,6,False,black,unknown_8,,8,8,True,皖AC05761,0.23428542844399963,-26.121872290968895,True,皖,raw_locked,0.2860082523030034,-1.2517346143722534
fenqusai/test_photo/228.jpg,0,0,False,blue,blue,,7,7,True,鄂RL6789,0.7139247171967523,-6.0655996854238765,True,鄂,raw_locked,0.1275677679774958,-2.059107542037964
fenqusai/test_photo/228.jpg,0,1,True,blue,green,,8,8,True,鄂Z8L6789,0.9343720887947554,-1.2218496854238765,True,鄂,raw_locked,0.1275677679774958,-2.059107542037964
fenqusai/test_photo/228.jpg,0,2,False,blue,green,tractor_green,8,8,True,鄂Z8L6789,0.9343720887947554,-1.2218496854238765,True,鄂,raw_locked,0.1275677679774958,-2.059107542037964
fenqusai/test_photo/228.jpg,0,3,False,blue,yellow,,7,7,True,鄂RL6789,0.7139247171967523,-6.0655996854238765,True,鄂,raw_locked,0.1275677679774958,-2.059107542037964
fenqusai/test_photo/228.jpg,0,4,False,blue,black,,7,7,True,鄂RL6789,0.7139247171967523,-6.0655996854238765,True,鄂,raw_locked,0.1275677679774958,-2.059107542037964
fenqusai/test_photo/228.jpg,0,5,False,blue,special_7,,7,7,True,鄂8L6789,0.7950590604544633,-4.128099789732005,True,鄂,raw_locked,0.1275677679774958,-2.059107542037964
fenqusai/test_photo/228.jpg,0,6,False,blue,unknown_8,,8,8,True,鄂Z8L6789,0.9343720887947554,-1.2218496854238765,True,鄂,raw_locked,0.1275677679774958,-2.059107542037964
fenqusai/test_photo/229.jpg,0,0,False,blue,blue,,7,7,True,琼C00000,0.2306670498223447,-26.402039117179697,True,琼,raw_locked,0.28903896546423197,-1.2411937713623047
fenqusai/test_photo/229.jpg,0,1,False,blue,green,,8,8,True,琼A000000,0.32332206740301334,-20.323914117179697,True,琼,raw_locked,0.28903896546423197,-1.2411937713623047
fenqusai/test_photo/229.jpg,0,2,False,blue,green,tractor_green,8,8,True,琼A000000,0.32332206740301334,-20.323914117179697,True,琼,raw_locked,0.28903896546423197,-1.2411937713623047
fenqusai/test_photo/229.jpg,0,3,False,blue,yellow,,7,7,True,琼C00000,0.2306670498223447,-26.402039117179697,True,琼,raw_locked,0.28903896546423197,-1.2411937713623047
fenqusai/test_photo/229.jpg,0,4,False,blue,black,,7,7,True,琼C00000,0.2306670498223447,-26.402039117179697,True,琼,raw_locked,0.28903896546423197,-1.2411937713623047
fenqusai/test_photo/229.jpg,0,5,True,blue,special_7,,7,7,True,琼000000,0.9915889548274424,-0.15203911717969731,True,琼,raw_locked,0.28903896546423197,-1.2411937713623047
fenqusai/test_photo/229.jpg,0,6,False,blue,unknown_8,,8,8,True,琼A000000,0.32332206740301334,-20.323914117179697,True,琼,raw_locked,0.28903896546423197,-1.2411937713623047
fenqusai/test_photo/25.jpg,0,0,True,blue,blue,,7,7,True,粤ESB945,0.9863562553432839,-0.24727816623615695,True,粤,raw_locked,0.2610742722625011,-1.3429503440856934
fenqusai/test_photo/25.jpg,0,1,False,blue,green,,8,8,True,粤ESB945E,0.4465194056122391,-14.512903523864196,True,粤,raw_locked,0.2610742722625011,-1.3429503440856934
fenqusai/test_photo/25.jpg,0,2,False,blue,green,tractor_green,8,8,True,粤ESB945E,0.4465194056122391,-14.512903523864196,True,粤,raw_locked,0.2610742722625011,-1.3429503440856934
fenqusai/test_photo/25.jpg,0,3,False,blue,yellow,,7,7,True,粤ESB945,0.9863562553432839,-0.24727816623615695,True,粤,raw_locked,0.2610742722625011,-1.3429503440856934
fenqusai/test_photo/25.jpg,0,4,False,blue,black,,7,7,True,粤ESB945,0.9863562553432839,-0.24727816623615695,True,粤,raw_locked,0.2610742722625011,-1.3429503440856934
fenqusai/test_photo/25.jpg,0,5,False,blue,special_7,,7,7,True,粤ESB945,0.9863562553432839,-0.24727816623615695,True,粤,raw_locked,0.2610742722625011,-1.3429503440856934
fenqusai/test_photo/25.jpg,0,6,False,blue,unknown_8,,8,8,True,粤ESB945E,0.4465194056122391,-14.512903523864196,True,粤,raw_locked,0.2610742722625011,-1.3429503440856934
fenqusai/test_photo/26.jpg,0,0,True,blue,blue,,7,7,True,云E7382B,0.980032296629328,-0.363055538094045,True,云,raw_locked,0.23189477699911198,-1.4614715576171875
fenqusai/test_photo/26.jpg,0,1,False,blue,green,,8,8,True,云LE7382B,0.4156928461419737,-15.800555557011535,True,云,raw_locked,0.23189477699911198,-1.4614715576171875
fenqusai/test_photo/26.jpg,0,2,False,blue,green,tractor_green,8,8,True,云LE7382B,0.4156928461419737,-15.800555557011535,True,云,raw_locked,0.23189477699911198,-1.4614715576171875
fenqusai/test_photo/26.jpg,0,3,False,blue,yellow,,7,7,True,云E7382B,0.980032296629328,-0.363055538094045,True,云,raw_locked,0.23189477699911198,-1.4614715576171875
fenqusai/test_photo/26.jpg,0,4,False,blue,black,,7,7,True,云E7382B,0.980032296629328,-0.363055538094045,True,云,raw_locked,0.23189477699911198,-1.4614715576171875
fenqusai/test_photo/26.jpg,0,5,False,blue,special_7,,7,7,True,云E7382B,0.980032296629328,-0.363055538094045,True,云,raw_locked,0.23189477699911198,-1.4614715576171875
fenqusai/test_photo/26.jpg,0,6,False,blue,unknown_8,,8,8,True,云LE7382B,0.4156928461419737,-15.800555557011535,True,云,raw_locked,0.23189477699911198,-1.4614715576171875
fenqusai/test_photo/30.jpg,0,0,True,unknown_7,blue,,7,7,True,皖AJH154,0.8935392585090357,-2.0261701341550733,True,皖,raw_locked,0.14938998411118257,-1.9011950492858887
fenqusai/test_photo/30.jpg,0,1,False,unknown_7,green,,8,8,True,皖AJH1554,0.48328519798905833,-13.088669896125758,True,皖,raw_locked,0.14938998411118257,-1.9011950492858887
fenqusai/test_photo/30.jpg,0,2,False,unknown_7,green,tractor_green,8,8,True,皖AJH1554,0.48328519798905833,-13.088669896125758,True,皖,raw_locked,0.14938998411118257,-1.9011950492858887
fenqusai/test_photo/30.jpg,0,3,False,unknown_7,yellow,,7,7,True,皖AJH154,0.8935392585090357,-2.0261701341550733,True,皖,raw_locked,0.14938998411118257,-1.9011950492858887
fenqusai/test_photo/30.jpg,0,4,False,unknown_7,black,,7,7,True,皖AJH154,0.8935392585090357,-2.0261701341550733,True,皖,raw_locked,0.14938998411118257,-1.9011950492858887
fenqusai/test_photo/30.jpg,0,5,False,unknown_7,special_7,,7,7,True,皖AJH154,0.8935392585090357,-2.0261701341550733,True,皖,raw_locked,0.14938998411118257,-1.9011950492858887
fenqusai/test_photo/30.jpg,0,6,False,unknown_7,unknown_8,,8,8,True,皖AJH1554,0.48328519798905833,-13.088669896125758,True,皖,raw_locked,0.14938998411118257,-1.9011950492858887
fenqusai/test_photo/3040625-99_253-195&400_483&542-482&542_207&496_195&400_483&450-0_0_3_25_26_30_30_30-114-232.jpg,0,0,True,green,green,,8,8,True,粤KD12666,0.87840201474887,-2.3337164622935234,True,粤,raw_locked,0.12452668311597132,-2.083235263824463
fenqusai/test_photo/3040625-99_253-195&400_483&542-482&542_207&496_195&400_483&450-0_0_3_25_26_30_30_30-114-232.jpg,0,1,False,green,green,tractor_green,8,8,True,粤KD12666,0.87840201474887,-2.3337164622935234,True,粤,raw_locked,0.12452668311597132,-2.083235263824463
fenqusai/test_photo/3040625-99_253-195&400_483&542-482&542_207&496_195&400_483&450-0_0_3_25_26_30_30_30-114-232.jpg,0,2,False,green,blue,,7,7,True,粤D12666,0.4701747265699717,-13.583716104665655,True,粤,raw_locked,0.12452668311597132,-2.083235263824463
fenqusai/test_photo/3040625-99_253-195&400_483&542-482&542_207&496_195&400_483&450-0_0_3_25_26_30_30_30-114-232.jpg,0,3,False,green,yellow,,7,7,True,粤D12666,0.4701747265699717,-13.583716104665655,True,粤,raw_locked,0.12452668311597132,-2.083235263824463
fenqusai/test_photo/3040625-99_253-195&400_483&542-482&542_207&496_195&400_483&450-0_0_3_25_26_30_30_30-114-232.jpg,0,4,False,green,black,,7,7,True,粤D12666,0.4701747265699717,-13.583716104665655,True,粤,raw_locked,0.12452668311597132,-2.083235263824463
fenqusai/test_photo/3040625-99_253-195&400_483&542-482&542_207&496_195&400_483&450-0_0_3_25_26_30_30_30-114-232.jpg,0,5,False,green,special_7,,7,7,True,粤KD1266,0.12138140426031942,-37.958716611305135,True,粤,raw_locked,0.12452668311597132,-2.083235263824463
fenqusai/test_photo/3040625-99_253-195&400_483&542-482&542_207&496_195&400_483&450-0_0_3_25_26_30_30_30-114-232.jpg,0,6,False,green,unknown_8,,8,8,True,粤KD12666,0.87840201474887,-2.3337164622935234,True,粤,raw_locked,0.12452668311597132,-2.083235263824463
fenqusai/test_photo/304515625-74_83-221&426_493&594-493&512_237&594_221&506_482&426-0_0_5_24_29_33_29_32-108-73.jpg,0,0,True,green,green,,8,8,True,苏NF45958,0.649440869156782,-7.769582776352756,True,苏,raw_locked,0.07810388191522578,-2.549715518951416
fenqusai/test_photo/304515625-74_83-221&426_493&594-493&512_237&594_221&506_482&426-0_0_5_24_29_33_29_32-108-73.jpg,0,1,False,green,green,tractor_green,8,8,True,苏N5学4595,0.15942887175990028,-33.05083322338759,True,苏,raw_locked,0.07810388191522578,-2.549715518951416
fenqusai/test_photo/304515625-74_83-221&426_493&594-493&512_237&594_221&506_482&426-0_0_5_24_29_33_29_32-108-73.jpg,0,2,False,green,blue,,7,7,True,苏NF4595,0.12309018918198829,-37.70708304457366,True,苏,raw_locked,0.07810388191522578,-2.549715518951416
fenqusai/test_photo/304515625-74_83-221&426_493&594-493&512_237&594_221&506_482&426-0_0_5_24_29_33_29_32-108-73.jpg,0,3,False,green,yellow,,7,7,True,苏N5学459,0.012794666868939502,-78.4570832233876,True,苏,raw_locked,0.07810388191522578,-2.549715518951416
fenqusai/test_photo/304515625-74_83-221&426_493&594-493&512_237&594_221&506_482&426-0_0_5_24_29_33_29_32-108-73.jpg,0,4,False,green,black,,7,7,True,苏N5学459,0.012794666868939502,-78.4570832233876,True,苏,raw_locked,0.07810388191522578,-2.549715518951416
fenqusai/test_photo/304515625-74_83-221&426_493&594-493&512_237&594_221&506_482&426-0_0_5_24_29_33_29_32-108-73.jpg,0,5,False,green,special_7,,7,7,True,苏N5学459,0.012794666868939502,-78.4570832233876,True,苏,raw_locked,0.07810388191522578,-2.549715518951416
fenqusai/test_photo/304515625-74_83-221&426_493&594-493&512_237&594_221&506_482&426-0_0_5_24_29_33_29_32-108-73.jpg,0,6,False,green,unknown_8,,8,8,True,苏NF45958,0.649440869156782,-7.769582776352756,True,苏,raw_locked,0.07810388191522578,-2.549715518951416
fenqusai/test_photo/30671875-101_110-88&427_475&602-475&602_119&522_88&427_458&484-0_0_3_24_30_24_31_33-82-166.jpg,0,0,False,green,green,,8,8,True,闽ADB5754,0.38153718134288783,-17.343845497469374,True,闽,raw_locked,0.11728024481570397,-2.143188953399658
fenqusai/test_photo/30671875-101_110-88&427_475&602-475&602_119&522_88&427_458&484-0_0_3_24_30_24_31_33-82-166.jpg,0,1,False,green,green,tractor_green,8,8,True,闽ADB5754,0.38153718134288783,-17.343845497469374,True,闽,raw_locked,0.11728024481570397,-2.143188953399658
fenqusai/test_photo/30671875-101_110-88&427_475&602-475&602_119&522_88&427_458&484-0_0_3_24_30_24_31_33-82-166.jpg,0,2,False,green,blue,,7,7,True,闽ADB754,0.43121385064200335,-15.140720497469374,True,闽,raw_locked,0.11728024481570397,-2.143188953399658
fenqusai/test_photo/30671875-101_110-88&427_475&602-475&602_119&522_88&427_458&484-0_0_3_24_30_24_31_33-82-166.jpg,0,3,False,green,yellow,,7,7,True,闽ADB754,0.43121385064200335,-15.140720497469374,True,闽,raw_locked,0.11728024481570397,-2.143188953399658
fenqusai/test_photo/30671875-101_110-88&427_475&602-475&602_119&522_88&427_458&484-0_0_3_24_30_24_31_33-82-166.jpg,0,4,False,green,black,,7,7,True,闽ADB754,0.43121385064200335,-15.140720497469374,True,闽,raw_locked,0.11728024481570397,-2.143188953399658
fenqusai/test_photo/30671875-101_110-88&427_475&602-475&602_119&522_88&427_458&484-0_0_3_24_30_24_31_33-82-166.jpg,0,5,True,green,special_7,,7,7,True,闽4DB754,0.8665508637163639,-2.578220484430858,True,闽,raw_locked,0.11728024481570397,-2.143188953399658
fenqusai/test_photo/30671875-101_110-88&427_475&602-475&602_119&522_88&427_458&484-0_0_3_24_30_24_31_33-82-166.jpg,0,6,False,green,unknown_8,,8,8,True,闽ADB5754,0.38153718134288783,-17.343845497469374,True,闽,raw_locked,0.11728024481570397,-2.143188953399658
fenqusai/test_photo/32.jpg,0,0,True,blue,blue,,7,7,True,川AZ0E83,0.9929420672228733,-0.12749324047488386,True,川,raw_locked,0.3091750813871819,-1.1738475561141968
fenqusai/test_photo/32.jpg,0,1,False,blue,green,,8,8,True,川AZ0E83Z,0.7261367078859156,-5.760305622196917,True,川,raw_locked,0.3091750813871819,-1.1738475561141968
fenqusai/test_photo/32.jpg,0,2,False,blue,green,tractor_green,8,8,True,川AZ0E83Z,0.7261367078859156,-5.760305622196917,True,川,raw_locked,0.3091750813871819,-1.1738475561141968
fenqusai/test_photo/32.jpg,0,3,False,blue,yellow,,7,7,True,川AZ0E83,0.9929420672228733,-0.12749324047488386,True,川,raw_locked,0.3091750813871819,-1.1738475561141968
fenqusai/test_photo/32.jpg,0,4,False,blue,black,,7,7,True,川AZ0E83,0.9929420672228733,-0.12749324047488386,True,川,raw_locked,0.3091750813871819,-1.1738475561141968
fenqusai/test_photo/32.jpg,0,5,False,blue,special_7,,7,7,True,川AZ0E83,0.9929420672228733,-0.12749324047488386,True,川,raw_locked,0.3091750813871819,-1.1738475561141968
fenqusai/test_photo/32.jpg,0,6,False,blue,unknown_8,,8,8,True,川AZ0E83Z,0.7261367078859156,-5.760305622196917,True,川,raw_locked,0.3091750813871819,-1.1738475561141968
fenqusai/test_photo/33.jpg,0,0,True,blue,blue,,7,7,True,辽A8H3J6,0.9983921895247282,-0.02896387901338926,True,辽,raw_locked,0.3330924123812607,-1.0993353128433228
fenqusai/test_photo/33.jpg,0,1,False,blue,green,,8,7,False,辽A8H3J6,0.9983921895247282,-0.02896387901338926,True,辽,raw_locked,0.3330924123812607,-1.0993353128433228
fenqusai/test_photo/33.jpg,0,2,False,blue,green,tractor_green,8,7,False,辽A8H3J6,0.9983921895247282,-0.02896387901338926,True,辽,raw_locked,0.3330924123812607,-1.0993353128433228
fenqusai/test_photo/33.jpg,0,3,False,blue,yellow,,7,7,True,辽A8H3J6,0.9983921895247282,-0.02896387901338926,True,辽,raw_locked,0.3330924123812607,-1.0993353128433228
fenqusai/test_photo/33.jpg,0,4,False,blue,black,,7,7,True,辽A8H3J6,0.9983921895247282,-0.02896387901338926,True,辽,raw_locked,0.3330924123812607,-1.0993353128433228
fenqusai/test_photo/33.jpg,0,5,False,blue,special_7,,7,7,True,辽A8H3J6,0.9983921895247282,-0.02896387901338926,True,辽,raw_locked,0.3330924123812607,-1.0993353128433228
fenqusai/test_photo/33.jpg,0,6,False,blue,unknown_8,,8,7,False,辽A8H3J6,0.9983921895247282,-0.02896387901338926,True,辽,raw_locked,0.3330924123812607,-1.0993353128433228
fenqusai/test_photo/34.jpg,0,0,True,blue,blue,,7,7,True,黑AJP250,0.9987718093078961,-0.022121019655507723,True,黑,raw_locked,0.3291398398220275,-1.1112725734710693
fenqusai/test_photo/34.jpg,0,1,False,blue,green,,8,8,True,黑AJP9250,0.3586047506608035,-18.459620461793286,True,黑,raw_locked,0.3291398398220275,-1.1112725734710693
fenqusai/test_photo/34.jpg,0,2,False,blue,green,tractor_green,8,8,True,黑AJP9250,0.3586047506608035,-18.459620461793286,True,黑,raw_locked,0.3291398398220275,-1.1112725734710693
fenqusai/test_photo/34.jpg,0,3,False,blue,yellow,,7,7,True,黑AJP250,0.9987718093078961,-0.022121019655507723,True,黑,raw_locked,0.3291398398220275,-1.1112725734710693
fenqusai/test_photo/34.jpg,0,4,False,blue,black,,7,7,True,黑AJP250,0.9987718093078961,-0.022121019655507723,True,黑,raw_locked,0.3291398398220275,-1.1112725734710693
fenqusai/test_photo/34.jpg,0,5,False,blue,special_7,,7,7,True,黑AJP250,0.9987718093078961,-0.022121019655507723,True,黑,raw_locked,0.3291398398220275,-1.1112725734710693
fenqusai/test_photo/34.jpg,0,6,False,blue,unknown_8,,8,8,True,黑AJP9250,0.3586047506608035,-18.459620461793286,True,黑,raw_locked,0.3291398398220275,-1.1112725734710693
fenqusai/test_photo/37.jpg,0,0,True,blue,blue,,7,7,True,冀B98Z10,0.999470308466471,-0.009536973653666792,True,冀,raw_locked,0.3329891089425621,-1.0996454954147339
fenqusai/test_photo/37.jpg,0,1,False,blue,green,,8,8,True,冀B9P8Z10,0.40277224903309966,-16.36891228192144,True,冀,raw_locked,0.3329891089425621,-1.0996454954147339
fenqusai/test_photo/37.jpg,0,2,False,blue,green,tractor_green,8,8,True,冀B9P8Z10,0.40277224903309966,-16.36891228192144,True,冀,raw_locked,0.3329891089425621,-1.0996454954147339
fenqusai/test_photo/37.jpg,0,3,False,blue,yellow,,7,7,True,冀B98Z10,0.999470308466471,-0.009536973653666792,True,冀,raw_locked,0.3329891089425621,-1.0996454954147339
fenqusai/test_photo/37.jpg,0,4,False,blue,black,,7,7,True,冀B98Z10,0.999470308466471,-0.009536973653666792,True,冀,raw_locked,0.3329891089425621,-1.0996454954147339
fenqusai/test_photo/37.jpg,0,5,False,blue,special_7,,7,7,True,冀B98Z10,0.999470308466471,-0.009536973653666792,True,冀,raw_locked,0.3329891089425621,-1.0996454954147339
fenqusai/test_photo/37.jpg,0,6,False,blue,unknown_8,,8,8,True,冀B9P8Z10,0.40277224903309966,-16.36891228192144,True,冀,raw_locked,0.3329891089425621,-1.0996454954147339
fenqusai/test_photo/374.jpg,0,0,True,blue,blue,,7,7,True,吉A12345,0.9381325450666891,-1.1495526105136378,True,吉,raw_locked,0.22055490769234173,-1.511608600616455
fenqusai/test_photo/374.jpg,0,1,False,blue,green,,8,8,True,吉AL12345,0.3673779826084791,-18.02455264031596,True,吉,raw_locked,0.22055490769234173,-1.511608600616455
fenqusai/test_photo/374.jpg,0,2,False,blue,green,tractor_green,8,8,True,吉AL12345,0.3673779826084791,-18.02455264031596,True,吉,raw_locked,0.22055490769234173,-1.511608600616455
fenqusai/test_photo/374.jpg,0,3,False,blue,yellow,,7,7,True,吉A12345,0.9381325450666891,-1.1495526105136378,True,吉,raw_locked,0.22055490769234173,-1.511608600616455
fenqusai/test_photo/374.jpg,0,4,False,blue,black,,7,7,True,吉A12345,0.9381325450666891,-1.1495526105136378,True,吉,raw_locked,0.22055490769234173,-1.511608600616455
fenqusai/test_photo/374.jpg,0,5,False,blue,special_7,,7,7,True,吉A12345,0.9381325450666891,-1.1495526105136378,True,吉,raw_locked,0.22055490769234173,-1.511608600616455
fenqusai/test_photo/374.jpg,0,6,False,blue,unknown_8,,8,8,True,吉AL12345,0.3673779826084791,-18.02455264031596,True,吉,raw_locked,0.22055490769234173,-1.511608600616455
fenqusai/test_photo/38.jpg,0,0,True,blue,blue,,7,7,True,新AW6312,0.9660251097383206,-0.6221781286112602,True,新,raw_locked,0.30984419778024413,-1.1716856956481934
fenqusai/test_photo/38.jpg,0,1,False,blue,green,,8,8,True,新AW6312L,0.3850094806368455,-17.180771759401978,True,新,raw_locked,0.30984419778024413,-1.1716856956481934
fenqusai/test_photo/38.jpg,0,2,False,blue,green,tractor_green,8,8,True,新AW6312L,0.3850094806368455,-17.180771759401978,True,新,raw_locked,0.30984419778024413,-1.1716856956481934
fenqusai/test_photo/38.jpg,0,3,False,blue,yellow,,7,7,True,新AW6312,0.9660251097383206,-0.6221781286112602,True,新,raw_locked,0.30984419778024413,-1.1716856956481934
fenqusai/test_photo/38.jpg,0,4,False,blue,black,,7,7,True,新AW6312,0.9660251097383206,-0.6221781286112602,True,新,raw_locked,0.30984419778024413,-1.1716856956481934
fenqusai/test_photo/38.jpg,0,5,False,blue,special_7,,7,7,True,新AW6312,0.9660251097383206,-0.6221781286112602,True,新,raw_locked,0.30984419778024413,-1.1716856956481934
fenqusai/test_photo/38.jpg,0,6,False,blue,unknown_8,,8,8,True,新AW6312L,0.3850094806368455,-17.180771759401978,True,新,raw_locked,0.30984419778024413,-1.1716856956481934
fenqusai/test_photo/38_0576.jpg,0,0,True,blue,blue,,7,7,True,沪D703W6,0.8171527126419084,-3.6347270905966838,True,沪,baseline,0.011783350769026606,-4.441067695617676
fenqusai/test_photo/38_0576.jpg,0,1,False,blue,green,,8,7,False,沪D703W6,0.8171527126419084,-3.6347270905966838,True,沪,baseline,0.011783350769026606,-4.441067695617676
fenqusai/test_photo/38_0576.jpg,0,2,False,blue,green,tractor_green,8,7,False,沪D703W6,0.8171527126419084,-3.6347270905966838,True,沪,baseline,0.011783350769026606,-4.441067695617676
fenqusai/test_photo/38_0576.jpg,0,3,False,blue,yellow,,7,7,True,沪D703W6,0.8171527126419084,-3.6347270905966838,True,沪,baseline,0.011783350769026606,-4.441067695617676
fenqusai/test_photo/38_0576.jpg,0,4,False,blue,black,,7,7,True,沪D703W6,0.8171527126419084,-3.6347270905966838,True,沪,baseline,0.011783350769026606,-4.441067695617676
fenqusai/test_photo/38_0576.jpg,0,5,False,blue,special_7,,7,7,True,沪D703W6,0.8171527126419084,-3.6347270905966838,True,沪,baseline,0.011783350769026606,-4.441067695617676
fenqusai/test_photo/38_0576.jpg,0,6,False,blue,unknown_8,,8,7,False,沪D703W6,0.8171527126419084,-3.6347270905966838,True,沪,baseline,0.011783350769026606,-4.441067695617676
fenqusai/test_photo/38_0576.jpg,1,0,True,blue,blue,,7,7,True,辽A79P2Z,0.9967874751963217,-0.05791852871288228,True,辽,raw_locked,0.31530973465714707,-1.1541998386383057
fenqusai/test_photo/38_0576.jpg,1,1,False,blue,green,,8,8,True,辽DA79P2Z,0.37833785130163705,-17.495418528712882,True,辽,raw_locked,0.31530973465714707,-1.1541998386383057
fenqusai/test_photo/38_0576.jpg,1,2,False,blue,green,tractor_green,8,8,True,辽DA79P2Z,0.37833785130163705,-17.495418528712882,True,辽,raw_locked,0.31530973465714707,-1.1541998386383057
fenqusai/test_photo/38_0576.jpg,1,3,False,blue,yellow,,7,7,True,辽A79P2Z,0.9967874751963217,-0.05791852871288228,True,辽,raw_locked,0.31530973465714707,-1.1541998386383057
fenqusai/test_photo/38_0576.jpg,1,4,False,blue,black,,7,7,True,辽A79P2Z,0.9967874751963217,-0.05791852871288228,True,辽,raw_locked,0.31530973465714707,-1.1541998386383057
fenqusai/test_photo/38_0576.jpg,1,5,False,blue,special_7,,7,7,True,辽A79P2Z,0.9967874751963217,-0.05791852871288228,True,辽,raw_locked,0.31530973465714707,-1.1541998386383057
fenqusai/test_photo/38_0576.jpg,1,6,False,blue,unknown_8,,8,8,True,辽DA79P2Z,0.37833785130163705,-17.495418528712882,True,辽,raw_locked,0.31530973465714707,-1.1541998386383057
fenqusai/test_photo/38_0665.jpg,0,0,True,blue,blue,,7,7,True,川A958CT,0.9863615619808135,-0.2471813257507165,True,川,raw_locked,0.3361483531703098,-1.0902026891708374
fenqusai/test_photo/38_0665.jpg,0,1,False,blue,green,,8,8,True,川A95E8CT,0.4794640109617876,-13.231555970778572,True,川,raw_locked,0.3361483531703098,-1.0902026891708374
fenqusai/test_photo/38_0665.jpg,0,2,False,blue,green,tractor_green,8,8,True,川A95E8CT,0.4794640109617876,-13.231555970778572,True,川,raw_locked,0.3361483531703098,-1.0902026891708374
fenqusai/test_photo/38_0665.jpg,0,3,False,blue,yellow,,7,7,True,川A958CT,0.9863615619808135,-0.2471813257507165,True,川,raw_locked,0.3361483531703098,-1.0902026891708374
fenqusai/test_photo/38_0665.jpg,0,4,False,blue,black,,7,7,True,川A958CT,0.9863615619808135,-0.2471813257507165,True,川,raw_locked,0.3361483531703098,-1.0902026891708374
fenqusai/test_photo/38_0665.jpg,0,5,False,blue,special_7,,7,7,True,川A958CT,0.9863615619808135,-0.2471813257507165,True,川,raw_locked,0.3361483531703098,-1.0902026891708374
fenqusai/test_photo/38_0665.jpg,0,6,False,blue,unknown_8,,8,8,True,川A95E8CT,0.4794640109617876,-13.231555970778572,True,川,raw_locked,0.3361483531703098,-1.0902026891708374
fenqusai/test_photo/38_0665.jpg,1,0,True,blue,blue,,7,7,True,赣AFS675,0.9399198495519919,-1.115292128175497,True,赣,raw_locked,0.13606365074783844,-1.9946324825286865
fenqusai/test_photo/38_0665.jpg,1,1,False,blue,green,,8,8,True,赣AF5S675,0.3192369094322415,-20.552792202681303,True,赣,raw_locked,0.13606365074783844,-1.9946324825286865
fenqusai/test_photo/38_0665.jpg,1,2,False,blue,green,tractor_green,8,8,True,赣AF5S675,0.3192369094322415,-20.552792202681303,True,赣,raw_locked,0.13606365074783844,-1.9946324825286865
fenqusai/test_photo/38_0665.jpg,1,3,False,blue,yellow,,7,7,True,赣AFS675,0.9399198495519919,-1.115292128175497,True,赣,raw_locked,0.13606365074783844,-1.9946324825286865
fenqusai/test_photo/38_0665.jpg,1,4,False,blue,black,,7,7,True,赣AFS675,0.9399198495519919,-1.115292128175497,True,赣,raw_locked,0.13606365074783844,-1.9946324825286865
fenqusai/test_photo/38_0665.jpg,1,5,False,blue,special_7,,7,7,True,赣AFS675,0.9399198495519919,-1.115292128175497,True,赣,raw_locked,0.13606365074783844,-1.9946324825286865
fenqusai/test_photo/38_0665.jpg,1,6,False,blue,unknown_8,,8,8,True,赣AF5S675,0.3192369094322415,-20.552792202681303,True,赣,raw_locked,0.13606365074783844,-1.9946324825286865
fenqusai/test_photo/38_0665.jpg,2,0,True,blue,blue,,7,7,True,冀A2B98U,0.9589263656638047,-0.7549378103130948,True,冀,raw_locked,0.3245826571967482,-1.1252150535583496
fenqusai/test_photo/38_0665.jpg,2,1,False,blue,green,,8,8,True,冀AA2B98U,0.4880740293267286,-12.911187333495036,True,冀,raw_locked,0.3245826571967482,-1.1252150535583496
fenqusai/test_photo/38_0665.jpg,2,2,False,blue,green,tractor_green,8,8,True,冀AA2B98U,0.4880740293267286,-12.911187333495036,True,冀,raw_locked,0.3245826571967482,-1.1252150535583496
fenqusai/test_photo/38_0665.jpg,2,3,False,blue,yellow,,7,7,True,冀A2B98U,0.9589263656638047,-0.7549378103130948,True,冀,raw_locked,0.3245826571967482,-1.1252150535583496
fenqusai/test_photo/38_0665.jpg,2,4,False,blue,black,,7,7,True,冀A2B98U,0.9589263656638047,-0.7549378103130948,True,冀,raw_locked,0.3245826571967482,-1.1252150535583496
fenqusai/test_photo/38_0665.jpg,2,5,False,blue,special_7,,7,7,True,冀A2B98U,0.9589263656638047,-0.7549378103130948,True,冀,raw_locked,0.3245826571967482,-1.1252150535583496
fenqusai/test_photo/38_0665.jpg,2,6,False,blue,unknown_8,,8,8,True,冀AA2B98U,0.4880740293267286,-12.911187333495036,True,冀,raw_locked,0.3245826571967482,-1.1252150535583496
fenqusai/test_photo/38_0689.jpg,0,0,True,blue,blue,,7,7,True,渝CM3063,0.9998930452305577,-0.0019252888112077926,True,渝,raw_locked,0.33333229357641636,-1.0986154079437256
fenqusai/test_photo/38_0689.jpg,0,1,False,blue,green,,8,8,True,渝CM35063,0.5697218705085627,-10.126925706858628,True,渝,raw_locked,0.33333229357641636,-1.0986154079437256
fenqusai/test_photo/38_0689.jpg,0,2,False,blue,green,tractor_green,8,8,True,渝CM35063,0.5697218705085627,-10.126925706858628,True,渝,raw_locked,0.33333229357641636,-1.0986154079437256
fenqusai/test_photo/38_0689.jpg,0,3,False,blue,yellow,,7,7,True,渝CM3063,0.9998930452305577,-0.0019252888112077926,True,渝,raw_locked,0.33333229357641636,-1.0986154079437256
fenqusai/test_photo/38_0689.jpg,0,4,False,blue,black,,7,7,True,渝CM3063,0.9998930452305577,-0.0019252888112077926,True,渝,raw_locked,0.33333229357641636,-1.0986154079437256
fenqusai/test_photo/38_0689.jpg,0,5,False,blue,special_7,,7,7,True,渝CM3063,0.9998930452305577,-0.0019252888112077926,True,渝,raw_locked,0.33333229357641636,-1.0986154079437256
fenqusai/test_photo/38_0689.jpg,0,6,False,blue,unknown_8,,8,8,True,渝CM35063,0.5697218705085627,-10.126925706858628,True,渝,raw_locked,0.33333229357641636,-1.0986154079437256
fenqusai/test_photo/38_0689.jpg,1,0,True,yellow,yellow,,7,7,True,沪A59SD1,0.9942731462017613,-0.1033796718575104,True,沪,raw_locked,0.33301455466300606,-1.0995690822601318
fenqusai/test_photo/38_0689.jpg,1,1,False,yellow,blue,,7,7,True,沪A59SD1,0.9942731462017613,-0.1033796718575104,True,沪,raw_locked,0.33301455466300606,-1.0995690822601318
fenqusai/test_photo/38_0689.jpg,1,2,False,yellow,green,,8,7,False,沪A59SD1,0.9942731462017613,-0.1033796718575104,True,沪,raw_locked,0.33301455466300606,-1.0995690822601318
fenqusai/test_photo/38_0689.jpg,1,3,False,yellow,green,tractor_green,8,7,False,沪A59SD1,0.9942731462017613,-0.1033796718575104,True,沪,raw_locked,0.33301455466300606,-1.0995690822601318
fenqusai/test_photo/38_0689.jpg,1,4,False,yellow,black,,7,7,True,沪A59SD1,0.9942731462017613,-0.1033796718575104,True,沪,raw_locked,0.33301455466300606,-1.0995690822601318
fenqusai/test_photo/38_0689.jpg,1,5,False,yellow,special_7,,7,7,True,沪A59SD1,0.9942731462017613,-0.1033796718575104,True,沪,raw_locked,0.33301455466300606,-1.0995690822601318
fenqusai/test_photo/38_0689.jpg,1,6,False,yellow,unknown_8,,8,7,False,沪A59SD1,0.9942731462017613,-0.1033796718575104,True,沪,raw_locked,0.33301455466300606,-1.0995690822601318
fenqusai/test_photo/38_0727.jpg,0,0,True,blue,blue,,7,7,True,川GY8578,0.6257102435916533,-8.439621924620951,True,川,baseline,7.20477614835756e-05,-9.53818130493164
fenqusai/test_photo/38_0727.jpg,0,1,False,blue,green,,8,8,True,川QGY8578,0.23997964341896108,-25.689621209852703,True,川,baseline,7.20477614835756e-05,-9.53818130493164
fenqusai/test_photo/38_0727.jpg,0,2,False,blue,green,tractor_green,8,8,True,川QGY8578,0.23997964341896108,-25.689621209852703,True,川,baseline,7.20477614835756e-05,-9.53818130493164
fenqusai/test_photo/38_0727.jpg,0,3,False,blue,yellow,,7,7,True,川GY8578,0.6257102435916533,-8.439621924620951,True,川,baseline,7.20477614835756e-05,-9.53818130493164
fenqusai/test_photo/38_0727.jpg,0,4,False,blue,black,,7,7,True,川GY8578,0.6257102435916533,-8.439621924620951,True,川,baseline,7.20477614835756e-05,-9.53818130493164
fenqusai/test_photo/38_0727.jpg,0,5,False,blue,special_7,,7,7,True,川GY8578,0.6257102435916533,-8.439621924620951,True,川,baseline,7.20477614835756e-05,-9.53818130493164
fenqusai/test_photo/38_0727.jpg,0,6,False,blue,unknown_8,,8,8,True,川QGY8578,0.23997964341896108,-25.689621209852703,True,川,baseline,7.20477614835756e-05,-9.53818130493164
fenqusai/test_photo/38_0727.jpg,1,0,True,blue,blue,,7,7,True,川AH036Q,0.9992755919231556,-0.013044070568867028,True,川,raw_locked,0.33279374584417665,-1.1002323627471924
fenqusai/test_photo/38_0727.jpg,1,1,False,blue,green,,8,8,True,川DAH036Q,0.5823665460116061,-9.73179405630799,True,川,raw_locked,0.33279374584417665,-1.1002323627471924
fenqusai/test_photo/38_0727.jpg,1,2,False,blue,green,tractor_green,8,8,True,川DAH036Q,0.5823665460116061,-9.73179405630799,True,川,raw_locked,0.33279374584417665,-1.1002323627471924
fenqusai/test_photo/38_0727.jpg,1,3,False,blue,yellow,,7,7,True,川AH036Q,0.9992755919231556,-0.013044070568867028,True,川,raw_locked,0.33279374584417665,-1.1002323627471924
fenqusai/test_photo/38_0727.jpg,1,4,False,blue,black,,7,7,True,川AH036Q,0.9992755919231556,-0.013044070568867028,True,川,raw_locked,0.33279374584417665,-1.1002323627471924
fenqusai/test_photo/38_0727.jpg,1,5,False,blue,special_7,,7,7,True,川AH036Q,0.9992755919231556,-0.013044070568867028,True,川,raw_locked,0.33279374584417665,-1.1002323627471924
fenqusai/test_photo/38_0727.jpg,1,6,False,blue,unknown_8,,8,8,True,川DAH036Q,0.5823665460116061,-9.73179405630799,True,川,raw_locked,0.33279374584417665,-1.1002323627471924
fenqusai/test_photo/38_0738.jpg,0,0,True,blue,blue,,7,7,True,吉G6FY80,0.5035024552572726,-12.351000428199427,True,吉,raw_locked,0.3333330485670835,-1.0986131429672241
fenqusai/test_photo/38_0738.jpg,0,1,False,blue,green,,8,8,True,吉G6EFY80,0.1907764869016107,-29.81974971294369,True,吉,raw_locked,0.3333330485670835,-1.0986131429672241
fenqusai/test_photo/38_0738.jpg,0,2,False,blue,green,tractor_green,8,8,True,吉G6EFY80,0.1907764869016107,-29.81974971294369,True,吉,raw_locked,0.3333330485670835,-1.0986131429672241
fenqusai/test_photo/38_0738.jpg,0,3,False,blue,yellow,,7,7,True,吉G6FY80,0.5035024552572726,-12.351000428199427,True,吉,raw_locked,0.3333330485670835,-1.0986131429672241
fenqusai/test_photo/38_0738.jpg,0,4,False,blue,black,,7,7,True,吉G6FY80,0.5035024552572726,-12.351000428199427,True,吉,raw_locked,0.3333330485670835,-1.0986131429672241
fenqusai/test_photo/38_0738.jpg,0,5,False,blue,special_7,,7,7,True,吉G6FY80,0.5035024552572726,-12.351000428199427,True,吉,raw_locked,0.3333330485670835,-1.0986131429672241
fenqusai/test_photo/38_0738.jpg,0,6,False,blue,unknown_8,,8,8,True,吉G6EFY80,0.1907764869016107,-29.81974971294369,True,吉,raw_locked,0.3333330485670835,-1.0986131429672241
fenqusai/test_photo/38_0738.jpg,1,0,True,blue,blue,,7,7,True,辽BGZ027,0.9806306307594158,-0.35206944300807663,True,辽,raw_locked,0.23455011648370133,-1.450085997581482
fenqusai/test_photo/38_0738.jpg,1,1,False,blue,green,,8,8,True,辽BLGZ027,0.15415143275119156,-33.65675694300808,True,辽,raw_locked,0.23455011648370133,-1.450085997581482
fenqusai/test_photo/38_0738.jpg,1,2,False,blue,green,tractor_green,8,8,True,辽BLGZ027,0.15415143275119156,-33.65675694300808,True,辽,raw_locked,0.23455011648370133,-1.450085997581482
fenqusai/test_photo/38_0738.jpg,1,3,False,blue,yellow,,7,7,True,辽BGZ027,0.9806306307594158,-0.35206944300807663,True,辽,raw_locked,0.23455011648370133,-1.450085997581482
fenqusai/test_photo/38_0738.jpg,1,4,False,blue,black,,7,7,True,辽BGZ027,0.9806306307594158,-0.35206944300807663,True,辽,raw_locked,0.23455011648370133,-1.450085997581482
fenqusai/test_photo/38_0738.jpg,1,5,False,blue,special_7,,7,7,True,辽BGZ027,0.9806306307594158,-0.35206944300807663,True,辽,raw_locked,0.23455011648370133,-1.450085997581482
fenqusai/test_photo/38_0738.jpg,1,6,False,blue,unknown_8,,8,8,True,辽BLGZ027,0.15415143275119156,-33.65675694300808,True,辽,raw_locked,0.23455011648370133,-1.450085997581482
fenqusai/test_photo/38_0738.jpg,2,0,True,blue,blue,,7,7,True,黑AG5RJ1,0.9994872398855343,-0.009232049176006285,True,黑,raw_locked,0.3318086803583415,-1.1031967401504517
fenqusai/test_photo/38_0738.jpg,2,1,False,blue,green,,8,8,True,黑AGE5RJ1,0.506515484090374,-12.24360692999673,True,黑,raw_locked,0.3318086803583415,-1.1031967401504517
fenqusai/test_photo/38_0738.jpg,2,2,False,blue,green,tractor_green,8,8,True,黑AGE5RJ1,0.506515484090374,-12.24360692999673,True,黑,raw_locked,0.3318086803583415,-1.1031967401504517
fenqusai/test_photo/38_0738.jpg,2,3,False,blue,yellow,,7,7,True,黑AG5RJ1,0.9994872398855343,-0.009232049176006285,True,黑,raw_locked,0.3318086803583415,-1.1031967401504517
fenqusai/test_photo/38_0738.jpg,2,4,False,blue,black,,7,7,True,黑AG5RJ1,0.9994872398855343,-0.009232049176006285,True,黑,raw_locked,0.3318086803583415,-1.1031967401504517
fenqusai/test_photo/38_0738.jpg,2,5,False,blue,special_7,,7,7,True,黑AG5RJ1,0.9994872398855343,-0.009232049176006285,True,黑,raw_locked,0.3318086803583415,-1.1031967401504517
fenqusai/test_photo/38_0738.jpg,2,6,False,blue,unknown_8,,8,8,True,黑AGE5RJ1,0.506515484090374,-12.24360692999673,True,黑,raw_locked,0.3318086803583415,-1.1031967401504517
fenqusai/test_photo/38_0751.jpg,0,0,True,blue,blue,,7,7,True,湘H67675,0.9965905331791229,-0.06147526136089709,True,湘,raw_locked,0.3147821424379859,-1.155874490737915
fenqusai/test_photo/38_0751.jpg,0,1,False,blue,green,,8,8,True,湘H676725,0.44647732907807386,-14.514599784524762,True,湘,raw_locked,0.3147821424379859,-1.155874490737915
fenqusai/test_photo/38_0751.jpg,0,2,False,blue,green,tractor_green,8,8,True,湘H676725,0.44647732907807386,-14.514599784524762,True,湘,raw_locked,0.3147821424379859,-1.155874490737915
fenqusai/test_photo/38_0751.jpg,0,3,False,blue,yellow,,7,7,True,湘H67675,0.9965905331791229,-0.06147526136089709,True,湘,raw_locked,0.3147821424379859,-1.155874490737915
fenqusai/test_photo/38_0751.jpg,0,4,False,blue,black,,7,7,True,湘H67675,0.9965905331791229,-0.06147526136089709,True,湘,raw_locked,0.3147821424379859,-1.155874490737915
fenqusai/test_photo/38_0751.jpg,0,5,False,blue,special_7,,7,7,True,湘H67675,0.9965905331791229,-0.06147526136089709,True,湘,raw_locked,0.3147821424379859,-1.155874490737915
fenqusai/test_photo/38_0751.jpg,0,6,False,blue,unknown_8,,8,8,True,湘H676725,0.44647732907807386,-14.514599784524762,True,湘,raw_locked,0.3147821424379859,-1.155874490737915
fenqusai/test_photo/38_0751.jpg,1,0,True,blue,blue,,7,7,True,皖ATU491,0.9021650856522859,-1.853239569813013,True,皖,raw_locked,0.11644466159612211,-2.150339126586914
fenqusai/test_photo/38_0751.jpg,1,1,False,blue,green,,8,8,True,皖HATU491,0.8250036450250469,-3.4626145400106907,True,皖,raw_locked,0.11644466159612211,-2.150339126586914
fenqusai/test_photo/38_0751.jpg,1,2,False,blue,green,tractor_green,8,8,True,皖HATU491,0.8250036450250469,-3.4626145400106907,True,皖,raw_locked,0.11644466159612211,-2.150339126586914
fenqusai/test_photo/38_0751.jpg,1,3,False,blue,yellow,,7,7,True,皖ATU491,0.9021650856522859,-1.853239569813013,True,皖,raw_locked,0.11644466159612211,-2.150339126586914
fenqusai/test_photo/38_0751.jpg,1,4,False,blue,black,,7,7,True,皖ATU491,0.9021650856522859,-1.853239569813013,True,皖,raw_locked,0.11644466159612211,-2.150339126586914
fenqusai/test_photo/38_0751.jpg,1,5,False,blue,special_7,,7,7,True,皖ATU491,0.9021650856522859,-1.853239569813013,True,皖,raw_locked,0.11644466159612211,-2.150339126586914
fenqusai/test_photo/38_0751.jpg,1,6,False,blue,unknown_8,,8,8,True,皖HATU491,0.8250036450250469,-3.4626145400106907,True,皖,raw_locked,0.11644466159612211,-2.150339126586914
fenqusai/test_photo/38_0751.jpg,2,0,False,unknown_7,blue,,7,7,True,湘AG295V,0.7673481587165383,-4.766663842186972,True,湘,raw_locked,0.28724186521557205,-1.247430682182312
fenqusai/test_photo/38_0751.jpg,2,1,True,unknown_7,green,,8,8,True,湘AG295SV,0.985294533734812,-0.2666639427698101,True,湘,raw_locked,0.28724186521557205,-1.247430682182312
fenqusai/test_photo/38_0751.jpg,2,2,False,unknown_7,green,tractor_green,8,8,True,湘AG295SV,0.985294533734812,-0.2666639427698101,True,湘,raw_locked,0.28724186521557205,-1.247430682182312
fenqusai/test_photo/38_0751.jpg,2,3,False,unknown_7,yellow,,7,7,True,湘AG295V,0.7673481587165383,-4.766663842186972,True,湘,raw_locked,0.28724186521557205,-1.247430682182312
fenqusai/test_photo/38_0751.jpg,2,4,False,unknown_7,black,,7,7,True,湘AG295V,0.7673481587165383,-4.766663842186972,True,湘,raw_locked,0.28724186521557205,-1.247430682182312
fenqusai/test_photo/38_0751.jpg,2,5,False,unknown_7,special_7,,7,7,True,湘AG295V,0.7673481587165383,-4.766663842186972,True,湘,raw_locked,0.28724186521557205,-1.247430682182312
fenqusai/test_photo/38_0751.jpg,2,6,False,unknown_7,unknown_8,,8,8,True,湘AG295SV,0.985294533734812,-0.2666639427698101,True,湘,raw_locked,0.28724186521557205,-1.247430682182312
fenqusai/test_photo/38_0751.jpg,3,0,True,blue,blue,,7,7,True,京A64N8Y,0.9592756547590595,-0.7483825010003784,True,京,raw_locked,0.3168923074693027,-1.149193286895752
fenqusai/test_photo/38_0751.jpg,3,1,False,blue,green,,8,8,True,京A64N48Y,0.6731793584998226,-7.123382620209668,True,京,raw_locked,0.3168923074693027,-1.149193286895752
fenqusai/test_photo/38_0751.jpg,3,2,False,blue,green,tractor_green,8,8,True,京A64N48Y,0.6731793584998226,-7.123382620209668,True,京,raw_locked,0.3168923074693027,-1.149193286895752
fenqusai/test_photo/38_0751.jpg,3,3,False,blue,yellow,,7,7,True,京A64N8Y,0.9592756547590595,-0.7483825010003784,True,京,raw_locked,0.3168923074693027,-1.149193286895752
fenqusai/test_photo/38_0751.jpg,3,4,False,blue,black,,7,7,True,京A64N8Y,0.9592756547590595,-0.7483825010003784,True,京,raw_locked,0.3168923074693027,-1.149193286895752
fenqusai/test_photo/38_0751.jpg,3,5,False,blue,special_7,,7,7,True,京A64N8Y,0.9592756547590595,-0.7483825010003784,True,京,raw_locked,0.3168923074693027,-1.149193286895752
fenqusai/test_photo/38_0751.jpg,3,6,False,blue,unknown_8,,8,8,True,京A64N48Y,0.6731793584998226,-7.123382620209668,True,京,raw_locked,0.3168923074693027,-1.149193286895752
fenqusai/test_photo/38_0754.jpg,0,0,True,blue,blue,,7,7,True,湘CTY806,0.9486133687428233,-0.9495715051489242,True,湘,raw_locked,0.12988101677318192,-2.0411365032196045
fenqusai/test_photo/38_0754.jpg,0,1,False,blue,green,,8,8,True,湘CTY8056,0.6082322823102383,-8.949571680645022,True,湘,raw_locked,0.12988101677318192,-2.0411365032196045
fenqusai/test_photo/38_0754.jpg,0,2,False,blue,green,tractor_green,8,8,True,湘CTY8056,0.6082322823102383,-8.949571680645022,True,湘,raw_locked,0.12988101677318192,-2.0411365032196045
fenqusai/test_photo/38_0754.jpg,0,3,False,blue,yellow,,7,7,True,湘CTY806,0.9486133687428233,-0.9495715051489242,True,湘,raw_locked,0.12988101677318192,-2.0411365032196045
fenqusai/test_photo/38_0754.jpg,0,4,False,blue,black,,7,7,True,湘CTY806,0.9486133687428233,-0.9495715051489242,True,湘,raw_locked,0.12988101677318192,-2.0411365032196045
fenqusai/test_photo/38_0754.jpg,0,5,False,blue,special_7,,7,7,True,湘CTY806,0.9486133687428233,-0.9495715051489242,True,湘,raw_locked,0.12988101677318192,-2.0411365032196045
fenqusai/test_photo/38_0754.jpg,0,6,False,blue,unknown_8,,8,8,True,湘CTY8056,0.6082322823102383,-8.949571680645022,True,湘,raw_locked,0.12988101677318192,-2.0411365032196045
fenqusai/test_photo/38_0754.jpg,1,0,True,blue,blue,,7,7,True,辽A3E2S0,0.9747847934231968,-0.4596940267510945,True,辽,raw_locked,0.2105023600531791,-1.5582584142684937
fenqusai/test_photo/38_0754.jpg,1,1,False,blue,green,,8,8,True,辽AL3E2S0,0.4697412508027519,-13.600318789482117,True,辽,raw_locked,0.2105023600531791,-1.5582584142684937
fenqusai/test_photo/38_0754.jpg,1,2,False,blue,green,tractor_green,8,8,True,辽AL3E2S0,0.4697412508027519,-13.600318789482117,True,辽,raw_locked,0.2105023600531791,-1.5582584142684937
fenqusai/test_photo/38_0754.jpg,1,3,False,blue,yellow,,7,7,True,辽A3E2S0,0.9747847934231968,-0.4596940267510945,True,辽,raw_locked,0.2105023600531791,-1.5582584142684937
fenqusai/test_photo/38_0754.jpg,1,4,False,blue,black,,7,7,True,辽A3E2S0,0.9747847934231968,-0.4596940267510945,True,辽,raw_locked,0.2105023600531791,-1.5582584142684937
fenqusai/test_photo/38_0754.jpg,1,5,False,blue,special_7,,7,7,True,辽A3E2S0,0.9747847934231968,-0.4596940267510945,True,辽,raw_locked,0.2105023600531791,-1.5582584142684937
fenqusai/test_photo/38_0754.jpg,1,6,False,blue,unknown_8,,8,8,True,辽AL3E2S0,0.4697412508027519,-13.600318789482117,True,辽,raw_locked,0.2105023600531791,-1.5582584142684937
fenqusai/test_photo/38_0754.jpg,2,0,True,blue,blue,,7,7,True,皖AM02J9,0.9888538576885483,-0.20175706862877263,True,皖,raw_locked,0.2981013042110267,-1.2103219032287598
fenqusai/test_photo/38_0754.jpg,2,1,False,blue,green,,8,7,False,皖AM02J9,0.9888538576885483,-0.20175706862877263,True,皖,raw_locked,0.2981013042110267,-1.2103219032287598
fenqusai/test_photo/38_0754.jpg,2,2,False,blue,green,tractor_green,8,7,False,皖AM02J9,0.9888538576885483,-0.20175706862877263,True,皖,raw_locked,0.2981013042110267,-1.2103219032287598
fenqusai/test_photo/38_0754.jpg,2,3,False,blue,yellow,,7,7,True,皖AM02J9,0.9888538576885483,-0.20175706862877263,True,皖,raw_locked,0.2981013042110267,-1.2103219032287598
fenqusai/test_photo/38_0754.jpg,2,4,False,blue,black,,7,7,True,皖AM02J9,0.9888538576885483,-0.20175706862877263,True,皖,raw_locked,0.2981013042110267,-1.2103219032287598
fenqusai/test_photo/38_0754.jpg,2,5,False,blue,special_7,,7,7,True,皖AM02J9,0.9888538576885483,-0.20175706862877263,True,皖,raw_locked,0.2981013042110267,-1.2103219032287598
fenqusai/test_photo/38_0754.jpg,2,6,False,blue,unknown_8,,8,7,False,皖AM02J9,0.9888538576885483,-0.20175706862877263,True,皖,raw_locked,0.2981013042110267,-1.2103219032287598
fenqusai/test_photo/38_0754.jpg,3,0,True,black,black,,7,5,False,甘AX5J,0.6613903442669643,-7.4413993944981485,True,甘,baseline,0.00026784338123234607,-8.22510814666748
fenqusai/test_photo/38_0754.jpg,3,1,False,black,blue,,7,5,False,甘AX5J,0.6613903442669643,-7.4413993944981485,True,甘,baseline,0.00026784338123234607,-8.22510814666748
fenqusai/test_photo/38_0754.jpg,3,2,False,black,green,,8,5,False,甘AX5J,0.6613903442669643,-7.4413993944981485,True,甘,baseline,0.00026784338123234607,-8.22510814666748
fenqusai/test_photo/38_0754.jpg,3,3,False,black,green,tractor_green,8,5,False,甘AX5J,0.6613903442669643,-7.4413993944981485,True,甘,baseline,0.00026784338123234607,-8.22510814666748
fenqusai/test_photo/38_0754.jpg,3,4,False,black,yellow,,7,5,False,甘AX5J,0.6613903442669643,-7.4413993944981485,True,甘,baseline,0.00026784338123234607,-8.22510814666748
fenqusai/test_photo/38_0754.jpg,3,5,False,black,special_7,,7,5,False,甘AX5J,0.6613903442669643,-7.4413993944981485,True,甘,baseline,0.00026784338123234607,-8.22510814666748
fenqusai/test_photo/38_0754.jpg,3,6,False,black,unknown_8,,8,5,False,甘AX5J,0.6613903442669643,-7.4413993944981485,True,甘,baseline,0.00026784338123234607,-8.22510814666748
fenqusai/test_photo/38_0778.jpg,0,0,True,yellow,yellow,,7,7,True,湘BT9953,0.9825937649551062,-0.31607108502384307,True,湘,raw_locked,0.2739066593917522,-1.2949678897857666
fenqusai/test_photo/38_0778.jpg,0,1,False,yellow,blue,,7,7,True,湘BT9953,0.9825937649551062,-0.31607108502384307,True,湘,raw_locked,0.2739066593917522,-1.2949678897857666
fenqusai/test_photo/38_0778.jpg,0,2,False,yellow,green,,8,8,True,湘ABT9953,0.4088955194617528,-16.09732096581456,True,湘,raw_locked,0.2739066593917522,-1.2949678897857666
fenqusai/test_photo/38_0778.jpg,0,3,False,yellow,green,tractor_green,8,8,True,湘ABT9953,0.4088955194617528,-16.09732096581456,True,湘,raw_locked,0.2739066593917522,-1.2949678897857666
fenqusai/test_photo/38_0778.jpg,0,4,False,yellow,black,,7,7,True,湘BT9953,0.9825937649551062,-0.31607108502384307,True,湘,raw_locked,0.2739066593917522,-1.2949678897857666
fenqusai/test_photo/38_0778.jpg,0,5,False,yellow,special_7,,7,7,True,湘BT9953,0.9825937649551062,-0.31607108502384307,True,湘,raw_locked,0.2739066593917522,-1.2949678897857666
fenqusai/test_photo/38_0778.jpg,0,6,False,yellow,unknown_8,,8,8,True,湘ABT9953,0.4088955194617528,-16.09732096581456,True,湘,raw_locked,0.2739066593917522,-1.2949678897857666
fenqusai/test_photo/38_0778.jpg,1,0,True,blue,blue,,7,7,True,苏AE229X,0.8531372466574495,-2.859027221798897,True,苏,raw_locked,0.22043567853951881,-1.5121493339538574
fenqusai/test_photo/38_0778.jpg,1,1,False,blue,green,,8,7,False,苏AE229X,0.8531372466574495,-2.859027221798897,True,苏,raw_locked,0.22043567853951881,-1.5121493339538574
fenqusai/test_photo/38_0778.jpg,1,2,False,blue,green,tractor_green,8,7,False,苏AE229X,0.8531372466574495,-2.859027221798897,True,苏,raw_locked,0.22043567853951881,-1.5121493339538574
fenqusai/test_photo/38_0778.jpg,1,3,False,blue,yellow,,7,7,True,苏AE229X,0.8531372466574495,-2.859027221798897,True,苏,raw_locked,0.22043567853951881,-1.5121493339538574
fenqusai/test_photo/38_0778.jpg,1,4,False,blue,black,,7,7,True,苏AE229X,0.8531372466574495,-2.859027221798897,True,苏,raw_locked,0.22043567853951881,-1.5121493339538574
fenqusai/test_photo/38_0778.jpg,1,5,False,blue,special_7,,7,7,True,苏4E229X,0.9633802691841364,-0.6715271770954132,True,苏,raw_locked,0.22043567853951881,-1.5121493339538574
fenqusai/test_photo/38_0778.jpg,1,6,False,blue,unknown_8,,8,7,False,苏AE229X,0.8531372466574495,-2.859027221798897,True,苏,raw_locked,0.22043567853951881,-1.5121493339538574
fenqusai/test_photo/38_0831.jpg,0,0,True,blue,blue,,7,7,True,川A10JL2,0.9625274000613318,-0.6874694213256589,True,川,raw_locked,0.24234331933153738,-1.4173998832702637
fenqusai/test_photo/38_0831.jpg,0,1,False,blue,green,,8,8,True,川AA10JL2,0.6649892461175372,-7.34371937475953,True,川,raw_locked,0.24234331933153738,-1.4173998832702637
fenqusai/test_photo/38_0831.jpg,0,2,False,blue,green,tractor_green,8,8,True,川AA10JL2,0.6649892461175372,-7.34371937475953,True,川,raw_locked,0.24234331933153738,-1.4173998832702637
fenqusai/test_photo/38_0831.jpg,0,3,False,blue,yellow,,7,7,True,川A10JL2,0.9625274000613318,-0.6874694213256589,True,川,raw_locked,0.24234331933153738,-1.4173998832702637
fenqusai/test_photo/38_0831.jpg,0,4,False,blue,black,,7,7,True,川A10JL2,0.9625274000613318,-0.6874694213256589,True,川,raw_locked,0.24234331933153738,-1.4173998832702637
fenqusai/test_photo/38_0831.jpg,0,5,False,blue,special_7,,7,7,True,川A10JL2,0.9625274000613318,-0.6874694213256589,True,川,raw_locked,0.24234331933153738,-1.4173998832702637
fenqusai/test_photo/38_0831.jpg,0,6,False,blue,unknown_8,,8,8,True,川AA10JL2,0.6649892461175372,-7.34371937475953,True,川,raw_locked,0.24234331933153738,-1.4173998832702637
fenqusai/test_photo/38_0831.jpg,1,0,True,blue,blue,,7,7,True,浙A639M1,0.9672479648674702,-0.5994070099841267,True,浙,raw_locked,0.3173282835528267,-1.1478184461593628
fenqusai/test_photo/38_0831.jpg,1,1,False,blue,green,,8,8,True,浙A639M1T,0.5676294210985436,-10.193157014902674,True,浙,raw_locked,0.3173282835528267,-1.1478184461593628
fenqusai/test_photo/38_0831.jpg,1,2,False,blue,green,tractor_green,8,8,True,浙A639M1T,0.5676294210985436,-10.193157014902674,True,浙,raw_locked,0.3173282835528267,-1.1478184461593628
fenqusai/test_photo/38_0831.jpg,1,3,False,blue,yellow,,7,7,True,浙A639M1,0.9672479648674702,-0.5994070099841267,True,浙,raw_locked,0.3173282835528267,-1.1478184461593628
fenqusai/test_photo/38_0831.jpg,1,4,False,blue,black,,7,7,True,浙A639M1,0.9672479648674702,-0.5994070099841267,True,浙,raw_locked,0.3173282835528267,-1.1478184461593628
fenqusai/test_photo/38_0831.jpg,1,5,False,blue,special_7,,7,7,True,浙A639M1,0.9672479648674702,-0.5994070099841267,True,浙,raw_locked,0.3173282835528267,-1.1478184461593628
fenqusai/test_photo/38_0831.jpg,1,6,False,blue,unknown_8,,8,8,True,浙A639M1T,0.5676294210985436,-10.193157014902674,True,浙,raw_locked,0.3173282835528267,-1.1478184461593628
fenqusai/test_photo/38_0838.jpg,0,0,True,blue,blue,,7,7,True,辽AVR196,0.9670486476039751,-0.6031165866152151,True,辽,raw_locked,0.18515136270701782,-1.6865816116333008
fenqusai/test_photo/38_0838.jpg,0,1,False,blue,green,,8,8,True,辽AVPR196,0.3377025466806445,-19.540616586615215,True,辽,raw_locked,0.18515136270701782,-1.6865816116333008
fenqusai/test_photo/38_0838.jpg,0,2,False,blue,green,tractor_green,8,8,True,辽AVPR196,0.3377025466806445,-19.540616586615215,True,辽,raw_locked,0.18515136270701782,-1.6865816116333008
fenqusai/test_photo/38_0838.jpg,0,3,False,blue,yellow,,7,7,True,辽AVR196,0.9670486476039751,-0.6031165866152151,True,辽,raw_locked,0.18515136270701782,-1.6865816116333008
fenqusai/test_photo/38_0838.jpg,0,4,False,blue,black,,7,7,True,辽AVR196,0.9670486476039751,-0.6031165866152151,True,辽,raw_locked,0.18515136270701782,-1.6865816116333008
fenqusai/test_photo/38_0838.jpg,0,5,False,blue,special_7,,7,7,True,辽AVR196,0.9670486476039751,-0.6031165866152151,True,辽,raw_locked,0.18515136270701782,-1.6865816116333008
fenqusai/test_photo/38_0838.jpg,0,6,False,blue,unknown_8,,8,8,True,辽AVPR196,0.3377025466806445,-19.540616586615215,True,辽,raw_locked,0.18515136270701782,-1.6865816116333008
fenqusai/test_photo/38_0838.jpg,1,0,True,blue,blue,,7,7,True,辽AV97R5,0.9771821291456967,-0.4154800964813248,True,辽,raw_locked,0.22004464154244802,-1.5139248371124268
fenqusai/test_photo/38_0838.jpg,1,1,False,blue,green,,8,8,True,辽DAV97R5,0.3979138633121417,-16.587354977272042,True,辽,raw_locked,0.22004464154244802,-1.5139248371124268
fenqusai/test_photo/38_0838.jpg,1,2,False,blue,green,tractor_green,8,8,True,辽DAV97R5,0.3979138633121417,-16.587354977272042,True,辽,raw_locked,0.22004464154244802,-1.5139248371124268
fenqusai/test_photo/38_0838.jpg,1,3,False,blue,yellow,,7,7,True,辽AV97R5,0.9771821291456967,-0.4154800964813248,True,辽,raw_locked,0.22004464154244802,-1.5139248371124268
fenqusai/test_photo/38_0838.jpg,1,4,False,blue,black,,7,7,True,辽AV97R5,0.9771821291456967,-0.4154800964813248,True,辽,raw_locked,0.22004464154244802,-1.5139248371124268
fenqusai/test_photo/38_0838.jpg,1,5,False,blue,special_7,,7,7,True,辽AV97R5,0.9771821291456967,-0.4154800964813248,True,辽,raw_locked,0.22004464154244802,-1.5139248371124268
fenqusai/test_photo/38_0838.jpg,1,6,False,blue,unknown_8,,8,8,True,辽DAV97R5,0.3979138633121417,-16.587354977272042,True,辽,raw_locked,0.22004464154244802,-1.5139248371124268
fenqusai/test_photo/38_0860.jpg,0,0,True,yellow,yellow,,7,7,True,渝BX0675,0.9734794198810073,-0.48381470516324043,True,渝,raw_locked,0.2140777421184259,-1.541416049003601
fenqusai/test_photo/38_0860.jpg,0,1,False,yellow,blue,,7,7,True,渝BX0675,0.9734794198810073,-0.48381470516324043,True,渝,raw_locked,0.2140777421184259,-1.541416049003601
fenqusai/test_photo/38_0860.jpg,0,2,False,yellow,green,,8,8,True,渝BX0675E,0.3222496348583615,-20.383717864751816,True,渝,raw_locked,0.2140777421184259,-1.541416049003601
fenqusai/test_photo/38_0860.jpg,0,3,False,yellow,green,tractor_green,8,8,True,渝BX0675E,0.3222496348583615,-20.383717864751816,True,渝,raw_locked,0.2140777421184259,-1.541416049003601
fenqusai/test_photo/38_0860.jpg,0,4,False,yellow,black,,7,7,True,渝BX0675,0.9734794198810073,-0.48381470516324043,True,渝,raw_locked,0.2140777421184259,-1.541416049003601
fenqusai/test_photo/38_0860.jpg,0,5,False,yellow,special_7,,7,7,True,渝BX0675,0.9734794198810073,-0.48381470516324043,True,渝,raw_locked,0.2140777421184259,-1.541416049003601
fenqusai/test_photo/38_0860.jpg,0,6,False,yellow,unknown_8,,8,8,True,渝BX0675E,0.3222496348583615,-20.383717864751816,True,渝,raw_locked,0.2140777421184259,-1.541416049003601
fenqusai/test_photo/38_0860.jpg,1,0,True,blue,blue,,7,7,True,川AZ4Z28,0.999146693713569,-0.015366070070626847,True,川,raw_locked,0.3283049662610917,-1.1138123273849487
fenqusai/test_photo/38_0860.jpg,1,1,False,blue,green,,8,8,True,川DAZ4Z28,0.395368513318848,-16.702866070070627,True,川,raw_locked,0.3283049662610917,-1.1138123273849487
fenqusai/test_photo/38_0860.jpg,1,2,False,blue,green,tractor_green,8,8,True,川DAZ4Z28,0.395368513318848,-16.702866070070627,True,川,raw_locked,0.3283049662610917,-1.1138123273849487
fenqusai/test_photo/38_0860.jpg,1,3,False,blue,yellow,,7,7,True,川AZ4Z28,0.999146693713569,-0.015366070070626847,True,川,raw_locked,0.3283049662610917,-1.1138123273849487
fenqusai/test_photo/38_0860.jpg,1,4,False,blue,black,,7,7,True,川AZ4Z28,0.999146693713569,-0.015366070070626847,True,川,raw_locked,0.3283049662610917,-1.1138123273849487
fenqusai/test_photo/38_0860.jpg,1,5,False,blue,special_7,,7,7,True,川AZ4Z28,0.999146693713569,-0.015366070070626847,True,川,raw_locked,0.3283049662610917,-1.1138123273849487
fenqusai/test_photo/38_0860.jpg,1,6,False,blue,unknown_8,,8,8,True,川DAZ4Z28,0.395368513318848,-16.702866070070627,True,川,raw_locked,0.3283049662610917,-1.1138123273849487
fenqusai/test_photo/39.jpg,0,0,True,unknown_7,blue,,7,7,True,川B07559,0.9505010488026681,-0.9137882453796351,True,川,raw_locked,0.1337618004113148,-2.0116946697235107
fenqusai/test_photo/39.jpg,0,1,False,unknown_7,green,,8,8,True,川ZB07559,0.31005930043327035,-21.077850745379635,True,川,raw_locked,0.1337618004113148,-2.0116946697235107
fenqusai/test_photo/39.jpg,0,2,False,unknown_7,green,tractor_green,8,8,True,川ZB07559,0.31005930043327035,-21.077850745379635,True,川,raw_locked,0.1337618004113148,-2.0116946697235107
fenqusai/test_photo/39.jpg,0,3,False,unknown_7,yellow,,7,7,True,川B07559,0.9505010488026681,-0.9137882453796351,True,川,raw_locked,0.1337618004113148,-2.0116946697235107
fenqusai/test_photo/39.jpg,0,4,False,unknown_7,black,,7,7,True,川B07559,0.9505010488026681,-0.9137882453796351,True,川,raw_locked,0.1337618004113148,-2.0116946697235107
fenqusai/test_photo/39.jpg,0,5,False,unknown_7,special_7,,7,7,True,川B07559,0.9505010488026681,-0.9137882453796351,True,川,raw_locked,0.1337618004113148,-2.0116946697235107
fenqusai/test_photo/39.jpg,0,6,False,unknown_7,unknown_8,,8,8,True,川ZB07559,0.31005930043327035,-21.077850745379635,True,川,raw_locked,0.1337618004113148,-2.0116946697235107
fenqusai/test_photo/39.jpg,1,0,False,unknown_7,blue,,7,7,True,甘N1V1MT,0.6787338472248072,-6.9754717051980535,True,甘,raw_locked,0.2819615247450849,-1.2659846544265747
fenqusai/test_photo/39.jpg,1,1,False,unknown_7,green,,8,6,False,甘N1V1T,0.7611362637800356,-4.912971809506182,True,甘,raw_locked,0.2819615247450849,-1.2659846544265747
fenqusai/test_photo/39.jpg,1,2,False,unknown_7,green,tractor_green,8,6,False,甘N1V1T,0.7611362637800356,-4.912971809506182,True,甘,raw_locked,0.2819615247450849,-1.2659846544265747
fenqusai/test_photo/39.jpg,1,3,False,unknown_7,yellow,,7,7,True,甘N1V1MT,0.6787338472248072,-6.9754717051980535,True,甘,raw_locked,0.2819615247450849,-1.2659846544265747
fenqusai/test_photo/39.jpg,1,4,True,unknown_7,black,,7,7,True,甘N1领V1T,0.8446979157977769,-3.037971809506182,True,甘,raw_locked,0.2819615247450849,-1.2659846544265747
fenqusai/test_photo/39.jpg,1,5,False,unknown_7,special_7,,7,7,True,甘N1领V1T,0.8446979157977769,-3.037971809506182,True,甘,raw_locked,0.2819615247450849,-1.2659846544265747
fenqusai/test_photo/39.jpg,1,6,False,unknown_7,unknown_8,,8,6,False,甘N1V1T,0.7611362637800356,-4.912971809506182,True,甘,raw_locked,0.2819615247450849,-1.2659846544265747
fenqusai/test_photo/40.jpg,0,0,True,blue,blue,,7,7,True,吉JN8888,0.8879380073206434,-2.139360300049688,True,吉,baseline,0.08632743324124124,-2.4496078491210938
fenqusai/test_photo/40.jpg,0,1,False,blue,green,,8,8,True,吉LJN8888,0.8879380073206434,-2.139360300049688,True,吉,baseline,0.08632743324124124,-2.4496078491210938
fenqusai/test_photo/40.jpg,0,2,False,blue,green,tractor_green,8,8,True,吉LJN8888,0.8879380073206434,-2.139360300049688,True,吉,baseline,0.08632743324124124,-2.4496078491210938
fenqusai/test_photo/40.jpg,0,3,False,blue,yellow,,7,7,True,吉JN8888,0.8879380073206434,-2.139360300049688,True,吉,baseline,0.08632743324124124,-2.4496078491210938
fenqusai/test_photo/40.jpg,0,4,False,blue,black,,7,7,True,吉JN8888,0.8879380073206434,-2.139360300049688,True,吉,baseline,0.08632743324124124,-2.4496078491210938
fenqusai/test_photo/40.jpg,0,5,False,blue,special_7,,7,7,True,吉JN8888,0.8879380073206434,-2.139360300049688,True,吉,baseline,0.08632743324124124,-2.4496078491210938
fenqusai/test_photo/40.jpg,0,6,False,blue,unknown_8,,8,8,True,吉LJN8888,0.8879380073206434,-2.139360300049688,True,吉,baseline,0.08632743324124124,-2.4496078491210938
fenqusai/test_photo/41_0670.jpg,0,0,True,blue,blue,,7,7,True,皖A857LG,0.9731750872466084,-0.4894428096304182,True,皖,raw_locked,0.213201471865664,-1.5455176830291748
fenqusai/test_photo/41_0670.jpg,0,1,False,blue,green,,8,8,True,皖HA857LG,0.6645124348204599,-7.356630383204902,True,皖,raw_locked,0.213201471865664,-1.5455176830291748
fenqusai/test_photo/41_0670.jpg,0,2,False,blue,green,tractor_green,8,8,True,皖HA857LG,0.6645124348204599,-7.356630383204902,True,皖,raw_locked,0.213201471865664,-1.5455176830291748
fenqusai/test_photo/41_0670.jpg,0,3,False,blue,yellow,,7,7,True,皖A857LG,0.9731750872466084,-0.4894428096304182,True,皖,raw_locked,0.213201471865664,-1.5455176830291748
fenqusai/test_photo/41_0670.jpg,0,4,False,blue,black,,7,7,True,皖A857LG,0.9731750872466084,-0.4894428096304182,True,皖,raw_locked,0.213201471865664,-1.5455176830291748
fenqusai/test_photo/41_0670.jpg,0,5,False,blue,special_7,,7,7,True,皖A857LG,0.9731750872466084,-0.4894428096304182,True,皖,raw_locked,0.213201471865664,-1.5455176830291748
fenqusai/test_photo/41_0670.jpg,0,6,False,blue,unknown_8,,8,8,True,皖HA857LG,0.6645124348204599,-7.356630383204902,True,皖,raw_locked,0.213201471865664,-1.5455176830291748
fenqusai/test_photo/41_0670.jpg,1,0,True,blue,blue,,7,7,True,冀A51YK7,0.9755352654467238,-0.44584143160521705,True,冀,raw_locked,0.21342977523678738,-1.544447422027588
fenqusai/test_photo/41_0670.jpg,1,1,False,blue,green,,8,8,True,冀AA51YK7,0.4560350438630506,-14.13334119318732,True,冀,raw_locked,0.21342977523678738,-1.544447422027588
fenqusai/test_photo/41_0670.jpg,1,2,False,blue,green,tractor_green,8,8,True,冀AA51YK7,0.4560350438630506,-14.13334119318732,True,冀,raw_locked,0.21342977523678738,-1.544447422027588
fenqusai/test_photo/41_0670.jpg,1,3,False,blue,yellow,,7,7,True,冀A51YK7,0.9755352654467238,-0.44584143160521705,True,冀,raw_locked,0.21342977523678738,-1.544447422027588
fenqusai/test_photo/41_0670.jpg,1,4,False,blue,black,,7,7,True,冀A51YK7,0.9755352654467238,-0.44584143160521705,True,冀,raw_locked,0.21342977523678738,-1.544447422027588
fenqusai/test_photo/41_0670.jpg,1,5,False,blue,special_7,,7,7,True,冀A51YK7,0.9755352654467238,-0.44584143160521705,True,冀,raw_locked,0.21342977523678738,-1.544447422027588
fenqusai/test_photo/41_0670.jpg,1,6,False,blue,unknown_8,,8,8,True,冀AA51YK7,0.4560350438630506,-14.13334119318732,True,冀,raw_locked,0.21342977523678738,-1.544447422027588
fenqusai/test_photo/41_0686.jpg,0,0,False,blue,blue,,7,7,True,京D6868X,0.8030266012352776,-3.9486138888134406,True,京,raw_locked,0.1279627634000078,-2.056015968322754
fenqusai/test_photo/41_0686.jpg,0,1,True,blue,green,,8,8,True,京D6868YX,0.9453755811300045,-1.0111138217582152,True,京,raw_locked,0.1279627634000078,-2.056015968322754
fenqusai/test_photo/41_0686.jpg,0,2,False,blue,green,tractor_green,8,8,True,京D6868YX,0.9453755811300045,-1.0111138217582152,True,京,raw_locked,0.1279627634000078,-2.056015968322754
fenqusai/test_photo/41_0686.jpg,0,3,False,blue,yellow,,7,7,True,京D6868X,0.8030266012352776,-3.9486138888134406,True,京,raw_locked,0.1279627634000078,-2.056015968322754
fenqusai/test_photo/41_0686.jpg,0,4,False,blue,black,,7,7,True,京D6868X,0.8030266012352776,-3.9486138888134406,True,京,raw_locked,0.1279627634000078,-2.056015968322754
fenqusai/test_photo/41_0686.jpg,0,5,False,blue,special_7,,7,7,True,京D6868X,0.8030266012352776,-3.9486138888134406,True,京,raw_locked,0.1279627634000078,-2.056015968322754
fenqusai/test_photo/41_0686.jpg,0,6,False,blue,unknown_8,,8,8,True,京D6868YX,0.9453755811300045,-1.0111138217582152,True,京,raw_locked,0.1279627634000078,-2.056015968322754
fenqusai/test_photo/41_0686.jpg,1,0,True,blue,blue,,7,7,True,辽A8H403,0.996251281901599,-0.06760371873087934,True,辽,raw_locked,0.31164521824355884,-1.165889859199524
fenqusai/test_photo/41_0686.jpg,1,1,False,blue,green,,8,8,True,辽AA8H403,0.4889175869399555,-12.88010407636466,True,辽,raw_locked,0.31164521824355884,-1.165889859199524
fenqusai/test_photo/41_0686.jpg,1,2,False,blue,green,tractor_green,8,8,True,辽AA8H403,0.4889175869399555,-12.88010407636466,True,辽,raw_locked,0.31164521824355884,-1.165889859199524
fenqusai/test_photo/41_0686.jpg,1,3,False,blue,yellow,,7,7,True,辽A8H403,0.996251281901599,-0.06760371873087934,True,辽,raw_locked,0.31164521824355884,-1.165889859199524
fenqusai/test_photo/41_0686.jpg,1,4,False,blue,black,,7,7,True,辽A8H403,0.996251281901599,-0.06760371873087934,True,辽,raw_locked,0.31164521824355884,-1.165889859199524
fenqusai/test_photo/41_0686.jpg,1,5,False,blue,special_7,,7,7,True,辽A8H403,0.996251281901599,-0.06760371873087934,True,辽,raw_locked,0.31164521824355884,-1.165889859199524
fenqusai/test_photo/41_0686.jpg,1,6,False,blue,unknown_8,,8,8,True,辽AA8H403,0.4889175869399555,-12.88010407636466,True,辽,raw_locked,0.31164521824355884,-1.165889859199524
fenqusai/test_photo/41_0705.jpg,0,0,True,green,green,,8,8,True,川AAP8176,0.9995888325335239,-0.0074025363419352175,True,川,raw_locked,0.3331456249624269,-1.0991755723953247
fenqusai/test_photo/41_0705.jpg,0,1,False,green,green,tractor_green,8,8,True,川AAP8176,0.9995888325335239,-0.0074025363419352175,True,川,raw_locked,0.3331456249624269,-1.0991755723953247
fenqusai/test_photo/41_0705.jpg,0,2,False,green,blue,,7,7,True,川AP8176,0.3383262478534074,-19.507403136579335,True,川,raw_locked,0.3331456249624269,-1.0991755723953247
fenqusai/test_photo/41_0705.jpg,0,3,False,green,yellow,,7,7,True,川AP8176,0.3383262478534074,-19.507403136579335,True,川,raw_locked,0.3331456249624269,-1.0991755723953247
fenqusai/test_photo/41_0705.jpg,0,4,False,green,black,,7,7,True,川AP8176,0.3383262478534074,-19.507403136579335,True,川,raw_locked,0.3331456249624269,-1.0991755723953247
fenqusai/test_photo/41_0705.jpg,0,5,False,green,special_7,,7,7,True,川AP8176,0.3383262478534074,-19.507403136579335,True,川,raw_locked,0.3331456249624269,-1.0991755723953247
fenqusai/test_photo/41_0705.jpg,0,6,False,green,unknown_8,,8,8,True,川AAP8176,0.9995888325335239,-0.0074025363419352175,True,川,raw_locked,0.3331456249624269,-1.0991755723953247
fenqusai/test_photo/41_0705.jpg,1,0,True,blue,blue,,7,7,True,京ATZ369,0.983211057130205,-0.3047665451304056,True,京,raw_locked,0.2473544183393611,-1.3969330787658691
fenqusai/test_photo/41_0705.jpg,1,1,False,blue,green,,8,8,True,京WATZ369,0.42953309100523696,-15.211016912013292,True,京,raw_locked,0.2473544183393611,-1.3969330787658691
fenqusai/test_photo/41_0705.jpg,1,2,False,blue,green,tractor_green,8,8,True,京WATZ369,0.42953309100523696,-15.211016912013292,True,京,raw_locked,0.2473544183393611,-1.3969330787658691
fenqusai/test_photo/41_0705.jpg,1,3,False,blue,yellow,,7,7,True,京ATZ369,0.983211057130205,-0.3047665451304056,True,京,raw_locked,0.2473544183393611,-1.3969330787658691
fenqusai/test_photo/41_0705.jpg,1,4,False,blue,black,,7,7,True,京ATZ369,0.983211057130205,-0.3047665451304056,True,京,raw_locked,0.2473544183393611,-1.3969330787658691
fenqusai/test_photo/41_0705.jpg,1,5,False,blue,special_7,,7,7,True,京ATZ369,0.983211057130205,-0.3047665451304056,True,京,raw_locked,0.2473544183393611,-1.3969330787658691
fenqusai/test_photo/41_0705.jpg,1,6,False,blue,unknown_8,,8,8,True,京WATZ369,0.42953309100523696,-15.211016912013292,True,京,raw_locked,0.2473544183393611,-1.3969330787658691
fenqusai/test_photo/41_0734.jpg,0,0,True,blue,blue,,7,7,True,云A5J6V7,0.9938532578323979,-0.11098280085934675,True,云,raw_locked,0.3331877245187245,-1.0990492105484009
fenqusai/test_photo/41_0734.jpg,0,1,False,blue,green,,8,8,True,云A5J65V7,0.7127454030470022,-6.095358014597878,True,云,raw_locked,0.3331877245187245,-1.0990492105484009
fenqusai/test_photo/41_0734.jpg,0,2,False,blue,green,tractor_green,8,8,True,云A5J65V7,0.7127454030470022,-6.095358014597878,True,云,raw_locked,0.3331877245187245,-1.0990492105484009
fenqusai/test_photo/41_0734.jpg,0,3,False,blue,yellow,,7,7,True,云A5J6V7,0.9938532578323979,-0.11098280085934675,True,云,raw_locked,0.3331877245187245,-1.0990492105484009
fenqusai/test_photo/41_0734.jpg,0,4,False,blue,black,,7,7,True,云A5J6V7,0.9938532578323979,-0.11098280085934675,True,云,raw_locked,0.3331877245187245,-1.0990492105484009
fenqusai/test_photo/41_0734.jpg,0,5,False,blue,special_7,,7,7,True,云A5J6V7,0.9938532578323979,-0.11098280085934675,True,云,raw_locked,0.3331877245187245,-1.0990492105484009
fenqusai/test_photo/41_0734.jpg,0,6,False,blue,unknown_8,,8,8,True,云A5J65V7,0.7127454030470022,-6.095358014597878,True,云,raw_locked,0.3331877245187245,-1.0990492105484009
fenqusai/test_photo/41_0734.jpg,1,0,True,yellow,yellow,,7,7,True,冀AU382学,0.8888975549913983,-2.119919154094532,True,冀,raw_locked,0.15724857815461174,-1.8499274253845215
fenqusai/test_photo/41_0734.jpg,1,1,False,yellow,blue,,7,7,True,冀AU3828,0.6109297651314091,-8.869918987853453,True,冀,raw_locked,0.15724857815461174,-1.8499274253845215
fenqusai/test_photo/41_0734.jpg,1,2,False,yellow,green,,8,8,True,冀A3U3828,0.6194740990599101,-8.619918987853453,True,冀,raw_locked,0.15724857815461174,-1.8499274253845215
fenqusai/test_photo/41_0734.jpg,1,3,False,yellow,green,tractor_green,8,8,True,冀A3U382学,0.9013294873861818,-1.8699191540945321,True,冀,raw_locked,0.15724857815461174,-1.8499274253845215
fenqusai/test_photo/41_0734.jpg,1,4,False,yellow,black,,7,7,True,冀AU382学,0.8888975549913983,-2.119919154094532,True,冀,raw_locked,0.15724857815461174,-1.8499274253845215
fenqusai/test_photo/41_0734.jpg,1,5,False,yellow,special_7,,7,7,True,冀AU382学,0.8888975549913983,-2.119919154094532,True,冀,raw_locked,0.15724857815461174,-1.8499274253845215
fenqusai/test_photo/41_0734.jpg,1,6,False,yellow,unknown_8,,8,8,True,冀A3U3828,0.6194740990599101,-8.619918987853453,True,冀,raw_locked,0.15724857815461174,-1.8499274253845215
fenqusai/test_photo/41_0752.jpg,0,0,True,blue,blue,,7,7,True,云NH1103,0.9814238575019917,-0.33751522728197614,True,云,raw_locked,0.2612316749441577,-1.3423476219177246
fenqusai/test_photo/41_0752.jpg,0,1,False,blue,green,,8,8,True,云DNH1103,0.38167138710342535,-17.337515108072694,True,云,raw_locked,0.2612316749441577,-1.3423476219177246
fenqusai/test_photo/41_0752.jpg,0,2,False,blue,green,tractor_green,8,8,True,云DNH1103,0.38167138710342535,-17.337515108072694,True,云,raw_locked,0.2612316749441577,-1.3423476219177246
fenqusai/test_photo/41_0752.jpg,0,3,False,blue,yellow,,7,7,True,云NH1103,0.9814238575019917,-0.33751522728197614,True,云,raw_locked,0.2612316749441577,-1.3423476219177246
fenqusai/test_photo/41_0752.jpg,0,4,False,blue,black,,7,7,True,云NH1103,0.9814238575019917,-0.33751522728197614,True,云,raw_locked,0.2612316749441577,-1.3423476219177246
fenqusai/test_photo/41_0752.jpg,0,5,False,blue,special_7,,7,7,True,云NH1103,0.9814238575019917,-0.33751522728197614,True,云,raw_locked,0.2612316749441577,-1.3423476219177246
fenqusai/test_photo/41_0752.jpg,0,6,False,blue,unknown_8,,8,8,True,云DNH1103,0.38167138710342535,-17.337515108072694,True,云,raw_locked,0.2612316749441577,-1.3423476219177246
fenqusai/test_photo/41_0752.jpg,1,0,True,blue,blue,,7,7,True,川A62B20,0.9917504730366549,-0.1491073670905223,True,川,raw_locked,0.2995568296936031,-1.2054511308670044
fenqusai/test_photo/41_0752.jpg,1,1,False,blue,green,,8,8,True,川A62B20Q,0.8322428700853247,-3.305357452772199,True,川,raw_locked,0.2995568296936031,-1.2054511308670044
fenqusai/test_photo/41_0752.jpg,1,2,False,blue,green,tractor_green,8,8,True,川A62B20Q,0.8322428700853247,-3.305357452772199,True,川,raw_locked,0.2995568296936031,-1.2054511308670044
fenqusai/test_photo/41_0752.jpg,1,3,False,blue,yellow,,7,7,True,川A62B20,0.9917504730366549,-0.1491073670905223,True,川,raw_locked,0.2995568296936031,-1.2054511308670044
fenqusai/test_photo/41_0752.jpg,1,4,False,blue,black,,7,7,True,川A62B20,0.9917504730366549,-0.1491073670905223,True,川,raw_locked,0.2995568296936031,-1.2054511308670044
fenqusai/test_photo/41_0752.jpg,1,5,False,blue,special_7,,7,7,True,川A62B20,0.9917504730366549,-0.1491073670905223,True,川,raw_locked,0.2995568296936031,-1.2054511308670044
fenqusai/test_photo/41_0752.jpg,1,6,False,blue,unknown_8,,8,8,True,川A62B20Q,0.8322428700853247,-3.305357452772199,True,川,raw_locked,0.2995568296936031,-1.2054511308670044
fenqusai/test_photo/41_0752.jpg,2,0,True,blue,blue,,7,7,True,皖ATA228,0.9428339553446005,-1.0595716765501422,True,皖,raw_locked,0.3194818707027638,-1.1410547494888306
fenqusai/test_photo/41_0752.jpg,2,1,False,blue,green,,8,7,False,皖ATA228,0.9428339553446005,-1.0595716765501422,True,皖,raw_locked,0.3194818707027638,-1.1410547494888306
fenqusai/test_photo/41_0752.jpg,2,2,False,blue,green,tractor_green,8,7,False,皖ATA228,0.9428339553446005,-1.0595716765501422,True,皖,raw_locked,0.3194818707027638,-1.1410547494888306
fenqusai/test_photo/41_0752.jpg,2,3,False,blue,yellow,,7,7,True,皖ATA228,0.9428339553446005,-1.0595716765501422,True,皖,raw_locked,0.3194818707027638,-1.1410547494888306
fenqusai/test_photo/41_0752.jpg,2,4,False,blue,black,,7,7,True,皖ATA228,0.9428339553446005,-1.0595716765501422,True,皖,raw_locked,0.3194818707027638,-1.1410547494888306
fenqusai/test_photo/41_0752.jpg,2,5,False,blue,special_7,,7,7,True,皖ATA228,0.9428339553446005,-1.0595716765501422,True,皖,raw_locked,0.3194818707027638,-1.1410547494888306
fenqusai/test_photo/41_0752.jpg,2,6,False,blue,unknown_8,,8,7,False,皖ATA228,0.9428339553446005,-1.0595716765501422,True,皖,raw_locked,0.3194818707027638,-1.1410547494888306
fenqusai/test_photo/41_0752.jpg,3,0,True,blue,blue,,7,2,False,甘H,1.4027496502233652e-06,-242.58737180998833,True,甘,baseline,2.799350097509051e-06,-48.16112518310547
fenqusai/test_photo/41_0752.jpg,3,1,False,blue,green,,8,2,False,甘H,1.4027496502233652e-06,-242.58737180998833,True,甘,baseline,2.799350097509051e-06,-48.16112518310547
fenqusai/test_photo/41_0752.jpg,3,2,False,blue,green,tractor_green,8,2,False,甘H,1.4027496502233652e-06,-242.58737180998833,True,甘,baseline,2.799350097509051e-06,-48.16112518310547
fenqusai/test_photo/41_0752.jpg,3,3,False,blue,yellow,,7,2,False,甘H,1.4027496502233652e-06,-242.58737180998833,True,甘,baseline,2.799350097509051e-06,-48.16112518310547
fenqusai/test_photo/41_0752.jpg,3,4,False,blue,black,,7,2,False,甘H,1.4027496502233652e-06,-242.58737180998833,True,甘,baseline,2.799350097509051e-06,-48.16112518310547
fenqusai/test_photo/41_0752.jpg,3,5,False,blue,special_7,,7,2,False,甘H,1.4027496502233652e-06,-242.58737180998833,True,甘,baseline,2.799350097509051e-06,-48.16112518310547
fenqusai/test_photo/41_0752.jpg,3,6,False,blue,unknown_8,,8,2,False,甘H,1.4027496502233652e-06,-242.58737180998833,True,甘,baseline,2.799350097509051e-06,-48.16112518310547
fenqusai/test_photo/41_0775.jpg,0,0,True,blue,blue,,7,7,True,辽AA666F,0.9204572877920482,-1.4919242486503208,True,辽,raw_locked,0.075641557893881,-2.581749439239502
fenqusai/test_photo/41_0775.jpg,0,1,False,blue,green,,8,8,True,辽AAA666F,0.5760074491694974,-9.929424344110885,True,辽,raw_locked,0.075641557893881,-2.581749439239502
fenqusai/test_photo/41_0775.jpg,0,2,False,blue,green,tractor_green,8,8,True,辽AAA666F,0.5760074491694974,-9.929424344110885,True,辽,raw_locked,0.075641557893881,-2.581749439239502
fenqusai/test_photo/41_0775.jpg,0,3,False,blue,yellow,,7,7,True,辽AA666F,0.9204572877920482,-1.4919242486503208,True,辽,raw_locked,0.075641557893881,-2.581749439239502
fenqusai/test_photo/41_0775.jpg,0,4,False,blue,black,,7,7,True,辽AA666F,0.9204572877920482,-1.4919242486503208,True,辽,raw_locked,0.075641557893881,-2.581749439239502
fenqusai/test_photo/41_0775.jpg,0,5,False,blue,special_7,,7,7,True,辽AA666F,0.9204572877920482,-1.4919242486503208,True,辽,raw_locked,0.075641557893881,-2.581749439239502
fenqusai/test_photo/41_0775.jpg,0,6,False,blue,unknown_8,,8,8,True,辽AAA666F,0.5760074491694974,-9.929424344110885,True,辽,raw_locked,0.075641557893881,-2.581749439239502
fenqusai/test_photo/41_0775.jpg,1,0,True,blue,blue,,7,7,True,川A77H3Q,0.955685847228371,-0.8158685691814469,True,川,raw_locked,0.3449244473269436,-1.0644298791885376
fenqusai/test_photo/41_0775.jpg,1,1,False,blue,green,,8,7,False,川A77H3Q,0.955685847228371,-0.8158685691814469,True,川,raw_locked,0.3449244473269436,-1.0644298791885376
fenqusai/test_photo/41_0775.jpg,1,2,False,blue,green,tractor_green,8,7,False,川A77H3Q,0.955685847228371,-0.8158685691814469,True,川,raw_locked,0.3449244473269436,-1.0644298791885376
fenqusai/test_photo/41_0775.jpg,1,3,False,blue,yellow,,7,7,True,川A77H3Q,0.955685847228371,-0.8158685691814469,True,川,raw_locked,0.3449244473269436,-1.0644298791885376
fenqusai/test_photo/41_0775.jpg,1,4,False,blue,black,,7,7,True,川A77H3Q,0.955685847228371,-0.8158685691814469,True,川,raw_locked,0.3449244473269436,-1.0644298791885376
fenqusai/test_photo/41_0775.jpg,1,5,False,blue,special_7,,7,7,True,川A77H3Q,0.955685847228371,-0.8158685691814469,True,川,raw_locked,0.3449244473269436,-1.0644298791885376
fenqusai/test_photo/41_0775.jpg,1,6,False,blue,unknown_8,,8,7,False,川A77H3Q,0.955685847228371,-0.8158685691814469,True,川,raw_locked,0.3449244473269436,-1.0644298791885376
fenqusai/test_photo/41_0793.jpg,0,0,True,blue,blue,,7,7,True,云SC8685,0.9994549595452454,-0.009813402779343505,True,云,raw_locked,0.3300783397245664,-1.108425259590149
fenqusai/test_photo/41_0793.jpg,0,1,False,blue,green,,8,7,False,云SC8685,0.9994549595452454,-0.009813402779343505,True,云,raw_locked,0.3300783397245664,-1.108425259590149
fenqusai/test_photo/41_0793.jpg,0,2,False,blue,green,tractor_green,8,7,False,云SC8685,0.9994549595452454,-0.009813402779343505,True,云,raw_locked,0.3300783397245664,-1.108425259590149
fenqusai/test_photo/41_0793.jpg,0,3,False,blue,yellow,,7,7,True,云SC8685,0.9994549595452454,-0.009813402779343505,True,云,raw_locked,0.3300783397245664,-1.108425259590149
fenqusai/test_photo/41_0793.jpg,0,4,False,blue,black,,7,7,True,云SC8685,0.9994549595452454,-0.009813402779343505,True,云,raw_locked,0.3300783397245664,-1.108425259590149
fenqusai/test_photo/41_0793.jpg,0,5,False,blue,special_7,,7,7,True,云SC8685,0.9994549595452454,-0.009813402779343505,True,云,raw_locked,0.3300783397245664,-1.108425259590149
fenqusai/test_photo/41_0793.jpg,0,6,False,blue,unknown_8,,8,7,False,云SC8685,0.9994549595452454,-0.009813402779343505,True,云,raw_locked,0.3300783397245664,-1.108425259590149
fenqusai/test_photo/41_0793.jpg,1,0,True,blue,blue,,7,7,True,京A8Y33W,0.994943488281717,-0.09124810439845987,True,京,raw_locked,0.30434069403604874,-1.1896075010299683
fenqusai/test_photo/41_0793.jpg,1,1,False,blue,green,,8,8,True,京XA8Y33W,0.3782941361884149,-17.49749846202758,True,京,raw_locked,0.30434069403604874,-1.1896075010299683
fenqusai/test_photo/41_0793.jpg,1,2,False,blue,green,tractor_green,8,8,True,京XA8Y33W,0.3782941361884149,-17.49749846202758,True,京,raw_locked,0.30434069403604874,-1.1896075010299683
fenqusai/test_photo/41_0793.jpg,1,3,False,blue,yellow,,7,7,True,京A8Y33W,0.994943488281717,-0.09124810439845987,True,京,raw_locked,0.30434069403604874,-1.1896075010299683
fenqusai/test_photo/41_0793.jpg,1,4,False,blue,black,,7,7,True,京A8Y33W,0.994943488281717,-0.09124810439845987,True,京,raw_locked,0.30434069403604874,-1.1896075010299683
fenqusai/test_photo/41_0793.jpg,1,5,False,blue,special_7,,7,7,True,京A8Y33W,0.994943488281717,-0.09124810439845987,True,京,raw_locked,0.30434069403604874,-1.1896075010299683
fenqusai/test_photo/41_0793.jpg,1,6,False,blue,unknown_8,,8,8,True,京XA8Y33W,0.3782941361884149,-17.49749846202758,True,京,raw_locked,0.30434069403604874,-1.1896075010299683
fenqusai/test_photo/41_0797.jpg,0,0,True,blue,blue,,7,7,True,云HDF666,0.9967028100493918,-0.0594474778699805,True,云,raw_locked,0.3332622458301962,-1.0988255739212036
fenqusai/test_photo/41_0797.jpg,0,1,False,blue,green,,8,8,True,云MHDF666,0.4037544357918702,-16.32507152443577,True,云,raw_locked,0.3332622458301962,-1.0988255739212036
fenqusai/test_photo/41_0797.jpg,0,2,False,blue,green,tractor_green,8,8,True,云MHDF666,0.4037544357918702,-16.32507152443577,True,云,raw_locked,0.3332622458301962,-1.0988255739212036
fenqusai/test_photo/41_0797.jpg,0,3,False,blue,yellow,,7,7,True,云HDF666,0.9967028100493918,-0.0594474778699805,True,云,raw_locked,0.3332622458301962,-1.0988255739212036
fenqusai/test_photo/41_0797.jpg,0,4,False,blue,black,,7,7,True,云HDF666,0.9967028100493918,-0.0594474778699805,True,云,raw_locked,0.3332622458301962,-1.0988255739212036
fenqusai/test_photo/41_0797.jpg,0,5,False,blue,special_7,,7,7,True,云HDF666,0.9967028100493918,-0.0594474778699805,True,云,raw_locked,0.3332622458301962,-1.0988255739212036
fenqusai/test_photo/41_0797.jpg,0,6,False,blue,unknown_8,,8,8,True,云MHDF666,0.4037544357918702,-16.32507152443577,True,云,raw_locked,0.3332622458301962,-1.0988255739212036
fenqusai/test_photo/41_0797.jpg,1,0,True,blue,blue,,7,7,True,吉A38SU9,0.9300691864236436,-1.304933428764258,True,吉,raw_locked,0.1642009220029772,-1.8066644668579102
fenqusai/test_photo/41_0797.jpg,1,1,False,blue,green,,8,8,True,吉A738SU9,0.5606980761343731,-10.414308726787482,True,吉,raw_locked,0.1642009220029772,-1.8066644668579102
fenqusai/test_photo/41_0797.jpg,1,2,False,blue,green,tractor_green,8,8,True,吉A738SU9,0.5606980761343731,-10.414308726787482,True,吉,raw_locked,0.1642009220029772,-1.8066644668579102
fenqusai/test_photo/41_0797.jpg,1,3,False,blue,yellow,,7,7,True,吉A38SU9,0.9300691864236436,-1.304933428764258,True,吉,raw_locked,0.1642009220029772,-1.8066644668579102
fenqusai/test_photo/41_0797.jpg,1,4,False,blue,black,,7,7,True,吉A38SU9,0.9300691864236436,-1.304933428764258,True,吉,raw_locked,0.1642009220029772,-1.8066644668579102
fenqusai/test_photo/41_0797.jpg,1,5,False,blue,special_7,,7,7,True,吉A38SU9,0.9300691864236436,-1.304933428764258,True,吉,raw_locked,0.1642009220029772,-1.8066644668579102
fenqusai/test_photo/41_0797.jpg,1,6,False,blue,unknown_8,,8,8,True,吉A738SU9,0.5606980761343731,-10.414308726787482,True,吉,raw_locked,0.1642009220029772,-1.8066644668579102
fenqusai/test_photo/41_0801.jpg,0,0,True,blue,blue,,7,7,True,辽A9YN87,0.8194384145744014,-3.5844486052119464,True,辽,raw_locked,0.4046560858375742,-1.3799450397491455
fenqusai/test_photo/41_0801.jpg,0,1,False,blue,green,,8,8,True,辽AA9YN87,0.7082420487451887,-6.209448605211946,True,辽,raw_locked,0.4046560858375742,-1.3799450397491455
fenqusai/test_photo/41_0801.jpg,0,2,False,blue,green,tractor_green,8,8,True,辽AA9YN87,0.7082420487451887,-6.209448605211946,True,辽,raw_locked,0.4046560858375742,-1.3799450397491455
fenqusai/test_photo/41_0801.jpg,0,3,False,blue,yellow,,7,7,True,辽A9YN87,0.8194384145744014,-3.5844486052119464,True,辽,raw_locked,0.4046560858375742,-1.3799450397491455
fenqusai/test_photo/41_0801.jpg,0,4,False,blue,black,,7,7,True,辽A9YN87,0.8194384145744014,-3.5844486052119464,True,辽,raw_locked,0.4046560858375742,-1.3799450397491455
fenqusai/test_photo/41_0801.jpg,0,5,False,blue,special_7,,7,7,True,辽A9YN87,0.8194384145744014,-3.5844486052119464,True,辽,raw_locked,0.4046560858375742,-1.3799450397491455
fenqusai/test_photo/41_0801.jpg,0,6,False,blue,unknown_8,,8,8,True,辽AA9YN87,0.7082420487451887,-6.209448605211946,True,辽,raw_locked,0.4046560858375742,-1.3799450397491455
fenqusai/test_photo/41_0801.jpg,1,0,True,blue,blue,,7,7,True,云A5G1W0,0.9943971749209546,-0.10113443600855021,True,云,raw_locked,0.3015490774886771,-1.1988224983215332
fenqusai/test_photo/41_0801.jpg,1,1,False,blue,green,,8,8,True,云A5G1NW0,0.30327400762285656,-21.47613419759,True,云,raw_locked,0.3015490774886771,-1.1988224983215332
fenqusai/test_photo/41_0801.jpg,1,2,False,blue,green,tractor_green,8,8,True,云A5G1NW0,0.30327400762285656,-21.47613419759,True,云,raw_locked,0.3015490774886771,-1.1988224983215332
fenqusai/test_photo/41_0801.jpg,1,3,False,blue,yellow,,7,7,True,云A5G1W0,0.9943971749209546,-0.10113443600855021,True,云,raw_locked,0.3015490774886771,-1.1988224983215332
fenqusai/test_photo/41_0801.jpg,1,4,False,blue,black,,7,7,True,云A5G1W0,0.9943971749209546,-0.10113443600855021,True,云,raw_locked,0.3015490774886771,-1.1988224983215332
fenqusai/test_photo/41_0801.jpg,1,5,False,blue,special_7,,7,7,True,云A5G1W0,0.9943971749209546,-0.10113443600855021,True,云,raw_locked,0.3015490774886771,-1.1988224983215332
fenqusai/test_photo/41_0801.jpg,1,6,False,blue,unknown_8,,8,8,True,云A5G1NW0,0.30327400762285656,-21.47613419759,True,云,raw_locked,0.3015490774886771,-1.1988224983215332
fenqusai/test_photo/41_0801.jpg,2,0,True,blue,blue,,7,7,True,沪A1EM22,0.9550828696093061,-0.8272290205095487,True,沪,raw_locked,0.14725463863440658,-1.9155919551849365
fenqusai/test_photo/41_0801.jpg,2,1,False,blue,green,,8,8,True,沪DA1EM22,0.5551638982083464,-10.592854141403222,True,沪,raw_locked,0.14725463863440658,-1.9155919551849365
fenqusai/test_photo/41_0801.jpg,2,2,False,blue,green,tractor_green,8,8,True,沪DA1EM22,0.5551638982083464,-10.592854141403222,True,沪,raw_locked,0.14725463863440658,-1.9155919551849365
fenqusai/test_photo/41_0801.jpg,2,3,False,blue,yellow,,7,7,True,沪A1EM22,0.9550828696093061,-0.8272290205095487,True,沪,raw_locked,0.14725463863440658,-1.9155919551849365
fenqusai/test_photo/41_0801.jpg,2,4,False,blue,black,,7,7,True,沪A1EM22,0.9550828696093061,-0.8272290205095487,True,沪,raw_locked,0.14725463863440658,-1.9155919551849365
fenqusai/test_photo/41_0801.jpg,2,5,False,blue,special_7,,7,7,True,沪A1EM22,0.9550828696093061,-0.8272290205095487,True,沪,raw_locked,0.14725463863440658,-1.9155919551849365
fenqusai/test_photo/41_0801.jpg,2,6,False,blue,unknown_8,,8,8,True,沪DA1EM22,0.5551638982083464,-10.592854141403222,True,沪,raw_locked,0.14725463863440658,-1.9155919551849365
fenqusai/test_photo/41_0803.jpg,0,0,True,blue,blue,,7,7,True,辽CY3683,0.6496157221279449,-7.764737177598931,True,辽,baseline,0.00018425625434605186,-8.599183082580566
fenqusai/test_photo/41_0803.jpg,0,1,False,blue,green,,8,8,True,辽CY36834,0.557820505761609,-10.506924767005899,True,辽,baseline,0.00018425625434605186,-8.599183082580566
fenqusai/test_photo/41_0803.jpg,0,2,False,blue,green,tractor_green,8,8,True,辽CY36834,0.557820505761609,-10.506924767005899,True,辽,baseline,0.00018425625434605186,-8.599183082580566
fenqusai/test_photo/41_0803.jpg,0,3,False,blue,yellow,,7,7,True,辽CY3683,0.6496157221279449,-7.764737177598931,True,辽,baseline,0.00018425625434605186,-8.599183082580566
fenqusai/test_photo/41_0803.jpg,0,4,False,blue,black,,7,7,True,辽CY3683,0.6496157221279449,-7.764737177598931,True,辽,baseline,0.00018425625434605186,-8.599183082580566
fenqusai/test_photo/41_0803.jpg,0,5,False,blue,special_7,,7,7,True,辽CY3683,0.6496157221279449,-7.764737177598931,True,辽,baseline,0.00018425625434605186,-8.599183082580566
fenqusai/test_photo/41_0803.jpg,0,6,False,blue,unknown_8,,8,8,True,辽CY36834,0.557820505761609,-10.506924767005899,True,辽,baseline,0.00018425625434605186,-8.599183082580566
fenqusai/test_photo/41_0803.jpg,1,0,True,blue,blue,,7,7,True,川A758CP,0.9999957284897469,-7.688734876865055e-05,True,川,raw_locked,0.33333189621359416,-1.098616600036621
fenqusai/test_photo/41_0803.jpg,1,1,False,blue,green,,8,8,True,川A758GCP,0.29817529834021417,-21.78132688734877,True,川,raw_locked,0.33333189621359416,-1.098616600036621
fenqusai/test_photo/41_0803.jpg,1,2,False,blue,green,tractor_green,8,8,True,川A758GCP,0.29817529834021417,-21.78132688734877,True,川,raw_locked,0.33333189621359416,-1.098616600036621
fenqusai/test_photo/41_0803.jpg,1,3,False,blue,yellow,,7,7,True,川A758CP,0.9999957284897469,-7.688734876865055e-05,True,川,raw_locked,0.33333189621359416,-1.098616600036621
fenqusai/test_photo/41_0803.jpg,1,4,False,blue,black,,7,7,True,川A758CP,0.9999957284897469,-7.688734876865055e-05,True,川,raw_locked,0.33333189621359416,-1.098616600036621
fenqusai/test_photo/41_0803.jpg,1,5,False,blue,special_7,,7,7,True,川A758CP,0.9999957284897469,-7.688734876865055e-05,True,川,raw_locked,0.33333189621359416,-1.098616600036621
fenqusai/test_photo/41_0803.jpg,1,6,False,blue,unknown_8,,8,8,True,川A758GCP,0.29817529834021417,-21.78132688734877,True,川,raw_locked,0.33333189621359416,-1.098616600036621
fenqusai/test_photo/41_0812.jpg,0,0,True,blue,blue,,7,7,True,辽A172LE,0.8401734264672405,-3.13464507074422,True,辽,baseline,0.014770755829805629,-4.215106010437012
fenqusai/test_photo/41_0812.jpg,0,1,False,blue,green,,8,8,True,辽A172LFE,0.6594596846586884,-7.494019899380866,True,辽,baseline,0.014770755829805629,-4.215106010437012
fenqusai/test_photo/41_0812.jpg,0,2,False,blue,green,tractor_green,8,8,True,辽A172LFE,0.6594596846586884,-7.494019899380866,True,辽,baseline,0.014770755829805629,-4.215106010437012
fenqusai/test_photo/41_0812.jpg,0,3,False,blue,yellow,,7,7,True,辽A172LE,0.8401734264672405,-3.13464507074422,True,辽,baseline,0.014770755829805629,-4.215106010437012
fenqusai/test_photo/41_0812.jpg,0,4,False,blue,black,,7,7,True,辽A172LE,0.8401734264672405,-3.13464507074422,True,辽,baseline,0.014770755829805629,-4.215106010437012
fenqusai/test_photo/41_0812.jpg,0,5,False,blue,special_7,,7,7,True,辽A172LE,0.8401734264672405,-3.13464507074422,True,辽,baseline,0.014770755829805629,-4.215106010437012
fenqusai/test_photo/41_0812.jpg,0,6,False,blue,unknown_8,,8,8,True,辽A172LFE,0.6594596846586884,-7.494019899380866,True,辽,baseline,0.014770755829805629,-4.215106010437012
fenqusai/test_photo/41_0812.jpg,1,0,True,unknown_7,blue,,7,7,True,黑A286MD,0.9652102418484712,-0.6373680151009466,True,黑,raw_locked,0.2212096065912263,-1.5086445808410645
fenqusai/test_photo/41_0812.jpg,1,1,False,unknown_7,green,,8,8,True,黑A286MWD,0.612460729293335,-8.824868173047435,True,黑,raw_locked,0.2212096065912263,-1.5086445808410645
fenqusai/test_photo/41_0812.jpg,1,2,False,unknown_7,green,tractor_green,8,8,True,黑A286MWD,0.612460729293335,-8.824868173047435,True,黑,raw_locked,0.2212096065912263,-1.5086445808410645
fenqusai/test_photo/41_0812.jpg,1,3,False,unknown_7,yellow,,7,7,True,黑A286MD,0.9652102418484712,-0.6373680151009466,True,黑,raw_locked,0.2212096065912263,-1.5086445808410645
fenqusai/test_photo/41_0812.jpg,1,4,False,unknown_7,black,,7,7,True,黑A286MD,0.9652102418484712,-0.6373680151009466,True,黑,raw_locked,0.2212096065912263,-1.5086445808410645
fenqusai/test_photo/41_0812.jpg,1,5,False,unknown_7,special_7,,7,7,True,黑A286MD,0.9652102418484712,-0.6373680151009466,True,黑,raw_locked,0.2212096065912263,-1.5086445808410645
fenqusai/test_photo/41_0812.jpg,1,6,False,unknown_7,unknown_8,,8,8,True,黑A286MWD,0.612460729293335,-8.824868173047435,True,黑,raw_locked,0.2212096065912263,-1.5086445808410645
fenqusai/test_photo/41_0837.jpg,0,0,True,blue,blue,,7,7,True,云A3T0Y1,0.9863942867072305,-0.2465841458453042,True,云,raw_locked,0.2730506179328319,-1.298098087310791
fenqusai/test_photo/41_0837.jpg,0,1,False,blue,green,,8,8,True,云AX3T0Y1,0.7037214085512042,-6.32470909741653,True,云,raw_locked,0.2730506179328319,-1.298098087310791
fenqusai/test_photo/41_0837.jpg,0,2,False,blue,green,tractor_green,8,8,True,云AX3T0Y1,0.7037214085512042,-6.32470909741653,True,云,raw_locked,0.2730506179328319,-1.298098087310791
fenqusai/test_photo/41_0837.jpg,0,3,False,blue,yellow,,7,7,True,云A3T0Y1,0.9863942867072305,-0.2465841458453042,True,云,raw_locked,0.2730506179328319,-1.298098087310791
fenqusai/test_photo/41_0837.jpg,0,4,False,blue,black,,7,7,True,云A3T0Y1,0.9863942867072305,-0.2465841458453042,True,云,raw_locked,0.2730506179328319,-1.298098087310791
fenqusai/test_photo/41_0837.jpg,0,5,False,blue,special_7,,7,7,True,云A3T0Y1,0.9863942867072305,-0.2465841458453042,True,云,raw_locked,0.2730506179328319,-1.298098087310791
fenqusai/test_photo/41_0837.jpg,0,6,False,blue,unknown_8,,8,8,True,云AX3T0Y1,0.7037214085512042,-6.32470909741653,True,云,raw_locked,0.2730506179328319,-1.298098087310791
fenqusai/test_photo/41_0837.jpg,1,0,True,blue,blue,,7,7,True,皖A3P041,0.9804641364395048,-0.3551257948129205,True,皖,raw_locked,0.23374166354123543,-1.4535387754440308
fenqusai/test_photo/41_0837.jpg,1,1,False,blue,green,,8,8,True,皖A73P041,0.47453321832701667,-13.417625814676285,True,皖,raw_locked,0.23374166354123543,-1.4535387754440308
fenqusai/test_photo/41_0837.jpg,1,2,False,blue,green,tractor_green,8,8,True,皖A73P041,0.47453321832701667,-13.417625814676285,True,皖,raw_locked,0.23374166354123543,-1.4535387754440308
fenqusai/test_photo/41_0837.jpg,1,3,False,blue,yellow,,7,7,True,皖A3P041,0.9804641364395048,-0.3551257948129205,True,皖,raw_locked,0.23374166354123543,-1.4535387754440308
fenqusai/test_photo/41_0837.jpg,1,4,False,blue,black,,7,7,True,皖A3P041,0.9804641364395048,-0.3551257948129205,True,皖,raw_locked,0.23374166354123543,-1.4535387754440308
fenqusai/test_photo/41_0837.jpg,1,5,False,blue,special_7,,7,7,True,皖A3P041,0.9804641364395048,-0.3551257948129205,True,皖,raw_locked,0.23374166354123543,-1.4535387754440308
fenqusai/test_photo/41_0837.jpg,1,6,False,blue,unknown_8,,8,8,True,皖A73P041,0.47453321832701667,-13.417625814676285,True,皖,raw_locked,0.23374166354123543,-1.4535387754440308
fenqusai/test_photo/41_0837.jpg,2,0,True,blue,blue,,7,7,True,皖CL8403,0.6528024072282235,-7.676654180324476,True,皖,raw_locked,0.26598834351065626,-1.3243027925491333
fenqusai/test_photo/41_0837.jpg,2,1,False,blue,green,,8,6,False,皖L8403,0.9842350884414243,-0.2860289900436328,True,皖,raw_locked,0.26598834351065626,-1.3243027925491333
fenqusai/test_photo/41_0837.jpg,2,2,False,blue,green,tractor_green,8,6,False,皖L8403,0.9842350884414243,-0.2860289900436328,True,皖,raw_locked,0.26598834351065626,-1.3243027925491333
fenqusai/test_photo/41_0837.jpg,2,3,False,blue,yellow,,7,7,True,皖CL8403,0.6528024072282235,-7.676654180324476,True,皖,raw_locked,0.26598834351065626,-1.3243027925491333
fenqusai/test_photo/41_0837.jpg,2,4,False,blue,black,,7,7,True,皖CL8403,0.6528024072282235,-7.676654180324476,True,皖,raw_locked,0.26598834351065626,-1.3243027925491333
fenqusai/test_photo/41_0837.jpg,2,5,False,blue,special_7,,7,7,True,皖CL8403,0.6528024072282235,-7.676654180324476,True,皖,raw_locked,0.26598834351065626,-1.3243027925491333
fenqusai/test_photo/41_0837.jpg,2,6,False,blue,unknown_8,,8,6,False,皖L8403,0.9842350884414243,-0.2860289900436328,True,皖,raw_locked,0.26598834351065626,-1.3243027925491333
fenqusai/test_photo/41_0847.jpg,0,0,True,blue,blue,,7,7,True,渝AD9G57,0.9673905470579495,-0.5967538224067539,True,渝,raw_locked,0.18388631303058833,-1.6934375762939453
fenqusai/test_photo/41_0847.jpg,0,1,False,blue,green,,8,8,True,渝HAD9G57,0.28745336034246854,-22.440503822406754,True,渝,raw_locked,0.18388631303058833,-1.6934375762939453
fenqusai/test_photo/41_0847.jpg,0,2,False,blue,green,tractor_green,8,8,True,渝HAD9G57,0.28745336034246854,-22.440503822406754,True,渝,raw_locked,0.18388631303058833,-1.6934375762939453
fenqusai/test_photo/41_0847.jpg,0,3,False,blue,yellow,,7,7,True,渝AD9G57,0.9673905470579495,-0.5967538224067539,True,渝,raw_locked,0.18388631303058833,-1.6934375762939453
fenqusai/test_photo/41_0847.jpg,0,4,False,blue,black,,7,7,True,渝AD9G57,0.9673905470579495,-0.5967538224067539,True,渝,raw_locked,0.18388631303058833,-1.6934375762939453
fenqusai/test_photo/41_0847.jpg,0,5,False,blue,special_7,,7,7,True,渝AD9G57,0.9673905470579495,-0.5967538224067539,True,渝,raw_locked,0.18388631303058833,-1.6934375762939453
fenqusai/test_photo/41_0847.jpg,0,6,False,blue,unknown_8,,8,8,True,渝HAD9G57,0.28745336034246854,-22.440503822406754,True,渝,raw_locked,0.18388631303058833,-1.6934375762939453
fenqusai/test_photo/41_0847.jpg,1,0,True,blue,blue,,7,7,True,川A720HM,0.9482691656855508,-0.9561039656323302,True,川,raw_locked,0.24243465648565315,-1.4170230627059937
fenqusai/test_photo/41_0847.jpg,1,1,False,blue,green,,8,8,True,川AA720HM,0.6853883468173416,-6.799854090662386,True,川,raw_locked,0.24243465648565315,-1.4170230627059937
fenqusai/test_photo/41_0847.jpg,1,2,False,blue,green,tractor_green,8,8,True,川AA720HM,0.6853883468173416,-6.799854090662386,True,川,raw_locked,0.24243465648565315,-1.4170230627059937
fenqusai/test_photo/41_0847.jpg,1,3,False,blue,yellow,,7,7,True,川A720HM,0.9482691656855508,-0.9561039656323302,True,川,raw_locked,0.24243465648565315,-1.4170230627059937
fenqusai/test_photo/41_0847.jpg,1,4,False,blue,black,,7,7,True,川A720HM,0.9482691656855508,-0.9561039656323302,True,川,raw_locked,0.24243465648565315,-1.4170230627059937
fenqusai/test_photo/41_0847.jpg,1,5,False,blue,special_7,,7,7,True,川A720HM,0.9482691656855508,-0.9561039656323302,True,川,raw_locked,0.24243465648565315,-1.4170230627059937
fenqusai/test_photo/41_0847.jpg,1,6,False,blue,unknown_8,,8,8,True,川AA720HM,0.6853883468173416,-6.799854090662386,True,川,raw_locked,0.24243465648565315,-1.4170230627059937
fenqusai/test_photo/41_0862.jpg,0,0,True,blue,blue,,7,7,True,云A2UP33,0.9655212997690436,-0.631568096781848,True,云,raw_locked,0.3332931953446033,-1.0987327098846436
fenqusai/test_photo/41_0862.jpg,0,1,False,blue,green,,8,8,True,云A2UP336,0.5343699065300276,-11.280005477572558,True,云,raw_locked,0.3332931953446033,-1.0987327098846436
fenqusai/test_photo/41_0862.jpg,0,2,False,blue,green,tractor_green,8,8,True,云A2UP336,0.5343699065300276,-11.280005477572558,True,云,raw_locked,0.3332931953446033,-1.0987327098846436
fenqusai/test_photo/41_0862.jpg,0,3,False,blue,yellow,,7,7,True,云A2UP33,0.9655212997690436,-0.631568096781848,True,云,raw_locked,0.3332931953446033,-1.0987327098846436
fenqusai/test_photo/41_0862.jpg,0,4,False,blue,black,,7,7,True,云A2UP33,0.9655212997690436,-0.631568096781848,True,云,raw_locked,0.3332931953446033,-1.0987327098846436
fenqusai/test_photo/41_0862.jpg,0,5,False,blue,special_7,,7,7,True,云A2UP33,0.9655212997690436,-0.631568096781848,True,云,raw_locked,0.3332931953446033,-1.0987327098846436
fenqusai/test_photo/41_0862.jpg,0,6,False,blue,unknown_8,,8,8,True,云A2UP336,0.5343699065300276,-11.280005477572558,True,云,raw_locked,0.3332931953446033,-1.0987327098846436
fenqusai/test_photo/41_0862.jpg,1,0,True,blue,blue,,7,7,True,豫AQ27N5,0.9156893239417003,-1.5854064811256592,True,豫,raw_locked,0.11523182865331379,-2.160809278488159
fenqusai/test_photo/41_0862.jpg,1,1,False,blue,green,,8,8,True,豫DAQ27N5,0.5208390228395445,-11.741656720453733,True,豫,raw_locked,0.11523182865331379,-2.160809278488159
fenqusai/test_photo/41_0862.jpg,1,2,False,blue,green,tractor_green,8,8,True,豫DAQ27N5,0.5208390228395445,-11.741656720453733,True,豫,raw_locked,0.11523182865331379,-2.160809278488159
fenqusai/test_photo/41_0862.jpg,1,3,False,blue,yellow,,7,7,True,豫AQ27N5,0.9156893239417003,-1.5854064811256592,True,豫,raw_locked,0.11523182865331379,-2.160809278488159
fenqusai/test_photo/41_0862.jpg,1,4,False,blue,black,,7,7,True,豫AQ27N5,0.9156893239417003,-1.5854064811256592,True,豫,raw_locked,0.11523182865331379,-2.160809278488159
fenqusai/test_photo/41_0862.jpg,1,5,False,blue,special_7,,7,7,True,豫AQ27N5,0.9156893239417003,-1.5854064811256592,True,豫,raw_locked,0.11523182865331379,-2.160809278488159
fenqusai/test_photo/41_0862.jpg,1,6,False,blue,unknown_8,,8,8,True,豫DAQ27N5,0.5208390228395445,-11.741656720453733,True,豫,raw_locked,0.11523182865331379,-2.160809278488159
fenqusai/test_photo/41_0862.jpg,2,0,True,blue,blue,,7,7,True,黑AL743D,0.9492741366603509,-0.9370377559544067,True,黑,raw_locked,0.13447140771063368,-2.006403684616089
fenqusai/test_photo/41_0862.jpg,2,1,False,blue,green,,8,8,True,黑AL743MD,0.4312272179977858,-15.140162517538101,True,黑,raw_locked,0.13447140771063368,-2.006403684616089
fenqusai/test_photo/41_0862.jpg,2,2,False,blue,green,tractor_green,8,8,True,黑AL743MD,0.4312272179977858,-15.140162517538101,True,黑,raw_locked,0.13447140771063368,-2.006403684616089
fenqusai/test_photo/41_0862.jpg,2,3,False,blue,yellow,,7,7,True,黑AL743D,0.9492741366603509,-0.9370377559544067,True,黑,raw_locked,0.13447140771063368,-2.006403684616089
fenqusai/test_photo/41_0862.jpg,2,4,False,blue,black,,7,7,True,黑AL743D,0.9492741366603509,-0.9370377559544067,True,黑,raw_locked,0.13447140771063368,-2.006403684616089
fenqusai/test_photo/41_0862.jpg,2,5,False,blue,special_7,,7,7,True,黑AL743D,0.9492741366603509,-0.9370377559544067,True,黑,raw_locked,0.13447140771063368,-2.006403684616089
fenqusai/test_photo/41_0862.jpg,2,6,False,blue,unknown_8,,8,8,True,黑AL743MD,0.4312272179977858,-15.140162517538101,True,黑,raw_locked,0.13447140771063368,-2.006403684616089
fenqusai/test_photo/41_0878.jpg,0,0,True,blue,blue,,7,7,True,云A036MA,0.9916915437256194,-0.15017694975539086,True,云,raw_locked,0.3330168968785227,-1.0995620489120483
fenqusai/test_photo/41_0878.jpg,0,1,False,blue,green,,8,8,True,云A036MNA,0.39378339947991714,-16.77517683054611,True,云,raw_locked,0.3330168968785227,-1.0995620489120483
fenqusai/test_photo/41_0878.jpg,0,2,False,blue,green,tractor_green,8,8,True,云A036MNA,0.39378339947991714,-16.77517683054611,True,云,raw_locked,0.3330168968785227,-1.0995620489120483
fenqusai/test_photo/41_0878.jpg,0,3,False,blue,yellow,,7,7,True,云A036MA,0.9916915437256194,-0.15017694975539086,True,云,raw_locked,0.3330168968785227,-1.0995620489120483
fenqusai/test_photo/41_0878.jpg,0,4,False,blue,black,,7,7,True,云A036MA,0.9916915437256194,-0.15017694975539086,True,云,raw_locked,0.3330168968785227,-1.0995620489120483
fenqusai/test_photo/41_0878.jpg,0,5,False,blue,special_7,,7,7,True,云A036MA,0.9916915437256194,-0.15017694975539086,True,云,raw_locked,0.3330168968785227,-1.0995620489120483
fenqusai/test_photo/41_0878.jpg,0,6,False,blue,unknown_8,,8,8,True,云A036MNA,0.39378339947991714,-16.77517683054611,True,云,raw_locked,0.3330168968785227,-1.0995620489120483
fenqusai/test_photo/41_0878.jpg,1,0,True,blue,blue,,7,7,True,川AX4X9G,0.6140011114687118,-8.779653731286082,True,川,raw_locked,0.3333348367096953,-1.0986077785491943
fenqusai/test_photo/41_0878.jpg,1,1,False,blue,green,,8,8,True,川AX4X98G,0.654736492247303,-7.623403671681437,True,川,raw_locked,0.3333348367096953,-1.0986077785491943
fenqusai/test_photo/41_0878.jpg,1,2,False,blue,green,tractor_green,8,8,True,川AX4X98G,0.654736492247303,-7.623403671681437,True,川,raw_locked,0.3333348367096953,-1.0986077785491943
fenqusai/test_photo/41_0878.jpg,1,3,False,blue,yellow,,7,7,True,川AX4X9G,0.6140011114687118,-8.779653731286082,True,川,raw_locked,0.3333348367096953,-1.0986077785491943
fenqusai/test_photo/41_0878.jpg,1,4,False,blue,black,,7,7,True,川AX4X9G,0.6140011114687118,-8.779653731286082,True,川,raw_locked,0.3333348367096953,-1.0986077785491943
fenqusai/test_photo/41_0878.jpg,1,5,False,blue,special_7,,7,7,True,川AX4X9G,0.6140011114687118,-8.779653731286082,True,川,raw_locked,0.3333348367096953,-1.0986077785491943
fenqusai/test_photo/41_0878.jpg,1,6,False,blue,unknown_8,,8,8,True,川AX4X98G,0.654736492247303,-7.623403671681437,True,川,raw_locked,0.3333348367096953,-1.0986077785491943
fenqusai/test_photo/41_0902.jpg,0,0,True,blue,blue,,7,7,True,云A678WY,0.9748543924366794,-0.4584088840925915,True,云,raw_locked,0.25403054334431585,-1.3703007698059082
fenqusai/test_photo/41_0902.jpg,0,1,False,blue,green,,8,8,True,云A678WKY,0.7956529678315164,-4.114658848702334,True,云,raw_locked,0.25403054334431585,-1.3703007698059082
fenqusai/test_photo/41_0902.jpg,0,2,False,blue,green,tractor_green,8,8,True,云A678WKY,0.7956529678315164,-4.114658848702334,True,云,raw_locked,0.25403054334431585,-1.3703007698059082
fenqusai/test_photo/41_0902.jpg,0,3,False,blue,yellow,,7,7,True,云A678WY,0.9748543924366794,-0.4584088840925915,True,云,raw_locked,0.25403054334431585,-1.3703007698059082
fenqusai/test_photo/41_0902.jpg,0,4,False,blue,black,,7,7,True,云A678WY,0.9748543924366794,-0.4584088840925915,True,云,raw_locked,0.25403054334431585,-1.3703007698059082
fenqusai/test_photo/41_0902.jpg,0,5,False,blue,special_7,,7,7,True,云A678WY,0.9748543924366794,-0.4584088840925915,True,云,raw_locked,0.25403054334431585,-1.3703007698059082
fenqusai/test_photo/41_0902.jpg,0,6,False,blue,unknown_8,,8,8,True,云A678WKY,0.7956529678315164,-4.114658848702334,True,云,raw_locked,0.25403054334431585,-1.3703007698059082
fenqusai/test_photo/41_0902.jpg,1,0,True,blue,blue,,7,7,True,新A92354,0.9201227531849363,-1.498467428365693,True,新,raw_locked,0.19733131506943816,-1.6228711605072021
fenqusai/test_photo/41_0902.jpg,1,1,False,blue,green,,8,8,True,新ZA92354,0.9427608476067283,-1.0609674581680153,True,新,raw_locked,0.19733131506943816,-1.6228711605072021
fenqusai/test_photo/41_0902.jpg,1,2,False,blue,green,tractor_green,8,8,True,新ZA92354,0.9427608476067283,-1.0609674581680153,True,新,raw_locked,0.19733131506943816,-1.6228711605072021
fenqusai/test_photo/41_0902.jpg,1,3,False,blue,yellow,,7,7,True,新A92354,0.9201227531849363,-1.498467428365693,True,新,raw_locked,0.19733131506943816,-1.6228711605072021
fenqusai/test_photo/41_0902.jpg,1,4,False,blue,black,,7,7,True,新A92354,0.9201227531849363,-1.498467428365693,True,新,raw_locked,0.19733131506943816,-1.6228711605072021
fenqusai/test_photo/41_0902.jpg,1,5,False,blue,special_7,,7,7,True,新A92354,0.9201227531849363,-1.498467428365693,True,新,raw_locked,0.19733131506943816,-1.6228711605072021
fenqusai/test_photo/41_0902.jpg,1,6,False,blue,unknown_8,,8,8,True,新ZA92354,0.9427608476067283,-1.0609674581680153,True,新,raw_locked,0.19733131506943816,-1.6228711605072021
fenqusai/test_photo/41_0902.jpg,2,0,True,blue,blue,,7,7,True,新A965AB,0.8989540471437759,-1.9174205041402388,True,新,raw_locked,0.19389240094070756,-1.6404519081115723
fenqusai/test_photo/41_0902.jpg,2,1,False,blue,green,,8,8,True,新EA965AB,0.9404615886847888,-1.1049205041402388,True,新,raw_locked,0.19389240094070756,-1.6404519081115723
fenqusai/test_photo/41_0902.jpg,2,2,False,blue,green,tractor_green,8,8,True,新EA965AB,0.9404615886847888,-1.1049205041402388,True,新,raw_locked,0.19389240094070756,-1.6404519081115723
fenqusai/test_photo/41_0902.jpg,2,3,False,blue,yellow,,7,7,True,新A965AB,0.8989540471437759,-1.9174205041402388,True,新,raw_locked,0.19389240094070756,-1.6404519081115723
fenqusai/test_photo/41_0902.jpg,2,4,False,blue,black,,7,7,True,新A965AB,0.8989540471437759,-1.9174205041402388,True,新,raw_locked,0.19389240094070756,-1.6404519081115723
fenqusai/test_photo/41_0902.jpg,2,5,False,blue,special_7,,7,7,True,新A965AB,0.8989540471437759,-1.9174205041402388,True,新,raw_locked,0.19389240094070756,-1.6404519081115723
fenqusai/test_photo/41_0902.jpg,2,6,False,blue,unknown_8,,8,8,True,新EA965AB,0.9404615886847888,-1.1049205041402388,True,新,raw_locked,0.19389240094070756,-1.6404519081115723
fenqusai/test_photo/41_0902.jpg,3,0,True,blue,blue,,7,7,True,辽A9Z006,0.9306252350960534,-1.294175212599832,True,辽,raw_locked,0.1827468119291984,-1.6996536254882812
fenqusai/test_photo/41_0902.jpg,3,1,False,blue,green,,8,7,False,辽A9Z006,0.9306252350960534,-1.294175212599832,True,辽,raw_locked,0.1827468119291984,-1.6996536254882812
fenqusai/test_photo/41_0902.jpg,3,2,False,blue,green,tractor_green,8,7,False,辽A9Z006,0.9306252350960534,-1.294175212599832,True,辽,raw_locked,0.1827468119291984,-1.6996536254882812
fenqusai/test_photo/41_0902.jpg,3,3,False,blue,yellow,,7,7,True,辽A9Z006,0.9306252350960534,-1.294175212599832,True,辽,raw_locked,0.1827468119291984,-1.6996536254882812
fenqusai/test_photo/41_0902.jpg,3,4,False,blue,black,,7,7,True,辽A9Z006,0.9306252350960534,-1.294175212599832,True,辽,raw_locked,0.1827468119291984,-1.6996536254882812
fenqusai/test_photo/41_0902.jpg,3,5,False,blue,special_7,,7,7,True,辽A9Z006,0.9306252350960534,-1.294175212599832,True,辽,raw_locked,0.1827468119291984,-1.6996536254882812
fenqusai/test_photo/41_0902.jpg,3,6,False,blue,unknown_8,,8,7,False,辽A9Z006,0.9306252350960534,-1.294175212599832,True,辽,raw_locked,0.1827468119291984,-1.6996536254882812
fenqusai/test_photo/41_0902.jpg,4,0,False,blue,blue,,7,7,True,津B6B703,0.1280656435131636,-36.993821518321056,True,津,raw_locked,0.19152966312310105,-1.6527125835418701
fenqusai/test_photo/41_0902.jpg,4,1,False,blue,green,,8,7,False,津B6B703,0.1280656435131636,-36.993821518321056,True,津,raw_locked,0.19152966312310105,-1.6527125835418701
fenqusai/test_photo/41_0902.jpg,4,2,False,blue,green,tractor_green,8,7,False,津B6B703,0.1280656435131636,-36.993821518321056,True,津,raw_locked,0.19152966312310105,-1.6527125835418701
fenqusai/test_photo/41_0902.jpg,4,3,False,blue,yellow,,7,7,True,津B6B703,0.1280656435131636,-36.993821518321056,True,津,raw_locked,0.19152966312310105,-1.6527125835418701
fenqusai/test_photo/41_0902.jpg,4,4,False,blue,black,,7,7,True,津B6B703,0.1280656435131636,-36.993821518321056,True,津,raw_locked,0.19152966312310105,-1.6527125835418701
fenqusai/test_photo/41_0902.jpg,4,5,True,blue,special_7,,7,7,True,津6SB703,0.6044554215600016,-9.061692407354712,True,津,raw_locked,0.19152966312310105,-1.6527125835418701
fenqusai/test_photo/41_0902.jpg,4,6,False,blue,unknown_8,,8,7,False,津B6B703,0.1280656435131636,-36.993821518321056,True,津,raw_locked,0.19152966312310105,-1.6527125835418701
fenqusai/test_photo/41_0929.jpg,0,0,True,blue,blue,,7,7,True,皖A0TC57,0.9395112500104702,-1.1231187432240404,True,皖,raw_locked,0.12276990799380567,-2.0974433422088623
fenqusai/test_photo/41_0929.jpg,0,1,False,blue,green,,8,8,True,皖A0TC57F,0.5678671836915724,-10.185618944389716,True,皖,raw_locked,0.12276990799380567,-2.0974433422088623
fenqusai/test_photo/41_0929.jpg,0,2,False,blue,green,tractor_green,8,8,True,皖A0TC57F,0.5678671836915724,-10.185618944389716,True,皖,raw_locked,0.12276990799380567,-2.0974433422088623
fenqusai/test_photo/41_0929.jpg,0,3,False,blue,yellow,,7,7,True,皖A0TC57,0.9395112500104702,-1.1231187432240404,True,皖,raw_locked,0.12276990799380567,-2.0974433422088623
fenqusai/test_photo/41_0929.jpg,0,4,False,blue,black,,7,7,True,皖A0TC57,0.9395112500104702,-1.1231187432240404,True,皖,raw_locked,0.12276990799380567,-2.0974433422088623
fenqusai/test_photo/41_0929.jpg,0,5,False,blue,special_7,,7,7,True,皖A0TC57,0.9395112500104702,-1.1231187432240404,True,皖,raw_locked,0.12276990799380567,-2.0974433422088623
fenqusai/test_photo/41_0929.jpg,0,6,False,blue,unknown_8,,8,8,True,皖A0TC57F,0.5678671836915724,-10.185618944389716,True,皖,raw_locked,0.12276990799380567,-2.0974433422088623
fenqusai/test_photo/41_0929.jpg,1,0,True,blue,blue,,7,7,True,晋AK7936,0.9134180568121038,-1.630108973472936,True,晋,raw_locked,0.17295001861688358,-1.7547526359558105
fenqusai/test_photo/41_0929.jpg,1,1,False,blue,green,,8,8,True,晋AWK7936,0.765179415207242,-4.817608973472936,True,晋,raw_locked,0.17295001861688358,-1.7547526359558105
fenqusai/test_photo/41_0929.jpg,1,2,False,blue,green,tractor_green,8,8,True,晋AWK7936,0.765179415207242,-4.817608973472936,True,晋,raw_locked,0.17295001861688358,-1.7547526359558105
fenqusai/test_photo/41_0929.jpg,1,3,False,blue,yellow,,7,7,True,晋AK7936,0.9134180568121038,-1.630108973472936,True,晋,raw_locked,0.17295001861688358,-1.7547526359558105
fenqusai/test_photo/41_0929.jpg,1,4,False,blue,black,,7,7,True,晋AK7936,0.9134180568121038,-1.630108973472936,True,晋,raw_locked,0.17295001861688358,-1.7547526359558105
fenqusai/test_photo/41_0929.jpg,1,5,False,blue,special_7,,7,7,True,晋AK7936,0.9134180568121038,-1.630108973472936,True,晋,raw_locked,0.17295001861688358,-1.7547526359558105
fenqusai/test_photo/41_0929.jpg,1,6,False,blue,unknown_8,,8,8,True,晋AWK7936,0.765179415207242,-4.817608973472936,True,晋,raw_locked,0.17295001861688358,-1.7547526359558105
fenqusai/test_photo/41_0929.jpg,2,0,True,unknown_7,blue,,7,7,True,川A7020U,0.9585731003519251,-0.7615701727188977,True,川,raw_locked,0.1656036214198516,-1.7981581687927246
fenqusai/test_photo/41_0929.jpg,2,1,False,unknown_7,green,,8,8,True,川AH7020U,0.4290727155633422,-15.230319736859933,True,川,raw_locked,0.1656036214198516,-1.7981581687927246
fenqusai/test_photo/41_0929.jpg,2,2,False,unknown_7,green,tractor_green,8,8,True,川AH7020U,0.4290727155633422,-15.230319736859933,True,川,raw_locked,0.1656036214198516,-1.7981581687927246
fenqusai/test_photo/41_0929.jpg,2,3,False,unknown_7,yellow,,7,7,True,川A7020U,0.9585731003519251,-0.7615701727188977,True,川,raw_locked,0.1656036214198516,-1.7981581687927246
fenqusai/test_photo/41_0929.jpg,2,4,False,unknown_7,black,,7,7,True,川A7020U,0.9585731003519251,-0.7615701727188977,True,川,raw_locked,0.1656036214198516,-1.7981581687927246
fenqusai/test_photo/41_0929.jpg,2,5,False,unknown_7,special_7,,7,7,True,川A7020U,0.9585731003519251,-0.7615701727188977,True,川,raw_locked,0.1656036214198516,-1.7981581687927246
fenqusai/test_photo/41_0929.jpg,2,6,False,unknown_7,unknown_8,,8,8,True,川AH7020U,0.4290727155633422,-15.230319736859933,True,川,raw_locked,0.1656036214198516,-1.7981581687927246
fenqusai/test_photo/41_0953.jpg,0,0,True,blue,blue,,7,7,True,云GEY129,0.9016822004879101,-1.862876675163534,True,云,baseline,0.05425957981838039,-2.913975715637207
fenqusai/test_photo/41_0953.jpg,0,1,False,blue,green,,8,8,True,云GEY12M9,0.5627907966897981,-10.347251518701341,True,云,baseline,0.05425957981838039,-2.913975715637207
fenqusai/test_photo/41_0953.jpg,0,2,False,blue,green,tractor_green,8,8,True,云GEY12M9,0.5627907966897981,-10.347251518701341,True,云,baseline,0.05425957981838039,-2.913975715637207
fenqusai/test_photo/41_0953.jpg,0,3,False,blue,yellow,,7,7,True,云GEY129,0.9016822004879101,-1.862876675163534,True,云,baseline,0.05425957981838039,-2.913975715637207
fenqusai/test_photo/41_0953.jpg,0,4,False,blue,black,,7,7,True,云GEY129,0.9016822004879101,-1.862876675163534,True,云,baseline,0.05425957981838039,-2.913975715637207
fenqusai/test_photo/41_0953.jpg,0,5,False,blue,special_7,,7,7,True,云GEY129,0.9016822004879101,-1.862876675163534,True,云,baseline,0.05425957981838039,-2.913975715637207
fenqusai/test_photo/41_0953.jpg,0,6,False,blue,unknown_8,,8,8,True,云GEY12M9,0.5627907966897981,-10.347251518701341,True,云,baseline,0.05425957981838039,-2.913975715637207
fenqusai/test_photo/41_0953.jpg,1,0,True,blue,blue,,7,7,True,辽AM609H,0.9780251974765543,-0.3999572097886457,True,辽,raw_locked,0.23074166387321454,-1.4664565324783325
fenqusai/test_photo/41_0953.jpg,1,1,False,blue,green,,8,8,True,辽AM609HW,0.5038814402477088,-12.337456971370067,True,辽,raw_locked,0.23074166387321454,-1.4664565324783325
fenqusai/test_photo/41_0953.jpg,1,2,False,blue,green,tractor_green,8,8,True,辽AM609HW,0.5038814402477088,-12.337456971370067,True,辽,raw_locked,0.23074166387321454,-1.4664565324783325
fenqusai/test_photo/41_0953.jpg,1,3,False,blue,yellow,,7,7,True,辽AM609H,0.9780251974765543,-0.3999572097886457,True,辽,raw_locked,0.23074166387321454,-1.4664565324783325
fenqusai/test_photo/41_0953.jpg,1,4,False,blue,black,,7,7,True,辽AM609H,0.9780251974765543,-0.3999572097886457,True,辽,raw_locked,0.23074166387321454,-1.4664565324783325
fenqusai/test_photo/41_0953.jpg,1,5,False,blue,special_7,,7,7,True,辽AM609H,0.9780251974765543,-0.3999572097886457,True,辽,raw_locked,0.23074166387321454,-1.4664565324783325
fenqusai/test_photo/41_0953.jpg,1,6,False,blue,unknown_8,,8,8,True,辽AM609HW,0.5038814402477088,-12.337456971370067,True,辽,raw_locked,0.23074166387321454,-1.4664565324783325
fenqusai/test_photo/41_0953.jpg,2,0,True,blue,blue,,7,7,True,黑A80J21,0.7188197998249256,-5.942602418144816,True,黑,raw_locked,0.16372739969749192,-1.8095524311065674
fenqusai/test_photo/41_0953.jpg,2,1,False,blue,green,,8,8,True,黑A8B0J21,0.6266937106960108,-8.411352433045977,True,黑,raw_locked,0.16372739969749192,-1.8095524311065674
fenqusai/test_photo/41_0953.jpg,2,2,False,blue,green,tractor_green,8,8,True,黑A8B0J21,0.6266937106960108,-8.411352433045977,True,黑,raw_locked,0.16372739969749192,-1.8095524311065674
fenqusai/test_photo/41_0953.jpg,2,3,False,blue,yellow,,7,7,True,黑A80J21,0.7188197998249256,-5.942602418144816,True,黑,raw_locked,0.16372739969749192,-1.8095524311065674
fenqusai/test_photo/41_0953.jpg,2,4,False,blue,black,,7,7,True,黑A80J21,0.7188197998249256,-5.942602418144816,True,黑,raw_locked,0.16372739969749192,-1.8095524311065674
fenqusai/test_photo/41_0953.jpg,2,5,False,blue,special_7,,7,7,True,黑480J21,0.8117062182467782,-3.755102480543428,True,黑,raw_locked,0.16372739969749192,-1.8095524311065674
fenqusai/test_photo/41_0953.jpg,2,6,False,blue,unknown_8,,8,8,True,黑A8B0J21,0.6266937106960108,-8.411352433045977,True,黑,raw_locked,0.16372739969749192,-1.8095524311065674
fenqusai/test_photo/41_0999.jpg,0,0,True,blue,blue,,7,7,True,云GFD112,0.9844583347294088,-0.2819466548728542,True,云,raw_locked,0.25147061162042067,-1.3804291486740112
fenqusai/test_photo/41_0999.jpg,0,1,False,blue,green,,8,8,True,云GFD1172,0.3190524357991323,-20.563196654872854,True,云,raw_locked,0.25147061162042067,-1.3804291486740112
fenqusai/test_photo/41_0999.jpg,0,2,False,blue,green,tractor_green,8,8,True,云GFD1172,0.3190524357991323,-20.563196654872854,True,云,raw_locked,0.25147061162042067,-1.3804291486740112
fenqusai/test_photo/41_0999.jpg,0,3,False,blue,yellow,,7,7,True,云GFD112,0.9844583347294088,-0.2819466548728542,True,云,raw_locked,0.25147061162042067,-1.3804291486740112
fenqusai/test_photo/41_0999.jpg,0,4,False,blue,black,,7,7,True,云GFD112,0.9844583347294088,-0.2819466548728542,True,云,raw_locked,0.25147061162042067,-1.3804291486740112
fenqusai/test_photo/41_0999.jpg,0,5,False,blue,special_7,,7,7,True,云GFD112,0.9844583347294088,-0.2819466548728542,True,云,raw_locked,0.25147061162042067,-1.3804291486740112
fenqusai/test_photo/41_0999.jpg,0,6,False,blue,unknown_8,,8,8,True,云GFD1172,0.3190524357991323,-20.563196654872854,True,云,raw_locked,0.25147061162042067,-1.3804291486740112
fenqusai/test_photo/41_0999.jpg,1,0,True,blue,blue,,7,7,True,浙A2S8Y5,0.9145047402389794,-1.6087072993763627,True,浙,raw_locked,0.07238067983008838,-2.6258158683776855
fenqusai/test_photo/41_0999.jpg,1,1,False,blue,green,,8,7,False,浙A2S8Y5,0.9145047402389794,-1.6087072993763627,True,浙,raw_locked,0.07238067983008838,-2.6258158683776855
fenqusai/test_photo/41_0999.jpg,1,2,False,blue,green,tractor_green,8,7,False,浙A2S8Y5,0.9145047402389794,-1.6087072993763627,True,浙,raw_locked,0.07238067983008838,-2.6258158683776855
fenqusai/test_photo/41_0999.jpg,1,3,False,blue,yellow,,7,7,True,浙A2S8Y5,0.9145047402389794,-1.6087072993763627,True,浙,raw_locked,0.07238067983008838,-2.6258158683776855
fenqusai/test_photo/41_0999.jpg,1,4,False,blue,black,,7,7,True,浙A2S8Y5,0.9145047402389794,-1.6087072993763627,True,浙,raw_locked,0.07238067983008838,-2.6258158683776855
fenqusai/test_photo/41_0999.jpg,1,5,False,blue,special_7,,7,7,True,浙A2S8Y5,0.9145047402389794,-1.6087072993763627,True,浙,raw_locked,0.07238067983008838,-2.6258158683776855
fenqusai/test_photo/41_0999.jpg,1,6,False,blue,unknown_8,,8,7,False,浙A2S8Y5,0.9145047402389794,-1.6087072993763627,True,浙,raw_locked,0.07238067983008838,-2.6258158683776855
fenqusai/test_photo/41_0999.jpg,2,0,True,blue,blue,,7,7,True,辽AR5263,0.7405603952989347,-5.406265591911335,True,辽,raw_locked,0.30472736027286224,-1.188337802886963
fenqusai/test_photo/41_0999.jpg,2,1,False,blue,green,,8,6,False,辽AR563,0.9844955943545863,-0.28126540657814303,True,辽,raw_locked,0.30472736027286224,-1.188337802886963
fenqusai/test_photo/41_0999.jpg,2,2,False,blue,green,tractor_green,8,6,False,辽AR563,0.9844955943545863,-0.28126540657814303,True,辽,raw_locked,0.30472736027286224,-1.188337802886963
fenqusai/test_photo/41_0999.jpg,2,3,False,blue,yellow,,7,7,True,辽AR5263,0.7405603952989347,-5.406265591911335,True,辽,raw_locked,0.30472736027286224,-1.188337802886963
fenqusai/test_photo/41_0999.jpg,2,4,False,blue,black,,7,7,True,辽AR5263,0.7405603952989347,-5.406265591911335,True,辽,raw_locked,0.30472736027286224,-1.188337802886963
fenqusai/test_photo/41_0999.jpg,2,5,False,blue,special_7,,7,7,True,辽AR5263,0.7405603952989347,-5.406265591911335,True,辽,raw_locked,0.30472736027286224,-1.188337802886963
fenqusai/test_photo/41_0999.jpg,2,6,False,blue,unknown_8,,8,6,False,辽AR563,0.9844955943545863,-0.28126540657814303,True,辽,raw_locked,0.30472736027286224,-1.188337802886963
fenqusai/test_photo/42.jpg,0,0,True,blue,blue,,7,7,True,皖H00351,0.9931675760989349,-0.12340569193474948,True,皖,raw_locked,0.2963152838111696,-1.2163312435150146
fenqusai/test_photo/42.jpg,0,1,False,blue,green,,8,8,True,皖H003651,0.46307014678184766,-13.85778116597794,True,皖,raw_locked,0.2963152838111696,-1.2163312435150146
fenqusai/test_photo/42.jpg,0,2,False,blue,green,tractor_green,8,8,True,皖H003651,0.46307014678184766,-13.85778116597794,True,皖,raw_locked,0.2963152838111696,-1.2163312435150146
fenqusai/test_photo/42.jpg,0,3,False,blue,yellow,,7,7,True,皖H00351,0.9931675760989349,-0.12340569193474948,True,皖,raw_locked,0.2963152838111696,-1.2163312435150146
fenqusai/test_photo/42.jpg,0,4,False,blue,black,,7,7,True,皖H00351,0.9931675760989349,-0.12340569193474948,True,皖,raw_locked,0.2963152838111696,-1.2163312435150146
fenqusai/test_photo/42.jpg,0,5,False,blue,special_7,,7,7,True,皖H00351,0.9931675760989349,-0.12340569193474948,True,皖,raw_locked,0.2963152838111696,-1.2163312435150146
fenqusai/test_photo/42.jpg,0,6,False,blue,unknown_8,,8,8,True,皖H003651,0.46307014678184766,-13.85778116597794,True,皖,raw_locked,0.2963152838111696,-1.2163312435150146
fenqusai/test_photo/44.jpg,0,0,True,blue,blue,,7,7,True,苏CFM951,0.8897344338687033,-2.102980494498297,True,苏,baseline,0.04069738286390741,-3.2015914916992188
fenqusai/test_photo/44.jpg,0,1,False,blue,green,,8,7,False,苏CFM951,0.8897344338687033,-2.102980494498297,True,苏,baseline,0.04069738286390741,-3.2015914916992188
fenqusai/test_photo/44.jpg,0,2,False,blue,green,tractor_green,8,7,False,苏CFM951,0.8897344338687033,-2.102980494498297,True,苏,baseline,0.04069738286390741,-3.2015914916992188
fenqusai/test_photo/44.jpg,0,3,False,blue,yellow,,7,7,True,苏CFM951,0.8897344338687033,-2.102980494498297,True,苏,baseline,0.04069738286390741,-3.2015914916992188
fenqusai/test_photo/44.jpg,0,4,False,blue,black,,7,7,True,苏CFM951,0.8897344338687033,-2.102980494498297,True,苏,baseline,0.04069738286390741,-3.2015914916992188
fenqusai/test_photo/44.jpg,0,5,False,blue,special_7,,7,7,True,苏CFM951,0.8897344338687033,-2.102980494498297,True,苏,baseline,0.04069738286390741,-3.2015914916992188
fenqusai/test_photo/44.jpg,0,6,False,blue,unknown_8,,8,7,False,苏CFM951,0.8897344338687033,-2.102980494498297,True,苏,baseline,0.04069738286390741,-3.2015914916992188
fenqusai/test_photo/46.jpg,0,0,True,blue,blue,,7,7,True,川ATQ621,0.9034000776726878,-1.8286158561022248,True,川,raw_locked,0.31422917313107596,-1.1576327085494995
fenqusai/test_photo/46.jpg,0,1,False,blue,green,,8,6,False,川AQ621,0.9768083848077327,-0.42236590080570835,True,川,raw_locked,0.31422917313107596,-1.1576327085494995
fenqusai/test_photo/46.jpg,0,2,False,blue,green,tractor_green,8,6,False,川AQ621,0.9768083848077327,-0.42236590080570835,True,川,raw_locked,0.31422917313107596,-1.1576327085494995
fenqusai/test_photo/46.jpg,0,3,False,blue,yellow,,7,7,True,川ATQ621,0.9034000776726878,-1.8286158561022248,True,川,raw_locked,0.31422917313107596,-1.1576327085494995
fenqusai/test_photo/46.jpg,0,4,False,blue,black,,7,7,True,川ATQ621,0.9034000776726878,-1.8286158561022248,True,川,raw_locked,0.31422917313107596,-1.1576327085494995
fenqusai/test_photo/46.jpg,0,5,False,blue,special_7,,7,7,True,川ATQ621,0.9034000776726878,-1.8286158561022248,True,川,raw_locked,0.31422917313107596,-1.1576327085494995
fenqusai/test_photo/46.jpg,0,6,False,blue,unknown_8,,8,6,False,川AQ621,0.9768083848077327,-0.42236590080570835,True,川,raw_locked,0.31422917313107596,-1.1576327085494995
fenqusai/test_photo/47.jpg,0,0,True,blue,blue,,7,7,True,川S98888,0.4048983728912078,-16.27414514094425,True,川,raw_locked,0.33332541926638076,-1.0986360311508179
fenqusai/test_photo/47.jpg,0,1,False,blue,green,,8,7,False,川S98888,0.4048983728912078,-16.27414514094425,True,川,raw_locked,0.33332541926638076,-1.0986360311508179
fenqusai/test_photo/47.jpg,0,2,False,blue,green,tractor_green,8,7,False,川S98888,0.4048983728912078,-16.27414514094425,True,川,raw_locked,0.33332541926638076,-1.0986360311508179
fenqusai/test_photo/47.jpg,0,3,False,blue,yellow,,7,7,True,川S98888,0.4048983728912078,-16.27414514094425,True,川,raw_locked,0.33332541926638076,-1.0986360311508179
fenqusai/test_photo/47.jpg,0,4,False,blue,black,,7,7,True,川S98888,0.4048983728912078,-16.27414514094425,True,川,raw_locked,0.33332541926638076,-1.0986360311508179
fenqusai/test_photo/47.jpg,0,5,False,blue,special_7,,7,7,True,川398888,0.5065355073419624,-12.24289537938045,True,川,raw_locked,0.33332541926638076,-1.0986360311508179
fenqusai/test_photo/47.jpg,0,6,False,blue,unknown_8,,8,7,False,川S98888,0.4048983728912078,-16.27414514094425,True,川,raw_locked,0.33332541926638076,-1.0986360311508179
fenqusai/test_photo/48.jpg,0,0,True,blue,blue,,7,7,True,湘A9412B,0.9767376105004619,-0.42367013171144663,True,湘,raw_locked,0.225748614223159,-1.4883332252502441
fenqusai/test_photo/48.jpg,0,1,False,blue,green,,8,8,True,湘YA9412B,0.8097439167427131,-3.7986702024919623,True,湘,raw_locked,0.225748614223159,-1.4883332252502441
fenqusai/test_photo/48.jpg,0,2,False,blue,green,tractor_green,8,8,True,湘YA9412B,0.8097439167427131,-3.7986702024919623,True,湘,raw_locked,0.225748614223159,-1.4883332252502441
fenqusai/test_photo/48.jpg,0,3,False,blue,yellow,,7,7,True,湘A9412B,0.9767376105004619,-0.42367013171144663,True,湘,raw_locked,0.225748614223159,-1.4883332252502441
fenqusai/test_photo/48.jpg,0,4,False,blue,black,,7,7,True,湘A9412B,0.9767376105004619,-0.42367013171144663,True,湘,raw_locked,0.225748614223159,-1.4883332252502441
fenqusai/test_photo/48.jpg,0,5,False,blue,special_7,,7,7,True,湘A9412B,0.9767376105004619,-0.42367013171144663,True,湘,raw_locked,0.225748614223159,-1.4883332252502441
fenqusai/test_photo/48.jpg,0,6,False,blue,unknown_8,,8,8,True,湘YA9412B,0.8097439167427131,-3.7986702024919623,True,湘,raw_locked,0.225748614223159,-1.4883332252502441
fenqusai/test_photo/48_0073.jpg,0,0,True,blue,blue,,7,7,True,吉E69T3L,0.9600235578032572,-0.7343541979730617,True,吉,raw_locked,0.2433802694040569,-1.4131301641464233
fenqusai/test_photo/48_0073.jpg,0,1,False,blue,green,,8,8,True,吉BE69T3L,0.4703213276728956,-13.578104555606842,True,吉,raw_locked,0.2433802694040569,-1.4131301641464233
fenqusai/test_photo/48_0073.jpg,0,2,False,blue,green,tractor_green,8,8,True,吉BE69T3L,0.4703213276728956,-13.578104555606842,True,吉,raw_locked,0.2433802694040569,-1.4131301641464233
fenqusai/test_photo/48_0073.jpg,0,3,False,blue,yellow,,7,7,True,吉E69T3L,0.9600235578032572,-0.7343541979730617,True,吉,raw_locked,0.2433802694040569,-1.4131301641464233
fenqusai/test_photo/48_0073.jpg,0,4,False,blue,black,,7,7,True,吉E69T3L,0.9600235578032572,-0.7343541979730617,True,吉,raw_locked,0.2433802694040569,-1.4131301641464233
fenqusai/test_photo/48_0073.jpg,0,5,False,blue,special_7,,7,7,True,吉E69T3L,0.9600235578032572,-0.7343541979730617,True,吉,raw_locked,0.2433802694040569,-1.4131301641464233
fenqusai/test_photo/48_0073.jpg,0,6,False,blue,unknown_8,,8,8,True,吉BE69T3L,0.4703213276728956,-13.578104555606842,True,吉,raw_locked,0.2433802694040569,-1.4131301641464233
fenqusai/test_photo/48_0073.jpg,1,0,True,blue,blue,,7,7,True,冀A94BC2,0.9805633767373896,-0.3533039689064026,True,冀,raw_locked,0.23412123071475327,-1.451916217803955
fenqusai/test_photo/48_0073.jpg,1,1,False,blue,green,,8,8,True,冀AA94BC2,0.20913675995506661,-28.165803968906403,True,冀,raw_locked,0.23412123071475327,-1.451916217803955
fenqusai/test_photo/48_0073.jpg,1,2,False,blue,green,tractor_green,8,8,True,冀AA94BC2,0.20913675995506661,-28.165803968906403,True,冀,raw_locked,0.23412123071475327,-1.451916217803955
fenqusai/test_photo/48_0073.jpg,1,3,False,blue,yellow,,7,7,True,冀A94BC2,0.9805633767373896,-0.3533039689064026,True,冀,raw_locked,0.23412123071475327,-1.451916217803955
fenqusai/test_photo/48_0073.jpg,1,4,False,blue,black,,7,7,True,冀A94BC2,0.9805633767373896,-0.3533039689064026,True,冀,raw_locked,0.23412123071475327,-1.451916217803955
fenqusai/test_photo/48_0073.jpg,1,5,False,blue,special_7,,7,7,True,冀A94BC2,0.9805633767373896,-0.3533039689064026,True,冀,raw_locked,0.23412123071475327,-1.451916217803955
fenqusai/test_photo/48_0073.jpg,1,6,False,blue,unknown_8,,8,8,True,冀AA94BC2,0.20913675995506661,-28.165803968906403,True,冀,raw_locked,0.23412123071475327,-1.451916217803955
fenqusai/test_photo/48_0193.jpg,0,0,True,blue,blue,,7,7,True,云E65LP3,0.9924567529975366,-0.136293141170988,True,云,raw_locked,0.32012738067100827,-1.1390362977981567
fenqusai/test_photo/48_0193.jpg,0,1,False,blue,green,,8,8,True,云FE65LP3,0.4404000261810731,-14.761292664333943,True,云,raw_locked,0.32012738067100827,-1.1390362977981567
fenqusai/test_photo/48_0193.jpg,0,2,False,blue,green,tractor_green,8,8,True,云FE65LP3,0.4404000261810731,-14.761292664333943,True,云,raw_locked,0.32012738067100827,-1.1390362977981567
fenqusai/test_photo/48_0193.jpg,0,3,False,blue,yellow,,7,7,True,云E65LP3,0.9924567529975366,-0.136293141170988,True,云,raw_locked,0.32012738067100827,-1.1390362977981567
fenqusai/test_photo/48_0193.jpg,0,4,False,blue,black,,7,7,True,云E65LP3,0.9924567529975366,-0.136293141170988,True,云,raw_locked,0.32012738067100827,-1.1390362977981567
fenqusai/test_photo/48_0193.jpg,0,5,False,blue,special_7,,7,7,True,云E65LP3,0.9924567529975366,-0.136293141170988,True,云,raw_locked,0.32012738067100827,-1.1390362977981567
fenqusai/test_photo/48_0193.jpg,0,6,False,blue,unknown_8,,8,8,True,云FE65LP3,0.4404000261810731,-14.761292664333943,True,云,raw_locked,0.32012738067100827,-1.1390362977981567
fenqusai/test_photo/48_0193.jpg,1,0,True,blue,blue,,7,7,True,辽A152RK,0.9902947444558208,-0.17554785284264085,True,辽,raw_locked,0.2910154807717558,-1.2343788146972656
fenqusai/test_photo/48_0193.jpg,1,1,False,blue,green,,8,8,True,辽A152RKN,0.6562516284212855,-7.581797706159335,True,辽,raw_locked,0.2910154807717558,-1.2343788146972656
fenqusai/test_photo/48_0193.jpg,1,2,False,blue,green,tractor_green,8,8,True,辽A152RKN,0.6562516284212855,-7.581797706159335,True,辽,raw_locked,0.2910154807717558,-1.2343788146972656
fenqusai/test_photo/48_0193.jpg,1,3,False,blue,yellow,,7,7,True,辽A152RK,0.9902947444558208,-0.17554785284264085,True,辽,raw_locked,0.2910154807717558,-1.2343788146972656
fenqusai/test_photo/48_0193.jpg,1,4,False,blue,black,,7,7,True,辽A152RK,0.9902947444558208,-0.17554785284264085,True,辽,raw_locked,0.2910154807717558,-1.2343788146972656
fenqusai/test_photo/48_0193.jpg,1,5,False,blue,special_7,,7,7,True,辽A152RK,0.9902947444558208,-0.17554785284264085,True,辽,raw_locked,0.2910154807717558,-1.2343788146972656
fenqusai/test_photo/48_0193.jpg,1,6,False,blue,unknown_8,,8,8,True,辽A152RKN,0.6562516284212855,-7.581797706159335,True,辽,raw_locked,0.2910154807717558,-1.2343788146972656
fenqusai/test_photo/48_0193.jpg,2,0,True,blue,blue,,7,7,True,川A0U58C,0.9736484828759079,-0.4806889383232189,True,川,raw_locked,0.20678615852881674,-1.5760700702667236
fenqusai/test_photo/48_0193.jpg,2,1,False,blue,green,,8,7,False,川A0U58C,0.9736484828759079,-0.4806889383232189,True,川,raw_locked,0.20678615852881674,-1.5760700702667236
fenqusai/test_photo/48_0193.jpg,2,2,False,blue,green,tractor_green,8,7,False,川A0U58C,0.9736484828759079,-0.4806889383232189,True,川,raw_locked,0.20678615852881674,-1.5760700702667236
fenqusai/test_photo/48_0193.jpg,2,3,False,blue,yellow,,7,7,True,川A0U58C,0.9736484828759079,-0.4806889383232189,True,川,raw_locked,0.20678615852881674,-1.5760700702667236
fenqusai/test_photo/48_0193.jpg,2,4,False,blue,black,,7,7,True,川A0U58C,0.9736484828759079,-0.4806889383232189,True,川,raw_locked,0.20678615852881674,-1.5760700702667236
fenqusai/test_photo/48_0193.jpg,2,5,False,blue,special_7,,7,7,True,川A0U58C,0.9736484828759079,-0.4806889383232189,True,川,raw_locked,0.20678615852881674,-1.5760700702667236
fenqusai/test_photo/48_0193.jpg,2,6,False,blue,unknown_8,,8,7,False,川A0U58C,0.9736484828759079,-0.4806889383232189,True,川,raw_locked,0.20678615852881674,-1.5760700702667236
fenqusai/test_photo/48_0283.jpg,0,0,True,blue,blue,,7,7,True,蒙AH6T16,0.9696686005755039,-0.5544164655219674,True,蒙,raw_locked,0.19161694734951226,-1.652256965637207
fenqusai/test_photo/48_0283.jpg,0,1,False,blue,green,,8,8,True,蒙AHA6T16,0.592232209373124,-9.429416557984837,True,蒙,raw_locked,0.19161694734951226,-1.652256965637207
fenqusai/test_photo/48_0283.jpg,0,2,False,blue,green,tractor_green,8,8,True,蒙AHA6T16,0.592232209373124,-9.429416557984837,True,蒙,raw_locked,0.19161694734951226,-1.652256965637207
fenqusai/test_photo/48_0283.jpg,0,3,False,blue,yellow,,7,7,True,蒙AH6T16,0.9696686005755039,-0.5544164655219674,True,蒙,raw_locked,0.19161694734951226,-1.652256965637207
fenqusai/test_photo/48_0283.jpg,0,4,False,blue,black,,7,7,True,蒙AH6T16,0.9696686005755039,-0.5544164655219674,True,蒙,raw_locked,0.19161694734951226,-1.652256965637207
fenqusai/test_photo/48_0283.jpg,0,5,False,blue,special_7,,7,7,True,蒙AH6T16,0.9696686005755039,-0.5544164655219674,True,蒙,raw_locked,0.19161694734951226,-1.652256965637207
fenqusai/test_photo/48_0283.jpg,0,6,False,blue,unknown_8,,8,8,True,蒙AHA6T16,0.592232209373124,-9.429416557984837,True,蒙,raw_locked,0.19161694734951226,-1.652256965637207
fenqusai/test_photo/48_0283.jpg,1,0,True,blue,blue,,7,7,True,京BJS012,0.9603385013644024,-0.7284501194953847,True,京,raw_locked,0.1608854965791723,-1.8270623683929443
fenqusai/test_photo/48_0283.jpg,1,1,False,blue,green,,8,8,True,京BJ9S012,0.2928866969856566,-22.103450000286102,True,京,raw_locked,0.1608854965791723,-1.8270623683929443
fenqusai/test_photo/48_0283.jpg,1,2,False,blue,green,tractor_green,8,8,True,京BJ9S012,0.2928866969856566,-22.103450000286102,True,京,raw_locked,0.1608854965791723,-1.8270623683929443
fenqusai/test_photo/48_0283.jpg,1,3,False,blue,yellow,,7,7,True,京BJS012,0.9603385013644024,-0.7284501194953847,True,京,raw_locked,0.1608854965791723,-1.8270623683929443
fenqusai/test_photo/48_0283.jpg,1,4,False,blue,black,,7,7,True,京BJS012,0.9603385013644024,-0.7284501194953847,True,京,raw_locked,0.1608854965791723,-1.8270623683929443
fenqusai/test_photo/48_0283.jpg,1,5,False,blue,special_7,,7,7,True,京BJS012,0.9603385013644024,-0.7284501194953847,True,京,raw_locked,0.1608854965791723,-1.8270623683929443
fenqusai/test_photo/48_0283.jpg,1,6,False,blue,unknown_8,,8,8,True,京BJ9S012,0.2928866969856566,-22.103450000286102,True,京,raw_locked,0.1608854965791723,-1.8270623683929443
fenqusai/test_photo/48_0283.jpg,2,0,True,blue,blue,,7,7,True,皖A82MDD,0.9547428618161183,-0.8336381291955774,True,皖,raw_locked,0.17320222758342407,-1.7532954216003418
fenqusai/test_photo/48_0283.jpg,2,1,False,blue,green,,8,7,False,皖A82MDD,0.9547428618161183,-0.8336381291955774,True,皖,raw_locked,0.17320222758342407,-1.7532954216003418
fenqusai/test_photo/48_0283.jpg,2,2,False,blue,green,tractor_green,8,7,False,皖A82MDD,0.9547428618161183,-0.8336381291955774,True,皖,raw_locked,0.17320222758342407,-1.7532954216003418
fenqusai/test_photo/48_0283.jpg,2,3,False,blue,yellow,,7,7,True,皖A82MDD,0.9547428618161183,-0.8336381291955774,True,皖,raw_locked,0.17320222758342407,-1.7532954216003418
fenqusai/test_photo/48_0283.jpg,2,4,False,blue,black,,7,7,True,皖A82MDD,0.9547428618161183,-0.8336381291955774,True,皖,raw_locked,0.17320222758342407,-1.7532954216003418
fenqusai/test_photo/48_0283.jpg,2,5,False,blue,special_7,,7,7,True,皖A82MDD,0.9547428618161183,-0.8336381291955774,True,皖,raw_locked,0.17320222758342407,-1.7532954216003418
fenqusai/test_photo/48_0283.jpg,2,6,False,blue,unknown_8,,8,7,False,皖A82MDD,0.9547428618161183,-0.8336381291955774,True,皖,raw_locked,0.17320222758342407,-1.7532954216003418
fenqusai/test_photo/49.jpg,0,0,True,blue,blue,,7,7,True,川B44444,0.7948537593106836,-4.132748372424885,True,川,raw_locked,0.24201114374421565,-1.418771505355835
fenqusai/test_photo/49.jpg,0,1,False,blue,green,,8,6,False,川B4444,0.9471953578451926,-0.976498484183594,True,川,raw_locked,0.24201114374421565,-1.418771505355835
fenqusai/test_photo/49.jpg,0,2,False,blue,green,tractor_green,8,6,False,川B4444,0.9471953578451926,-0.976498484183594,True,川,raw_locked,0.24201114374421565,-1.418771505355835
fenqusai/test_photo/49.jpg,0,3,False,blue,yellow,,7,7,True,川B44444,0.7948537593106836,-4.132748372424885,True,川,raw_locked,0.24201114374421565,-1.418771505355835
fenqusai/test_photo/49.jpg,0,4,False,blue,black,,7,7,True,川B44444,0.7948537593106836,-4.132748372424885,True,川,raw_locked,0.24201114374421565,-1.418771505355835
fenqusai/test_photo/49.jpg,0,5,False,blue,special_7,,7,7,True,川B44444,0.7948537593106836,-4.132748372424885,True,川,raw_locked,0.24201114374421565,-1.418771505355835
fenqusai/test_photo/49.jpg,0,6,False,blue,unknown_8,,8,6,False,川B4444,0.9471953578451926,-0.976498484183594,True,川,raw_locked,0.24201114374421565,-1.418771505355835
fenqusai/test_photo/55.jpg,0,0,True,green,green,,8,8,True,皖K441A3S,0.4304684877145238,-15.17186082713306,True,皖,raw_locked,0.25295210640254195,-1.3745551109313965
fenqusai/test_photo/55.jpg,0,1,False,green,green,tractor_green,8,8,True,皖K441A3S,0.4304684877145238,-15.17186082713306,True,皖,raw_locked,0.25295210640254195,-1.3745551109313965
fenqusai/test_photo/55.jpg,0,2,False,green,blue,,7,7,True,皖K4413S,0.5246811757110429,-11.609360734000802,True,皖,raw_locked,0.25295210640254195,-1.3745551109313965
fenqusai/test_photo/55.jpg,0,3,False,green,yellow,,7,7,True,皖K4413S,0.5246811757110429,-11.609360734000802,True,皖,raw_locked,0.25295210640254195,-1.3745551109313965
fenqusai/test_photo/55.jpg,0,4,False,green,black,,7,7,True,皖K4413S,0.5246811757110429,-11.609360734000802,True,皖,raw_locked,0.25295210640254195,-1.3745551109313965
fenqusai/test_photo/55.jpg,0,5,False,green,special_7,,7,7,True,皖K4413S,0.5246811757110429,-11.609360734000802,True,皖,raw_locked,0.25295210640254195,-1.3745551109313965
fenqusai/test_photo/55.jpg,0,6,False,green,unknown_8,,8,8,True,皖K441A3S,0.4304684877145238,-15.17186082713306,True,皖,raw_locked,0.25295210640254195,-1.3745551109313965
fenqusai/test_photo/58.jpg,0,0,True,blue,blue,,7,7,True,渝E22602,0.9655583731951289,-0.6308769583695266,True,渝,raw_locked,0.18220948922433697,-1.702598214149475
fenqusai/test_photo/58.jpg,0,1,False,blue,green,,8,8,True,渝E22602E,0.7691423026486096,-4.724626997485075,True,渝,raw_locked,0.18220948922433697,-1.702598214149475
fenqusai/test_photo/58.jpg,0,2,False,blue,green,tractor_green,8,8,True,渝E22602E,0.7691423026486096,-4.724626997485075,True,渝,raw_locked,0.18220948922433697,-1.702598214149475
fenqusai/test_photo/58.jpg,0,3,False,blue,yellow,,7,7,True,渝E22602,0.9655583731951289,-0.6308769583695266,True,渝,raw_locked,0.18220948922433697,-1.702598214149475
fenqusai/test_photo/58.jpg,0,4,False,blue,black,,7,7,True,渝E22602,0.9655583731951289,-0.6308769583695266,True,渝,raw_locked,0.18220948922433697,-1.702598214149475
fenqusai/test_photo/58.jpg,0,5,False,blue,special_7,,7,7,True,渝E22602,0.9655583731951289,-0.6308769583695266,True,渝,raw_locked,0.18220948922433697,-1.702598214149475
fenqusai/test_photo/58.jpg,0,6,False,blue,unknown_8,,8,8,True,渝E22602E,0.7691423026486096,-4.724626997485075,True,渝,raw_locked,0.18220948922433697,-1.702598214149475
fenqusai/test_photo/64_0236.jpg,0,0,True,blue,blue,,7,7,True,冀A1QT20,0.9535992273442413,-0.8552122726104869,True,冀,raw_locked,0.14564855262346052,-1.9265587329864502
fenqusai/test_photo/64_0236.jpg,0,1,False,blue,green,,8,8,True,冀A1MQT20,0.6146219525844988,-8.761462405789615,True,冀,raw_locked,0.14564855262346052,-1.9265587329864502
fenqusai/test_photo/64_0236.jpg,0,2,False,blue,green,tractor_green,8,8,True,冀A1MQT20,0.6146219525844988,-8.761462405789615,True,冀,raw_locked,0.14564855262346052,-1.9265587329864502
fenqusai/test_photo/64_0236.jpg,0,3,False,blue,yellow,,7,7,True,冀A1QT20,0.9535992273442413,-0.8552122726104869,True,冀,raw_locked,0.14564855262346052,-1.9265587329864502
fenqusai/test_photo/64_0236.jpg,0,4,False,blue,black,,7,7,True,冀A1QT20,0.9535992273442413,-0.8552122726104869,True,冀,raw_locked,0.14564855262346052,-1.9265587329864502
fenqusai/test_photo/64_0236.jpg,0,5,False,blue,special_7,,7,7,True,冀A1QT20,0.9535992273442413,-0.8552122726104869,True,冀,raw_locked,0.14564855262346052,-1.9265587329864502
fenqusai/test_photo/64_0236.jpg,0,6,False,blue,unknown_8,,8,8,True,冀A1MQT20,0.6146219525844988,-8.761462405789615,True,冀,raw_locked,0.14564855262346052,-1.9265587329864502
fenqusai/test_photo/64_0236.jpg,1,0,True,yellow,yellow,,7,7,True,鄂E63893,0.9836983049191109,-0.29584853340202244,True,鄂,raw_locked,0.28482784260850563,-1.2558703422546387
fenqusai/test_photo/64_0236.jpg,1,1,False,yellow,blue,,7,7,True,鄂E63893,0.9836983049191109,-0.29584853340202244,True,鄂,raw_locked,0.28482784260850563,-1.2558703422546387
fenqusai/test_photo/64_0236.jpg,1,2,False,yellow,green,,8,8,True,鄂EK63893,0.3189445057939792,-20.569286778460082,True,鄂,raw_locked,0.28482784260850563,-1.2558703422546387
fenqusai/test_photo/64_0236.jpg,1,3,False,yellow,green,tractor_green,8,8,True,鄂EK63893,0.3189445057939792,-20.569286778460082,True,鄂,raw_locked,0.28482784260850563,-1.2558703422546387
fenqusai/test_photo/64_0236.jpg,1,4,False,yellow,black,,7,7,True,鄂E63893,0.9836983049191109,-0.29584853340202244,True,鄂,raw_locked,0.28482784260850563,-1.2558703422546387
fenqusai/test_photo/64_0236.jpg,1,5,False,yellow,special_7,,7,7,True,鄂E63893,0.9836983049191109,-0.29584853340202244,True,鄂,raw_locked,0.28482784260850563,-1.2558703422546387
fenqusai/test_photo/64_0236.jpg,1,6,False,yellow,unknown_8,,8,8,True,鄂EK63893,0.3189445057939792,-20.569286778460082,True,鄂,raw_locked,0.28482784260850563,-1.2558703422546387
fenqusai/test_photo/64_0236.jpg,2,0,True,blue,blue,,7,7,True,皖J8W671,0.9859996357618952,-0.2537872882094234,True,皖,raw_locked,0.2613034030709882,-1.3420730829238892
fenqusai/test_photo/64_0236.jpg,2,1,False,blue,green,,8,8,True,皖J8W6716,0.4482994969483919,-14.441287499153987,True,皖,raw_locked,0.2613034030709882,-1.3420730829238892
fenqusai/test_photo/64_0236.jpg,2,2,False,blue,green,tractor_green,8,8,True,皖J8W6716,0.4482994969483919,-14.441287499153987,True,皖,raw_locked,0.2613034030709882,-1.3420730829238892
fenqusai/test_photo/64_0236.jpg,2,3,False,blue,yellow,,7,7,True,皖J8W671,0.9859996357618952,-0.2537872882094234,True,皖,raw_locked,0.2613034030709882,-1.3420730829238892
fenqusai/test_photo/64_0236.jpg,2,4,False,blue,black,,7,7,True,皖J8W671,0.9859996357618952,-0.2537872882094234,True,皖,raw_locked,0.2613034030709882,-1.3420730829238892
fenqusai/test_photo/64_0236.jpg,2,5,False,blue,special_7,,7,7,True,皖J8W671,0.9859996357618952,-0.2537872882094234,True,皖,raw_locked,0.2613034030709882,-1.3420730829238892
fenqusai/test_photo/64_0236.jpg,2,6,False,blue,unknown_8,,8,8,True,皖J8W6716,0.4482994969483919,-14.441287499153987,True,皖,raw_locked,0.2613034030709882,-1.3420730829238892
fenqusai/test_photo/64_0833.jpg,0,0,False,yellow,yellow,,7,7,True,吉M81920,0.38773132745604577,-17.05396741608166,True,吉,raw_locked,0.177561985604013,-1.7284355163574219
fenqusai/test_photo/64_0833.jpg,0,1,False,yellow,blue,,7,7,True,吉M81920,0.38773132745604577,-17.05396741608166,True,吉,raw_locked,0.177561985604013,-1.7284355163574219
fenqusai/test_photo/64_0833.jpg,0,2,False,yellow,green,,8,8,True,吉M819210,0.5244740612093534,-11.61646752038979,True,吉,raw_locked,0.177561985604013,-1.7284355163574219
fenqusai/test_photo/64_0833.jpg,0,3,False,yellow,green,tractor_green,8,8,True,吉M819210,0.5244740612093534,-11.61646752038979,True,吉,raw_locked,0.177561985604013,-1.7284355163574219
fenqusai/test_photo/64_0833.jpg,0,4,False,yellow,black,,7,7,True,吉M81920,0.38773132745604577,-17.05396741608166,True,吉,raw_locked,0.177561985604013,-1.7284355163574219
fenqusai/test_photo/64_0833.jpg,0,5,True,yellow,special_7,,7,7,True,吉819210,0.9563179390558444,-0.8039672817565702,True,吉,raw_locked,0.177561985604013,-1.7284355163574219
fenqusai/test_photo/64_0833.jpg,0,6,False,yellow,unknown_8,,8,8,True,吉M819210,0.5244740612093534,-11.61646752038979,True,吉,raw_locked,0.177561985604013,-1.7284355163574219
fenqusai/test_photo/64_0833.jpg,1,0,True,blue,blue,,7,7,True,川A6P2V8,0.9740484402374188,-0.4732963789132256,True,川,raw_locked,0.3312851130599306,-1.1047759056091309
fenqusai/test_photo/64_0833.jpg,1,1,False,blue,green,,8,8,True,川A6P29V8,0.48808463512100964,-12.910796199750045,True,川,raw_locked,0.3312851130599306,-1.1047759056091309
fenqusai/test_photo/64_0833.jpg,1,2,False,blue,green,tractor_green,8,8,True,川A6P29V8,0.48808463512100964,-12.910796199750045,True,川,raw_locked,0.3312851130599306,-1.1047759056091309
fenqusai/test_photo/64_0833.jpg,1,3,False,blue,yellow,,7,7,True,川A6P2V8,0.9740484402374188,-0.4732963789132256,True,川,raw_locked,0.3312851130599306,-1.1047759056091309
fenqusai/test_photo/64_0833.jpg,1,4,False,blue,black,,7,7,True,川A6P2V8,0.9740484402374188,-0.4732963789132256,True,川,raw_locked,0.3312851130599306,-1.1047759056091309
fenqusai/test_photo/64_0833.jpg,1,5,False,blue,special_7,,7,7,True,川A6P2V8,0.9740484402374188,-0.4732963789132256,True,川,raw_locked,0.3312851130599306,-1.1047759056091309
fenqusai/test_photo/64_0833.jpg,1,6,False,blue,unknown_8,,8,8,True,川A6P29V8,0.48808463512100964,-12.910796199750045,True,川,raw_locked,0.3312851130599306,-1.1047759056091309
fenqusai/test_photo/64_0833.jpg,2,0,True,blue,blue,,7,7,True,辽A09Y34,0.9637971296225147,-0.6637401534280727,True,辽,raw_locked,0.19663577100745638,-1.6264021396636963
fenqusai/test_photo/64_0833.jpg,2,1,False,blue,green,,8,7,False,辽A09Y34,0.9637971296225147,-0.6637401534280727,True,辽,raw_locked,0.19663577100745638,-1.6264021396636963
fenqusai/test_photo/64_0833.jpg,2,2,False,blue,green,tractor_green,8,7,False,辽A09Y34,0.9637971296225147,-0.6637401534280727,True,辽,raw_locked,0.19663577100745638,-1.6264021396636963
fenqusai/test_photo/64_0833.jpg,2,3,False,blue,yellow,,7,7,True,辽A09Y34,0.9637971296225147,-0.6637401534280727,True,辽,raw_locked,0.19663577100745638,-1.6264021396636963
fenqusai/test_photo/64_0833.jpg,2,4,False,blue,black,,7,7,True,辽A09Y34,0.9637971296225147,-0.6637401534280727,True,辽,raw_locked,0.19663577100745638,-1.6264021396636963
fenqusai/test_photo/64_0833.jpg,2,5,False,blue,special_7,,7,7,True,辽A09Y34,0.9637971296225147,-0.6637401534280727,True,辽,raw_locked,0.19663577100745638,-1.6264021396636963
fenqusai/test_photo/64_0833.jpg,2,6,False,blue,unknown_8,,8,7,False,辽A09Y34,0.9637971296225147,-0.6637401534280727,True,辽,raw_locked,0.19663577100745638,-1.6264021396636963
fenqusai/test_photo/653.jpg,0,0,True,blue,blue,,7,7,True,桂AG9Z10,0.9870493350191921,-0.23463460756761378,True,桂,raw_locked,0.32848441930434463,-1.113265872001648
fenqusai/test_photo/653.jpg,0,1,False,blue,green,,8,8,True,桂A6G9Z10,0.5517653107224516,-10.703384727238927,True,桂,raw_locked,0.32848441930434463,-1.113265872001648
fenqusai/test_photo/653.jpg,0,2,False,blue,green,tractor_green,8,8,True,桂A6G9Z10,0.5517653107224516,-10.703384727238927,True,桂,raw_locked,0.32848441930434463,-1.113265872001648
fenqusai/test_photo/653.jpg,0,3,False,blue,yellow,,7,7,True,桂AG9Z10,0.9870493350191921,-0.23463460756761378,True,桂,raw_locked,0.32848441930434463,-1.113265872001648
fenqusai/test_photo/653.jpg,0,4,False,blue,black,,7,7,True,桂AG9Z10,0.9870493350191921,-0.23463460756761378,True,桂,raw_locked,0.32848441930434463,-1.113265872001648
fenqusai/test_photo/653.jpg,0,5,False,blue,special_7,,7,7,True,桂AG9Z10,0.9870493350191921,-0.23463460756761378,True,桂,raw_locked,0.32848441930434463,-1.113265872001648
fenqusai/test_photo/653.jpg,0,6,False,blue,unknown_8,,8,8,True,桂A6G9Z10,0.5517653107224516,-10.703384727238927,True,桂,raw_locked,0.32848441930434463,-1.113265872001648
fenqusai/test_photo/655.jpg,0,0,True,blue,blue,,7,7,True,鄂A70M53,0.9711091313190902,-0.5276956744492054,True,鄂,raw_locked,0.3211611800444306,-1.1358121633529663
fenqusai/test_photo/655.jpg,0,1,False,blue,green,,8,8,True,鄂A70M534,0.31173520651709025,-20.980820674449205,True,鄂,raw_locked,0.3211611800444306,-1.1358121633529663
fenqusai/test_photo/655.jpg,0,2,False,blue,green,tractor_green,8,8,True,鄂A70M534,0.31173520651709025,-20.980820674449205,True,鄂,raw_locked,0.3211611800444306,-1.1358121633529663
fenqusai/test_photo/655.jpg,0,3,False,blue,yellow,,7,7,True,鄂A70M53,0.9711091313190902,-0.5276956744492054,True,鄂,raw_locked,0.3211611800444306,-1.1358121633529663
fenqusai/test_photo/655.jpg,0,4,False,blue,black,,7,7,True,鄂A70M53,0.9711091313190902,-0.5276956744492054,True,鄂,raw_locked,0.3211611800444306,-1.1358121633529663
fenqusai/test_photo/655.jpg,0,5,False,blue,special_7,,7,7,True,鄂A70M53,0.9711091313190902,-0.5276956744492054,True,鄂,raw_locked,0.3211611800444306,-1.1358121633529663
fenqusai/test_photo/655.jpg,0,6,False,blue,unknown_8,,8,8,True,鄂A70M534,0.31173520651709025,-20.980820674449205,True,鄂,raw_locked,0.3211611800444306,-1.1358121633529663
fenqusai/test_photo/657.jpg,0,0,True,blue,blue,,7,7,True,黑D8880D,0.9935278202290743,-0.11687787249593384,True,黑,raw_locked,0.3615161999336349,-1.0174484252929688
fenqusai/test_photo/657.jpg,0,1,False,blue,green,,8,8,True,黑BD8880D,0.5525016963670444,-10.67937795445232,True,黑,raw_locked,0.3615161999336349,-1.0174484252929688
fenqusai/test_photo/657.jpg,0,2,False,blue,green,tractor_green,8,8,True,黑BD8880D,0.5525016963670444,-10.67937795445232,True,黑,raw_locked,0.3615161999336349,-1.0174484252929688
fenqusai/test_photo/657.jpg,0,3,False,blue,yellow,,7,7,True,黑D8880D,0.9935278202290743,-0.11687787249593384,True,黑,raw_locked,0.3615161999336349,-1.0174484252929688
fenqusai/test_photo/657.jpg,0,4,False,blue,black,,7,7,True,黑D8880D,0.9935278202290743,-0.11687787249593384,True,黑,raw_locked,0.3615161999336349,-1.0174484252929688
fenqusai/test_photo/657.jpg,0,5,False,blue,special_7,,7,7,True,黑D8880D,0.9935278202290743,-0.11687787249593384,True,黑,raw_locked,0.3615161999336349,-1.0174484252929688
fenqusai/test_photo/657.jpg,0,6,False,blue,unknown_8,,8,8,True,黑BD8880D,0.5525016963670444,-10.67937795445232,True,黑,raw_locked,0.3615161999336349,-1.0174484252929688
fenqusai/test_photo/667.jpg,0,0,True,blue,blue,,7,7,True,苏G04444,0.9548152109655541,-0.8322741647170631,True,苏,raw_locked,0.14515460835351796,-1.9299558401107788
fenqusai/test_photo/667.jpg,0,1,False,blue,green,,8,8,True,苏GY04444,0.395271706950153,-16.70727392740079,True,苏,raw_locked,0.14515460835351796,-1.9299558401107788
fenqusai/test_photo/667.jpg,0,2,False,blue,green,tractor_green,8,8,True,苏GY04444,0.395271706950153,-16.70727392740079,True,苏,raw_locked,0.14515460835351796,-1.9299558401107788
fenqusai/test_photo/667.jpg,0,3,False,blue,yellow,,7,7,True,苏G04444,0.9548152109655541,-0.8322741647170631,True,苏,raw_locked,0.14515460835351796,-1.9299558401107788
fenqusai/test_photo/667.jpg,0,4,False,blue,black,,7,7,True,苏G04444,0.9548152109655541,-0.8322741647170631,True,苏,raw_locked,0.14515460835351796,-1.9299558401107788
fenqusai/test_photo/667.jpg,0,5,False,blue,special_7,,7,7,True,苏G04444,0.9548152109655541,-0.8322741647170631,True,苏,raw_locked,0.14515460835351796,-1.9299558401107788
fenqusai/test_photo/667.jpg,0,6,False,blue,unknown_8,,8,8,True,苏GY04444,0.395271706950153,-16.70727392740079,True,苏,raw_locked,0.14515460835351796,-1.9299558401107788
fenqusai/test_photo/668.jpg,0,0,True,unknown_7,blue,,7,7,True,渝B0X288,0.989348672163663,-0.19275226694298908,True,渝,raw_locked,0.27498204332755055,-1.2910494804382324
fenqusai/test_photo/668.jpg,0,1,False,unknown_7,green,,8,8,True,渝LB0X288,0.31841840729392634,-20.59900226694299,True,渝,raw_locked,0.27498204332755055,-1.2910494804382324
fenqusai/test_photo/668.jpg,0,2,False,unknown_7,green,tractor_green,8,8,True,渝LB0X288,0.31841840729392634,-20.59900226694299,True,渝,raw_locked,0.27498204332755055,-1.2910494804382324
fenqusai/test_photo/668.jpg,0,3,False,unknown_7,yellow,,7,7,True,渝B0X288,0.989348672163663,-0.19275226694298908,True,渝,raw_locked,0.27498204332755055,-1.2910494804382324
fenqusai/test_photo/668.jpg,0,4,False,unknown_7,black,,7,7,True,渝B0X288,0.989348672163663,-0.19275226694298908,True,渝,raw_locked,0.27498204332755055,-1.2910494804382324
fenqusai/test_photo/668.jpg,0,5,False,unknown_7,special_7,,7,7,True,渝B0X288,0.989348672163663,-0.19275226694298908,True,渝,raw_locked,0.27498204332755055,-1.2910494804382324
fenqusai/test_photo/668.jpg,0,6,False,unknown_7,unknown_8,,8,8,True,渝LB0X288,0.31841840729392634,-20.59900226694299,True,渝,raw_locked,0.27498204332755055,-1.2910494804382324
fenqusai/test_photo/673.jpg,0,0,True,blue,blue,,7,7,True,苏F43795,0.9926397034421739,-0.1329753094332773,True,苏,raw_locked,0.2920258585919986,-1.2309129238128662
fenqusai/test_photo/673.jpg,0,1,False,blue,green,,8,8,True,苏F43795E,0.15275571081243425,-33.82047530943328,True,苏,raw_locked,0.2920258585919986,-1.2309129238128662
fenqusai/test_photo/673.jpg,0,2,False,blue,green,tractor_green,8,8,True,苏F43795E,0.15275571081243425,-33.82047530943328,True,苏,raw_locked,0.2920258585919986,-1.2309129238128662
fenqusai/test_photo/673.jpg,0,3,False,blue,yellow,,7,7,True,苏F43795,0.9926397034421739,-0.1329753094332773,True,苏,raw_locked,0.2920258585919986,-1.2309129238128662
fenqusai/test_photo/673.jpg,0,4,False,blue,black,,7,7,True,苏F43795,0.9926397034421739,-0.1329753094332773,True,苏,raw_locked,0.2920258585919986,-1.2309129238128662
fenqusai/test_photo/673.jpg,0,5,False,blue,special_7,,7,7,True,苏F43795,0.9926397034421739,-0.1329753094332773,True,苏,raw_locked,0.2920258585919986,-1.2309129238128662
fenqusai/test_photo/673.jpg,0,6,False,blue,unknown_8,,8,8,True,苏F43795E,0.15275571081243425,-33.82047530943328,True,苏,raw_locked,0.2920258585919986,-1.2309129238128662
fenqusai/test_photo/675.jpg,0,0,True,blue,blue,,7,7,True,黑AV6600,0.9987966137749861,-0.02167399576137541,True,黑,raw_locked,0.3263879017967837,-1.11966872215271
fenqusai/test_photo/675.jpg,0,1,False,blue,green,,8,8,True,黑BAV6600,0.6404087855987273,-8.021674422539945,True,黑,raw_locked,0.3263879017967837,-1.11966872215271
fenqusai/test_photo/675.jpg,0,2,False,blue,green,tractor_green,8,8,True,黑BAV6600,0.6404087855987273,-8.021674422539945,True,黑,raw_locked,0.3263879017967837,-1.11966872215271
fenqusai/test_photo/675.jpg,0,3,False,blue,yellow,,7,7,True,黑AV6600,0.9987966137749861,-0.02167399576137541,True,黑,raw_locked,0.3263879017967837,-1.11966872215271
fenqusai/test_photo/675.jpg,0,4,False,blue,black,,7,7,True,黑AV6600,0.9987966137749861,-0.02167399576137541,True,黑,raw_locked,0.3263879017967837,-1.11966872215271
fenqusai/test_photo/675.jpg,0,5,False,blue,special_7,,7,7,True,黑AV6600,0.9987966137749861,-0.02167399576137541,True,黑,raw_locked,0.3263879017967837,-1.11966872215271
fenqusai/test_photo/675.jpg,0,6,False,blue,unknown_8,,8,8,True,黑BAV6600,0.6404087855987273,-8.021674422539945,True,黑,raw_locked,0.3263879017967837,-1.11966872215271
fenqusai/test_photo/677.jpg,0,0,True,unknown_7,blue,,7,7,True,京A00T45,0.98969957317382,-0.18636918026089688,True,京,raw_locked,0.27666695109282347,-1.2849408388137817
fenqusai/test_photo/677.jpg,0,1,False,unknown_7,green,,8,8,True,京AA00T45,0.4823410432087074,-13.123869418957781,True,京,raw_locked,0.27666695109282347,-1.2849408388137817
fenqusai/test_photo/677.jpg,0,2,False,unknown_7,green,tractor_green,8,8,True,京AA00T45,0.4823410432087074,-13.123869418957781,True,京,raw_locked,0.27666695109282347,-1.2849408388137817
fenqusai/test_photo/677.jpg,0,3,False,unknown_7,yellow,,7,7,True,京A00T45,0.98969957317382,-0.18636918026089688,True,京,raw_locked,0.27666695109282347,-1.2849408388137817
fenqusai/test_photo/677.jpg,0,4,False,unknown_7,black,,7,7,True,京A00T45,0.98969957317382,-0.18636918026089688,True,京,raw_locked,0.27666695109282347,-1.2849408388137817
fenqusai/test_photo/677.jpg,0,5,False,unknown_7,special_7,,7,7,True,京A00T45,0.98969957317382,-0.18636918026089688,True,京,raw_locked,0.27666695109282347,-1.2849408388137817
fenqusai/test_photo/677.jpg,0,6,False,unknown_7,unknown_8,,8,8,True,京AA00T45,0.4823410432087074,-13.123869418957781,True,京,raw_locked,0.27666695109282347,-1.2849408388137817
fenqusai/test_photo/678.jpg,0,0,True,blue,blue,,7,7,True,川R56789,0.9765224295422643,-0.42763607294182293,True,川,raw_locked,0.217385917086312,-1.5260810852050781
fenqusai/test_photo/678.jpg,0,1,False,blue,green,,8,8,True,川WR56789,0.22716221959840321,-26.677636072941823,True,川,raw_locked,0.217385917086312,-1.5260810852050781
fenqusai/test_photo/678.jpg,0,2,False,blue,green,tractor_green,8,8,True,川WR56789,0.22716221959840321,-26.677636072941823,True,川,raw_locked,0.217385917086312,-1.5260810852050781
fenqusai/test_photo/678.jpg,0,3,False,blue,yellow,,7,7,True,川R56789,0.9765224295422643,-0.42763607294182293,True,川,raw_locked,0.217385917086312,-1.5260810852050781
fenqusai/test_photo/678.jpg,0,4,False,blue,black,,7,7,True,川R56789,0.9765224295422643,-0.42763607294182293,True,川,raw_locked,0.217385917086312,-1.5260810852050781
fenqusai/test_photo/678.jpg,0,5,False,blue,special_7,,7,7,True,川R56789,0.9765224295422643,-0.42763607294182293,True,川,raw_locked,0.217385917086312,-1.5260810852050781
fenqusai/test_photo/678.jpg,0,6,False,blue,unknown_8,,8,8,True,川WR56789,0.22716221959840321,-26.677636072941823,True,川,raw_locked,0.217385917086312,-1.5260810852050781
fenqusai/test_photo/680.jpg,0,0,True,blue,blue,,7,7,True,皖D19H58,0.9594074927262514,-0.7459088425265463,True,皖,raw_locked,0.1601000436133762,-1.831956386566162
fenqusai/test_photo/680.jpg,0,1,False,blue,green,,8,8,True,皖BD19H58,0.5316780309532879,-11.370909200867459,True,皖,raw_locked,0.1601000436133762,-1.831956386566162
fenqusai/test_photo/680.jpg,0,2,False,blue,green,tractor_green,8,8,True,皖BD19H58,0.5316780309532879,-11.370909200867459,True,皖,raw_locked,0.1601000436133762,-1.831956386566162
fenqusai/test_photo/680.jpg,0,3,False,blue,yellow,,7,7,True,皖D19H58,0.9594074927262514,-0.7459088425265463,True,皖,raw_locked,0.1601000436133762,-1.831956386566162
fenqusai/test_photo/680.jpg,0,4,False,blue,black,,7,7,True,皖D19H58,0.9594074927262514,-0.7459088425265463,True,皖,raw_locked,0.1601000436133762,-1.831956386566162
fenqusai/test_photo/680.jpg,0,5,False,blue,special_7,,7,7,True,皖D19H58,0.9594074927262514,-0.7459088425265463,True,皖,raw_locked,0.1601000436133762,-1.831956386566162
fenqusai/test_photo/680.jpg,0,6,False,blue,unknown_8,,8,8,True,皖BD19H58,0.5316780309532879,-11.370909200867459,True,皖,raw_locked,0.1601000436133762,-1.831956386566162
fenqusai/test_photo/681.jpg,0,0,True,blue,blue,,7,7,True,云EZ1H19,0.9773590450328901,-0.41222154555362067,True,云,raw_locked,0.22075739789631926,-1.5106909275054932
fenqusai/test_photo/681.jpg,0,1,False,blue,green,,8,8,True,云EZ1H194,0.5651612260249145,-10.271596189420961,True,云,raw_locked,0.22075739789631926,-1.5106909275054932
fenqusai/test_photo/681.jpg,0,2,False,blue,green,tractor_green,8,8,True,云EZ1H194,0.5651612260249145,-10.271596189420961,True,云,raw_locked,0.22075739789631926,-1.5106909275054932
fenqusai/test_photo/681.jpg,0,3,False,blue,yellow,,7,7,True,云EZ1H19,0.9773590450328901,-0.41222154555362067,True,云,raw_locked,0.22075739789631926,-1.5106909275054932
fenqusai/test_photo/681.jpg,0,4,False,blue,black,,7,7,True,云EZ1H19,0.9773590450328901,-0.41222154555362067,True,云,raw_locked,0.22075739789631926,-1.5106909275054932
fenqusai/test_photo/681.jpg,0,5,False,blue,special_7,,7,7,True,云EZ1H19,0.9773590450328901,-0.41222154555362067,True,云,raw_locked,0.22075739789631926,-1.5106909275054932
fenqusai/test_photo/681.jpg,0,6,False,blue,unknown_8,,8,8,True,云EZ1H194,0.5651612260249145,-10.271596189420961,True,云,raw_locked,0.22075739789631926,-1.5106909275054932
fenqusai/test_photo/684.jpg,0,0,True,blue,blue,,7,7,True,云CC6586,0.9349027381982903,-1.2116300115885679,True,云,raw_locked,0.23224858589793926,-1.4599469900131226
fenqusai/test_photo/684.jpg,0,1,False,blue,green,,8,8,True,云CCP6586,0.8052372443590053,-3.8991299668850843,True,云,raw_locked,0.23224858589793926,-1.4599469900131226
fenqusai/test_photo/684.jpg,0,2,False,blue,green,tractor_green,8,8,True,云CCP6586,0.8052372443590053,-3.8991299668850843,True,云,raw_locked,0.23224858589793926,-1.4599469900131226
fenqusai/test_photo/684.jpg,0,3,False,blue,yellow,,7,7,True,云CC6586,0.9349027381982903,-1.2116300115885679,True,云,raw_locked,0.23224858589793926,-1.4599469900131226
fenqusai/test_photo/684.jpg,0,4,False,blue,black,,7,7,True,云CC6586,0.9349027381982903,-1.2116300115885679,True,云,raw_locked,0.23224858589793926,-1.4599469900131226
fenqusai/test_photo/684.jpg,0,5,False,blue,special_7,,7,7,True,云CC6586,0.9349027381982903,-1.2116300115885679,True,云,raw_locked,0.23224858589793926,-1.4599469900131226
fenqusai/test_photo/684.jpg,0,6,False,blue,unknown_8,,8,8,True,云CCP6586,0.8052372443590053,-3.8991299668850843,True,云,raw_locked,0.23224858589793926,-1.4599469900131226
fenqusai/test_photo/686.jpg,0,0,True,blue,blue,,7,7,True,京P9WH18,0.982887340798137,-0.3106939127901498,True,京,raw_locked,0.3327988239124883,-1.1002171039581299
fenqusai/test_photo/686.jpg,0,1,False,blue,green,,8,8,True,京P9WH168,0.5096939732545193,-12.131006144569248,True,京,raw_locked,0.3327988239124883,-1.1002171039581299
fenqusai/test_photo/686.jpg,0,2,False,blue,green,tractor_green,8,8,True,京P9WH168,0.5096939732545193,-12.131006144569248,True,京,raw_locked,0.3327988239124883,-1.1002171039581299
fenqusai/test_photo/686.jpg,0,3,False,blue,yellow,,7,7,True,京P9WH18,0.982887340798137,-0.3106939127901498,True,京,raw_locked,0.3327988239124883,-1.1002171039581299
fenqusai/test_photo/686.jpg,0,4,False,blue,black,,7,7,True,京P9WH18,0.982887340798137,-0.3106939127901498,True,京,raw_locked,0.3327988239124883,-1.1002171039581299
fenqusai/test_photo/686.jpg,0,5,False,blue,special_7,,7,7,True,京P9WH18,0.982887340798137,-0.3106939127901498,True,京,raw_locked,0.3327988239124883,-1.1002171039581299
fenqusai/test_photo/686.jpg,0,6,False,blue,unknown_8,,8,8,True,京P9WH168,0.5096939732545193,-12.131006144569248,True,京,raw_locked,0.3327988239124883,-1.1002171039581299
fenqusai/test_photo/687.jpg,0,0,True,blue,blue,,7,7,True,辽A9826N,0.9984097504754799,-0.028647275641560555,True,辽,raw_locked,0.3239197069091526,-1.127259612083435
fenqusai/test_photo/687.jpg,0,1,False,blue,green,,8,8,True,辽AS9826N,0.3326881052929891,-19.80989727564156,True,辽,raw_locked,0.3239197069091526,-1.127259612083435
fenqusai/test_photo/687.jpg,0,2,False,blue,green,tractor_green,8,8,True,辽AS9826N,0.3326881052929891,-19.80989727564156,True,辽,raw_locked,0.3239197069091526,-1.127259612083435
fenqusai/test_photo/687.jpg,0,3,False,blue,yellow,,7,7,True,辽A9826N,0.9984097504754799,-0.028647275641560555,True,辽,raw_locked,0.3239197069091526,-1.127259612083435
fenqusai/test_photo/687.jpg,0,4,False,blue,black,,7,7,True,辽A9826N,0.9984097504754799,-0.028647275641560555,True,辽,raw_locked,0.3239197069091526,-1.127259612083435
fenqusai/test_photo/687.jpg,0,5,False,blue,special_7,,7,7,True,辽A9826N,0.9984097504754799,-0.028647275641560555,True,辽,raw_locked,0.3239197069091526,-1.127259612083435
fenqusai/test_photo/687.jpg,0,6,False,blue,unknown_8,,8,8,True,辽AS9826N,0.3326881052929891,-19.80989727564156,True,辽,raw_locked,0.3239197069091526,-1.127259612083435
fenqusai/test_photo/690.jpg,0,0,True,blue,blue,,7,7,True,川AY607E,0.9973909694951578,-0.047023919216336196,True,川,raw_locked,0.3262909562903068,-1.1199657917022705
fenqusai/test_photo/690.jpg,0,1,False,blue,green,,8,8,True,川DAY607E,0.5580305400767116,-10.500148562008654,True,川,raw_locked,0.3262909562903068,-1.1199657917022705
fenqusai/test_photo/690.jpg,0,2,False,blue,green,tractor_green,8,8,True,川DAY607E,0.5580305400767116,-10.500148562008654,True,川,raw_locked,0.3262909562903068,-1.1199657917022705
fenqusai/test_photo/690.jpg,0,3,False,blue,yellow,,7,7,True,川AY607E,0.9973909694951578,-0.047023919216336196,True,川,raw_locked,0.3262909562903068,-1.1199657917022705
fenqusai/test_photo/690.jpg,0,4,False,blue,black,,7,7,True,川AY607E,0.9973909694951578,-0.047023919216336196,True,川,raw_locked,0.3262909562903068,-1.1199657917022705
fenqusai/test_photo/690.jpg,0,5,False,blue,special_7,,7,7,True,川AY607E,0.9973909694951578,-0.047023919216336196,True,川,raw_locked,0.3262909562903068,-1.1199657917022705
fenqusai/test_photo/690.jpg,0,6,False,blue,unknown_8,,8,8,True,川DAY607E,0.5580305400767116,-10.500148562008654,True,川,raw_locked,0.3262909562903068,-1.1199657917022705
fenqusai/test_photo/691.jpg,0,0,True,blue,blue,,7,7,True,桂AAS999,0.7308329005566752,-5.644267840310931,True,桂,baseline,0.008251431929712325,-4.79736852645874
fenqusai/test_photo/691.jpg,0,1,False,blue,green,,8,8,True,桂EAAS999,0.7592865870429176,-4.956767780706286,True,桂,baseline,0.008251431929712325,-4.79736852645874
fenqusai/test_photo/691.jpg,0,2,False,blue,green,tractor_green,8,8,True,桂EAAS999,0.7592865870429176,-4.956767780706286,True,桂,baseline,0.008251431929712325,-4.79736852645874
fenqusai/test_photo/691.jpg,0,3,False,blue,yellow,,7,7,True,桂AAS999,0.7308329005566752,-5.644267840310931,True,桂,baseline,0.008251431929712325,-4.79736852645874
fenqusai/test_photo/691.jpg,0,4,False,blue,black,,7,7,True,桂AAS999,0.7308329005566752,-5.644267840310931,True,桂,baseline,0.008251431929712325,-4.79736852645874
fenqusai/test_photo/691.jpg,0,5,False,blue,special_7,,7,7,True,桂AAS999,0.7308329005566752,-5.644267840310931,True,桂,baseline,0.008251431929712325,-4.79736852645874
fenqusai/test_photo/691.jpg,0,6,False,blue,unknown_8,,8,8,True,桂EAAS999,0.7592865870429176,-4.956767780706286,True,桂,baseline,0.008251431929712325,-4.79736852645874
fenqusai/test_photo/696.jpg,0,0,True,blue,blue,,7,7,True,鄂N77777,0.9928126027557658,-0.12984031833547505,True,鄂,raw_locked,0.33114147135702005,-1.1052095890045166
fenqusai/test_photo/696.jpg,0,1,False,blue,green,,8,8,True,鄂N7777Z7,0.3017412109557244,-21.567339834047736,True,鄂,raw_locked,0.33114147135702005,-1.1052095890045166
fenqusai/test_photo/696.jpg,0,2,False,blue,green,tractor_green,8,8,True,鄂N7777Z7,0.3017412109557244,-21.567339834047736,True,鄂,raw_locked,0.33114147135702005,-1.1052095890045166
fenqusai/test_photo/696.jpg,0,3,False,blue,yellow,,7,7,True,鄂N77777,0.9928126027557658,-0.12984031833547505,True,鄂,raw_locked,0.33114147135702005,-1.1052095890045166
fenqusai/test_photo/696.jpg,0,4,False,blue,black,,7,7,True,鄂N77777,0.9928126027557658,-0.12984031833547505,True,鄂,raw_locked,0.33114147135702005,-1.1052095890045166
fenqusai/test_photo/696.jpg,0,5,False,blue,special_7,,7,7,True,鄂N77777,0.9928126027557658,-0.12984031833547505,True,鄂,raw_locked,0.33114147135702005,-1.1052095890045166
fenqusai/test_photo/696.jpg,0,6,False,blue,unknown_8,,8,8,True,鄂N7777Z7,0.3017412109557244,-21.567339834047736,True,鄂,raw_locked,0.33114147135702005,-1.1052095890045166
fenqusai/test_photo/716.jpg,0,0,True,black,black,,7,7,True,吉B91999,0.7900255080782611,-4.242420816042227,True,吉,baseline,0.004802710243642179,-5.3385748863220215
fenqusai/test_photo/716.jpg,0,1,False,black,blue,,7,7,True,吉B91999,0.7900255080782611,-4.242420816042227,True,吉,baseline,0.004802710243642179,-5.3385748863220215
fenqusai/test_photo/716.jpg,0,2,False,black,green,,8,7,False,吉B91999,0.7900255080782611,-4.242420816042227,True,吉,baseline,0.004802710243642179,-5.3385748863220215
fenqusai/test_photo/716.jpg,0,3,False,black,green,tractor_green,8,7,False,吉B91999,0.7900255080782611,-4.242420816042227,True,吉,baseline,0.004802710243642179,-5.3385748863220215
fenqusai/test_photo/716.jpg,0,4,False,black,yellow,,7,7,True,吉B91999,0.7900255080782611,-4.242420816042227,True,吉,baseline,0.004802710243642179,-5.3385748863220215
fenqusai/test_photo/716.jpg,0,5,False,black,special_7,,7,7,True,吉B91999,0.7900255080782611,-4.242420816042227,True,吉,baseline,0.004802710243642179,-5.3385748863220215
fenqusai/test_photo/716.jpg,0,6,False,black,unknown_8,,8,7,False,吉B91999,0.7900255080782611,-4.242420816042227,True,吉,baseline,0.004802710243642179,-5.3385748863220215
fenqusai/test_photo/847.jpg,0,0,True,yellow,yellow,,7,7,True,沪B87057,0.9873627362516822,-0.22892027638590662,True,沪,raw_locked,0.2651559428734706,-1.327437162399292
fenqusai/test_photo/847.jpg,0,1,False,yellow,blue,,7,7,True,沪B87057,0.9873627362516822,-0.22892027638590662,True,沪,raw_locked,0.2651559428734706,-1.327437162399292
fenqusai/test_photo/847.jpg,0,2,False,yellow,green,,8,8,True,沪B8705T7,0.33783406625817863,-19.53360778093338,True,沪,raw_locked,0.2651559428734706,-1.327437162399292
fenqusai/test_photo/847.jpg,0,3,False,yellow,green,tractor_green,8,8,True,沪B8705T7,0.33783406625817863,-19.53360778093338,True,沪,raw_locked,0.2651559428734706,-1.327437162399292
fenqusai/test_photo/847.jpg,0,4,False,yellow,black,,7,7,True,沪B87057,0.9873627362516822,-0.22892027638590662,True,沪,raw_locked,0.2651559428734706,-1.327437162399292
fenqusai/test_photo/847.jpg,0,5,False,yellow,special_7,,7,7,True,沪B87057,0.9873627362516822,-0.22892027638590662,True,沪,raw_locked,0.2651559428734706,-1.327437162399292
fenqusai/test_photo/847.jpg,0,6,False,yellow,unknown_8,,8,8,True,沪B8705T7,0.33783406625817863,-19.53360778093338,True,沪,raw_locked,0.2651559428734706,-1.327437162399292
fenqusai/test_photo/968.jpg,0,0,True,black,black,,7,7,True,辽A60888,0.9653752992087485,-0.6342901587417771,True,辽,raw_locked,0.17677129974062417,-1.732898473739624
fenqusai/test_photo/968.jpg,0,1,False,black,blue,,7,7,True,辽A60888,0.9653752992087485,-0.6342901587417771,True,辽,raw_locked,0.17677129974062417,-1.732898473739624
fenqusai/test_photo/968.jpg,0,2,False,black,green,,8,8,True,辽A608884,0.32533106510869136,-20.212415158741777,True,辽,raw_locked,0.17677129974062417,-1.732898473739624
fenqusai/test_photo/968.jpg,0,3,False,black,green,tractor_green,8,8,True,辽A608884,0.32533106510869136,-20.212415158741777,True,辽,raw_locked,0.17677129974062417,-1.732898473739624
fenqusai/test_photo/968.jpg,0,4,False,black,yellow,,7,7,True,辽A60888,0.9653752992087485,-0.6342901587417771,True,辽,raw_locked,0.17677129974062417,-1.732898473739624
fenqusai/test_photo/968.jpg,0,5,False,black,special_7,,7,7,True,辽A60888,0.9653752992087485,-0.6342901587417771,True,辽,raw_locked,0.17677129974062417,-1.732898473739624
fenqusai/test_photo/968.jpg,0,6,False,black,unknown_8,,8,8,True,辽A608884,0.32533106510869136,-20.212415158741777,True,辽,raw_locked,0.17677129974062417,-1.732898473739624
fenqusai/test_photo/969.jpg,0,0,True,blue,blue,,7,7,True,鲁AG6666,0.8478464211725659,-2.971003800598737,True,鲁,baseline,0.023368055791428304,-3.756385326385498
fenqusai/test_photo/969.jpg,0,1,False,blue,green,,8,8,True,川SAG6666,0.6789023509164398,-6.971003547278997,True,川,baseline,0.023368055791428304,-6.81765079498291
fenqusai/test_photo/969.jpg,0,2,False,blue,green,tractor_green,8,8,True,川SAG6666,0.6789023509164398,-6.971003547278997,True,川,baseline,0.023368055791428304,-6.81765079498291
fenqusai/test_photo/969.jpg,0,3,False,blue,yellow,,7,7,True,鲁AG6666,0.8478464211725659,-2.971003800598737,True,鲁,baseline,0.023368055791428304,-3.756385326385498
fenqusai/test_photo/969.jpg,0,4,False,blue,black,,7,7,True,鲁AG6666,0.8478464211725659,-2.971003800598737,True,鲁,baseline,0.023368055791428304,-3.756385326385498
fenqusai/test_photo/969.jpg,0,5,False,blue,special_7,,7,7,True,鲁AG6666,0.8478464211725659,-2.971003800598737,True,鲁,baseline,0.023368055791428304,-3.756385326385498
fenqusai/test_photo/969.jpg,0,6,False,blue,unknown_8,,8,8,True,川SAG6666,0.6789023509164398,-6.971003547278997,True,川,baseline,0.023368055791428304,-6.81765079498291
fenqusai/test_photo/971.jpg,0,0,True,blue,blue,,7,7,True,辽F88888,0.9182102281676919,-1.5359203414991498,True,辽,baseline,0.07235421258755018,-2.6261816024780273
fenqusai/test_photo/971.jpg,0,1,False,blue,green,,8,8,True,辽XF88888,0.404633580399858,-16.28592050075531,True,辽,baseline,0.07235421258755018,-2.6261816024780273
fenqusai/test_photo/971.jpg,0,2,False,blue,green,tractor_green,8,8,True,辽XF88888,0.404633580399858,-16.28592050075531,True,辽,baseline,0.07235421258755018,-2.6261816024780273
fenqusai/test_photo/971.jpg,0,3,False,blue,yellow,,7,7,True,辽F88888,0.9182102281676919,-1.5359203414991498,True,辽,baseline,0.07235421258755018,-2.6261816024780273
fenqusai/test_photo/971.jpg,0,4,False,blue,black,,7,7,True,辽F88888,0.9182102281676919,-1.5359203414991498,True,辽,baseline,0.07235421258755018,-2.6261816024780273
fenqusai/test_photo/971.jpg,0,5,False,blue,special_7,,7,7,True,辽F88888,0.9182102281676919,-1.5359203414991498,True,辽,baseline,0.07235421258755018,-2.6261816024780273
fenqusai/test_photo/971.jpg,0,6,False,blue,unknown_8,,8,8,True,辽XF88888,0.404633580399858,-16.28592050075531,True,辽,baseline,0.07235421258755018,-2.6261816024780273
fenqusai/test_photo/974.jpg,0,0,False,blue,blue,,7,7,True,辽AA9999,0.732012368330546,-5.615241633668575,True,辽,raw_locked,0.32462433252160344,-1.1250866651535034
fenqusai/test_photo/974.jpg,0,1,True,blue,green,,8,8,True,辽NAA9999,0.9697588385495426,-0.5527414520606726,True,辽,raw_locked,0.32462433252160344,-1.1250866651535034
fenqusai/test_photo/974.jpg,0,2,False,blue,green,tractor_green,8,8,True,辽NAA9999,0.9697588385495426,-0.5527414520606726,True,辽,raw_locked,0.32462433252160344,-1.1250866651535034
fenqusai/test_photo/974.jpg,0,3,False,blue,yellow,,7,7,True,辽AA9999,0.732012368330546,-5.615241633668575,True,辽,raw_locked,0.32462433252160344,-1.1250866651535034
fenqusai/test_photo/974.jpg,0,4,False,blue,black,,7,7,True,辽AA9999,0.732012368330546,-5.615241633668575,True,辽,raw_locked,0.32462433252160344,-1.1250866651535034
fenqusai/test_photo/974.jpg,0,5,False,blue,special_7,,7,7,True,辽AA9999,0.732012368330546,-5.615241633668575,True,辽,raw_locked,0.32462433252160344,-1.1250866651535034
fenqusai/test_photo/974.jpg,0,6,False,blue,unknown_8,,8,8,True,辽NAA9999,0.9697588385495426,-0.5527414520606726,True,辽,raw_locked,0.32462433252160344,-1.1250866651535034
fenqusai/test_photo/977.jpg,0,0,True,blue,blue,,7,7,True,皖A779D1,0.9915801159979891,-0.15219956636428833,True,皖,raw_locked,0.2862723022776023,-1.2508118152618408
fenqusai/test_photo/977.jpg,0,1,False,blue,green,,8,8,True,皖A779D71,0.24693095800199813,-25.17563706636429,True,皖,raw_locked,0.2862723022776023,-1.2508118152618408
fenqusai/test_photo/977.jpg,0,2,False,blue,green,tractor_green,8,8,True,皖A779D71,0.24693095800199813,-25.17563706636429,True,皖,raw_locked,0.2862723022776023,-1.2508118152618408
fenqusai/test_photo/977.jpg,0,3,False,blue,yellow,,7,7,True,皖A779D1,0.9915801159979891,-0.15219956636428833,True,皖,raw_locked,0.2862723022776023,-1.2508118152618408
fenqusai/test_photo/977.jpg,0,4,False,blue,black,,7,7,True,皖A779D1,0.9915801159979891,-0.15219956636428833,True,皖,raw_locked,0.2862723022776023,-1.2508118152618408
fenqusai/test_photo/977.jpg,0,5,False,blue,special_7,,7,7,True,皖A779D1,0.9915801159979891,-0.15219956636428833,True,皖,raw_locked,0.2862723022776023,-1.2508118152618408
fenqusai/test_photo/977.jpg,0,6,False,blue,unknown_8,,8,8,True,皖A779D71,0.24693095800199813,-25.17563706636429,True,皖,raw_locked,0.2862723022776023,-1.2508118152618408
fenqusai/test_photo/985.jpg,0,0,True,blue,blue,,7,7,True,桂FD5352,0.9294354201034856,-1.3172031420680241,True,桂,baseline,0.09437463573923757,-2.360482931137085
fenqusai/test_photo/985.jpg,0,1,False,blue,green,,8,7,False,桂FD5352,0.9294354201034856,-1.3172031420680241,True,桂,baseline,0.09437463573923757,-2.360482931137085
fenqusai/test_photo/985.jpg,0,2,False,blue,green,tractor_green,8,7,False,桂FD5352,0.9294354201034856,-1.3172031420680241,True,桂,baseline,0.09437463573923757,-2.360482931137085
fenqusai/test_photo/985.jpg,0,3,False,blue,yellow,,7,7,True,桂FD5352,0.9294354201034856,-1.3172031420680241,True,桂,baseline,0.09437463573923757,-2.360482931137085
fenqusai/test_photo/985.jpg,0,4,False,blue,black,,7,7,True,桂FD5352,0.9294354201034856,-1.3172031420680241,True,桂,baseline,0.09437463573923757,-2.360482931137085
fenqusai/test_photo/985.jpg,0,5,False,blue,special_7,,7,7,True,桂FD5352,0.9294354201034856,-1.3172031420680241,True,桂,baseline,0.09437463573923757,-2.360482931137085
fenqusai/test_photo/985.jpg,0,6,False,blue,unknown_8,,8,7,False,桂FD5352,0.9294354201034856,-1.3172031420680241,True,桂,baseline,0.09437463573923757,-2.360482931137085
fenqusai/test_photo/987.jpg,0,0,True,blue,blue,,7,7,True,皖AQ2152,0.9293657356133926,-1.3185527440073201,True,皖,raw_locked,0.30608341550796697,-1.183897614479065
fenqusai/test_photo/987.jpg,0,1,False,blue,green,,8,8,True,皖RAQ2152,0.5061653864086176,-12.25605262479803,True,皖,raw_locked,0.30608341550796697,-1.183897614479065
fenqusai/test_photo/987.jpg,0,2,False,blue,green,tractor_green,8,8,True,皖RAQ2152,0.5061653864086176,-12.25605262479803,True,皖,raw_locked,0.30608341550796697,-1.183897614479065
fenqusai/test_photo/987.jpg,0,3,False,blue,yellow,,7,7,True,皖AQ2152,0.9293657356133926,-1.3185527440073201,True,皖,raw_locked,0.30608341550796697,-1.183897614479065
fenqusai/test_photo/987.jpg,0,4,False,blue,black,,7,7,True,皖AQ2152,0.9293657356133926,-1.3185527440073201,True,皖,raw_locked,0.30608341550796697,-1.183897614479065
fenqusai/test_photo/987.jpg,0,5,False,blue,special_7,,7,7,True,皖AQ2152,0.9293657356133926,-1.3185527440073201,True,皖,raw_locked,0.30608341550796697,-1.183897614479065
fenqusai/test_photo/987.jpg,0,6,False,blue,unknown_8,,8,8,True,皖RAQ2152,0.5061653864086176,-12.25605262479803,True,皖,raw_locked,0.30608341550796697,-1.183897614479065
fenqusai/test_photo/989.jpg,0,0,True,blue,blue,,7,7,True,苏JAY888,0.6644000410242495,-7.359675110940373,True,苏,0,0.00021220895159862867,-8.457939147949219
fenqusai/test_photo/989.jpg,0,1,False,blue,green,,8,7,False,苏JAY888,0.6644000410242495,-7.359675110940373,True,苏,0,0.00021220895159862867,-8.457939147949219
fenqusai/test_photo/989.jpg,0,2,False,blue,green,tractor_green,8,7,False,苏JAY888,0.6644000410242495,-7.359675110940373,True,苏,0,0.00021220895159862867,-8.457939147949219
fenqusai/test_photo/989.jpg,0,3,False,blue,yellow,,7,7,True,苏JAY888,0.6644000410242495,-7.359675110940373,True,苏,0,0.00021220895159862867,-8.457939147949219
fenqusai/test_photo/989.jpg,0,4,False,blue,black,,7,7,True,苏JAY888,0.6644000410242495,-7.359675110940373,True,苏,0,0.00021220895159862867,-8.457939147949219
fenqusai/test_photo/989.jpg,0,5,False,blue,special_7,,7,7,True,苏JAY888,0.6644000410242495,-7.359675110940373,True,苏,0,0.00021220895159862867,-8.457939147949219
fenqusai/test_photo/989.jpg,0,6,False,blue,unknown_8,,8,7,False,苏JAY888,0.6644000410242495,-7.359675110940373,True,苏,0,0.00021220895159862867,-8.457939147949219
fenqusai/test_photo/992.jpg,0,0,True,blue,blue,,7,7,True,苏B99999,0.9845449931064907,-0.2803622484206869,True,苏,raw_locked,0.2622312544623477,-1.3385285139083862
fenqusai/test_photo/992.jpg,0,1,False,blue,green,,8,8,True,苏B299999,0.28851557513827575,-22.374111741781206,True,苏,raw_locked,0.2622312544623477,-1.3385285139083862
fenqusai/test_photo/992.jpg,0,2,False,blue,green,tractor_green,8,8,True,苏B299999,0.28851557513827575,-22.374111741781206,True,苏,raw_locked,0.2622312544623477,-1.3385285139083862
fenqusai/test_photo/992.jpg,0,3,False,blue,yellow,,7,7,True,苏B99999,0.9845449931064907,-0.2803622484206869,True,苏,raw_locked,0.2622312544623477,-1.3385285139083862
fenqusai/test_photo/992.jpg,0,4,False,blue,black,,7,7,True,苏B99999,0.9845449931064907,-0.2803622484206869,True,苏,raw_locked,0.2622312544623477,-1.3385285139083862
fenqusai/test_photo/992.jpg,0,5,False,blue,special_7,,7,7,True,苏B99999,0.9845449931064907,-0.2803622484206869,True,苏,raw_locked,0.2622312544623477,-1.3385285139083862
fenqusai/test_photo/992.jpg,0,6,False,blue,unknown_8,,8,8,True,苏B299999,0.28851557513827575,-22.374111741781206,True,苏,raw_locked,0.2622312544623477,-1.3385285139083862
fenqusai/test_photo/999.jpg,0,0,True,blue,blue,,7,7,True,琼A562H3,0.9537988069322445,-0.8514454315709017,True,琼,raw_locked,0.14228096784862354,-1.9499515295028687
fenqusai/test_photo/999.jpg,0,1,False,blue,green,,8,8,True,琼WA562H3,0.24827390267971042,-25.078008527641906,True,琼,raw_locked,0.14228096784862354,-1.9499515295028687
fenqusai/test_photo/999.jpg,0,2,False,blue,green,tractor_green,8,8,True,琼WA562H3,0.24827390267971042,-25.078008527641906,True,琼,raw_locked,0.14228096784862354,-1.9499515295028687
fenqusai/test_photo/999.jpg,0,3,False,blue,yellow,,7,7,True,琼A562H3,0.9537988069322445,-0.8514454315709017,True,琼,raw_locked,0.14228096784862354,-1.9499515295028687
fenqusai/test_photo/999.jpg,0,4,False,blue,black,,7,7,True,琼A562H3,0.9537988069322445,-0.8514454315709017,True,琼,raw_locked,0.14228096784862354,-1.9499515295028687
fenqusai/test_photo/999.jpg,0,5,False,blue,special_7,,7,7,True,琼A562H3,0.9537988069322445,-0.8514454315709017,True,琼,raw_locked,0.14228096784862354,-1.9499515295028687
fenqusai/test_photo/999.jpg,0,6,False,blue,unknown_8,,8,8,True,琼WA562H3,0.24827390267971042,-25.078008527641906,True,琼,raw_locked,0.14228096784862354,-1.9499515295028687
