image,plate_index,candidate_rank,selected,estimated_type,plate_type,plate_subtype,target_len,text_len,length_ok,text,lpr_score,beam_score,province_aware,province_char,province_rank,province_conf,province_score
fenqusai/test_photo/000000109.jpg,0,0,True,green,green,,8,8,True,鄂H02143D,0.9999993973341792,-1.0847988043849455e-05,True,鄂,baseline,0.33333332672197086,-1.0986123085021973
fenqusai/test_photo/000000109.jpg,0,1,False,green,green,tractor_green,8,8,True,鄂H02143D,0.9999993973341792,-1.0847988043849455e-05,True,鄂,baseline,0.33333332672197086,-1.0986123085021973
fenqusai/test_photo/000000109.jpg,0,2,False,green,blue,,7,7,True,鄂H02143,0.12581820022163678,-37.312510847988044,True,鄂,baseline,0.33333332672197086,-1.0986123085021973
fenqusai/test_photo/000000109.jpg,0,3,False,green,yellow,,7,7,True,鄂H02143,0.12581820022163678,-37.312510847988044,True,鄂,baseline,0.33333332672197086,-1.0986123085021973
fenqusai/test_photo/000000109.jpg,0,4,False,green,black,,7,7,True,鄂H02143,0.12581820022163678,-37.312510847988044,True,鄂,baseline,0.33333332672197086,-1.0986123085021973
fenqusai/test_photo/000000109.jpg,0,5,False,green,special_7,,7,7,True,鄂H02143,0.12581820022163678,-37.312510847988044,True,鄂,baseline,0.33333332672197086,-1.0986123085021973
fenqusai/test_photo/000000109.jpg,0,6,False,green,unknown_8,,8,8,True,鄂H02143D,0.9999993973341792,-1.0847988043849455e-05,True,鄂,baseline,0.33333332672197086,-1.0986123085021973
fenqusai/test_photo/000000110.jpg,0,0,True,green,green,,8,8,True,晋R40096F,0.9999999271499085,-1.311301694784106e-06,True,晋,baseline,0.33333332672197086,-1.0986123085021973
fenqusai/test_photo/000000110.jpg,0,1,False,green,green,tractor_green,8,8,True,晋R40096F,0.9999999271499085,-1.311301694784106e-06,True,晋,baseline,0.33333332672197086,-1.0986123085021973
fenqusai/test_photo/000000110.jpg,0,2,False,green,blue,,7,7,True,晋R40096,0.04063501795770253,-57.656251311301695,True,晋,baseline,0.33333332672197086,-1.0986123085021973
fenqusai/test_photo/000000110.jpg,0,3,False,green,yellow,,7,7,True,晋R40096,0.04063501795770253,-57.656251311301695,True,晋,baseline,0.33333332672197086,-1.0986123085021973
fenqusai/test_photo/000000110.jpg,0,4,False,green,black,,7,7,True,晋R40096,0.04063501795770253,-57.656251311301695,True,晋,baseline,0.33333332672197086,-1.0986123085021973
fenqusai/test_photo/000000110.jpg,0,5,False,green,special_7,,7,7,True,晋R40096,0.04063501795770253,-57.656251311301695,True,晋,baseline,0.33333332672197086,-1.0986123085021973
fenqusai/test_photo/000000110.jpg,0,6,False,green,unknown_8,,8,8,True,晋R40096F,0.9999999271499085,-1.311301694784106e-06,True,晋,baseline,0.33333332672197086,-1.0986123085021973
fenqusai/test_photo/000000125.jpg,0,0,True,green,green,,8,8,True,皖E98075D,0.9984427905647473,-0.028051616628545162,True,皖,baseline,0.33333332672197086,-1.0986123085021973
fenqusai/test_photo/000000125.jpg,0,1,False,green,green,tractor_green,8,8,True,皖E98075D,0.9984427905647473,-0.028051616628545162,True,皖,baseline,0.33333332672197086,-1.0986123085021973
fenqusai/test_photo/000000125.jpg,0,2,False,green,blue,,7,7,True,皖E98075,0.06985870021336277,-47.903051616628545,True,皖,baseline,0.33333332672197086,-1.0986123085021973
fenqusai/test_photo/000000125.jpg,0,3,False,green,yellow,,7,7,True,皖E98075,0.06985870021336277,-47.903051616628545,True,皖,baseline,0.33333332672197086,-1.0986123085021973
fenqusai/test_photo/000000125.jpg,0,4,False,green,black,,7,7,True,皖E98075,0.06985870021336277,-47.903051616628545,True,皖,baseline,0.33333332672197086,-1.0986123085021973
fenqusai/test_photo/000000125.jpg,0,5,False,green,special_7,,7,7,True,皖98075D,0.461906977082767,-13.903051616629,True,皖,baseline,0.33333332672197086,-1.0986123085021973
fenqusai/test_photo/000000125.jpg,0,6,False,green,unknown_8,,8,8,True,皖E98075D,0.9984427905647473,-0.028051616628545162,True,皖,baseline,0.33333332672197086,-1.0986123085021973
fenqusai/test_photo/000000126.jpg,0,0,False,green,green,,8,8,True,桂NF9S061,0.4160964226200582,-15.783088687821532,True,桂,baseline,0.33333332672197086,-1.0986123085021973
fenqusai/test_photo/000000126.jpg,0,1,False,green,green,tractor_green,8,8,True,桂NF9S061,0.4160964226200582,-15.783088687821532,True,桂,baseline,0.33333332672197086,-1.0986123085021973
fenqusai/test_photo/000000126.jpg,0,2,True,green,blue,,7,7,True,桂NFS061,0.9998978558936713,-0.0018386878210776558,True,桂,baseline,0.33333332672197086,-1.0986123085021973
fenqusai/test_photo/000000126.jpg,0,3,False,green,yellow,,7,7,True,桂NFS061,0.9998978558936713,-0.0018386878210776558,True,桂,baseline,0.33333332672197086,-1.0986123085021973
fenqusai/test_photo/000000126.jpg,0,4,False,green,black,,7,7,True,桂NFS061,0.9998978558936713,-0.0018386878210776558,True,桂,baseline,0.33333332672197086,-1.0986123085021973
fenqusai/test_photo/000000126.jpg,0,5,False,green,special_7,,7,7,True,桂NFS061,0.9998978558936713,-0.0018386878210776558,True,桂,baseline,0.33333332672197086,-1.0986123085021973
fenqusai/test_photo/000000126.jpg,0,6,False,green,unknown_8,,8,8,True,桂NF9S061,0.4160964226200582,-15.783088687821532,True,桂,baseline,0.33333332672197086,-1.0986123085021973
fenqusai/test_photo/000000200.jpg,0,0,True,blue,blue,,7,7,True,黑ATFNU0,0.9999893976700164,-0.0001908429513974852,True,黑,baseline,0.33328600399443675,-1.0987542867660522
fenqusai/test_photo/000000200.jpg,0,1,False,blue,green,,8,7,False,黑ATFNU0,0.9999893976700164,-0.0001908429513974852,True,黑,baseline,0.33328600399443675,-1.0987542867660522
fenqusai/test_photo/000000200.jpg,0,2,False,blue,green,tractor_green,8,7,False,黑ATFNU0,0.9999893976700164,-0.0001908429513974852,True,黑,baseline,0.33328600399443675,-1.0987542867660522
fenqusai/test_photo/000000200.jpg,0,3,False,blue,yellow,,7,7,True,黑ATFNU0,0.9999893976700164,-0.0001908429513974852,True,黑,baseline,0.33328600399443675,-1.0987542867660522
fenqusai/test_photo/000000200.jpg,0,4,False,blue,black,,7,7,True,黑ATFNU0,0.9999893976700164,-0.0001908429513974852,True,黑,baseline,0.33328600399443675,-1.0987542867660522
fenqusai/test_photo/000000200.jpg,0,5,False,blue,special_7,,7,7,True,黑ATFNU0,0.9999893976700164,-0.0001908429513974852,True,黑,baseline,0.33328600399443675,-1.0987542867660522
fenqusai/test_photo/000000200.jpg,0,6,False,blue,unknown_8,,8,7,False,黑ATFNU0,0.9999893976700164,-0.0001908429513974852,True,黑,baseline,0.33328600399443675,-1.0987542867660522
fenqusai/test_photo/000000206.jpg,0,0,True,yellow,yellow,,7,7,True,晋ME8U5R,0.9585558787988019,-0.7618935604091348,True,晋,baseline,0.33333332672197086,-1.0986123085021973
fenqusai/test_photo/000000206.jpg,0,1,False,yellow,blue,,7,7,True,晋ME8U5R,0.9585558787988019,-0.7618935604091348,True,晋,baseline,0.33333332672197086,-1.0986123085021973
fenqusai/test_photo/000000206.jpg,0,2,False,yellow,green,,8,7,False,晋ME8U5R,0.9585558787988019,-0.7618935604091348,True,晋,baseline,0.33333332672197086,-1.0986123085021973
fenqusai/test_photo/000000206.jpg,0,3,False,yellow,green,tractor_green,8,7,False,晋ME8U5R,0.9585558787988019,-0.7618935604091348,True,晋,baseline,0.33333332672197086,-1.0986123085021973
fenqusai/test_photo/000000206.jpg,0,4,False,yellow,black,,7,7,True,晋ME8U5R,0.9585558787988019,-0.7618935604091348,True,晋,baseline,0.33333332672197086,-1.0986123085021973
fenqusai/test_photo/000000206.jpg,0,5,False,yellow,special_7,,7,7,True,晋ME8U5R,0.9585558787988019,-0.7618935604091348,True,晋,baseline,0.33333332672197086,-1.0986123085021973
fenqusai/test_photo/000000206.jpg,0,6,False,yellow,unknown_8,,8,7,False,晋ME8U5R,0.9585558787988019,-0.7618935604091348,True,晋,baseline,0.33333332672197086,-1.0986123085021973
fenqusai/test_photo/0302734375-95_254-229&410_508&519-508&519_241&483_229&410_498&439-0_0_5_24_31_24_24_24-105-51.jpg,0,0,False,green,green,,8,8,True,川AAF0700,0.724491566327281,-5.801132843446226,True,川,baseline,0.3292070588548822,-1.1110683679580688
fenqusai/test_photo/0302734375-95_254-229&410_508&519-508&519_241&483_229&410_498&439-0_0_5_24_31_24_24_24-105-51.jpg,0,1,False,green,green,tractor_green,8,8,True,川AAF0700,0.724491566327281,-5.801132843446226,True,川,baseline,0.3292070588548822,-1.1110683679580688
fenqusai/test_photo/0302734375-95_254-229&410_508&519-508&519_241&483_229&410_498&439-0_0_5_24_31_24_24_24-105-51.jpg,0,2,True,green,blue,,7,7,True,川AF0700,0.9937069447502255,-0.11363291981467682,True,川,baseline,0.3292070588548822,-1.1110683679580688
fenqusai/test_photo/0302734375-95_254-229&410_508&519-508&519_241&483_229&410_498&439-0_0_5_24_31_24_24_24-105-51.jpg,0,3,False,green,yellow,,7,7,True,川AF0700,0.9937069447502255,-0.11363291981467682,True,川,baseline,0.3292070588548822,-1.1110683679580688
fenqusai/test_photo/0302734375-95_254-229&410_508&519-508&519_241&483_229&410_498&439-0_0_5_24_31_24_24_24-105-51.jpg,0,4,False,green,black,,7,7,True,川AF0700,0.9937069447502255,-0.11363291981467682,True,川,baseline,0.3292070588548822,-1.1110683679580688
fenqusai/test_photo/0302734375-95_254-229&410_508&519-508&519_241&483_229&410_498&439-0_0_5_24_31_24_24_24-105-51.jpg,0,5,False,green,special_7,,7,7,True,川AF0700,0.9937069447502255,-0.11363291981467682,True,川,baseline,0.3292070588548822,-1.1110683679580688
fenqusai/test_photo/0302734375-95_254-229&410_508&519-508&519_241&483_229&410_498&439-0_0_5_24_31_24_24_24-105-51.jpg,0,6,False,green,unknown_8,,8,8,True,川AAF0700,0.724491566327281,-5.801132843446226,True,川,baseline,0.3292070588548822,-1.1110683679580688
fenqusai/test_photo/0348046875-94_241-216&458_513&576-513&576_249&537_216&458_480&480-0_0_5_24_31_24_30_32-69-40.jpg,0,0,True,green,green,,8,8,True,川FQ710N8,0.8404895438437321,-3.1278737989967382,True,川,baseline,0.3316123099628171,-1.1037887334823608
fenqusai/test_photo/0348046875-94_241-216&458_513&576-513&576_249&537_216&458_480&480-0_0_5_24_31_24_30_32-69-40.jpg,0,1,False,green,green,tractor_green,8,8,True,川FQ710N8,0.8404895438437321,-3.1278737989967382,True,川,baseline,0.3316123099628171,-1.1037887334823608
fenqusai/test_photo/0348046875-94_241-216&458_513&576-513&576_249&537_216&458_480&480-0_0_5_24_31_24_30_32-69-40.jpg,0,2,False,green,blue,,7,7,True,川FQ70N8,0.623515355402698,-8.50287395545893,True,川,baseline,0.3316123099628171,-1.1037887334823608
fenqusai/test_photo/0348046875-94_241-216&458_513&576-513&576_249&537_216&458_480&480-0_0_5_24_31_24_30_32-69-40.jpg,0,3,False,green,yellow,,7,7,True,川FQ70N8,0.623515355402698,-8.50287395545893,True,川,baseline,0.3316123099628171,-1.1037887334823608
fenqusai/test_photo/0348046875-94_241-216&458_513&576-513&576_249&537_216&458_480&480-0_0_5_24_31_24_30_32-69-40.jpg,0,4,False,green,black,,7,7,True,川FQ710领,0.10538239799026163,-40.50287385860138,True,川,baseline,0.3316123099628171,-1.1037887334823608
fenqusai/test_photo/0348046875-94_241-216&458_513&576-513&576_249&537_216&458_480&480-0_0_5_24_31_24_30_32-69-40.jpg,0,5,False,green,special_7,,7,7,True,川7Q710领,0.11614249519075252,-38.75287382879906,True,川,baseline,0.3316123099628171,-1.1037887334823608
fenqusai/test_photo/0348046875-94_241-216&458_513&576-513&576_249&537_216&458_480&480-0_0_5_24_31_24_30_32-69-40.jpg,0,6,False,green,unknown_8,,8,8,True,川FQ710N8,0.8404895438437321,-3.1278737989967382,True,川,baseline,0.3316123099628171,-1.1037887334823608
fenqusai/test_photo/034921875-97_247-191&443_489&561-489&561_209&516_191&443_477&482-0_0_3_24_30_28_33_32-65-188.jpg,0,0,False,green,green,,8,8,True,川K2D8498,0.42840741668175825,-15.258251304767299,True,川,baseline,0.24236510305001782,-1.4173099994659424
fenqusai/test_photo/034921875-97_247-191&443_489&561-489&561_209&516_191&443_477&482-0_0_3_24_30_28_33_32-65-188.jpg,0,1,False,green,green,tractor_green,8,8,True,川K2D8498,0.42840741668175825,-15.258251304767299,True,川,baseline,0.24236510305001782,-1.4173099994659424
fenqusai/test_photo/034921875-97_247-191&443_489&561-489&561_209&516_191&443_477&482-0_0_3_24_30_28_33_32-65-188.jpg,0,2,False,green,blue,,7,7,True,川K2D898,0.48883211215262845,-12.88325119300859,True,川,baseline,0.24236510305001782,-1.4173099994659424
fenqusai/test_photo/034921875-97_247-191&443_489&561-489&561_209&516_191&443_477&482-0_0_3_24_30_28_33_32-65-188.jpg,0,3,False,green,yellow,,7,7,True,川K2D898,0.48883211215262845,-12.88325119300859,True,川,baseline,0.24236510305001782,-1.4173099994659424
fenqusai/test_photo/034921875-97_247-191&443_489&561-489&561_209&516_191&443_477&482-0_0_3_24_30_28_33_32-65-188.jpg,0,4,False,green,black,,7,7,True,川K领D898,0.7112465185241568,-6.133251391613129,True,川,baseline,0.24236510305001782,-1.4173099994659424
fenqusai/test_photo/034921875-97_247-191&443_489&561-489&561_209&516_191&443_477&482-0_0_3_24_30_28_33_32-65-188.jpg,0,5,True,green,special_7,,7,7,True,川8领D898,0.8609111572892428,-2.695751376711968,True,川,baseline,0.24236510305001782,-1.4173099994659424
fenqusai/test_photo/034921875-97_247-191&443_489&561-489&561_209&516_191&443_477&482-0_0_3_24_30_28_33_32-65-188.jpg,0,6,False,green,unknown_8,,8,8,True,川K2D8498,0.42840741668175825,-15.258251304767299,True,川,baseline,0.24236510305001782,-1.4173099994659424
fenqusai/test_photo/03671875-106_247-213&385_448&542-448&542_221&459_213&385_443&457-0_0_3_26_30_30_26_33-107-61.jpg,0,0,True,green,green,,8,8,True,川FD28824,0.9097043905695871,-1.7034403999122958,True,川,baseline,0.2889579360071782,-1.2414741516113281
fenqusai/test_photo/03671875-106_247-213&385_448&542-448&542_221&459_213&385_443&457-0_0_3_26_30_30_26_33-107-61.jpg,0,1,False,green,green,tractor_green,8,8,True,川FD28824,0.9097043905695871,-1.7034403999122958,True,川,baseline,0.2889579360071782,-1.2414741516113281
fenqusai/test_photo/03671875-106_247-213&385_448&542-448&542_221&459_213&385_443&457-0_0_3_26_30_30_26_33-107-61.jpg,0,2,False,green,blue,,7,7,True,川FD2824,0.825424240943567,-3.4534402807030062,True,川,baseline,0.2889579360071782,-1.2414741516113281
fenqusai/test_photo/03671875-106_247-213&385_448&542-448&542_221&459_213&385_443&457-0_0_3_26_30_30_26_33-107-61.jpg,0,3,False,green,yellow,,7,7,True,川FD2824,0.825424240943567,-3.4534402807030062,True,川,baseline,0.2889579360071782,-1.2414741516113281
fenqusai/test_photo/03671875-106_247-213&385_448&542-448&542_221&459_213&385_443&457-0_0_3_26_30_30_26_33-107-61.jpg,0,4,False,green,black,,7,7,True,川FD2824,0.825424240943567,-3.4534402807030062,True,川,baseline,0.2889579360071782,-1.2414741516113281
fenqusai/test_photo/03671875-106_247-213&385_448&542-448&542_221&459_213&385_443&457-0_0_3_26_30_30_26_33-107-61.jpg,0,5,False,green,special_7,,7,7,True,川FD2824,0.825424240943567,-3.4534402807030062,True,川,baseline,0.2889579360071782,-1.2414741516113281
fenqusai/test_photo/03671875-106_247-213&385_448&542-448&542_221&459_213&385_443&457-0_0_3_26_30_30_26_33-107-61.jpg,0,6,False,green,unknown_8,,8,8,True,川FD28824,0.9097043905695871,-1.7034403999122958,True,川,baseline,0.2889579360071782,-1.2414741516113281
fenqusai/test_photo/0369140625-81_260-299&432_569&570-559&507_299&570_300&482_569&432-0_0_3_25_24_24_24_26-93-44.jpg,0,0,True,green,green,,8,8,True,湘AD1444K,0.886306248416648,-2.1724692346939776,True,湘,baseline,0.2040369743326479,-1.5894540548324585
fenqusai/test_photo/0369140625-81_260-299&432_569&570-559&507_299&570_300&482_569&432-0_0_3_25_24_24_24_26-93-44.jpg,0,1,False,green,green,tractor_green,8,8,True,湘AD1444K,0.886306248416648,-2.1724692346939776,True,湘,baseline,0.2040369743326479,-1.5894540548324585
fenqusai/test_photo/0369140625-81_260-299&432_569&570-559&507_299&570_300&482_569&432-0_0_3_25_24_24_24_26-93-44.jpg,0,2,False,green,blue,,7,7,True,湘AD144K,0.7958602882589396,-4.1099692644963,True,湘,baseline,0.2040369743326479,-1.5894540548324585
fenqusai/test_photo/0369140625-81_260-299&432_569&570-559&507_299&570_300&482_569&432-0_0_3_25_24_24_24_26-93-44.jpg,0,3,False,green,yellow,,7,7,True,湘AD144K,0.7958602882589396,-4.1099692644963,True,湘,baseline,0.2040369743326479,-1.5894540548324585
fenqusai/test_photo/0369140625-81_260-299&432_569&570-559&507_299&570_300&482_569&432-0_0_3_25_24_24_24_26-93-44.jpg,0,4,False,green,black,,7,7,True,湘AD144临,0.8413259916714045,-3.1099692644963,True,湘,baseline,0.2040369743326479,-1.5894540548324585
fenqusai/test_photo/0369140625-81_260-299&432_569&570-559&507_299&570_300&482_569&432-0_0_3_25_24_24_24_26-93-44.jpg,0,5,False,green,special_7,,7,7,True,湘AD144临,0.8413259916714045,-3.1099692644963,True,湘,baseline,0.2040369743326479,-1.5894540548324585
fenqusai/test_photo/0369140625-81_260-299&432_569&570-559&507_299&570_300&482_569&432-0_0_3_25_24_24_24_26-93-44.jpg,0,6,False,green,unknown_8,,8,8,True,湘AD1444K,0.886306248416648,-2.1724692346939776,True,湘,baseline,0.2040369743326479,-1.5894540548324585
fenqusai/test_photo/046015625-97_243-180&408_522&543-522&543_208&495_180&408_501&451-0_0_3_24_30_30_33_25-61-79.jpg,0,0,False,green,green,,8,4,False,川PT8,0.1430124698504513,-35.00682211390813,True,川,baseline,0.32267309573834535,-1.1311155557632446
fenqusai/test_photo/046015625-97_243-180&408_522&543-522&543_208&495_180&408_501&451-0_0_3_24_30_30_33_25-61-79.jpg,0,1,False,green,green,tractor_green,8,8,True,川A学PTV8学,0.16489236577204472,-32.444322238705354,True,川,baseline,0.32267309573834535,-1.1311155557632446
fenqusai/test_photo/046015625-97_243-180&408_522&543-522&543_208&495_180&408_501&451-0_0_3_24_30_30_33_25-61-79.jpg,0,2,False,green,blue,,7,4,False,川PT8,0.1430124698504513,-35.00682211390813,True,川,baseline,0.32267309573834535,-1.1311155557632446
fenqusai/test_photo/046015625-97_243-180&408_522&543-522&543_208&495_180&408_501&451-0_0_3_24_30_30_33_25-61-79.jpg,0,3,False,green,yellow,,7,7,True,川A学PT8学,0.18427036304021813,-30.444322238705354,True,川,baseline,0.32267309573834535,-1.1311155557632446
fenqusai/test_photo/046015625-97_243-180&408_522&543-522&543_208&495_180&408_501&451-0_0_3_24_30_30_33_25-61-79.jpg,0,4,False,green,black,,7,7,True,川A学临领8领,0.6387158185494725,-8.069321734743426,True,川,baseline,0.32267309573834535,-1.1311155557632446
fenqusai/test_photo/046015625-97_243-180&408_522&543-522&543_208&495_180&408_501&451-0_0_3_24_30_30_33_25-61-79.jpg,0,5,True,green,special_7,,7,7,True,川A学临领8领,0.6387158185494725,-8.069321734743426,True,川,baseline,0.32267309573834535,-1.1311155557632446
fenqusai/test_photo/046015625-97_243-180&408_522&543-522&543_208&495_180&408_501&451-0_0_3_24_30_30_33_25-61-79.jpg,0,6,False,green,unknown_8,,8,4,False,川PT8,0.1430124698504513,-35.00682211390813,True,川,baseline,0.32267309573834535,-1.1311155557632446
fenqusai/test_photo/049921875-80_275-250&410_534&587-534&506_259&587_250&469_530&410-0_0_3_17_25_25_30_25-128-23.jpg,0,0,True,green,green,,8,8,True,藏KAT1AQ1,0.7668487717996414,-4.778381979073856,True,藏,baseline,0.1614713297002787,-1.823427677154541
fenqusai/test_photo/049921875-80_275-250&410_534&587-534&506_259&587_250&469_530&410-0_0_3_17_25_25_30_25-128-23.jpg,0,1,False,green,green,tractor_green,8,8,True,藏KAT1AQ1,0.7668487717996414,-4.778381979073856,True,藏,baseline,0.1614713297002787,-1.823427677154541
fenqusai/test_photo/049921875-80_275-250&410_534&587-534&506_259&587_250&469_530&410-0_0_3_17_25_25_30_25-128-23.jpg,0,2,False,green,blue,,7,7,True,藏KA4T11,0.7355532595429958,-5.528381919469211,True,藏,baseline,0.1614713297002787,-1.823427677154541
fenqusai/test_photo/049921875-80_275-250&410_534&587-534&506_259&587_250&469_530&410-0_0_3_17_25_25_30_25-128-23.jpg,0,3,False,green,yellow,,7,7,True,藏KA4T11,0.7355532595429958,-5.528381919469211,True,藏,baseline,0.1614713297002787,-1.823427677154541
fenqusai/test_photo/049921875-80_275-250&410_534&587-534&506_259&587_250&469_530&410-0_0_3_17_25_25_30_25-128-23.jpg,0,4,False,green,black,,7,7,True,藏KA4T11,0.7355532595429958,-5.528381919469211,True,藏,baseline,0.1614713297002787,-1.823427677154541
fenqusai/test_photo/049921875-80_275-250&410_534&587-534&506_259&587_250&469_530&410-0_0_3_17_25_25_30_25-128-23.jpg,0,5,False,green,special_7,,7,7,True,藏KA4T11,0.7355532595429958,-5.528381919469211,True,藏,baseline,0.1614713297002787,-1.823427677154541
fenqusai/test_photo/049921875-80_275-250&410_534&587-534&506_259&587_250&469_530&410-0_0_3_17_25_25_30_25-128-23.jpg,0,6,False,green,unknown_8,,8,8,True,藏KAT1AQ1,0.7668487717996414,-4.778381979073856,True,藏,baseline,0.1614713297002787,-1.823427677154541
fenqusai/test_photo/1006.jpg,0,0,True,blue,blue,,7,7,True,黑DYQ565,0.9839000881434216,-0.29215662344404336,True,黑,baseline,0.2544158204597726,-1.3687852621078491
fenqusai/test_photo/1006.jpg,0,1,False,blue,green,,8,7,False,黑DYQ565,0.9839000881434216,-0.29215662344404336,True,黑,baseline,0.2544158204597726,-1.3687852621078491
fenqusai/test_photo/1006.jpg,0,2,False,blue,green,tractor_green,8,7,False,黑DYQ565,0.9839000881434216,-0.29215662344404336,True,黑,baseline,0.2544158204597726,-1.3687852621078491
fenqusai/test_photo/1006.jpg,0,3,False,blue,yellow,,7,7,True,黑DYQ565,0.9839000881434216,-0.29215662344404336,True,黑,baseline,0.2544158204597726,-1.3687852621078491
fenqusai/test_photo/1006.jpg,0,4,False,blue,black,,7,7,True,黑DYQ565,0.9839000881434216,-0.29215662344404336,True,黑,baseline,0.2544158204597726,-1.3687852621078491
fenqusai/test_photo/1006.jpg,0,5,False,blue,special_7,,7,7,True,黑DYQ565,0.9839000881434216,-0.29215662344404336,True,黑,baseline,0.2544158204597726,-1.3687852621078491
fenqusai/test_photo/1006.jpg,0,6,False,blue,unknown_8,,8,7,False,黑DYQ565,0.9839000881434216,-0.29215662344404336,True,黑,baseline,0.2544158204597726,-1.3687852621078491
fenqusai/test_photo/14.jpg,0,0,True,blue,blue,,7,7,True,川C4298S,0.9525135793803784,-0.8757164792804133,True,川,baseline,0.19914428589553057,-1.6137256622314453
fenqusai/test_photo/14.jpg,0,1,False,blue,green,,8,7,False,川C4298S,0.9525135793803784,-0.8757164792804133,True,川,baseline,0.19914428589553057,-1.6137256622314453
fenqusai/test_photo/14.jpg,0,2,False,blue,green,tractor_green,8,7,False,川C4298S,0.9525135793803784,-0.8757164792804133,True,川,baseline,0.19914428589553057,-1.6137256622314453
fenqusai/test_photo/14.jpg,0,3,False,blue,yellow,,7,7,True,川C4298S,0.9525135793803784,-0.8757164792804133,True,川,baseline,0.19914428589553057,-1.6137256622314453
fenqusai/test_photo/14.jpg,0,4,False,blue,black,,7,7,True,川C4298S,0.9525135793803784,-0.8757164792804133,True,川,baseline,0.19914428589553057,-1.6137256622314453
fenqusai/test_photo/14.jpg,0,5,False,blue,special_7,,7,7,True,川C4298S,0.9525135793803784,-0.8757164792804133,True,川,baseline,0.19914428589553057,-1.6137256622314453
fenqusai/test_photo/14.jpg,0,6,False,blue,unknown_8,,8,7,False,川C4298S,0.9525135793803784,-0.8757164792804133,True,川,baseline,0.19914428589553057,-1.6137256622314453
fenqusai/test_photo/18.jpg,0,0,False,blue,blue,,7,6,False,川GG559,0.277113928733381,-23.0998781211673,True,川,baseline,0.10544069578856748,-2.2496066093444824
fenqusai/test_photo/18.jpg,0,1,False,blue,green,,8,6,False,川GG559,0.277113928733381,-23.0998781211673,True,川,baseline,0.10544069578856748,-2.2496066093444824
fenqusai/test_photo/18.jpg,0,2,False,blue,green,tractor_green,8,7,False,川GG559挂,0.5286158555294048,-11.474879074841617,True,川,baseline,0.10544069578856748,-2.2496066093444824
fenqusai/test_photo/18.jpg,0,3,False,blue,yellow,,7,7,True,川GG559挂,0.5286158555294048,-11.474879074841617,True,川,baseline,0.10544069578856748,-2.2496066093444824
fenqusai/test_photo/18.jpg,0,4,False,blue,black,,7,7,True,川GG559领,0.769131534709425,-4.7248789980075045,True,川,baseline,0.10544069578856748,-2.2496066093444824
fenqusai/test_photo/18.jpg,0,5,True,blue,special_7,,7,7,True,川GG559领,0.769131534709425,-4.7248789980075045,True,川,baseline,0.10544069578856748,-2.2496066093444824
fenqusai/test_photo/18.jpg,0,6,False,blue,unknown_8,,8,6,False,川GG559,0.277113928733381,-23.0998781211673,True,川,baseline,0.10544069578856748,-2.2496066093444824
fenqusai/test_photo/195.jpg,0,0,True,green,green,,8,8,True,川A2F9D0D,0.7250806152644966,-5.786503863133078,True,川,baseline,0.32236436451557765,-1.1320728063583374
fenqusai/test_photo/195.jpg,0,1,False,green,green,tractor_green,8,8,True,川A2F9D0D,0.7250806152644966,-5.786503863133078,True,川,baseline,0.32236436451557765,-1.1320728063583374
fenqusai/test_photo/195.jpg,0,2,False,green,blue,,7,7,True,川A2F9D0,0.11592570465579596,-38.78650386313308,True,川,baseline,0.32236436451557765,-1.1320728063583374
fenqusai/test_photo/195.jpg,0,3,False,green,yellow,,7,7,True,川A2F9D0,0.11592570465579596,-38.78650386313308,True,川,baseline,0.32236436451557765,-1.1320728063583374
fenqusai/test_photo/195.jpg,0,4,False,green,black,,7,7,True,川A2F9D0,0.11592570465579596,-38.78650386313308,True,川,baseline,0.32236436451557765,-1.1320728063583374
fenqusai/test_photo/195.jpg,0,5,False,green,special_7,,7,7,True,川2F9D0D,0.7772229762833972,-4.536503982342367,True,川,baseline,0.32236436451557765,-1.1320728063583374
fenqusai/test_photo/195.jpg,0,6,False,green,unknown_8,,8,8,True,川A2F9D0D,0.7250806152644966,-5.786503863133078,True,川,baseline,0.32236436451557765,-1.1320728063583374
fenqusai/test_photo/204.jpg,0,0,True,blue,blue,,7,7,True,湘DDD544,0.9532281883379647,-0.8622173136984657,True,湘,baseline,0.17185988863559767,-1.761075735092163
fenqusai/test_photo/204.jpg,0,1,False,blue,green,,8,7,False,湘DDD544,0.9532281883379647,-0.8622173136984657,True,湘,baseline,0.17185988863559767,-1.761075735092163
fenqusai/test_photo/204.jpg,0,2,False,blue,green,tractor_green,8,7,False,湘DDD544,0.9532281883379647,-0.8622173136984657,True,湘,baseline,0.17185988863559767,-1.761075735092163
fenqusai/test_photo/204.jpg,0,3,False,blue,yellow,,7,7,True,湘DDD544,0.9532281883379647,-0.8622173136984657,True,湘,baseline,0.17185988863559767,-1.761075735092163
fenqusai/test_photo/204.jpg,0,4,False,blue,black,,7,7,True,湘DDD544,0.9532281883379647,-0.8622173136984657,True,湘,baseline,0.17185988863559767,-1.761075735092163
fenqusai/test_photo/204.jpg,0,5,False,blue,special_7,,7,7,True,湘DDD544,0.9532281883379647,-0.8622173136984657,True,湘,baseline,0.17185988863559767,-1.761075735092163
fenqusai/test_photo/204.jpg,0,6,False,blue,unknown_8,,8,7,False,湘DDD544,0.9532281883379647,-0.8622173136984657,True,湘,baseline,0.17185988863559767,-1.761075735092163
fenqusai/test_photo/210.jpg,0,0,True,blue,blue,,7,7,True,吉D22222,0.9578217799378873,-0.7756839321373263,True,吉,baseline,0.33328044173056653,-1.0987709760665894
fenqusai/test_photo/210.jpg,0,1,False,blue,green,,8,7,False,吉D22222,0.9578217799378873,-0.7756839321373263,True,吉,baseline,0.33328044173056653,-1.0987709760665894
fenqusai/test_photo/210.jpg,0,2,False,blue,green,tractor_green,8,7,False,吉D22222,0.9578217799378873,-0.7756839321373263,True,吉,baseline,0.33328044173056653,-1.0987709760665894
fenqusai/test_photo/210.jpg,0,3,False,blue,yellow,,7,7,True,吉D22222,0.9578217799378873,-0.7756839321373263,True,吉,baseline,0.33328044173056653,-1.0987709760665894
fenqusai/test_photo/210.jpg,0,4,False,blue,black,,7,7,True,吉D22222,0.9578217799378873,-0.7756839321373263,True,吉,baseline,0.33328044173056653,-1.0987709760665894
fenqusai/test_photo/210.jpg,0,5,False,blue,special_7,,7,7,True,吉D22222,0.9578217799378873,-0.7756839321373263,True,吉,baseline,0.33328044173056653,-1.0987709760665894
fenqusai/test_photo/210.jpg,0,6,False,blue,unknown_8,,8,7,False,吉D22222,0.9578217799378873,-0.7756839321373263,True,吉,baseline,0.33328044173056653,-1.0987709760665894
fenqusai/test_photo/211.jpg,0,0,False,blue,blue,,7,7,True,川A266Y9,0.45609872015427566,-14.13082802398094,True,川,baseline,0.31331325117879993,-1.1605517864227295
fenqusai/test_photo/211.jpg,0,1,False,blue,green,,8,8,True,川DA266Y9,0.4657004475355234,-13.75582802398094,True,川,baseline,0.31331325117879993,-1.1605517864227295
fenqusai/test_photo/211.jpg,0,2,False,blue,green,tractor_green,8,8,True,川DA266Y9,0.4657004475355234,-13.75582802398094,True,川,baseline,0.31331325117879993,-1.1605517864227295
fenqusai/test_photo/211.jpg,0,3,False,blue,yellow,,7,7,True,川A266Y9,0.45609872015427566,-14.13082802398094,True,川,baseline,0.31331325117879993,-1.1605517864227295
fenqusai/test_photo/211.jpg,0,4,False,blue,black,,7,7,True,川A266Y领,0.919746578647528,-1.5058278877750126,True,川,baseline,0.31331325117879993,-1.1605517864227295
fenqusai/test_photo/211.jpg,0,5,True,blue,special_7,,7,7,True,川A266Y领,0.919746578647528,-1.5058278877750126,True,川,baseline,0.31331325117879993,-1.1605517864227295
fenqusai/test_photo/211.jpg,0,6,False,blue,unknown_8,,8,8,True,川DA266Y9,0.4657004475355234,-13.75582802398094,True,川,baseline,0.31331325117879993,-1.1605517864227295
fenqusai/test_photo/212.jpg,0,0,True,blue,blue,,7,7,True,川G00000,0.9520226894682473,-0.8849953979952261,True,川,baseline,0.15767975214838476,-1.84718918800354
fenqusai/test_photo/212.jpg,0,1,False,blue,green,,8,8,True,川BG00000,0.7111776045186903,-6.13499552977737,True,川,baseline,0.15767975214838476,-1.84718918800354
fenqusai/test_photo/212.jpg,0,2,False,blue,green,tractor_green,8,8,True,川BG00000,0.7111776045186903,-6.13499552977737,True,川,baseline,0.15767975214838476,-1.84718918800354
fenqusai/test_photo/212.jpg,0,3,False,blue,yellow,,7,7,True,川G00000,0.9520226894682473,-0.8849953979952261,True,川,baseline,0.15767975214838476,-1.84718918800354
fenqusai/test_photo/212.jpg,0,4,False,blue,black,,7,7,True,川G00000,0.9520226894682473,-0.8849953979952261,True,川,baseline,0.15767975214838476,-1.84718918800354
fenqusai/test_photo/212.jpg,0,5,False,blue,special_7,,7,7,True,川G00000,0.9520226894682473,-0.8849953979952261,True,川,baseline,0.15767975214838476,-1.84718918800354
fenqusai/test_photo/212.jpg,0,6,False,blue,unknown_8,,8,8,True,川BG00000,0.7111776045186903,-6.13499552977737,True,川,baseline,0.15767975214838476,-1.84718918800354
fenqusai/test_photo/213.jpg,0,0,False,blue,blue,,7,7,True,川G2B39E,0.7281634387338769,-5.710135540091805,True,川,baseline,0.33262835427382603,-1.1007294654846191
fenqusai/test_photo/213.jpg,0,1,True,blue,green,,8,8,True,川G2B39ZE,0.9747608853030731,-0.46013551028948285,True,川,baseline,0.33262835427382603,-1.1007294654846191
fenqusai/test_photo/213.jpg,0,2,False,blue,green,tractor_green,8,8,True,川G2B39ZE,0.9747608853030731,-0.46013551028948285,True,川,baseline,0.33262835427382603,-1.1007294654846191
fenqusai/test_photo/213.jpg,0,3,False,blue,yellow,,7,7,True,川G2B39E,0.7281634387338769,-5.710135540091805,True,川,baseline,0.33262835427382603,-1.1007294654846191
fenqusai/test_photo/213.jpg,0,4,False,blue,black,,7,7,True,川G2B39E,0.7281634387338769,-5.710135540091805,True,川,baseline,0.33262835427382603,-1.1007294654846191
fenqusai/test_photo/213.jpg,0,5,False,blue,special_7,,7,7,True,川2B39ZE,0.8844535296641501,-2.2101354953883217,True,川,baseline,0.33262835427382603,-1.1007294654846191
fenqusai/test_photo/213.jpg,0,6,False,blue,unknown_8,,8,8,True,川G2B39ZE,0.9747608853030731,-0.46013551028948285,True,川,baseline,0.33262835427382603,-1.1007294654846191
fenqusai/test_photo/214.jpg,0,0,True,black,black,,7,7,True,鲁B9199领,0.5994690328174751,-9.210797295578217,True,鲁,0,3.974456057378111e-05,-10.133037567138672
fenqusai/test_photo/214.jpg,0,1,False,black,blue,,7,7,True,鲁B91999,0.47175557142628616,-13.523297124214864,True,鲁,0,3.974456057378111e-05,-10.133037567138672
fenqusai/test_photo/214.jpg,0,2,False,black,green,,8,8,True,鲁LB91999,0.2716128375371269,-23.460797125397207,True,鲁,0,3.974456057378111e-05,-10.133037567138672
fenqusai/test_photo/214.jpg,0,3,False,black,green,tractor_green,8,8,True,鲁B9199学9,0.3142569612234156,-20.835797038067525,True,鲁,0,3.974456057378111e-05,-10.133037567138672
fenqusai/test_photo/214.jpg,0,4,False,black,yellow,,7,7,True,鲁B91999,0.47175557142628616,-13.523297124214864,True,鲁,0,3.974456057378111e-05,-10.133037567138672
fenqusai/test_photo/214.jpg,0,5,False,black,special_7,,7,7,True,鲁B9199领,0.5994690328174751,-9.210797295578217,True,鲁,0,3.974456057378111e-05,-10.133037567138672
fenqusai/test_photo/214.jpg,0,6,False,black,unknown_8,,8,8,True,鲁LB91999,0.2716128375371269,-23.460797125397207,True,鲁,0,3.974456057378111e-05,-10.133037567138672
fenqusai/test_photo/215.jpg,0,0,True,blue,blue,,7,7,True,京B911ZB,0.9989456234929411,-0.01898878955395844,True,京,baseline,0.33324409064904487,-1.0988800525665283
fenqusai/test_photo/215.jpg,0,1,False,blue,green,,8,7,False,京B911ZB,0.9989456234929411,-0.01898878955395844,True,京,baseline,0.33324409064904487,-1.0988800525665283
fenqusai/test_photo/215.jpg,0,2,False,blue,green,tractor_green,8,7,False,京B911ZB,0.9989456234929411,-0.01898878955395844,True,京,baseline,0.33324409064904487,-1.0988800525665283
fenqusai/test_photo/215.jpg,0,3,False,blue,yellow,,7,7,True,京B911ZB,0.9989456234929411,-0.01898878955395844,True,京,baseline,0.33324409064904487,-1.0988800525665283
fenqusai/test_photo/215.jpg,0,4,False,blue,black,,7,7,True,京B911ZB,0.9989456234929411,-0.01898878955395844,True,京,baseline,0.33324409064904487,-1.0988800525665283
fenqusai/test_photo/215.jpg,0,5,False,blue,special_7,,7,7,True,京B911ZB,0.9989456234929411,-0.01898878955395844,True,京,baseline,0.33324409064904487,-1.0988800525665283
fenqusai/test_photo/215.jpg,0,6,False,blue,unknown_8,,8,7,False,京B911ZB,0.9989456234929411,-0.01898878955395844,True,京,baseline,0.33324409064904487,-1.0988800525665283
fenqusai/test_photo/216.jpg,0,0,True,unknown_7,blue,,7,7,True,川A85327,0.971295537138504,-0.5242408796639211,True,川,baseline,0.3329783913583655,-1.0996776819229126
fenqusai/test_photo/216.jpg,0,1,False,unknown_7,green,,8,8,True,川PA85327,0.9512695418800067,-0.8992408796639211,True,川,baseline,0.3329783913583655,-1.0996776819229126
fenqusai/test_photo/216.jpg,0,2,False,unknown_7,green,tractor_green,8,8,True,川PA85327,0.9512695418800067,-0.8992408796639211,True,川,baseline,0.3329783913583655,-1.0996776819229126
fenqusai/test_photo/216.jpg,0,3,False,unknown_7,yellow,,7,7,True,川A85327,0.971295537138504,-0.5242408796639211,True,川,baseline,0.3329783913583655,-1.0996776819229126
fenqusai/test_photo/216.jpg,0,4,False,unknown_7,black,,7,7,True,川A85327,0.971295537138504,-0.5242408796639211,True,川,baseline,0.3329783913583655,-1.0996776819229126
fenqusai/test_photo/216.jpg,0,5,False,unknown_7,special_7,,7,7,True,川A85327,0.971295537138504,-0.5242408796639211,True,川,baseline,0.3329783913583655,-1.0996776819229126
fenqusai/test_photo/216.jpg,0,6,False,unknown_7,unknown_8,,8,8,True,川PA85327,0.9512695418800067,-0.8992408796639211,True,川,baseline,0.3329783913583655,-1.0996776819229126
fenqusai/test_photo/217.jpg,0,0,True,yellow,yellow,,7,7,True,川A87511,0.7949545576666627,-4.130465870326134,True,川,baseline,0.005629902351455998,-5.179663181304932
fenqusai/test_photo/217.jpg,0,1,False,yellow,blue,,7,7,True,川A87511,0.7949545576666627,-4.130465870326134,True,川,baseline,0.005629902351455998,-5.179663181304932
fenqusai/test_photo/217.jpg,0,2,False,yellow,green,,8,7,False,川A87511,0.7949545576666627,-4.130465870326134,True,川,baseline,0.005629902351455998,-5.179663181304932
fenqusai/test_photo/217.jpg,0,3,False,yellow,green,tractor_green,8,7,False,川A87511,0.7949545576666627,-4.130465870326134,True,川,baseline,0.005629902351455998,-5.179663181304932
fenqusai/test_photo/217.jpg,0,4,False,yellow,black,,7,7,True,川A87511,0.7949545576666627,-4.130465870326134,True,川,baseline,0.005629902351455998,-5.179663181304932
fenqusai/test_photo/217.jpg,0,5,False,yellow,special_7,,7,7,True,川A87511,0.7949545576666627,-4.130465870326134,True,川,baseline,0.005629902351455998,-5.179663181304932
fenqusai/test_photo/217.jpg,0,6,False,yellow,unknown_8,,8,7,False,川A87511,0.7949545576666627,-4.130465870326134,True,川,baseline,0.005629902351455998,-5.179663181304932
fenqusai/test_photo/218.jpg,0,0,True,blue,blue,,7,7,True,川DJV826,0.9665550653255756,-0.6123061440666788,True,川,baseline,0.29594941675814335,-1.217566728591919
fenqusai/test_photo/218.jpg,0,1,False,blue,green,,8,8,True,川ADJV826,0.7423712023502115,-5.362305987604486,True,川,baseline,0.29594941675814335,-1.217566728591919
fenqusai/test_photo/218.jpg,0,2,False,blue,green,tractor_green,8,8,True,川ADJV826,0.7423712023502115,-5.362305987604486,True,川,baseline,0.29594941675814335,-1.217566728591919
fenqusai/test_photo/218.jpg,0,3,False,blue,yellow,,7,7,True,川DJV826,0.9665550653255756,-0.6123061440666788,True,川,baseline,0.29594941675814335,-1.217566728591919
fenqusai/test_photo/218.jpg,0,4,False,blue,black,,7,7,True,川DJV826,0.9665550653255756,-0.6123061440666788,True,川,baseline,0.29594941675814335,-1.217566728591919
fenqusai/test_photo/218.jpg,0,5,False,blue,special_7,,7,7,True,川DJV826,0.9665550653255756,-0.6123061440666788,True,川,baseline,0.29594941675814335,-1.217566728591919
fenqusai/test_photo/218.jpg,0,6,False,blue,unknown_8,,8,8,True,川ADJV826,0.7423712023502115,-5.362305987604486,True,川,baseline,0.29594941675814335,-1.217566728591919
fenqusai/test_photo/219.jpg,0,0,True,blue,blue,,7,7,True,皖RB520T,0.9920529634132226,-0.14361808652937924,True,皖,baseline,0.289016121952963,-1.2412728071212769
fenqusai/test_photo/219.jpg,0,1,False,blue,green,,8,7,False,皖RB520T,0.9920529634132226,-0.14361808652937924,True,皖,baseline,0.289016121952963,-1.2412728071212769
fenqusai/test_photo/219.jpg,0,2,False,blue,green,tractor_green,8,7,False,皖RB520T,0.9920529634132226,-0.14361808652937924,True,皖,baseline,0.289016121952963,-1.2412728071212769
fenqusai/test_photo/219.jpg,0,3,False,blue,yellow,,7,7,True,皖RB520T,0.9920529634132226,-0.14361808652937924,True,皖,baseline,0.289016121952963,-1.2412728071212769
fenqusai/test_photo/219.jpg,0,4,False,blue,black,,7,7,True,皖RB520T,0.9920529634132226,-0.14361808652937924,True,皖,baseline,0.289016121952963,-1.2412728071212769
fenqusai/test_photo/219.jpg,0,5,False,blue,special_7,,7,7,True,皖RB520T,0.9920529634132226,-0.14361808652937924,True,皖,baseline,0.289016121952963,-1.2412728071212769
fenqusai/test_photo/219.jpg,0,6,False,blue,unknown_8,,8,7,False,皖RB520T,0.9920529634132226,-0.14361808652937924,True,皖,baseline,0.289016121952963,-1.2412728071212769
fenqusai/test_photo/22.jpg,0,0,True,blue,blue,,7,7,True,川A67QPF,0.9250415057779208,-1.4025000845722388,True,川,baseline,0.21688887747235397,-1.5283701419830322
fenqusai/test_photo/22.jpg,0,1,False,blue,green,,8,8,True,川A67LQPF,0.8629822831659324,-2.6525001143745612,True,川,baseline,0.21688887747235397,-1.5283701419830322
fenqusai/test_photo/22.jpg,0,2,False,blue,green,tractor_green,8,8,True,川A67LQPF,0.8629822831659324,-2.6525001143745612,True,川,baseline,0.21688887747235397,-1.5283701419830322
fenqusai/test_photo/22.jpg,0,3,False,blue,yellow,,7,7,True,川A67QPF,0.9250415057779208,-1.4025000845722388,True,川,baseline,0.21688887747235397,-1.5283701419830322
fenqusai/test_photo/22.jpg,0,4,False,blue,black,,7,7,True,川A67QPF,0.9250415057779208,-1.4025000845722388,True,川,baseline,0.21688887747235397,-1.5283701419830322
fenqusai/test_photo/22.jpg,0,5,False,blue,special_7,,7,7,True,川A67QPF,0.9250415057779208,-1.4025000845722388,True,川,baseline,0.21688887747235397,-1.5283701419830322
fenqusai/test_photo/22.jpg,0,6,False,blue,unknown_8,,8,8,True,川A67LQPF,0.8629822831659324,-2.6525001143745612,True,川,baseline,0.21688887747235397,-1.5283701419830322
fenqusai/test_photo/220.jpg,0,0,True,blue,blue,,7,7,True,湘DP3333,0.945690266660875,-1.005123189951746,True,湘,baseline,0.12321125159457573,-2.0938549041748047
fenqusai/test_photo/220.jpg,0,1,False,blue,green,,8,7,False,湘DP3333,0.945690266660875,-1.005123189951746,True,湘,baseline,0.12321125159457573,-2.0938549041748047
fenqusai/test_photo/220.jpg,0,2,False,blue,green,tractor_green,8,7,False,湘DP3333,0.945690266660875,-1.005123189951746,True,湘,baseline,0.12321125159457573,-2.0938549041748047
fenqusai/test_photo/220.jpg,0,3,False,blue,yellow,,7,7,True,湘DP3333,0.945690266660875,-1.005123189951746,True,湘,baseline,0.12321125159457573,-2.0938549041748047
fenqusai/test_photo/220.jpg,0,4,False,blue,black,,7,7,True,湘DP3333,0.945690266660875,-1.005123189951746,True,湘,baseline,0.12321125159457573,-2.0938549041748047
fenqusai/test_photo/220.jpg,0,5,False,blue,special_7,,7,7,True,湘DP3333,0.945690266660875,-1.005123189951746,True,湘,baseline,0.12321125159457573,-2.0938549041748047
fenqusai/test_photo/220.jpg,0,6,False,blue,unknown_8,,8,7,False,湘DP3333,0.945690266660875,-1.005123189951746,True,湘,baseline,0.12321125159457573,-2.0938549041748047
fenqusai/test_photo/221.jpg,0,0,True,blue,blue,,7,7,True,沪AMV062,0.9403154551709182,-1.107717649355891,True,沪,baseline,0.20746811186114864,-1.5727776288986206
fenqusai/test_photo/221.jpg,0,1,False,blue,green,,8,7,False,沪AMV062,0.9403154551709182,-1.107717649355891,True,沪,baseline,0.20746811186114864,-1.5727776288986206
fenqusai/test_photo/221.jpg,0,2,False,blue,green,tractor_green,8,7,False,沪AMV062,0.9403154551709182,-1.107717649355891,True,沪,baseline,0.20746811186114864,-1.5727776288986206
fenqusai/test_photo/221.jpg,0,3,False,blue,yellow,,7,7,True,沪AMV062,0.9403154551709182,-1.107717649355891,True,沪,baseline,0.20746811186114864,-1.5727776288986206
fenqusai/test_photo/221.jpg,0,4,False,blue,black,,7,7,True,沪AMV062,0.9403154551709182,-1.107717649355891,True,沪,baseline,0.20746811186114864,-1.5727776288986206
fenqusai/test_photo/221.jpg,0,5,False,blue,special_7,,7,7,True,沪AMV062,0.9403154551709182,-1.107717649355891,True,沪,baseline,0.20746811186114864,-1.5727776288986206
fenqusai/test_photo/221.jpg,0,6,False,blue,unknown_8,,8,7,False,沪AMV062,0.9403154551709182,-1.107717649355891,True,沪,baseline,0.20746811186114864,-1.5727776288986206
fenqusai/test_photo/222.jpg,0,0,False,green,green,,8,8,True,川AF00006,0.5178928940389693,-11.843762874600543,True,川,baseline,0.33333332672197086,-1.0986123085021973
fenqusai/test_photo/222.jpg,0,1,False,green,green,tractor_green,8,8,True,川AF00006,0.5178928940389693,-11.843762874600543,True,川,baseline,0.33333332672197086,-1.0986123085021973
fenqusai/test_photo/222.jpg,0,2,True,green,blue,,7,7,True,川F00006,0.9999992715023862,-1.311296182393562e-05,True,川,baseline,0.33333332672197086,-1.0986123085021973
fenqusai/test_photo/222.jpg,0,3,False,green,yellow,,7,7,True,川F00006,0.9999992715023862,-1.311296182393562e-05,True,川,baseline,0.33333332672197086,-1.0986123085021973
fenqusai/test_photo/222.jpg,0,4,False,green,black,,7,7,True,川F00006,0.9999992715023862,-1.311296182393562e-05,True,川,baseline,0.33333332672197086,-1.0986123085021973
fenqusai/test_photo/222.jpg,0,5,False,green,special_7,,7,7,True,川F00006,0.9999992715023862,-1.311296182393562e-05,True,川,baseline,0.33333332672197086,-1.0986123085021973
fenqusai/test_photo/222.jpg,0,6,False,green,unknown_8,,8,8,True,川AF00006,0.5178928940389693,-11.843762874600543,True,川,baseline,0.33333332672197086,-1.0986123085021973
fenqusai/test_photo/223.jpg,0,0,True,blue,blue,,7,7,True,鲁AG9Z10,0.9556141317180181,-0.8172193557677261,True,鲁,baseline,0.1479058224530664,-1.911179542541504
fenqusai/test_photo/223.jpg,0,1,False,blue,green,,8,7,False,鲁AG9Z10,0.9556141317180181,-0.8172193557677261,True,鲁,baseline,0.1479058224530664,-1.911179542541504
fenqusai/test_photo/223.jpg,0,2,False,blue,green,tractor_green,8,7,False,鲁AG9Z10,0.9556141317180181,-0.8172193557677261,True,鲁,baseline,0.1479058224530664,-1.911179542541504
fenqusai/test_photo/223.jpg,0,3,False,blue,yellow,,7,7,True,鲁AG9Z10,0.9556141317180181,-0.8172193557677261,True,鲁,baseline,0.1479058224530664,-1.911179542541504
fenqusai/test_photo/223.jpg,0,4,False,blue,black,,7,7,True,鲁AG9Z10,0.9556141317180181,-0.8172193557677261,True,鲁,baseline,0.1479058224530664,-1.911179542541504
fenqusai/test_photo/223.jpg,0,5,False,blue,special_7,,7,7,True,鲁AG9Z10,0.9556141317180181,-0.8172193557677261,True,鲁,baseline,0.1479058224530664,-1.911179542541504
fenqusai/test_photo/223.jpg,0,6,False,blue,unknown_8,,8,7,False,鲁AG9Z10,0.9556141317180181,-0.8172193557677261,True,鲁,baseline,0.1479058224530664,-1.911179542541504
fenqusai/test_photo/224.jpg,0,0,True,blue,blue,,7,7,True,沪NH1N10,0.9344314704517673,-1.220705777257301,True,沪,baseline,0.12170468545440061,-2.1061577796936035
fenqusai/test_photo/224.jpg,0,1,False,blue,green,,8,7,False,沪NH1N10,0.9344314704517673,-1.220705777257301,True,沪,baseline,0.12170468545440061,-2.1061577796936035
fenqusai/test_photo/224.jpg,0,2,False,blue,green,tractor_green,8,7,False,沪NH1N10,0.9344314704517673,-1.220705777257301,True,沪,baseline,0.12170468545440061,-2.1061577796936035
fenqusai/test_photo/224.jpg,0,3,False,blue,yellow,,7,7,True,沪NH1N10,0.9344314704517673,-1.220705777257301,True,沪,baseline,0.12170468545440061,-2.1061577796936035
fenqusai/test_photo/224.jpg,0,4,False,blue,black,,7,7,True,沪NH1N10,0.9344314704517673,-1.220705777257301,True,沪,baseline,0.12170468545440061,-2.1061577796936035
fenqusai/test_photo/224.jpg,0,5,False,blue,special_7,,7,7,True,沪NH1N10,0.9344314704517673,-1.220705777257301,True,沪,baseline,0.12170468545440061,-2.1061577796936035
fenqusai/test_photo/224.jpg,0,6,False,blue,unknown_8,,8,7,False,沪NH1N10,0.9344314704517673,-1.220705777257301,True,沪,baseline,0.12170468545440061,-2.1061577796936035
fenqusai/test_photo/225.jpg,0,0,True,blue,blue,,7,7,True,皖FP9178,0.8976328572666163,-1.9438945055007792,True,皖,baseline,0.08982359573727884,-2.409907579421997
fenqusai/test_photo/225.jpg,0,1,False,blue,green,,8,7,False,皖FP9178,0.8976328572666163,-1.9438945055007792,True,皖,baseline,0.08982359573727884,-2.409907579421997
fenqusai/test_photo/225.jpg,0,2,False,blue,green,tractor_green,8,7,False,皖FP9178,0.8976328572666163,-1.9438945055007792,True,皖,baseline,0.08982359573727884,-2.409907579421997
fenqusai/test_photo/225.jpg,0,3,False,blue,yellow,,7,7,True,皖FP9178,0.8976328572666163,-1.9438945055007792,True,皖,baseline,0.08982359573727884,-2.409907579421997
fenqusai/test_photo/225.jpg,0,4,False,blue,black,,7,7,True,皖FP9178,0.8976328572666163,-1.9438945055007792,True,皖,baseline,0.08982359573727884,-2.409907579421997
fenqusai/test_photo/225.jpg,0,5,False,blue,special_7,,7,7,True,皖FP9178,0.8976328572666163,-1.9438945055007792,True,皖,baseline,0.08982359573727884,-2.409907579421997
fenqusai/test_photo/225.jpg,0,6,False,blue,unknown_8,,8,7,False,皖FP9178,0.8976328572666163,-1.9438945055007792,True,皖,baseline,0.08982359573727884,-2.409907579421997
fenqusai/test_photo/226.jpg,0,0,True,blue,blue,,7,7,True,藏BQQ900,0.9638983663635565,-0.661849542235359,True,藏,baseline,0.23152141378465044,-1.4630829095840454
fenqusai/test_photo/226.jpg,0,1,False,blue,green,,8,7,False,藏BQQ900,0.9638983663635565,-0.661849542235359,True,藏,baseline,0.23152141378465044,-1.4630829095840454
fenqusai/test_photo/226.jpg,0,2,False,blue,green,tractor_green,8,7,False,藏BQQ900,0.9638983663635565,-0.661849542235359,True,藏,baseline,0.23152141378465044,-1.4630829095840454
fenqusai/test_photo/226.jpg,0,3,False,blue,yellow,,7,7,True,藏BQQ900,0.9638983663635565,-0.661849542235359,True,藏,baseline,0.23152141378465044,-1.4630829095840454
fenqusai/test_photo/226.jpg,0,4,False,blue,black,,7,7,True,藏BQQ900,0.9638983663635565,-0.661849542235359,True,藏,baseline,0.23152141378465044,-1.4630829095840454
fenqusai/test_photo/226.jpg,0,5,False,blue,special_7,,7,7,True,藏BQQ900,0.9638983663635565,-0.661849542235359,True,藏,baseline,0.23152141378465044,-1.4630829095840454
fenqusai/test_photo/226.jpg,0,6,False,blue,unknown_8,,8,7,False,藏BQQ900,0.9638983663635565,-0.661849542235359,True,藏,baseline,0.23152141378465044,-1.4630829095840454
fenqusai/test_photo/227.jpg,0,0,True,black,black,,7,7,True,川C05761,0.9898380395902796,-0.18385102098545048,True,川,baseline,0.3332210504866183,-1.0989491939544678
fenqusai/test_photo/227.jpg,0,1,False,black,blue,,7,7,True,川C05761,0.9898380395902796,-0.18385102098545048,True,川,baseline,0.3332210504866183,-1.0989491939544678
fenqusai/test_photo/227.jpg,0,2,False,black,green,,8,8,True,川AC05761,0.6259108839438842,-8.433850966794118,True,川,baseline,0.3332210504866183,-1.0989491939544678
fenqusai/test_photo/227.jpg,0,3,False,black,green,tractor_green,8,8,True,川AC05761,0.6259108839438842,-8.433850966794118,True,川,baseline,0.3332210504866183,-1.0989491939544678
fenqusai/test_photo/227.jpg,0,4,False,black,yellow,,7,7,True,川C05761,0.9898380395902796,-0.18385102098545048,True,川,baseline,0.3332210504866183,-1.0989491939544678
fenqusai/test_photo/227.jpg,0,5,False,black,special_7,,7,7,True,川C05761,0.9898380395902796,-0.18385102098545048,True,川,baseline,0.3332210504866183,-1.0989491939544678
fenqusai/test_photo/227.jpg,0,6,False,black,unknown_8,,8,8,True,川AC05761,0.6259108839438842,-8.433850966794118,True,川,baseline,0.3332210504866183,-1.0989491939544678
fenqusai/test_photo/228.jpg,0,0,False,blue,blue,,7,7,True,冀RL6789,0.6127207006293465,-8.817229330335408,True,冀,baseline,0.1168757496788438,-2.146643877029419
fenqusai/test_photo/228.jpg,0,1,False,blue,green,,8,8,True,冀D8L6789,0.8259384973896912,-3.4422293987876174,True,冀,baseline,0.1168757496788438,-2.146643877029419
fenqusai/test_photo/228.jpg,0,2,False,blue,green,tractor_green,8,8,True,冀D8L6789,0.8259384973896912,-3.4422293987876174,True,冀,baseline,0.1168757496788438,-2.146643877029419
fenqusai/test_photo/228.jpg,0,3,False,blue,yellow,,7,7,True,冀RL6789,0.6127207006293465,-8.817229330335408,True,冀,baseline,0.1168757496788438,-2.146643877029419
fenqusai/test_photo/228.jpg,0,4,False,blue,black,,7,7,True,冀RL6789,0.6127207006293465,-8.817229330335408,True,冀,baseline,0.1168757496788438,-2.146643877029419
fenqusai/test_photo/228.jpg,0,5,True,blue,special_7,,7,7,True,冀8L6789,0.9008383814208776,-1.8797294583922621,True,冀,baseline,0.1168757496788438,-2.146643877029419
fenqusai/test_photo/228.jpg,0,6,False,blue,unknown_8,,8,8,True,冀D8L6789,0.8259384973896912,-3.4422293987876174,True,冀,baseline,0.1168757496788438,-2.146643877029419
fenqusai/test_photo/229.jpg,0,0,False,blue,blue,,7,7,True,鄂C00000,0.28944375952620427,-22.31629683217028,True,鄂,baseline,0.3299275124125115,-1.1088823080062866
fenqusai/test_photo/229.jpg,0,1,False,blue,green,,8,8,True,鄂A000000,0.4285134565980663,-15.253796474542469,True,鄂,baseline,0.3299275124125115,-1.1088823080062866
fenqusai/test_photo/229.jpg,0,2,False,blue,green,tractor_green,8,8,True,鄂A000000,0.4285134565980663,-15.253796474542469,True,鄂,baseline,0.3299275124125115,-1.1088823080062866
fenqusai/test_photo/229.jpg,0,3,False,blue,yellow,,7,7,True,鄂C00000,0.28944375952620427,-22.31629683217028,True,鄂,baseline,0.3299275124125115,-1.1088823080062866
fenqusai/test_photo/229.jpg,0,4,False,blue,black,,7,7,True,鄂C00000,0.28944375952620427,-22.31629683217028,True,鄂,baseline,0.3299275124125115,-1.1088823080062866
fenqusai/test_photo/229.jpg,0,5,True,blue,special_7,,7,7,True,鄂000000,0.9757815974874339,-0.4412968321702806,True,鄂,baseline,0.3299275124125115,-1.1088823080062866
fenqusai/test_photo/229.jpg,0,6,False,blue,unknown_8,,8,8,True,鄂A000000,0.4285134565980663,-15.253796474542469,True,鄂,baseline,0.3299275124125115,-1.1088823080062866
fenqusai/test_photo/25.jpg,0,0,True,blue,blue,,7,7,True,粤ESB945,0.9884406717009971,-0.20927982032168302,True,粤,baseline,0.27039015559263485,-1.3078893423080444
fenqusai/test_photo/25.jpg,0,1,False,blue,green,,8,7,False,粤ESB945,0.9884406717009971,-0.20927982032168302,True,粤,baseline,0.27039015559263485,-1.3078893423080444
fenqusai/test_photo/25.jpg,0,2,False,blue,green,tractor_green,8,7,False,粤ESB945,0.9884406717009971,-0.20927982032168302,True,粤,baseline,0.27039015559263485,-1.3078893423080444
fenqusai/test_photo/25.jpg,0,3,False,blue,yellow,,7,7,True,粤ESB945,0.9884406717009971,-0.20927982032168302,True,粤,baseline,0.27039015559263485,-1.3078893423080444
fenqusai/test_photo/25.jpg,0,4,False,blue,black,,7,7,True,粤ESB945,0.9884406717009971,-0.20927982032168302,True,粤,baseline,0.27039015559263485,-1.3078893423080444
fenqusai/test_photo/25.jpg,0,5,False,blue,special_7,,7,7,True,粤ESB945,0.9884406717009971,-0.20927982032168302,True,粤,baseline,0.27039015559263485,-1.3078893423080444
fenqusai/test_photo/25.jpg,0,6,False,blue,unknown_8,,8,7,False,粤ESB945,0.9884406717009971,-0.20927982032168302,True,粤,baseline,0.27039015559263485,-1.3078893423080444
fenqusai/test_photo/26.jpg,0,0,True,blue,blue,,7,7,True,云E7382B,0.9777781573685534,-0.40450441741731424,True,云,baseline,0.23973537771224857,-1.4282195568084717
fenqusai/test_photo/26.jpg,0,1,False,blue,green,,8,8,True,云EZ7382B,0.6897467314148044,-6.68575448447254,True,云,baseline,0.23973537771224857,-1.4282195568084717
fenqusai/test_photo/26.jpg,0,2,False,blue,green,tractor_green,8,8,True,云EZ7382B,0.6897467314148044,-6.68575448447254,True,云,baseline,0.23973537771224857,-1.4282195568084717
fenqusai/test_photo/26.jpg,0,3,False,blue,yellow,,7,7,True,云E7382B,0.9777781573685534,-0.40450441741731424,True,云,baseline,0.23973537771224857,-1.4282195568084717
fenqusai/test_photo/26.jpg,0,4,False,blue,black,,7,7,True,云E7382B,0.9777781573685534,-0.40450441741731424,True,云,baseline,0.23973537771224857,-1.4282195568084717
fenqusai/test_photo/26.jpg,0,5,False,blue,special_7,,7,7,True,云E7382B,0.9777781573685534,-0.40450441741731424,True,云,baseline,0.23973537771224857,-1.4282195568084717
fenqusai/test_photo/26.jpg,0,6,False,blue,unknown_8,,8,8,True,云EZ7382B,0.6897467314148044,-6.68575448447254,True,云,baseline,0.23973537771224857,-1.4282195568084717
fenqusai/test_photo/30.jpg,0,0,True,unknown_7,blue,,7,7,True,川AJH155,0.8881229341724572,-2.135611911391493,True,川,baseline,0.33331345909954696,-1.0986719131469727
fenqusai/test_photo/30.jpg,0,1,False,unknown_7,green,,8,8,True,川WAJH155,0.6821307068256853,-6.885611770761784,True,川,baseline,0.33331345909954696,-1.0986719131469727
fenqusai/test_photo/30.jpg,0,2,False,unknown_7,green,tractor_green,8,8,True,川WAJH155,0.6821307068256853,-6.885611770761784,True,川,baseline,0.33331345909954696,-1.0986719131469727
fenqusai/test_photo/30.jpg,0,3,False,unknown_7,yellow,,7,7,True,川AJH155,0.8881229341724572,-2.135611911391493,True,川,baseline,0.33331345909954696,-1.0986719131469727
fenqusai/test_photo/30.jpg,0,4,False,unknown_7,black,,7,7,True,川AJH155,0.8881229341724572,-2.135611911391493,True,川,baseline,0.33331345909954696,-1.0986719131469727
fenqusai/test_photo/30.jpg,0,5,False,unknown_7,special_7,,7,7,True,川AJH155,0.8881229341724572,-2.135611911391493,True,川,baseline,0.33331345909954696,-1.0986719131469727
fenqusai/test_photo/30.jpg,0,6,False,unknown_7,unknown_8,,8,8,True,川WAJH155,0.6821307068256853,-6.885611770761784,True,川,baseline,0.33331345909954696,-1.0986719131469727
fenqusai/test_photo/3040625-99_253-195&400_483&542-482&542_207&496_195&400_483&450-0_0_3_25_26_30_30_30-114-232.jpg,0,0,True,green,green,,8,8,True,川AD12668,0.7063909916910385,-6.256554879473178,True,川,baseline,0.021508792371794712,-3.8392934799194336
fenqusai/test_photo/3040625-99_253-195&400_483&542-482&542_207&496_195&400_483&450-0_0_3_25_26_30_30_30-114-232.jpg,0,1,False,green,green,tractor_green,8,8,True,川AD12668,0.7063909916910385,-6.256554879473178,True,川,baseline,0.021508792371794712,-3.8392934799194336
fenqusai/test_photo/3040625-99_253-195&400_483&542-482&542_207&496_195&400_483&450-0_0_3_25_26_30_30_30-114-232.jpg,0,2,False,green,blue,,7,7,True,川D12668,0.559772251860175,-10.444054879473178,True,川,baseline,0.021508792371794712,-3.8392934799194336
fenqusai/test_photo/3040625-99_253-195&400_483&542-482&542_207&496_195&400_483&450-0_0_3_25_26_30_30_30-114-232.jpg,0,3,False,green,yellow,,7,7,True,川D12668,0.559772251860175,-10.444054879473178,True,川,baseline,0.021508792371794712,-3.8392934799194336
fenqusai/test_photo/3040625-99_253-195&400_483&542-482&542_207&496_195&400_483&450-0_0_3_25_26_30_30_30-114-232.jpg,0,4,False,green,black,,7,7,True,川D12668,0.559772251860175,-10.444054879473178,True,川,baseline,0.021508792371794712,-3.8392934799194336
fenqusai/test_photo/3040625-99_253-195&400_483&542-482&542_207&496_195&400_483&450-0_0_3_25_26_30_30_30-114-232.jpg,0,5,False,green,special_7,,7,7,True,川D12668,0.559772251860175,-10.444054879473178,True,川,baseline,0.021508792371794712,-3.8392934799194336
fenqusai/test_photo/3040625-99_253-195&400_483&542-482&542_207&496_195&400_483&450-0_0_3_25_26_30_30_30-114-232.jpg,0,6,False,green,unknown_8,,8,8,True,川AD12668,0.7063909916910385,-6.256554879473178,True,川,baseline,0.021508792371794712,-3.8392934799194336
fenqusai/test_photo/304515625-74_83-221&426_493&594-493&512_237&594_221&506_482&426-0_0_5_24_29_33_29_32-108-73.jpg,0,0,False,green,green,,8,7,False,湘AQ595F,0.6715348282635439,-7.167409163994286,True,湘,baseline,0.13032356160783778,-2.0377349853515625
fenqusai/test_photo/304515625-74_83-221&426_493&594-493&512_237&594_221&506_482&426-0_0_5_24_29_33_29_32-108-73.jpg,0,1,False,green,green,tractor_green,8,8,True,湘A学Q595F,0.8242113523668733,-3.47990915468106,True,湘,baseline,0.13032356160783778,-2.0377349853515625
fenqusai/test_photo/304515625-74_83-221&426_493&594-493&512_237&594_221&506_482&426-0_0_5_24_29_33_29_32-108-73.jpg,0,2,True,green,blue,,7,7,True,湘AQ595F,0.6715348282635439,-7.167409163994286,True,湘,baseline,0.13032356160783778,-2.0377349853515625
fenqusai/test_photo/304515625-74_83-221&426_493&594-493&512_237&594_221&506_482&426-0_0_5_24_29_33_29_32-108-73.jpg,0,3,False,green,yellow,,7,7,True,湘A学Q95F,0.7504529738120616,-5.167409214285705,True,湘,baseline,0.13032356160783778,-2.0377349853515625
fenqusai/test_photo/304515625-74_83-221&426_493&594-493&512_237&594_221&506_482&426-0_0_5_24_29_33_29_32-108-73.jpg,0,4,False,green,black,,7,7,True,湘A学Q95临,0.7933246597545575,-4.167409214285705,True,湘,baseline,0.13032356160783778,-2.0377349853515625
fenqusai/test_photo/304515625-74_83-221&426_493&594-493&512_237&594_221&506_482&426-0_0_5_24_29_33_29_32-108-73.jpg,0,5,False,green,special_7,,7,7,True,湘A学Q95临,0.7933246597545575,-4.167409214285705,True,湘,baseline,0.13032356160783778,-2.0377349853515625
fenqusai/test_photo/304515625-74_83-221&426_493&594-493&512_237&594_221&506_482&426-0_0_5_24_29_33_29_32-108-73.jpg,0,6,False,green,unknown_8,,8,7,False,湘AQ595F,0.6715348282635439,-7.167409163994286,True,湘,baseline,0.13032356160783778,-2.0377349853515625
fenqusai/test_photo/30671875-101_110-88&427_475&602-475&602_119&522_88&427_458&484-0_0_3_24_30_24_31_33-82-166.jpg,0,0,True,green,green,,8,8,True,川Z18471F,0.0749006575521589,-46.648666969739224,True,川,baseline,0.25577921888918764,-1.3634406328201294
fenqusai/test_photo/30671875-101_110-88&427_475&602-475&602_119&522_88&427_458&484-0_0_3_24_30_24_31_33-82-166.jpg,0,1,False,green,green,tractor_green,8,8,True,川Z18471学,0.28414821231892723,-22.648667446576383,True,川,baseline,0.25577921888918764,-1.3634406328201294
fenqusai/test_photo/30671875-101_110-88&427_475&602-475&602_119&522_88&427_458&484-0_0_3_24_30_24_31_33-82-166.jpg,0,2,False,green,blue,,7,7,True,川Z1847F,0.06679173394825079,-48.711167088948514,True,川,baseline,0.25577921888918764,-1.3634406328201294
fenqusai/test_photo/30671875-101_110-88&427_475&602-475&602_119&522_88&427_458&484-0_0_3_24_30_24_31_33-82-166.jpg,0,3,False,green,yellow,,7,7,True,川Z1847学,0.253385649997272,-24.711167565785672,True,川,baseline,0.25577921888918764,-1.3634406328201294
fenqusai/test_photo/30671875-101_110-88&427_475&602-475&602_119&522_88&427_458&484-0_0_3_24_30_24_31_33-82-166.jpg,0,4,False,green,black,,7,7,True,川Z领18领港,0.09484782628014078,-42.398667005595144,True,川,baseline,0.25577921888918764,-1.3634406328201294
fenqusai/test_photo/30671875-101_110-88&427_475&602-475&602_119&522_88&427_458&484-0_0_3_24_30_24_31_33-82-166.jpg,0,5,False,green,special_7,,7,7,True,川8领18G临,0.12785347487456575,-37.02366716950792,True,川,baseline,0.25577921888918764,-1.3634406328201294
fenqusai/test_photo/30671875-101_110-88&427_475&602-475&602_119&522_88&427_458&484-0_0_3_24_30_24_31_33-82-166.jpg,0,6,False,green,unknown_8,,8,8,True,川Z18471F,0.0749006575521589,-46.648666969739224,True,川,baseline,0.25577921888918764,-1.3634406328201294
fenqusai/test_photo/32.jpg,0,0,True,blue,blue,,7,7,True,陕AZ0EB3,0.914776272634543,-1.6033635789510754,True,陕,baseline,0.09932640669348182,-2.3093438148498535
fenqusai/test_photo/32.jpg,0,1,False,blue,green,,8,7,False,陕AZ0EB3,0.914776272634543,-1.6033635789510754,True,陕,baseline,0.09932640669348182,-2.3093438148498535
fenqusai/test_photo/32.jpg,0,2,False,blue,green,tractor_green,8,7,False,陕AZ0EB3,0.914776272634543,-1.6033635789510754,True,陕,baseline,0.09932640669348182,-2.3093438148498535
fenqusai/test_photo/32.jpg,0,3,False,blue,yellow,,7,7,True,陕AZ0EB3,0.914776272634543,-1.6033635789510754,True,陕,baseline,0.09932640669348182,-2.3093438148498535
fenqusai/test_photo/32.jpg,0,4,False,blue,black,,7,7,True,陕AZ0EB3,0.914776272634543,-1.6033635789510754,True,陕,baseline,0.09932640669348182,-2.3093438148498535
fenqusai/test_photo/32.jpg,0,5,False,blue,special_7,,7,7,True,陕AZ0EB3,0.914776272634543,-1.6033635789510754,True,陕,baseline,0.09932640669348182,-2.3093438148498535
fenqusai/test_photo/32.jpg,0,6,False,blue,unknown_8,,8,7,False,陕AZ0EB3,0.914776272634543,-1.6033635789510754,True,陕,baseline,0.09932640669348182,-2.3093438148498535
fenqusai/test_photo/33.jpg,0,0,True,blue,blue,,7,7,True,辽A8M3J6,0.7685802986999254,-4.737784209999035,True,辽,baseline,0.003277472866752451,-5.720682621002197
fenqusai/test_photo/33.jpg,0,1,False,blue,green,,8,7,False,辽A8M3J6,0.7685802986999254,-4.737784209999035,True,辽,baseline,0.003277472866752451,-5.720682621002197
fenqusai/test_photo/33.jpg,0,2,False,blue,green,tractor_green,8,7,False,辽A8M3J6,0.7685802986999254,-4.737784209999035,True,辽,baseline,0.003277472866752451,-5.720682621002197
fenqusai/test_photo/33.jpg,0,3,False,blue,yellow,,7,7,True,辽A8M3J6,0.7685802986999254,-4.737784209999035,True,辽,baseline,0.003277472866752451,-5.720682621002197
fenqusai/test_photo/33.jpg,0,4,False,blue,black,,7,7,True,辽A8M3J6,0.7685802986999254,-4.737784209999035,True,辽,baseline,0.003277472866752451,-5.720682621002197
fenqusai/test_photo/33.jpg,0,5,False,blue,special_7,,7,7,True,辽A8M3J6,0.7685802986999254,-4.737784209999035,True,辽,baseline,0.003277472866752451,-5.720682621002197
fenqusai/test_photo/33.jpg,0,6,False,blue,unknown_8,,8,7,False,辽A8M3J6,0.7685802986999254,-4.737784209999035,True,辽,baseline,0.003277472866752451,-5.720682621002197
fenqusai/test_photo/34.jpg,0,0,True,blue,blue,,7,7,True,黑AJP250,0.9544876819061846,-0.8384497413094323,True,黑,baseline,0.1460191257201055,-1.9240176677703857
fenqusai/test_photo/34.jpg,0,1,False,blue,green,,8,7,False,黑AJP250,0.9544876819061846,-0.8384497413094323,True,黑,baseline,0.1460191257201055,-1.9240176677703857
fenqusai/test_photo/34.jpg,0,2,False,blue,green,tractor_green,8,7,False,黑AJP250,0.9544876819061846,-0.8384497413094323,True,黑,baseline,0.1460191257201055,-1.9240176677703857
fenqusai/test_photo/34.jpg,0,3,False,blue,yellow,,7,7,True,黑AJP250,0.9544876819061846,-0.8384497413094323,True,黑,baseline,0.1460191257201055,-1.9240176677703857
fenqusai/test_photo/34.jpg,0,4,False,blue,black,,7,7,True,黑AJP250,0.9544876819061846,-0.8384497413094323,True,黑,baseline,0.1460191257201055,-1.9240176677703857
fenqusai/test_photo/34.jpg,0,5,False,blue,special_7,,7,7,True,黑AJP250,0.9544876819061846,-0.8384497413094323,True,黑,baseline,0.1460191257201055,-1.9240176677703857
fenqusai/test_photo/34.jpg,0,6,False,blue,unknown_8,,8,7,False,黑AJP250,0.9544876819061846,-0.8384497413094323,True,黑,baseline,0.1460191257201055,-1.9240176677703857
fenqusai/test_photo/37.jpg,0,0,True,blue,blue,,7,7,True,京B98Z10,0.9988101957649079,-0.021429227053708644,True,京,baseline,0.32691035443942235,-1.1180692911148071
fenqusai/test_photo/37.jpg,0,1,False,blue,green,,8,7,False,京B98Z10,0.9988101957649079,-0.021429227053708644,True,京,baseline,0.32691035443942235,-1.1180692911148071
fenqusai/test_photo/37.jpg,0,2,False,blue,green,tractor_green,8,7,False,京B98Z10,0.9988101957649079,-0.021429227053708644,True,京,baseline,0.32691035443942235,-1.1180692911148071
fenqusai/test_photo/37.jpg,0,3,False,blue,yellow,,7,7,True,京B98Z10,0.9988101957649079,-0.021429227053708644,True,京,baseline,0.32691035443942235,-1.1180692911148071
fenqusai/test_photo/37.jpg,0,4,False,blue,black,,7,7,True,京B98Z10,0.9988101957649079,-0.021429227053708644,True,京,baseline,0.32691035443942235,-1.1180692911148071
fenqusai/test_photo/37.jpg,0,5,False,blue,special_7,,7,7,True,京B98Z10,0.9988101957649079,-0.021429227053708644,True,京,baseline,0.32691035443942235,-1.1180692911148071
fenqusai/test_photo/37.jpg,0,6,False,blue,unknown_8,,8,7,False,京B98Z10,0.9988101957649079,-0.021429227053708644,True,京,baseline,0.32691035443942235,-1.1180692911148071
fenqusai/test_photo/374.jpg,0,0,True,blue,blue,,7,7,True,川A12345,0.9521545986133002,-0.8825015497284596,True,川,baseline,0.15354762680064954,-1.8737444877624512
fenqusai/test_photo/374.jpg,0,1,False,blue,green,,8,8,True,川AA12345,0.8402734788408117,-3.1325016614871686,True,川,baseline,0.15354762680064954,-1.8737444877624512
fenqusai/test_photo/374.jpg,0,2,False,blue,green,tractor_green,8,8,True,川AA12345,0.8402734788408117,-3.1325016614871686,True,川,baseline,0.15354762680064954,-1.8737444877624512
fenqusai/test_photo/374.jpg,0,3,False,blue,yellow,,7,7,True,川A12345,0.9521545986133002,-0.8825015497284596,True,川,baseline,0.15354762680064954,-1.8737444877624512
fenqusai/test_photo/374.jpg,0,4,False,blue,black,,7,7,True,川A12345,0.9521545986133002,-0.8825015497284596,True,川,baseline,0.15354762680064954,-1.8737444877624512
fenqusai/test_photo/374.jpg,0,5,False,blue,special_7,,7,7,True,川A12345,0.9521545986133002,-0.8825015497284596,True,川,baseline,0.15354762680064954,-1.8737444877624512
fenqusai/test_photo/374.jpg,0,6,False,blue,unknown_8,,8,8,True,川AA12345,0.8402734788408117,-3.1325016614871686,True,川,baseline,0.15354762680064954,-1.8737444877624512
fenqusai/test_photo/38.jpg,0,0,True,blue,blue,,7,7,True,新AW6312,0.9972211608703377,-0.05008873087331267,True,新,baseline,0.3190007221085715,-1.142561912536621
fenqusai/test_photo/38.jpg,0,1,False,blue,green,,8,7,False,新AW6312,0.9972211608703377,-0.05008873087331267,True,新,baseline,0.3190007221085715,-1.142561912536621
fenqusai/test_photo/38.jpg,0,2,False,blue,green,tractor_green,8,7,False,新AW6312,0.9972211608703377,-0.05008873087331267,True,新,baseline,0.3190007221085715,-1.142561912536621
fenqusai/test_photo/38.jpg,0,3,False,blue,yellow,,7,7,True,新AW6312,0.9972211608703377,-0.05008873087331267,True,新,baseline,0.3190007221085715,-1.142561912536621
fenqusai/test_photo/38.jpg,0,4,False,blue,black,,7,7,True,新AW6312,0.9972211608703377,-0.05008873087331267,True,新,baseline,0.3190007221085715,-1.142561912536621
fenqusai/test_photo/38.jpg,0,5,False,blue,special_7,,7,7,True,新AW6312,0.9972211608703377,-0.05008873087331267,True,新,baseline,0.3190007221085715,-1.142561912536621
fenqusai/test_photo/38.jpg,0,6,False,blue,unknown_8,,8,7,False,新AW6312,0.9972211608703377,-0.05008873087331267,True,新,baseline,0.3190007221085715,-1.142561912536621
fenqusai/test_photo/38_0576.jpg,0,0,True,blue,blue,,7,7,True,川D703W6,0.9359416059584047,-1.1916394424506507,True,川,baseline,0.12691428817220773,-2.0642433166503906
fenqusai/test_photo/38_0576.jpg,0,1,False,blue,green,,8,7,False,川D703W6,0.9359416059584047,-1.1916394424506507,True,川,baseline,0.12691428817220773,-2.0642433166503906
fenqusai/test_photo/38_0576.jpg,0,2,False,blue,green,tractor_green,8,7,False,川D703W6,0.9359416059584047,-1.1916394424506507,True,川,baseline,0.12691428817220773,-2.0642433166503906
fenqusai/test_photo/38_0576.jpg,0,3,False,blue,yellow,,7,7,True,川D703W6,0.9359416059584047,-1.1916394424506507,True,川,baseline,0.12691428817220773,-2.0642433166503906
fenqusai/test_photo/38_0576.jpg,0,4,False,blue,black,,7,7,True,川D703W6,0.9359416059584047,-1.1916394424506507,True,川,baseline,0.12691428817220773,-2.0642433166503906
fenqusai/test_photo/38_0576.jpg,0,5,False,blue,special_7,,7,7,True,川D703W6,0.9359416059584047,-1.1916394424506507,True,川,baseline,0.12691428817220773,-2.0642433166503906
fenqusai/test_photo/38_0576.jpg,0,6,False,blue,unknown_8,,8,7,False,川D703W6,0.9359416059584047,-1.1916394424506507,True,川,baseline,0.12691428817220773,-2.0642433166503906
fenqusai/test_photo/38_0576.jpg,1,0,True,blue,blue,,7,7,True,川A79P2Z,0.9567063799037617,-0.7966574579458552,True,川,baseline,0.30596193462644383,-1.184294581413269
fenqusai/test_photo/38_0576.jpg,1,1,False,blue,green,,8,7,False,川A79P2Z,0.9567063799037617,-0.7966574579458552,True,川,baseline,0.30596193462644383,-1.184294581413269
fenqusai/test_photo/38_0576.jpg,1,2,False,blue,green,tractor_green,8,7,False,川A79P2Z,0.9567063799037617,-0.7966574579458552,True,川,baseline,0.30596193462644383,-1.184294581413269
fenqusai/test_photo/38_0576.jpg,1,3,False,blue,yellow,,7,7,True,川A79P2Z,0.9567063799037617,-0.7966574579458552,True,川,baseline,0.30596193462644383,-1.184294581413269
fenqusai/test_photo/38_0576.jpg,1,4,False,blue,black,,7,7,True,川A79P2Z,0.9567063799037617,-0.7966574579458552,True,川,baseline,0.30596193462644383,-1.184294581413269
fenqusai/test_photo/38_0576.jpg,1,5,False,blue,special_7,,7,7,True,川A79P2Z,0.9567063799037617,-0.7966574579458552,True,川,baseline,0.30596193462644383,-1.184294581413269
fenqusai/test_photo/38_0576.jpg,1,6,False,blue,unknown_8,,8,7,False,川A79P2Z,0.9567063799037617,-0.7966574579458552,True,川,baseline,0.30596193462644383,-1.184294581413269
fenqusai/test_photo/38_0665.jpg,0,0,True,blue,blue,,7,7,True,川A958CT,0.9937794910428974,-0.1123188647900406,True,川,baseline,0.3386350377221842,-1.0828323364257812
fenqusai/test_photo/38_0665.jpg,0,1,False,blue,green,,8,8,True,川AA958CT,0.46295343244993853,-13.862318540689785,True,川,baseline,0.3386350377221842,-1.0828323364257812
fenqusai/test_photo/38_0665.jpg,0,2,False,blue,green,tractor_green,8,8,True,川AA958CT,0.46295343244993853,-13.862318540689785,True,川,baseline,0.3386350377221842,-1.0828323364257812
fenqusai/test_photo/38_0665.jpg,0,3,False,blue,yellow,,7,7,True,川A958CT,0.9937794910428974,-0.1123188647900406,True,川,baseline,0.3386350377221842,-1.0828323364257812
fenqusai/test_photo/38_0665.jpg,0,4,False,blue,black,,7,7,True,川A958CT,0.9937794910428974,-0.1123188647900406,True,川,baseline,0.3386350377221842,-1.0828323364257812
fenqusai/test_photo/38_0665.jpg,0,5,False,blue,special_7,,7,7,True,川A958CT,0.9937794910428974,-0.1123188647900406,True,川,baseline,0.3386350377221842,-1.0828323364257812
fenqusai/test_photo/38_0665.jpg,0,6,False,blue,unknown_8,,8,8,True,川AA958CT,0.46295343244993853,-13.862318540689785,True,川,baseline,0.3386350377221842,-1.0828323364257812
fenqusai/test_photo/38_0665.jpg,1,0,True,blue,blue,,7,7,True,湘AFS675,0.9619860415691526,-0.6975960880513412,True,湘,baseline,0.32611149640594617,-1.1205159425735474
fenqusai/test_photo/38_0665.jpg,1,1,False,blue,green,,8,8,True,湘AF5S675,0.8608229293721978,-2.697596147655986,True,湘,baseline,0.32611149640594617,-1.1205159425735474
fenqusai/test_photo/38_0665.jpg,1,2,False,blue,green,tractor_green,8,8,True,湘AF5S675,0.8608229293721978,-2.697596147655986,True,湘,baseline,0.32611149640594617,-1.1205159425735474
fenqusai/test_photo/38_0665.jpg,1,3,False,blue,yellow,,7,7,True,湘AFS675,0.9619860415691526,-0.6975960880513412,True,湘,baseline,0.32611149640594617,-1.1205159425735474
fenqusai/test_photo/38_0665.jpg,1,4,False,blue,black,,7,7,True,湘AFS675,0.9619860415691526,-0.6975960880513412,True,湘,baseline,0.32611149640594617,-1.1205159425735474
fenqusai/test_photo/38_0665.jpg,1,5,False,blue,special_7,,7,7,True,湘AFS675,0.9619860415691526,-0.6975960880513412,True,湘,baseline,0.32611149640594617,-1.1205159425735474
fenqusai/test_photo/38_0665.jpg,1,6,False,blue,unknown_8,,8,8,True,湘AF5S675,0.8608229293721978,-2.697596147655986,True,湘,baseline,0.32611149640594617,-1.1205159425735474
fenqusai/test_photo/38_0665.jpg,2,0,True,blue,blue,,7,7,True,川A2898U,0.9860364205371962,-0.25311577314926126,True,川,baseline,0.2587957442193964,-1.351716160774231
fenqusai/test_photo/38_0665.jpg,2,1,False,blue,green,,8,7,False,川A2898U,0.9860364205371962,-0.25311577314926126,True,川,baseline,0.2587957442193964,-1.351716160774231
fenqusai/test_photo/38_0665.jpg,2,2,False,blue,green,tractor_green,8,7,False,川A2898U,0.9860364205371962,-0.25311577314926126,True,川,baseline,0.2587957442193964,-1.351716160774231
fenqusai/test_photo/38_0665.jpg,2,3,False,blue,yellow,,7,7,True,川A2898U,0.9860364205371962,-0.25311577314926126,True,川,baseline,0.2587957442193964,-1.351716160774231
fenqusai/test_photo/38_0665.jpg,2,4,False,blue,black,,7,7,True,川A2898U,0.9860364205371962,-0.25311577314926126,True,川,baseline,0.2587957442193964,-1.351716160774231
fenqusai/test_photo/38_0665.jpg,2,5,False,blue,special_7,,7,7,True,川A2898U,0.9860364205371962,-0.25311577314926126,True,川,baseline,0.2587957442193964,-1.351716160774231
fenqusai/test_photo/38_0665.jpg,2,6,False,blue,unknown_8,,8,7,False,川A2898U,0.9860364205371962,-0.25311577314926126,True,川,baseline,0.2587957442193964,-1.351716160774231
fenqusai/test_photo/38_0689.jpg,0,0,True,blue,blue,,7,7,True,渝CM3063,0.9739272305883971,-0.47553642094032256,True,渝,baseline,0.29355143590217764,-1.2257024049758911
fenqusai/test_photo/38_0689.jpg,0,1,False,blue,green,,8,7,False,渝CM3063,0.9739272305883971,-0.47553642094032256,True,渝,baseline,0.29355143590217764,-1.2257024049758911
fenqusai/test_photo/38_0689.jpg,0,2,False,blue,green,tractor_green,8,7,False,渝CM3063,0.9739272305883971,-0.47553642094032256,True,渝,baseline,0.29355143590217764,-1.2257024049758911
fenqusai/test_photo/38_0689.jpg,0,3,False,blue,yellow,,7,7,True,渝CM3063,0.9739272305883971,-0.47553642094032256,True,渝,baseline,0.29355143590217764,-1.2257024049758911
fenqusai/test_photo/38_0689.jpg,0,4,False,blue,black,,7,7,True,渝CM3063,0.9739272305883971,-0.47553642094032256,True,渝,baseline,0.29355143590217764,-1.2257024049758911
fenqusai/test_photo/38_0689.jpg,0,5,False,blue,special_7,,7,7,True,渝CM3063,0.9739272305883971,-0.47553642094032256,True,渝,baseline,0.29355143590217764,-1.2257024049758911
fenqusai/test_photo/38_0689.jpg,0,6,False,blue,unknown_8,,8,7,False,渝CM3063,0.9739272305883971,-0.47553642094032256,True,渝,baseline,0.29355143590217764,-1.2257024049758911
fenqusai/test_photo/38_0689.jpg,1,0,True,yellow,yellow,,7,7,True,宁AS9学01,0.5914174200086596,-9.454197896166079,True,宁,baseline,0.002502733600942322,-5.9903717041015625
fenqusai/test_photo/38_0689.jpg,1,1,False,yellow,blue,,7,7,True,宁AS9S01,0.5347651176611637,-11.266697896166079,True,宁,baseline,0.002502733600942322,-5.9903717041015625
fenqusai/test_photo/38_0689.jpg,1,2,False,yellow,green,,8,6,False,宁AS901,0.7567627870372742,-5.016697810484402,True,宁,baseline,0.002502733600942322,-5.9903717041015625
fenqusai/test_photo/38_0689.jpg,1,3,False,yellow,green,tractor_green,8,6,False,宁AS901,0.7567627870372742,-5.016697810484402,True,宁,baseline,0.002502733600942322,-5.9903717041015625
fenqusai/test_photo/38_0689.jpg,1,4,False,yellow,black,,7,7,True,宁AS9港01,0.6017747306137194,-9.141697896166079,True,宁,baseline,0.002502733600942322,-5.9903717041015625
fenqusai/test_photo/38_0689.jpg,1,5,False,yellow,special_7,,7,7,True,宁AS9港01,0.6017747306137194,-9.141697896166079,True,宁,baseline,0.002502733600942322,-5.9903717041015625
fenqusai/test_photo/38_0689.jpg,1,6,False,yellow,unknown_8,,8,6,False,宁AS901,0.7567627870372742,-5.016697810484402,True,宁,baseline,0.002502733600942322,-5.9903717041015625
fenqusai/test_photo/38_0727.jpg,0,0,True,blue,blue,,7,7,True,川GY8578,0.9819038426419594,-0.3287141160961937,True,川,baseline,0.2774605941907685,-1.282076358795166
fenqusai/test_photo/38_0727.jpg,0,1,False,blue,green,,8,8,True,川AGY8578,0.672512809740075,-7.1412141554445725,True,川,baseline,0.2774605941907685,-1.282076358795166
fenqusai/test_photo/38_0727.jpg,0,2,False,blue,green,tractor_green,8,8,True,川AGY8578,0.672512809740075,-7.1412141554445725,True,川,baseline,0.2774605941907685,-1.282076358795166
fenqusai/test_photo/38_0727.jpg,0,3,False,blue,yellow,,7,7,True,川GY8578,0.9819038426419594,-0.3287141160961937,True,川,baseline,0.2774605941907685,-1.282076358795166
fenqusai/test_photo/38_0727.jpg,0,4,False,blue,black,,7,7,True,川GY8578,0.9819038426419594,-0.3287141160961937,True,川,baseline,0.2774605941907685,-1.282076358795166
fenqusai/test_photo/38_0727.jpg,0,5,False,blue,special_7,,7,7,True,川GY8578,0.9819038426419594,-0.3287141160961937,True,川,baseline,0.2774605941907685,-1.282076358795166
fenqusai/test_photo/38_0727.jpg,0,6,False,blue,unknown_8,,8,8,True,川AGY8578,0.672512809740075,-7.1412141554445725,True,川,baseline,0.2774605941907685,-1.282076358795166
fenqusai/test_photo/38_0727.jpg,1,0,True,blue,blue,,7,7,True,川AH036Q,0.9968472246147577,-0.05683960534515364,True,川,baseline,0.3154056734415708,-1.153895616531372
fenqusai/test_photo/38_0727.jpg,1,1,False,blue,green,,8,7,False,川AH036Q,0.9968472246147577,-0.05683960534515364,True,川,baseline,0.3154056734415708,-1.153895616531372
fenqusai/test_photo/38_0727.jpg,1,2,False,blue,green,tractor_green,8,7,False,川AH036Q,0.9968472246147577,-0.05683960534515364,True,川,baseline,0.3154056734415708,-1.153895616531372
fenqusai/test_photo/38_0727.jpg,1,3,False,blue,yellow,,7,7,True,川AH036Q,0.9968472246147577,-0.05683960534515364,True,川,baseline,0.3154056734415708,-1.153895616531372
fenqusai/test_photo/38_0727.jpg,1,4,False,blue,black,,7,7,True,川AH036Q,0.9968472246147577,-0.05683960534515364,True,川,baseline,0.3154056734415708,-1.153895616531372
fenqusai/test_photo/38_0727.jpg,1,5,False,blue,special_7,,7,7,True,川AH036Q,0.9968472246147577,-0.05683960534515364,True,川,baseline,0.3154056734415708,-1.153895616531372
fenqusai/test_photo/38_0727.jpg,1,6,False,blue,unknown_8,,8,7,False,川AH036Q,0.9968472246147577,-0.05683960534515364,True,川,baseline,0.3154056734415708,-1.153895616531372
fenqusai/test_photo/38_0738.jpg,0,0,False,blue,blue,,7,7,True,甘A6FY80,0.1966047837261359,-29.27807530714199,True,甘,baseline,0.3309017466986554,-1.1059337854385376
fenqusai/test_photo/38_0738.jpg,0,1,False,blue,green,,8,8,True,甘A6FTY80,0.14284370960900442,-35.02807535184547,True,甘,baseline,0.3309017466986554,-1.1059337854385376
fenqusai/test_photo/38_0738.jpg,0,2,False,blue,green,tractor_green,8,8,True,甘A6FTY80,0.14284370960900442,-35.02807535184547,True,甘,baseline,0.3309017466986554,-1.1059337854385376
fenqusai/test_photo/38_0738.jpg,0,3,False,blue,yellow,,7,7,True,甘A6FY80,0.1966047837261359,-29.27807530714199,True,甘,baseline,0.3309017466986554,-1.1059337854385376
fenqusai/test_photo/38_0738.jpg,0,4,False,blue,black,,7,7,True,甘A6FY80,0.1966047837261359,-29.27807530714199,True,甘,baseline,0.3309017466986554,-1.1059337854385376
fenqusai/test_photo/38_0738.jpg,0,5,True,blue,special_7,,7,7,True,甘6FTY80,0.7166576958744174,-5.996825351845473,True,甘,baseline,0.3309017466986554,-1.1059337854385376
fenqusai/test_photo/38_0738.jpg,0,6,False,blue,unknown_8,,8,8,True,甘A6FTY80,0.14284370960900442,-35.02807535184547,True,甘,baseline,0.3309017466986554,-1.1059337854385376
fenqusai/test_photo/38_0738.jpg,1,0,True,blue,blue,,7,7,True,冀BGZ027,0.999985179683077,-0.00026676768140987406,True,冀,baseline,0.333265384353464,-1.098816156387329
fenqusai/test_photo/38_0738.jpg,1,1,False,blue,green,,8,7,False,冀BGZ027,0.999985179683077,-0.00026676768140987406,True,冀,baseline,0.333265384353464,-1.098816156387329
fenqusai/test_photo/38_0738.jpg,1,2,False,blue,green,tractor_green,8,7,False,冀BGZ027,0.999985179683077,-0.00026676768140987406,True,冀,baseline,0.333265384353464,-1.098816156387329
fenqusai/test_photo/38_0738.jpg,1,3,False,blue,yellow,,7,7,True,冀BGZ027,0.999985179683077,-0.00026676768140987406,True,冀,baseline,0.333265384353464,-1.098816156387329
fenqusai/test_photo/38_0738.jpg,1,4,False,blue,black,,7,7,True,冀BGZ027,0.999985179683077,-0.00026676768140987406,True,冀,baseline,0.333265384353464,-1.098816156387329
fenqusai/test_photo/38_0738.jpg,1,5,False,blue,special_7,,7,7,True,冀BGZ027,0.999985179683077,-0.00026676768140987406,True,冀,baseline,0.333265384353464,-1.098816156387329
fenqusai/test_photo/38_0738.jpg,1,6,False,blue,unknown_8,,8,7,False,冀BGZ027,0.999985179683077,-0.00026676768140987406,True,冀,baseline,0.333265384353464,-1.098816156387329
fenqusai/test_photo/38_0738.jpg,2,0,True,blue,blue,,7,7,True,赣A85RJ1,0.9469141928720864,-0.9818423879204872,True,赣,baseline,0.1281264251127388,-2.0547378063201904
fenqusai/test_photo/38_0738.jpg,2,1,False,blue,green,,8,7,False,赣A85RJ1,0.9469141928720864,-0.9818423879204872,True,赣,baseline,0.1281264251127388,-2.0547378063201904
fenqusai/test_photo/38_0738.jpg,2,2,False,blue,green,tractor_green,8,7,False,赣A85RJ1,0.9469141928720864,-0.9818423879204872,True,赣,baseline,0.1281264251127388,-2.0547378063201904
fenqusai/test_photo/38_0738.jpg,2,3,False,blue,yellow,,7,7,True,赣A85RJ1,0.9469141928720864,-0.9818423879204872,True,赣,baseline,0.1281264251127388,-2.0547378063201904
fenqusai/test_photo/38_0738.jpg,2,4,False,blue,black,,7,7,True,赣A85RJ1,0.9469141928720864,-0.9818423879204872,True,赣,baseline,0.1281264251127388,-2.0547378063201904
fenqusai/test_photo/38_0738.jpg,2,5,False,blue,special_7,,7,7,True,赣A85RJ1,0.9469141928720864,-0.9818423879204872,True,赣,baseline,0.1281264251127388,-2.0547378063201904
fenqusai/test_photo/38_0738.jpg,2,6,False,blue,unknown_8,,8,7,False,赣A85RJ1,0.9469141928720864,-0.9818423879204872,True,赣,baseline,0.1281264251127388,-2.0547378063201904
fenqusai/test_photo/38_0751.jpg,0,0,True,blue,blue,,7,7,True,闽H67675,0.9381665069726093,-1.1489009933783336,True,闽,baseline,0.19386069143410334,-1.640615463256836
fenqusai/test_photo/38_0751.jpg,0,1,False,blue,green,,8,7,False,闽H67675,0.9381665069726093,-1.1489009933783336,True,闽,baseline,0.19386069143410334,-1.640615463256836
fenqusai/test_photo/38_0751.jpg,0,2,False,blue,green,tractor_green,8,7,False,闽H67675,0.9381665069726093,-1.1489009933783336,True,闽,baseline,0.19386069143410334,-1.640615463256836
fenqusai/test_photo/38_0751.jpg,0,3,False,blue,yellow,,7,7,True,闽H67675,0.9381665069726093,-1.1489009933783336,True,闽,baseline,0.19386069143410334,-1.640615463256836
fenqusai/test_photo/38_0751.jpg,0,4,False,blue,black,,7,7,True,闽H67675,0.9381665069726093,-1.1489009933783336,True,闽,baseline,0.19386069143410334,-1.640615463256836
fenqusai/test_photo/38_0751.jpg,0,5,False,blue,special_7,,7,7,True,闽H67675,0.9381665069726093,-1.1489009933783336,True,闽,baseline,0.19386069143410334,-1.640615463256836
fenqusai/test_photo/38_0751.jpg,0,6,False,blue,unknown_8,,8,7,False,闽H67675,0.9381665069726093,-1.1489009933783336,True,闽,baseline,0.19386069143410334,-1.640615463256836
fenqusai/test_photo/38_0751.jpg,1,0,True,blue,blue,,7,7,True,皖ATU491,0.9813652137001004,-0.33859082776278626,True,皖,baseline,0.2773142389579007,-1.2826039791107178
fenqusai/test_photo/38_0751.jpg,1,1,False,blue,green,,8,8,True,皖AATU491,0.8645495022978719,-2.6198408575651086,True,皖,baseline,0.2773142389579007,-1.2826039791107178
fenqusai/test_photo/38_0751.jpg,1,2,False,blue,green,tractor_green,8,8,True,皖AATU491,0.8645495022978719,-2.6198408575651086,True,皖,baseline,0.2773142389579007,-1.2826039791107178
fenqusai/test_photo/38_0751.jpg,1,3,False,blue,yellow,,7,7,True,皖ATU491,0.9813652137001004,-0.33859082776278626,True,皖,baseline,0.2773142389579007,-1.2826039791107178
fenqusai/test_photo/38_0751.jpg,1,4,False,blue,black,,7,7,True,皖ATU491,0.9813652137001004,-0.33859082776278626,True,皖,baseline,0.2773142389579007,-1.2826039791107178
fenqusai/test_photo/38_0751.jpg,1,5,False,blue,special_7,,7,7,True,皖ATU491,0.9813652137001004,-0.33859082776278626,True,皖,baseline,0.2773142389579007,-1.2826039791107178
fenqusai/test_photo/38_0751.jpg,1,6,False,blue,unknown_8,,8,8,True,皖AATU491,0.8645495022978719,-2.6198408575651086,True,皖,baseline,0.2773142389579007,-1.2826039791107178
fenqusai/test_photo/38_0751.jpg,2,0,True,unknown_7,blue,,7,7,True,川AAG9S1,0.7832451194089315,-4.3975724467308055,True,川,baseline,0.33006881754805933,-1.1084541082382202
fenqusai/test_photo/38_0751.jpg,2,1,False,unknown_7,green,,8,6,False,川AG9S1,0.8222601312832264,-3.5225725063354503,True,川,baseline,0.33006881754805933,-1.1084541082382202
fenqusai/test_photo/38_0751.jpg,2,2,False,unknown_7,green,tractor_green,8,6,False,川AG9S1,0.8222601312832264,-3.5225725063354503,True,川,baseline,0.33006881754805933,-1.1084541082382202
fenqusai/test_photo/38_0751.jpg,2,3,False,unknown_7,yellow,,7,7,True,川AAG9S1,0.7832451194089315,-4.3975724467308055,True,川,baseline,0.33006881754805933,-1.1084541082382202
fenqusai/test_photo/38_0751.jpg,2,4,False,unknown_7,black,,7,7,True,川AG9港S1,0.8395702382144188,-3.1475725063354503,True,川,baseline,0.33006881754805933,-1.1084541082382202
fenqusai/test_photo/38_0751.jpg,2,5,False,unknown_7,special_7,,7,7,True,川AG9港S1,0.8395702382144188,-3.1475725063354503,True,川,baseline,0.33006881754805933,-1.1084541082382202
fenqusai/test_photo/38_0751.jpg,2,6,False,unknown_7,unknown_8,,8,6,False,川AG9S1,0.8222601312832264,-3.5225725063354503,True,川,baseline,0.33006881754805933,-1.1084541082382202
fenqusai/test_photo/38_0751.jpg,3,0,True,blue,blue,,7,7,True,川A64N9Y,0.949383774242922,-0.9349589438870609,True,川,baseline,0.33324623584867935,-1.0988736152648926
fenqusai/test_photo/38_0751.jpg,3,1,False,blue,green,,8,8,True,川A64N9GY,0.9428136706297546,-1.059958943887061,True,川,baseline,0.33324623584867935,-1.0988736152648926
fenqusai/test_photo/38_0751.jpg,3,2,False,blue,green,tractor_green,8,8,True,川A64N9GY,0.9428136706297546,-1.059958943887061,True,川,baseline,0.33324623584867935,-1.0988736152648926
fenqusai/test_photo/38_0751.jpg,3,3,False,blue,yellow,,7,7,True,川A64N9Y,0.949383774242922,-0.9349589438870609,True,川,baseline,0.33324623584867935,-1.0988736152648926
fenqusai/test_photo/38_0751.jpg,3,4,False,blue,black,,7,7,True,川A64N9Y,0.949383774242922,-0.9349589438870609,True,川,baseline,0.33324623584867935,-1.0988736152648926
fenqusai/test_photo/38_0751.jpg,3,5,False,blue,special_7,,7,7,True,川A64N9Y,0.949383774242922,-0.9349589438870609,True,川,baseline,0.33324623584867935,-1.0988736152648926
fenqusai/test_photo/38_0751.jpg,3,6,False,blue,unknown_8,,8,8,True,川A64N9GY,0.9428136706297546,-1.059958943887061,True,川,baseline,0.33324623584867935,-1.0988736152648926
fenqusai/test_photo/38_0754.jpg,0,0,True,blue,blue,,7,7,True,湘CTY806,0.9910894087360602,-0.16110950398614676,True,湘,baseline,0.2869816762150127,-1.248336911201477
fenqusai/test_photo/38_0754.jpg,0,1,False,blue,green,,8,8,True,湘CTY8065,0.5948968733795424,-9.348609789174581,True,湘,baseline,0.2869816762150127,-1.248336911201477
fenqusai/test_photo/38_0754.jpg,0,2,False,blue,green,tractor_green,8,8,True,湘CTY8065,0.5948968733795424,-9.348609789174581,True,湘,baseline,0.2869816762150127,-1.248336911201477
fenqusai/test_photo/38_0754.jpg,0,3,False,blue,yellow,,7,7,True,湘CTY806,0.9910894087360602,-0.16110950398614676,True,湘,baseline,0.2869816762150127,-1.248336911201477
fenqusai/test_photo/38_0754.jpg,0,4,False,blue,black,,7,7,True,湘CTY806,0.9910894087360602,-0.16110950398614676,True,湘,baseline,0.2869816762150127,-1.248336911201477
fenqusai/test_photo/38_0754.jpg,0,5,False,blue,special_7,,7,7,True,湘CTY806,0.9910894087360602,-0.16110950398614676,True,湘,baseline,0.2869816762150127,-1.248336911201477
fenqusai/test_photo/38_0754.jpg,0,6,False,blue,unknown_8,,8,8,True,湘CTY8065,0.5948968733795424,-9.348609789174581,True,湘,baseline,0.2869816762150127,-1.248336911201477
fenqusai/test_photo/38_0754.jpg,1,0,True,blue,blue,,7,7,True,冀A3E2S0,0.9481570338045701,-0.9582325734954225,True,冀,baseline,0.12788389221774862,-2.0566325187683105
fenqusai/test_photo/38_0754.jpg,1,1,False,blue,green,,8,7,False,冀A3E2S0,0.9481570338045701,-0.9582325734954225,True,冀,baseline,0.12788389221774862,-2.0566325187683105
fenqusai/test_photo/38_0754.jpg,1,2,False,blue,green,tractor_green,8,7,False,冀A3E2S0,0.9481570338045701,-0.9582325734954225,True,冀,baseline,0.12788389221774862,-2.0566325187683105
fenqusai/test_photo/38_0754.jpg,1,3,False,blue,yellow,,7,7,True,冀A3E2S0,0.9481570338045701,-0.9582325734954225,True,冀,baseline,0.12788389221774862,-2.0566325187683105
fenqusai/test_photo/38_0754.jpg,1,4,False,blue,black,,7,7,True,冀A3E2S0,0.9481570338045701,-0.9582325734954225,True,冀,baseline,0.12788389221774862,-2.0566325187683105
fenqusai/test_photo/38_0754.jpg,1,5,False,blue,special_7,,7,7,True,冀A3E2S0,0.9481570338045701,-0.9582325734954225,True,冀,baseline,0.12788389221774862,-2.0566325187683105
fenqusai/test_photo/38_0754.jpg,1,6,False,blue,unknown_8,,8,7,False,冀A3E2S0,0.9481570338045701,-0.9582325734954225,True,冀,baseline,0.12788389221774862,-2.0566325187683105
fenqusai/test_photo/38_0754.jpg,2,0,True,blue,blue,,7,7,True,皖AA0249,0.7861774039111419,-4.330310531379382,True,皖,baseline,0.2562686138220198,-1.3615291118621826
fenqusai/test_photo/38_0754.jpg,2,1,False,blue,green,,8,6,False,皖A0249,0.9615738467254377,-0.7053104382471247,True,皖,baseline,0.2562686138220198,-1.3615291118621826
fenqusai/test_photo/38_0754.jpg,2,2,False,blue,green,tractor_green,8,6,False,皖A0249,0.9615738467254377,-0.7053104382471247,True,皖,baseline,0.2562686138220198,-1.3615291118621826
fenqusai/test_photo/38_0754.jpg,2,3,False,blue,yellow,,7,7,True,皖AA0249,0.7861774039111419,-4.330310531379382,True,皖,baseline,0.2562686138220198,-1.3615291118621826
fenqusai/test_photo/38_0754.jpg,2,4,False,blue,black,,7,7,True,皖AA0249,0.7861774039111419,-4.330310531379382,True,皖,baseline,0.2562686138220198,-1.3615291118621826
fenqusai/test_photo/38_0754.jpg,2,5,False,blue,special_7,,7,7,True,皖AA0249,0.7861774039111419,-4.330310531379382,True,皖,baseline,0.2562686138220198,-1.3615291118621826
fenqusai/test_photo/38_0754.jpg,2,6,False,blue,unknown_8,,8,6,False,皖A0249,0.9615738467254377,-0.7053104382471247,True,皖,baseline,0.2562686138220198,-1.3615291118621826
fenqusai/test_photo/38_0754.jpg,3,0,True,black,black,,7,7,True,川AAYX6S,0.5461191181245808,-10.888526915431811,True,川,baseline,0.3333332472491222,-1.0986125469207764
fenqusai/test_photo/38_0754.jpg,3,1,False,black,blue,,7,7,True,川AAYX6S,0.5461191181245808,-10.888526915431811,True,川,baseline,0.3333332472491222,-1.0986125469207764
fenqusai/test_photo/38_0754.jpg,3,2,False,black,green,,8,6,False,川AYX6S,0.9685051274866652,-0.5760270340808518,True,川,baseline,0.3333332472491222,-1.0986125469207764
fenqusai/test_photo/38_0754.jpg,3,3,False,black,green,tractor_green,8,6,False,川AYX6S,0.9685051274866652,-0.5760270340808518,True,川,baseline,0.3333332472491222,-1.0986125469207764
fenqusai/test_photo/38_0754.jpg,3,4,False,black,yellow,,7,7,True,川AAYX6S,0.5461191181245808,-10.888526915431811,True,川,baseline,0.3333332472491222,-1.0986125469207764
fenqusai/test_photo/38_0754.jpg,3,5,False,black,special_7,,7,7,True,川AAYX6S,0.5461191181245808,-10.888526915431811,True,川,baseline,0.3333332472491222,-1.0986125469207764
fenqusai/test_photo/38_0754.jpg,3,6,False,black,unknown_8,,8,6,False,川AYX6S,0.9685051274866652,-0.5760270340808518,True,川,baseline,0.3333332472491222,-1.0986125469207764
fenqusai/test_photo/38_0778.jpg,0,0,True,yellow,yellow,,7,7,True,川BT9953,0.33081379378670406,-19.911593131830152,True,川,baseline,0.32899967756506704,-1.1116985082626343
fenqusai/test_photo/38_0778.jpg,0,1,False,yellow,blue,,7,7,True,川BT9953,0.33081379378670406,-19.911593131830152,True,川,baseline,0.32899967756506704,-1.1116985082626343
fenqusai/test_photo/38_0778.jpg,0,2,False,yellow,green,,8,7,False,川BT9953,0.33081379378670406,-19.911593131830152,True,川,baseline,0.32899967756506704,-1.1116985082626343
fenqusai/test_photo/38_0778.jpg,0,3,False,yellow,green,tractor_green,8,7,False,川BT9953,0.33081379378670406,-19.911593131830152,True,川,baseline,0.32899967756506704,-1.1116985082626343
fenqusai/test_photo/38_0778.jpg,0,4,False,yellow,black,,7,7,True,川BT港领港3,0.4569035487338291,-14.099093342309054,True,川,baseline,0.32899967756506704,-1.1116985082626343
fenqusai/test_photo/38_0778.jpg,0,5,False,yellow,special_7,,7,7,True,川BT港领港3,0.4569035487338291,-14.099093342309054,True,川,baseline,0.32899967756506704,-1.1116985082626343
fenqusai/test_photo/38_0778.jpg,0,6,False,yellow,unknown_8,,8,7,False,川BT9953,0.33081379378670406,-19.911593131830152,True,川,baseline,0.32899967756506704,-1.1116985082626343
fenqusai/test_photo/38_0778.jpg,1,0,True,blue,blue,,7,7,True,吉AE229X,0.985339041094504,-0.2658508718013408,True,吉,baseline,0.2555178899341108,-1.3644628524780273
fenqusai/test_photo/38_0778.jpg,1,1,False,blue,green,,8,8,True,吉AAE229X,0.40228165033300745,-16.39085063338279,True,吉,baseline,0.2555178899341108,-1.3644628524780273
fenqusai/test_photo/38_0778.jpg,1,2,False,blue,green,tractor_green,8,8,True,吉AAE229X,0.40228165033300745,-16.39085063338279,True,吉,baseline,0.2555178899341108,-1.3644628524780273
fenqusai/test_photo/38_0778.jpg,1,3,False,blue,yellow,,7,7,True,吉AE229X,0.985339041094504,-0.2658508718013408,True,吉,baseline,0.2555178899341108,-1.3644628524780273
fenqusai/test_photo/38_0778.jpg,1,4,False,blue,black,,7,7,True,吉AE229X,0.985339041094504,-0.2658508718013408,True,吉,baseline,0.2555178899341108,-1.3644628524780273
fenqusai/test_photo/38_0778.jpg,1,5,False,blue,special_7,,7,7,True,吉AE229X,0.985339041094504,-0.2658508718013408,True,吉,baseline,0.2555178899341108,-1.3644628524780273
fenqusai/test_photo/38_0778.jpg,1,6,False,blue,unknown_8,,8,8,True,吉AAE229X,0.40228165033300745,-16.39085063338279,True,吉,baseline,0.2555178899341108,-1.3644628524780273
fenqusai/test_photo/38_0831.jpg,0,0,True,blue,blue,,7,7,True,川A10JL2,0.998223653529579,-0.032002668804068435,True,川,baseline,0.3228734869411889,-1.1304947137832642
fenqusai/test_photo/38_0831.jpg,0,1,False,blue,green,,8,8,True,川NA10JL2,0.5888665426272874,-9.532002671641692,True,川,baseline,0.3228734869411889,-1.1304947137832642
fenqusai/test_photo/38_0831.jpg,0,2,False,blue,green,tractor_green,8,8,True,川NA10JL2,0.5888665426272874,-9.532002671641692,True,川,baseline,0.3228734869411889,-1.1304947137832642
fenqusai/test_photo/38_0831.jpg,0,3,False,blue,yellow,,7,7,True,川A10JL2,0.998223653529579,-0.032002668804068435,True,川,baseline,0.3228734869411889,-1.1304947137832642
fenqusai/test_photo/38_0831.jpg,0,4,False,blue,black,,7,7,True,川A10JL2,0.998223653529579,-0.032002668804068435,True,川,baseline,0.3228734869411889,-1.1304947137832642
fenqusai/test_photo/38_0831.jpg,0,5,False,blue,special_7,,7,7,True,川A10JL2,0.998223653529579,-0.032002668804068435,True,川,baseline,0.3228734869411889,-1.1304947137832642
fenqusai/test_photo/38_0831.jpg,0,6,False,blue,unknown_8,,8,8,True,川NA10JL2,0.5888665426272874,-9.532002671641692,True,川,baseline,0.3228734869411889,-1.1304947137832642
fenqusai/test_photo/38_0831.jpg,1,0,True,blue,blue,,7,7,True,浙A639MT,0.9981878873729314,-0.03264761680856054,True,浙,baseline,0.3296146300178508,-1.1098310947418213
fenqusai/test_photo/38_0831.jpg,1,1,False,blue,green,,8,8,True,浙A639M1T,0.707821203635182,-6.220147579555658,True,浙,baseline,0.3296146300178508,-1.1098310947418213
fenqusai/test_photo/38_0831.jpg,1,2,False,blue,green,tractor_green,8,8,True,浙A639M1T,0.707821203635182,-6.220147579555658,True,浙,baseline,0.3296146300178508,-1.1098310947418213
fenqusai/test_photo/38_0831.jpg,1,3,False,blue,yellow,,7,7,True,浙A639MT,0.9981878873729314,-0.03264761680856054,True,浙,baseline,0.3296146300178508,-1.1098310947418213
fenqusai/test_photo/38_0831.jpg,1,4,False,blue,black,,7,7,True,浙A639MT,0.9981878873729314,-0.03264761680856054,True,浙,baseline,0.3296146300178508,-1.1098310947418213
fenqusai/test_photo/38_0831.jpg,1,5,False,blue,special_7,,7,7,True,浙A639MT,0.9981878873729314,-0.03264761680856054,True,浙,baseline,0.3296146300178508,-1.1098310947418213
fenqusai/test_photo/38_0831.jpg,1,6,False,blue,unknown_8,,8,8,True,浙A639M1T,0.707821203635182,-6.220147579555658,True,浙,baseline,0.3296146300178508,-1.1098310947418213
fenqusai/test_photo/38_0838.jpg,0,0,True,blue,blue,,7,7,True,吉AVR196,0.9786187220565341,-0.3890370391222717,True,吉,baseline,0.23363404900342097,-1.4539992809295654
fenqusai/test_photo/38_0838.jpg,0,1,False,blue,green,,8,7,False,吉AVR196,0.9786187220565341,-0.3890370391222717,True,吉,baseline,0.23363404900342097,-1.4539992809295654
fenqusai/test_photo/38_0838.jpg,0,2,False,blue,green,tractor_green,8,7,False,吉AVR196,0.9786187220565341,-0.3890370391222717,True,吉,baseline,0.23363404900342097,-1.4539992809295654
fenqusai/test_photo/38_0838.jpg,0,3,False,blue,yellow,,7,7,True,吉AVR196,0.9786187220565341,-0.3890370391222717,True,吉,baseline,0.23363404900342097,-1.4539992809295654
fenqusai/test_photo/38_0838.jpg,0,4,False,blue,black,,7,7,True,吉AVR196,0.9786187220565341,-0.3890370391222717,True,吉,baseline,0.23363404900342097,-1.4539992809295654
fenqusai/test_photo/38_0838.jpg,0,5,False,blue,special_7,,7,7,True,吉AVR196,0.9786187220565341,-0.3890370391222717,True,吉,baseline,0.23363404900342097,-1.4539992809295654
fenqusai/test_photo/38_0838.jpg,0,6,False,blue,unknown_8,,8,7,False,吉AVR196,0.9786187220565341,-0.3890370391222717,True,吉,baseline,0.23363404900342097,-1.4539992809295654
fenqusai/test_photo/38_0838.jpg,1,0,True,blue,blue,,7,7,True,川AV97R5,0.997001682070884,-0.05405079400993884,True,川,baseline,0.3308633674195596,-1.1060497760772705
fenqusai/test_photo/38_0838.jpg,1,1,False,blue,green,,8,8,True,川AVY97R5,0.5262958946889327,-11.554050365601555,True,川,baseline,0.3308633674195596,-1.1060497760772705
fenqusai/test_photo/38_0838.jpg,1,2,False,blue,green,tractor_green,8,8,True,川AVY97R5,0.5262958946889327,-11.554050365601555,True,川,baseline,0.3308633674195596,-1.1060497760772705
fenqusai/test_photo/38_0838.jpg,1,3,False,blue,yellow,,7,7,True,川AV97R5,0.997001682070884,-0.05405079400993884,True,川,baseline,0.3308633674195596,-1.1060497760772705
fenqusai/test_photo/38_0838.jpg,1,4,False,blue,black,,7,7,True,川AV97R5,0.997001682070884,-0.05405079400993884,True,川,baseline,0.3308633674195596,-1.1060497760772705
fenqusai/test_photo/38_0838.jpg,1,5,False,blue,special_7,,7,7,True,川AV97R5,0.997001682070884,-0.05405079400993884,True,川,baseline,0.3308633674195596,-1.1060497760772705
fenqusai/test_photo/38_0838.jpg,1,6,False,blue,unknown_8,,8,8,True,川AVY97R5,0.5262958946889327,-11.554050365601555,True,川,baseline,0.3308633674195596,-1.1060497760772705
fenqusai/test_photo/38_0860.jpg,0,0,True,yellow,yellow,,7,7,True,川BX0675,0.26569135349261425,-23.85755944406401,True,川,baseline,0.04422177771160642,-3.1185379028320312
fenqusai/test_photo/38_0860.jpg,0,1,False,yellow,blue,,7,7,True,川BX0675,0.26569135349261425,-23.85755944406401,True,川,baseline,0.04422177771160642,-3.1185379028320312
fenqusai/test_photo/38_0860.jpg,0,2,False,yellow,green,,8,8,True,川ABX0675,0.1838793366195266,-30.482559283178034,True,川,baseline,0.04422177771160642,-3.1185379028320312
fenqusai/test_photo/38_0860.jpg,0,3,False,yellow,green,tractor_green,8,8,True,川BX学0675,0.22490287519294996,-26.85755944406401,True,川,baseline,0.04422177771160642,-3.1185379028320312
fenqusai/test_photo/38_0860.jpg,0,4,False,yellow,black,,7,7,True,川B港港港7港,0.7822672440418238,-4.420059345343816,True,川,baseline,0.04422177771160642,-3.1185379028320312
fenqusai/test_photo/38_0860.jpg,0,5,False,yellow,special_7,,7,7,True,川B港港港7港,0.7822672440418238,-4.420059345343816,True,川,baseline,0.04422177771160642,-3.1185379028320312
fenqusai/test_photo/38_0860.jpg,0,6,False,yellow,unknown_8,,8,8,True,川ABX0675,0.1838793366195266,-30.482559283178034,True,川,baseline,0.04422177771160642,-3.1185379028320312
fenqusai/test_photo/38_0860.jpg,1,0,True,blue,blue,,7,7,True,川AZ4Z28,0.9999743627491628,-0.0004614764305870267,True,川,baseline,0.3331830377012013,-1.0990632772445679
fenqusai/test_photo/38_0860.jpg,1,1,False,blue,green,,8,7,False,川AZ4Z28,0.9999743627491628,-0.0004614764305870267,True,川,baseline,0.3331830377012013,-1.0990632772445679
fenqusai/test_photo/38_0860.jpg,1,2,False,blue,green,tractor_green,8,7,False,川AZ4Z28,0.9999743627491628,-0.0004614764305870267,True,川,baseline,0.3331830377012013,-1.0990632772445679
fenqusai/test_photo/38_0860.jpg,1,3,False,blue,yellow,,7,7,True,川AZ4Z28,0.9999743627491628,-0.0004614764305870267,True,川,baseline,0.3331830377012013,-1.0990632772445679
fenqusai/test_photo/38_0860.jpg,1,4,False,blue,black,,7,7,True,川AZ4Z28,0.9999743627491628,-0.0004614764305870267,True,川,baseline,0.3331830377012013,-1.0990632772445679
fenqusai/test_photo/38_0860.jpg,1,5,False,blue,special_7,,7,7,True,川AZ4Z28,0.9999743627491628,-0.0004614764305870267,True,川,baseline,0.3331830377012013,-1.0990632772445679
fenqusai/test_photo/38_0860.jpg,1,6,False,blue,unknown_8,,8,7,False,川AZ4Z28,0.9999743627491628,-0.0004614764305870267,True,川,baseline,0.3331830377012013,-1.0990632772445679
fenqusai/test_photo/39.jpg,0,0,True,unknown_7,blue,,7,7,True,川B07559,0.9994264677217137,-0.010326542595052501,True,川,baseline,0.3299169720271571,-1.1089142560958862
fenqusai/test_photo/39.jpg,0,1,False,unknown_7,green,,8,7,False,川B07559,0.9994264677217137,-0.010326542595052501,True,川,baseline,0.3299169720271571,-1.1089142560958862
fenqusai/test_photo/39.jpg,0,2,False,unknown_7,green,tractor_green,8,7,False,川B07559,0.9994264677217137,-0.010326542595052501,True,川,baseline,0.3299169720271571,-1.1089142560958862
fenqusai/test_photo/39.jpg,0,3,False,unknown_7,yellow,,7,7,True,川B07559,0.9994264677217137,-0.010326542595052501,True,川,baseline,0.3299169720271571,-1.1089142560958862
fenqusai/test_photo/39.jpg,0,4,False,unknown_7,black,,7,7,True,川B07559,0.9994264677217137,-0.010326542595052501,True,川,baseline,0.3299169720271571,-1.1089142560958862
fenqusai/test_photo/39.jpg,0,5,False,unknown_7,special_7,,7,7,True,川B07559,0.9994264677217137,-0.010326542595052501,True,川,baseline,0.3299169720271571,-1.1089142560958862
fenqusai/test_photo/39.jpg,0,6,False,unknown_7,unknown_8,,8,7,False,川B07559,0.9994264677217137,-0.010326542595052501,True,川,baseline,0.3299169720271571,-1.1089142560958862
fenqusai/test_photo/39.jpg,1,0,True,unknown_7,blue,,7,7,True,晋D711T1,0.81011596205852,-3.7904018134912576,True,晋,baseline,0.32308185942761863,-1.1298495531082153
fenqusai/test_photo/39.jpg,1,1,False,unknown_7,green,,8,8,True,晋D7111T1,0.7099772704061128,-6.165401813491258,True,晋,baseline,0.32308185942761863,-1.1298495531082153
fenqusai/test_photo/39.jpg,1,2,False,unknown_7,green,tractor_green,8,8,True,晋D7111T1,0.7099772704061128,-6.165401813491258,True,晋,baseline,0.32308185942761863,-1.1298495531082153
fenqusai/test_photo/39.jpg,1,3,False,unknown_7,yellow,,7,7,True,晋D711T1,0.81011596205852,-3.7904018134912576,True,晋,baseline,0.32308185942761863,-1.1298495531082153
fenqusai/test_photo/39.jpg,1,4,False,unknown_7,black,,7,7,True,晋D7领111,0.8713938625331622,-2.477901753886613,True,晋,baseline,0.32308185942761863,-1.1298495531082153
fenqusai/test_photo/39.jpg,1,5,False,unknown_7,special_7,,7,7,True,晋7领11T1,0.9340579813893093,-1.2279017538866128,True,晋,baseline,0.32308185942761863,-1.1298495531082153
fenqusai/test_photo/39.jpg,1,6,False,unknown_7,unknown_8,,8,8,True,晋D7111T1,0.7099772704061128,-6.165401813491258,True,晋,baseline,0.32308185942761863,-1.1298495531082153
fenqusai/test_photo/40.jpg,0,0,True,blue,blue,,7,7,True,川JN8888,0.9584513922387908,-0.763855741889067,True,川,baseline,0.2907794991511306,-1.2351900339126587
fenqusai/test_photo/40.jpg,0,1,False,blue,green,,8,8,True,川LJN8888,0.728518700506476,-5.701355708361454,True,川,baseline,0.2907794991511306,-1.2351900339126587
fenqusai/test_photo/40.jpg,0,2,False,blue,green,tractor_green,8,8,True,川LJN8888,0.728518700506476,-5.701355708361454,True,川,baseline,0.2907794991511306,-1.2351900339126587
fenqusai/test_photo/40.jpg,0,3,False,blue,yellow,,7,7,True,川JN8888,0.9584513922387908,-0.763855741889067,True,川,baseline,0.2907794991511306,-1.2351900339126587
fenqusai/test_photo/40.jpg,0,4,False,blue,black,,7,7,True,川JN8888,0.9584513922387908,-0.763855741889067,True,川,baseline,0.2907794991511306,-1.2351900339126587
fenqusai/test_photo/40.jpg,0,5,False,blue,special_7,,7,7,True,川JN8888,0.9584513922387908,-0.763855741889067,True,川,baseline,0.2907794991511306,-1.2351900339126587
fenqusai/test_photo/40.jpg,0,6,False,blue,unknown_8,,8,8,True,川LJN8888,0.728518700506476,-5.701355708361454,True,川,baseline,0.2907794991511306,-1.2351900339126587
fenqusai/test_photo/41_0670.jpg,0,0,True,blue,blue,,7,7,True,贵A857LG,0.9732343295505403,-0.4883470879781271,True,贵,baseline,0.20493078155487002,-1.5850830078125
fenqusai/test_photo/41_0670.jpg,0,1,False,blue,green,,8,8,True,贵AA857LG,0.6835680980827221,-6.847721934309902,True,贵,baseline,0.20493078155487002,-1.5850830078125
fenqusai/test_photo/41_0670.jpg,0,2,False,blue,green,tractor_green,8,8,True,贵AA857LG,0.6835680980827221,-6.847721934309902,True,贵,baseline,0.20493078155487002,-1.5850830078125
fenqusai/test_photo/41_0670.jpg,0,3,False,blue,yellow,,7,7,True,贵A857LG,0.9732343295505403,-0.4883470879781271,True,贵,baseline,0.20493078155487002,-1.5850830078125
fenqusai/test_photo/41_0670.jpg,0,4,False,blue,black,,7,7,True,贵A857LG,0.9732343295505403,-0.4883470879781271,True,贵,baseline,0.20493078155487002,-1.5850830078125
fenqusai/test_photo/41_0670.jpg,0,5,False,blue,special_7,,7,7,True,贵A857LG,0.9732343295505403,-0.4883470879781271,True,贵,baseline,0.20493078155487002,-1.5850830078125
fenqusai/test_photo/41_0670.jpg,0,6,False,blue,unknown_8,,8,8,True,贵AA857LG,0.6835680980827221,-6.847721934309902,True,贵,baseline,0.20493078155487002,-1.5850830078125
fenqusai/test_photo/41_0670.jpg,1,0,True,blue,blue,,7,7,True,川AA51Y7,0.9710745633917099,-0.5283364199096923,True,川,baseline,0.3328738931477737,-1.0999915599822998
fenqusai/test_photo/41_0670.jpg,1,1,False,blue,green,,8,8,True,川AA51YK7,0.9510531241298545,-0.9033364199096923,True,川,baseline,0.3328738931477737,-1.0999915599822998
fenqusai/test_photo/41_0670.jpg,1,2,False,blue,green,tractor_green,8,8,True,川AA51YK7,0.9510531241298545,-0.9033364199096923,True,川,baseline,0.3328738931477737,-1.0999915599822998
fenqusai/test_photo/41_0670.jpg,1,3,False,blue,yellow,,7,7,True,川AA51Y7,0.9710745633917099,-0.5283364199096923,True,川,baseline,0.3328738931477737,-1.0999915599822998
fenqusai/test_photo/41_0670.jpg,1,4,False,blue,black,,7,7,True,川AA51Y7,0.9710745633917099,-0.5283364199096923,True,川,baseline,0.3328738931477737,-1.0999915599822998
fenqusai/test_photo/41_0670.jpg,1,5,False,blue,special_7,,7,7,True,川AA51Y7,0.9710745633917099,-0.5283364199096923,True,川,baseline,0.3328738931477737,-1.0999915599822998
fenqusai/test_photo/41_0670.jpg,1,6,False,blue,unknown_8,,8,8,True,川AA51YK7,0.9510531241298545,-0.9033364199096923,True,川,baseline,0.3328738931477737,-1.0999915599822998
fenqusai/test_photo/41_0686.jpg,0,0,True,blue,blue,,7,7,True,吉D6868X,0.8915109715578026,-2.067075628263325,True,吉,baseline,0.06441369468950184,-2.74242901802063
fenqusai/test_photo/41_0686.jpg,0,1,False,blue,green,,8,8,True,吉ED6868X,0.8345941205596827,-3.2545755984610025,True,吉,baseline,0.06441369468950184,-2.74242901802063
fenqusai/test_photo/41_0686.jpg,0,2,False,blue,green,tractor_green,8,8,True,吉ED6868X,0.8345941205596827,-3.2545755984610025,True,吉,baseline,0.06441369468950184,-2.74242901802063
fenqusai/test_photo/41_0686.jpg,0,3,False,blue,yellow,,7,7,True,吉D6868X,0.8915109715578026,-2.067075628263325,True,吉,baseline,0.06441369468950184,-2.74242901802063
fenqusai/test_photo/41_0686.jpg,0,4,False,blue,black,,7,7,True,吉D6868X,0.8915109715578026,-2.067075628263325,True,吉,baseline,0.06441369468950184,-2.74242901802063
fenqusai/test_photo/41_0686.jpg,0,5,False,blue,special_7,,7,7,True,吉D6868X,0.8915109715578026,-2.067075628263325,True,吉,baseline,0.06441369468950184,-2.74242901802063
fenqusai/test_photo/41_0686.jpg,0,6,False,blue,unknown_8,,8,8,True,吉ED6868X,0.8345941205596827,-3.2545755984610025,True,吉,baseline,0.06441369468950184,-2.74242901802063
fenqusai/test_photo/41_0686.jpg,1,0,True,blue,blue,,7,7,True,冀A8H403,0.9993383200882389,-0.0119141805334948,True,冀,baseline,0.32975454323238773,-1.1094067096710205
fenqusai/test_photo/41_0686.jpg,1,1,False,blue,green,,8,8,True,冀AA8H403,0.6726734761831131,-7.136914385191631,True,冀,baseline,0.32975454323238773,-1.1094067096710205
fenqusai/test_photo/41_0686.jpg,1,2,False,blue,green,tractor_green,8,8,True,冀AA8H403,0.6726734761831131,-7.136914385191631,True,冀,baseline,0.32975454323238773,-1.1094067096710205
fenqusai/test_photo/41_0686.jpg,1,3,False,blue,yellow,,7,7,True,冀A8H403,0.9993383200882389,-0.0119141805334948,True,冀,baseline,0.32975454323238773,-1.1094067096710205
fenqusai/test_photo/41_0686.jpg,1,4,False,blue,black,,7,7,True,冀A8H403,0.9993383200882389,-0.0119141805334948,True,冀,baseline,0.32975454323238773,-1.1094067096710205
fenqusai/test_photo/41_0686.jpg,1,5,False,blue,special_7,,7,7,True,冀A8H403,0.9993383200882389,-0.0119141805334948,True,冀,baseline,0.32975454323238773,-1.1094067096710205
fenqusai/test_photo/41_0686.jpg,1,6,False,blue,unknown_8,,8,8,True,冀AA8H403,0.6726734761831131,-7.136914385191631,True,冀,baseline,0.32975454323238773,-1.1094067096710205
fenqusai/test_photo/41_0705.jpg,0,0,True,green,green,,8,8,True,川AAP8176,0.8803713821967628,-2.293405835649992,True,川,baseline,0.03580823278386433,-3.3295774459838867
fenqusai/test_photo/41_0705.jpg,0,1,False,green,green,tractor_green,8,8,True,川AAP8176,0.8803713821967628,-2.293405835649992,True,川,baseline,0.03580823278386433,-3.3295774459838867
fenqusai/test_photo/41_0705.jpg,0,2,False,green,blue,,7,7,True,川AP8176,0.4878783275651778,-12.918406193576175,True,川,baseline,0.03580823278386433,-3.3295774459838867
fenqusai/test_photo/41_0705.jpg,0,3,False,green,yellow,,7,7,True,川AP8176,0.4878783275651778,-12.918406193576175,True,川,baseline,0.03580823278386433,-3.3295774459838867
fenqusai/test_photo/41_0705.jpg,0,4,False,green,black,,7,7,True,川AAP817,0.07102150451619883,-47.60590621122037,True,川,baseline,0.03580823278386433,-3.3295774459838867
fenqusai/test_photo/41_0705.jpg,0,5,False,green,special_7,,7,7,True,川AAP817,0.07102150451619883,-47.60590621122037,True,川,baseline,0.03580823278386433,-3.3295774459838867
fenqusai/test_photo/41_0705.jpg,0,6,False,green,unknown_8,,8,8,True,川AAP8176,0.8803713821967628,-2.293405835649992,True,川,baseline,0.03580823278386433,-3.3295774459838867
fenqusai/test_photo/41_0705.jpg,1,0,True,blue,blue,,7,7,True,冀ATZ369,0.9881821492541673,-0.2139882594028677,True,冀,baseline,0.26912142003684114,-1.312592625617981
fenqusai/test_photo/41_0705.jpg,1,1,False,blue,green,,8,7,False,冀ATZ369,0.9881821492541673,-0.2139882594028677,True,冀,baseline,0.26912142003684114,-1.312592625617981
fenqusai/test_photo/41_0705.jpg,1,2,False,blue,green,tractor_green,8,7,False,冀ATZ369,0.9881821492541673,-0.2139882594028677,True,冀,baseline,0.26912142003684114,-1.312592625617981
fenqusai/test_photo/41_0705.jpg,1,3,False,blue,yellow,,7,7,True,冀ATZ369,0.9881821492541673,-0.2139882594028677,True,冀,baseline,0.26912142003684114,-1.312592625617981
fenqusai/test_photo/41_0705.jpg,1,4,False,blue,black,,7,7,True,冀ATZ369,0.9881821492541673,-0.2139882594028677,True,冀,baseline,0.26912142003684114,-1.312592625617981
fenqusai/test_photo/41_0705.jpg,1,5,False,blue,special_7,,7,7,True,冀ATZ369,0.9881821492541673,-0.2139882594028677,True,冀,baseline,0.26912142003684114,-1.312592625617981
fenqusai/test_photo/41_0705.jpg,1,6,False,blue,unknown_8,,8,7,False,冀ATZ369,0.9881821492541673,-0.2139882594028677,True,冀,baseline,0.26912142003684114,-1.312592625617981
fenqusai/test_photo/41_0734.jpg,0,0,True,blue,blue,,7,7,True,云A5J6V7,0.9849517121193941,-0.27292792033381374,True,云,baseline,0.3323514183743964,-1.1015623807907104
fenqusai/test_photo/41_0734.jpg,0,1,False,blue,green,,8,7,False,云A5J6V7,0.9849517121193941,-0.27292792033381374,True,云,baseline,0.3323514183743964,-1.1015623807907104
fenqusai/test_photo/41_0734.jpg,0,2,False,blue,green,tractor_green,8,7,False,云A5J6V7,0.9849517121193941,-0.27292792033381374,True,云,baseline,0.3323514183743964,-1.1015623807907104
fenqusai/test_photo/41_0734.jpg,0,3,False,blue,yellow,,7,7,True,云A5J6V7,0.9849517121193941,-0.27292792033381374,True,云,baseline,0.3323514183743964,-1.1015623807907104
fenqusai/test_photo/41_0734.jpg,0,4,False,blue,black,,7,7,True,云A5J6V7,0.9849517121193941,-0.27292792033381374,True,云,baseline,0.3323514183743964,-1.1015623807907104
fenqusai/test_photo/41_0734.jpg,0,5,False,blue,special_7,,7,7,True,云A5J6V7,0.9849517121193941,-0.27292792033381374,True,云,baseline,0.3323514183743964,-1.1015623807907104
fenqusai/test_photo/41_0734.jpg,0,6,False,blue,unknown_8,,8,7,False,云A5J6V7,0.9849517121193941,-0.27292792033381374,True,云,baseline,0.3323514183743964,-1.1015623807907104
fenqusai/test_photo/41_0734.jpg,1,0,True,yellow,yellow,,7,7,True,川AUS82学,0.9151050907349569,-1.5968946067109755,True,川,baseline,0.3302835267054644,-1.1078038215637207
fenqusai/test_photo/41_0734.jpg,1,1,False,yellow,blue,,7,7,True,川AUS821,0.27333701858455417,-23.34689540741556,True,川,baseline,0.3302835267054644,-1.1078038215637207
fenqusai/test_photo/41_0734.jpg,1,2,False,yellow,green,,8,8,True,川AAUS821,0.28201366788392485,-22.784395347810914,True,川,baseline,0.3302835267054644,-1.1078038215637207
fenqusai/test_photo/41_0734.jpg,1,3,False,yellow,green,tractor_green,8,8,True,川AAUS82学,0.9441536476611013,-1.0343945471063307,True,川,baseline,0.3302835267054644,-1.1078038215637207
fenqusai/test_photo/41_0734.jpg,1,4,False,yellow,black,,7,7,True,川AUS82学,0.9151050907349569,-1.5968946067109755,True,川,baseline,0.3302835267054644,-1.1078038215637207
fenqusai/test_photo/41_0734.jpg,1,5,False,yellow,special_7,,7,7,True,川AUS82学,0.9151050907349569,-1.5968946067109755,True,川,baseline,0.3302835267054644,-1.1078038215637207
fenqusai/test_photo/41_0734.jpg,1,6,False,yellow,unknown_8,,8,8,True,川AAUS821,0.28201366788392485,-22.784395347810914,True,川,baseline,0.3302835267054644,-1.1078038215637207
fenqusai/test_photo/41_0752.jpg,0,0,True,blue,blue,,7,7,True,云NH1103,0.9955416120370995,-0.08043041184782851,True,云,baseline,0.3233051272474294,-1.1291587352752686
fenqusai/test_photo/41_0752.jpg,0,1,False,blue,green,,8,8,True,云ZNH1103,0.8427077837480631,-3.0804303522431837,True,云,baseline,0.3233051272474294,-1.1291587352752686
fenqusai/test_photo/41_0752.jpg,0,2,False,blue,green,tractor_green,8,8,True,云ZNH1103,0.8427077837480631,-3.0804303522431837,True,云,baseline,0.3233051272474294,-1.1291587352752686
fenqusai/test_photo/41_0752.jpg,0,3,False,blue,yellow,,7,7,True,云NH1103,0.9955416120370995,-0.08043041184782851,True,云,baseline,0.3233051272474294,-1.1291587352752686
fenqusai/test_photo/41_0752.jpg,0,4,False,blue,black,,7,7,True,云NH1103,0.9955416120370995,-0.08043041184782851,True,云,baseline,0.3233051272474294,-1.1291587352752686
fenqusai/test_photo/41_0752.jpg,0,5,False,blue,special_7,,7,7,True,云NH1103,0.9955416120370995,-0.08043041184782851,True,云,baseline,0.3233051272474294,-1.1291587352752686
fenqusai/test_photo/41_0752.jpg,0,6,False,blue,unknown_8,,8,8,True,云ZNH1103,0.8427077837480631,-3.0804303522431837,True,云,baseline,0.3233051272474294,-1.1291587352752686
fenqusai/test_photo/41_0752.jpg,1,0,True,blue,blue,,7,7,True,冀A62B2Q,0.9725508193058177,-0.5009930729865886,True,冀,baseline,0.20197626601372332,-1.5996050834655762
fenqusai/test_photo/41_0752.jpg,1,1,False,blue,green,,8,7,False,冀A62B2Q,0.9725508193058177,-0.5009930729865886,True,冀,baseline,0.20197626601372332,-1.5996050834655762
fenqusai/test_photo/41_0752.jpg,1,2,False,blue,green,tractor_green,8,7,False,冀A62B2Q,0.9725508193058177,-0.5009930729865886,True,冀,baseline,0.20197626601372332,-1.5996050834655762
fenqusai/test_photo/41_0752.jpg,1,3,False,blue,yellow,,7,7,True,冀A62B2Q,0.9725508193058177,-0.5009930729865886,True,冀,baseline,0.20197626601372332,-1.5996050834655762
fenqusai/test_photo/41_0752.jpg,1,4,False,blue,black,,7,7,True,冀A62B2Q,0.9725508193058177,-0.5009930729865886,True,冀,baseline,0.20197626601372332,-1.5996050834655762
fenqusai/test_photo/41_0752.jpg,1,5,False,blue,special_7,,7,7,True,冀A62B2Q,0.9725508193058177,-0.5009930729865886,True,冀,baseline,0.20197626601372332,-1.5996050834655762
fenqusai/test_photo/41_0752.jpg,1,6,False,blue,unknown_8,,8,7,False,冀A62B2Q,0.9725508193058177,-0.5009930729865886,True,冀,baseline,0.20197626601372332,-1.5996050834655762
fenqusai/test_photo/41_0752.jpg,2,0,True,blue,blue,,7,7,True,皖ATA22L,0.9860632080933388,-0.25262677553109114,True,皖,baseline,0.3018492442134492,-1.1978275775909424
fenqusai/test_photo/41_0752.jpg,2,1,False,blue,green,,8,8,True,皖AATA22L,0.8641756164070334,-2.6276268798392195,True,皖,baseline,0.3018492442134492,-1.1978275775909424
fenqusai/test_photo/41_0752.jpg,2,2,False,blue,green,tractor_green,8,8,True,皖AATA22L,0.8641756164070334,-2.6276268798392195,True,皖,baseline,0.3018492442134492,-1.1978275775909424
fenqusai/test_photo/41_0752.jpg,2,3,False,blue,yellow,,7,7,True,皖ATA22L,0.9860632080933388,-0.25262677553109114,True,皖,baseline,0.3018492442134492,-1.1978275775909424
fenqusai/test_photo/41_0752.jpg,2,4,False,blue,black,,7,7,True,皖ATA22L,0.9860632080933388,-0.25262677553109114,True,皖,baseline,0.3018492442134492,-1.1978275775909424
fenqusai/test_photo/41_0752.jpg,2,5,False,blue,special_7,,7,7,True,皖ATA22L,0.9860632080933388,-0.25262677553109114,True,皖,baseline,0.3018492442134492,-1.1978275775909424
fenqusai/test_photo/41_0752.jpg,2,6,False,blue,unknown_8,,8,8,True,皖AATA22L,0.8641756164070334,-2.6276268798392195,True,皖,baseline,0.3018492442134492,-1.1978275775909424
fenqusai/test_photo/41_0752.jpg,3,0,True,blue,blue,,7,2,False,桂M,0.999997476797287,-4.541770613286644e-05,True,桂,baseline,5.037290460490163e-35,-148.2235107421875
fenqusai/test_photo/41_0752.jpg,3,1,False,blue,green,,8,2,False,桂M,0.999997476797287,-4.541770613286644e-05,True,桂,baseline,5.037290460490163e-35,-148.2235107421875
fenqusai/test_photo/41_0752.jpg,3,2,False,blue,green,tractor_green,8,2,False,桂M,0.999997476797287,-4.541770613286644e-05,True,桂,baseline,5.037290460490163e-35,-148.2235107421875
fenqusai/test_photo/41_0752.jpg,3,3,False,blue,yellow,,7,2,False,桂M,0.999997476797287,-4.541770613286644e-05,True,桂,baseline,5.037290460490163e-35,-148.2235107421875
fenqusai/test_photo/41_0752.jpg,3,4,False,blue,black,,7,2,False,桂M,0.999997476797287,-4.541770613286644e-05,True,桂,baseline,5.037290460490163e-35,-148.2235107421875
fenqusai/test_photo/41_0752.jpg,3,5,False,blue,special_7,,7,2,False,桂M,0.999997476797287,-4.541770613286644e-05,True,桂,baseline,5.037290460490163e-35,-148.2235107421875
fenqusai/test_photo/41_0752.jpg,3,6,False,blue,unknown_8,,8,2,False,桂M,0.999997476797287,-4.541770613286644e-05,True,桂,baseline,5.037290460490163e-35,-148.2235107421875
fenqusai/test_photo/41_0775.jpg,0,0,True,blue,blue,,7,7,True,新AA666F,0.9286970812221023,-1.3315079352459946,True,新,baseline,0.08921191644384599,-2.416740655899048
fenqusai/test_photo/41_0775.jpg,0,1,False,blue,green,,8,7,False,新AA666F,0.9286970812221023,-1.3315079352459946,True,新,baseline,0.08921191644384599,-2.416740655899048
fenqusai/test_photo/41_0775.jpg,0,2,False,blue,green,tractor_green,8,7,False,新AA666F,0.9286970812221023,-1.3315079352459946,True,新,baseline,0.08921191644384599,-2.416740655899048
fenqusai/test_photo/41_0775.jpg,0,3,False,blue,yellow,,7,7,True,新AA666F,0.9286970812221023,-1.3315079352459946,True,新,baseline,0.08921191644384599,-2.416740655899048
fenqusai/test_photo/41_0775.jpg,0,4,False,blue,black,,7,7,True,新AA666F,0.9286970812221023,-1.3315079352459946,True,新,baseline,0.08921191644384599,-2.416740655899048
fenqusai/test_photo/41_0775.jpg,0,5,False,blue,special_7,,7,7,True,新AA666F,0.9286970812221023,-1.3315079352459946,True,新,baseline,0.08921191644384599,-2.416740655899048
fenqusai/test_photo/41_0775.jpg,0,6,False,blue,unknown_8,,8,7,False,新AA666F,0.9286970812221023,-1.3315079352459946,True,新,baseline,0.08921191644384599,-2.416740655899048
fenqusai/test_photo/41_0775.jpg,1,0,True,blue,blue,,7,7,True,川A77H3Q,0.9543054550534799,-0.8418865551737937,True,川,baseline,0.27309329454066694,-1.29794180393219
fenqusai/test_photo/41_0775.jpg,1,1,False,blue,green,,8,7,False,川A77H3Q,0.9543054550534799,-0.8418865551737937,True,川,baseline,0.27309329454066694,-1.29794180393219
fenqusai/test_photo/41_0775.jpg,1,2,False,blue,green,tractor_green,8,7,False,川A77H3Q,0.9543054550534799,-0.8418865551737937,True,川,baseline,0.27309329454066694,-1.29794180393219
fenqusai/test_photo/41_0775.jpg,1,3,False,blue,yellow,,7,7,True,川A77H3Q,0.9543054550534799,-0.8418865551737937,True,川,baseline,0.27309329454066694,-1.29794180393219
fenqusai/test_photo/41_0775.jpg,1,4,False,blue,black,,7,7,True,川A77H3Q,0.9543054550534799,-0.8418865551737937,True,川,baseline,0.27309329454066694,-1.29794180393219
fenqusai/test_photo/41_0775.jpg,1,5,False,blue,special_7,,7,7,True,川A77H3Q,0.9543054550534799,-0.8418865551737937,True,川,baseline,0.27309329454066694,-1.29794180393219
fenqusai/test_photo/41_0775.jpg,1,6,False,blue,unknown_8,,8,7,False,川A77H3Q,0.9543054550534799,-0.8418865551737937,True,川,baseline,0.27309329454066694,-1.29794180393219
fenqusai/test_photo/41_0793.jpg,0,0,True,blue,blue,,7,7,True,云SC8685,0.9987744081434271,-0.02207418315265386,True,云,baseline,0.3260637996315343,-1.1206622123718262
fenqusai/test_photo/41_0793.jpg,0,1,False,blue,green,,8,7,False,云SC8685,0.9987744081434271,-0.02207418315265386,True,云,baseline,0.3260637996315343,-1.1206622123718262
fenqusai/test_photo/41_0793.jpg,0,2,False,blue,green,tractor_green,8,7,False,云SC8685,0.9987744081434271,-0.02207418315265386,True,云,baseline,0.3260637996315343,-1.1206622123718262
fenqusai/test_photo/41_0793.jpg,0,3,False,blue,yellow,,7,7,True,云SC8685,0.9987744081434271,-0.02207418315265386,True,云,baseline,0.3260637996315343,-1.1206622123718262
fenqusai/test_photo/41_0793.jpg,0,4,False,blue,black,,7,7,True,云SC8685,0.9987744081434271,-0.02207418315265386,True,云,baseline,0.3260637996315343,-1.1206622123718262
fenqusai/test_photo/41_0793.jpg,0,5,False,blue,special_7,,7,7,True,云SC8685,0.9987744081434271,-0.02207418315265386,True,云,baseline,0.3260637996315343,-1.1206622123718262
fenqusai/test_photo/41_0793.jpg,0,6,False,blue,unknown_8,,8,7,False,云SC8685,0.9987744081434271,-0.02207418315265386,True,云,baseline,0.3260637996315343,-1.1206622123718262
fenqusai/test_photo/41_0793.jpg,1,0,True,blue,blue,,7,7,True,鄂A8Y33W,0.9556207839955202,-0.8170940535413465,True,鄂,baseline,0.15021404769759786,-1.8956940174102783
fenqusai/test_photo/41_0793.jpg,1,1,False,blue,green,,8,7,False,鄂A8Y33W,0.9556207839955202,-0.8170940535413465,True,鄂,baseline,0.15021404769759786,-1.8956940174102783
fenqusai/test_photo/41_0793.jpg,1,2,False,blue,green,tractor_green,8,7,False,鄂A8Y33W,0.9556207839955202,-0.8170940535413465,True,鄂,baseline,0.15021404769759786,-1.8956940174102783
fenqusai/test_photo/41_0793.jpg,1,3,False,blue,yellow,,7,7,True,鄂A8Y33W,0.9556207839955202,-0.8170940535413465,True,鄂,baseline,0.15021404769759786,-1.8956940174102783
fenqusai/test_photo/41_0793.jpg,1,4,False,blue,black,,7,7,True,鄂A8Y33W,0.9556207839955202,-0.8170940535413465,True,鄂,baseline,0.15021404769759786,-1.8956940174102783
fenqusai/test_photo/41_0793.jpg,1,5,False,blue,special_7,,7,7,True,鄂A8Y33W,0.9556207839955202,-0.8170940535413465,True,鄂,baseline,0.15021404769759786,-1.8956940174102783
fenqusai/test_photo/41_0793.jpg,1,6,False,blue,unknown_8,,8,7,False,鄂A8Y33W,0.9556207839955202,-0.8170940535413465,True,鄂,baseline,0.15021404769759786,-1.8956940174102783
fenqusai/test_photo/41_0797.jpg,0,0,True,blue,blue,,7,7,True,云HDF666,0.9879860804717772,-0.21756005864699546,True,云,baseline,0.3319166030647799,-1.1028715372085571
fenqusai/test_photo/41_0797.jpg,0,1,False,blue,green,,8,8,True,云HD0F666,0.6118590571970013,-8.842559790426094,True,云,baseline,0.3319166030647799,-1.1028715372085571
fenqusai/test_photo/41_0797.jpg,0,2,False,blue,green,tractor_green,8,8,True,云HD0F666,0.6118590571970013,-8.842559790426094,True,云,baseline,0.3319166030647799,-1.1028715372085571
fenqusai/test_photo/41_0797.jpg,0,3,False,blue,yellow,,7,7,True,云HDF666,0.9879860804717772,-0.21756005864699546,True,云,baseline,0.3319166030647799,-1.1028715372085571
fenqusai/test_photo/41_0797.jpg,0,4,False,blue,black,,7,7,True,云HDF666,0.9879860804717772,-0.21756005864699546,True,云,baseline,0.3319166030647799,-1.1028715372085571
fenqusai/test_photo/41_0797.jpg,0,5,False,blue,special_7,,7,7,True,云HDF666,0.9879860804717772,-0.21756005864699546,True,云,baseline,0.3319166030647799,-1.1028715372085571
fenqusai/test_photo/41_0797.jpg,0,6,False,blue,unknown_8,,8,8,True,云HD0F666,0.6118590571970013,-8.842559790426094,True,云,baseline,0.3319166030647799,-1.1028715372085571
fenqusai/test_photo/41_0797.jpg,1,0,True,blue,blue,,7,7,True,冀A38SU9,0.9760203775811089,-0.43689265412097456,True,冀,baseline,0.21537367825668757,-1.5353807210922241
fenqusai/test_photo/41_0797.jpg,1,1,False,blue,green,,8,8,True,冀A38SU59,0.554192014203656,-10.624393012498267,True,冀,baseline,0.21537367825668757,-1.5353807210922241
fenqusai/test_photo/41_0797.jpg,1,2,False,blue,green,tractor_green,8,8,True,冀A38SU59,0.554192014203656,-10.624393012498267,True,冀,baseline,0.21537367825668757,-1.5353807210922241
fenqusai/test_photo/41_0797.jpg,1,3,False,blue,yellow,,7,7,True,冀A38SU9,0.9760203775811089,-0.43689265412097456,True,冀,baseline,0.21537367825668757,-1.5353807210922241
fenqusai/test_photo/41_0797.jpg,1,4,False,blue,black,,7,7,True,冀A38SU9,0.9760203775811089,-0.43689265412097456,True,冀,baseline,0.21537367825668757,-1.5353807210922241
fenqusai/test_photo/41_0797.jpg,1,5,False,blue,special_7,,7,7,True,冀A38SU9,0.9760203775811089,-0.43689265412097456,True,冀,baseline,0.21537367825668757,-1.5353807210922241
fenqusai/test_photo/41_0797.jpg,1,6,False,blue,unknown_8,,8,8,True,冀A38SU59,0.554192014203656,-10.624393012498267,True,冀,baseline,0.21537367825668757,-1.5353807210922241
fenqusai/test_photo/41_0801.jpg,0,0,True,blue,blue,,7,7,True,川A9YN87,0.7644231377234892,-4.83540836298198,True,川,baseline,0.5819645317445513,-0.5413457751274109
fenqusai/test_photo/41_0801.jpg,0,1,False,blue,green,,8,8,True,川XA9YN87,0.8632024499807114,-2.6479084821912693,True,川,baseline,0.5819645317445513,-0.5413457751274109
fenqusai/test_photo/41_0801.jpg,0,2,False,blue,green,tractor_green,8,8,True,川XA9YN87,0.8632024499807114,-2.6479084821912693,True,川,baseline,0.5819645317445513,-0.5413457751274109
fenqusai/test_photo/41_0801.jpg,0,3,False,blue,yellow,,7,7,True,川A9YN87,0.7644231377234892,-4.83540836298198,True,川,baseline,0.5819645317445513,-0.5413457751274109
fenqusai/test_photo/41_0801.jpg,0,4,False,blue,black,,7,7,True,川A9YN87,0.7644231377234892,-4.83540836298198,True,川,baseline,0.5819645317445513,-0.5413457751274109
fenqusai/test_photo/41_0801.jpg,0,5,False,blue,special_7,,7,7,True,川A9YN87,0.7644231377234892,-4.83540836298198,True,川,baseline,0.5819645317445513,-0.5413457751274109
fenqusai/test_photo/41_0801.jpg,0,6,False,blue,unknown_8,,8,8,True,川XA9YN87,0.8632024499807114,-2.6479084821912693,True,川,baseline,0.5819645317445513,-0.5413457751274109
fenqusai/test_photo/41_0801.jpg,1,0,True,blue,blue,,7,7,True,辽A5G1W0,0.9976130803353215,-0.043015912175143,True,辽,baseline,0.31929880949485473,-1.1416279077529907
fenqusai/test_photo/41_0801.jpg,1,1,False,blue,green,,8,7,False,辽A5G1W0,0.9976130803353215,-0.043015912175143,True,辽,baseline,0.31929880949485473,-1.1416279077529907
fenqusai/test_photo/41_0801.jpg,1,2,False,blue,green,tractor_green,8,7,False,辽A5G1W0,0.9976130803353215,-0.043015912175143,True,辽,baseline,0.31929880949485473,-1.1416279077529907
fenqusai/test_photo/41_0801.jpg,1,3,False,blue,yellow,,7,7,True,辽A5G1W0,0.9976130803353215,-0.043015912175143,True,辽,baseline,0.31929880949485473,-1.1416279077529907
fenqusai/test_photo/41_0801.jpg,1,4,False,blue,black,,7,7,True,辽A5G1W0,0.9976130803353215,-0.043015912175143,True,辽,baseline,0.31929880949485473,-1.1416279077529907
fenqusai/test_photo/41_0801.jpg,1,5,False,blue,special_7,,7,7,True,辽A5G1W0,0.9976130803353215,-0.043015912175143,True,辽,baseline,0.31929880949485473,-1.1416279077529907
fenqusai/test_photo/41_0801.jpg,1,6,False,blue,unknown_8,,8,7,False,辽A5G1W0,0.9976130803353215,-0.043015912175143,True,辽,baseline,0.31929880949485473,-1.1416279077529907
fenqusai/test_photo/41_0801.jpg,2,0,True,blue,blue,,7,7,True,赣A1EM22,0.9851742989876501,-0.2688606031946392,True,赣,baseline,0.2549066178191765,-1.3668580055236816
fenqusai/test_photo/41_0801.jpg,2,1,False,blue,green,,8,7,False,赣A1EM22,0.9851742989876501,-0.2688606031946392,True,赣,baseline,0.2549066178191765,-1.3668580055236816
fenqusai/test_photo/41_0801.jpg,2,2,False,blue,green,tractor_green,8,7,False,赣A1EM22,0.9851742989876501,-0.2688606031946392,True,赣,baseline,0.2549066178191765,-1.3668580055236816
fenqusai/test_photo/41_0801.jpg,2,3,False,blue,yellow,,7,7,True,赣A1EM22,0.9851742989876501,-0.2688606031946392,True,赣,baseline,0.2549066178191765,-1.3668580055236816
fenqusai/test_photo/41_0801.jpg,2,4,False,blue,black,,7,7,True,赣A1EM22,0.9851742989876501,-0.2688606031946392,True,赣,baseline,0.2549066178191765,-1.3668580055236816
fenqusai/test_photo/41_0801.jpg,2,5,False,blue,special_7,,7,7,True,赣A1EM22,0.9851742989876501,-0.2688606031946392,True,赣,baseline,0.2549066178191765,-1.3668580055236816
fenqusai/test_photo/41_0801.jpg,2,6,False,blue,unknown_8,,8,7,False,赣A1EM22,0.9851742989876501,-0.2688606031946392,True,赣,baseline,0.2549066178191765,-1.3668580055236816
fenqusai/test_photo/41_0803.jpg,0,0,True,blue,blue,,7,7,True,辽CY3683,0.8317338347344778,-3.316370391324199,True,辽,baseline,0.02002174480910345,-3.9109363555908203
fenqusai/test_photo/41_0803.jpg,0,1,False,blue,green,,8,7,False,辽CY3683,0.8317338347344778,-3.316370391324199,True,辽,baseline,0.02002174480910345,-3.9109363555908203
fenqusai/test_photo/41_0803.jpg,0,2,False,blue,green,tractor_green,8,7,False,辽CY3683,0.8317338347344778,-3.316370391324199,True,辽,baseline,0.02002174480910345,-3.9109363555908203
fenqusai/test_photo/41_0803.jpg,0,3,False,blue,yellow,,7,7,True,辽CY3683,0.8317338347344778,-3.316370391324199,True,辽,baseline,0.02002174480910345,-3.9109363555908203
fenqusai/test_photo/41_0803.jpg,0,4,False,blue,black,,7,7,True,辽CY3683,0.8317338347344778,-3.316370391324199,True,辽,baseline,0.02002174480910345,-3.9109363555908203
fenqusai/test_photo/41_0803.jpg,0,5,False,blue,special_7,,7,7,True,辽CY3683,0.8317338347344778,-3.316370391324199,True,辽,baseline,0.02002174480910345,-3.9109363555908203
fenqusai/test_photo/41_0803.jpg,0,6,False,blue,unknown_8,,8,7,False,辽CY3683,0.8317338347344778,-3.316370391324199,True,辽,baseline,0.02002174480910345,-3.9109363555908203
fenqusai/test_photo/41_0803.jpg,1,0,True,blue,blue,,7,7,True,川A758CP,0.9999888483868687,-0.0002007301555977392,True,川,baseline,0.3333310617532095,-1.0986191034317017
fenqusai/test_photo/41_0803.jpg,1,1,False,blue,green,,8,7,False,川A758CP,0.9999888483868687,-0.0002007301555977392,True,川,baseline,0.3333310617532095,-1.0986191034317017
fenqusai/test_photo/41_0803.jpg,1,2,False,blue,green,tractor_green,8,7,False,川A758CP,0.9999888483868687,-0.0002007301555977392,True,川,baseline,0.3333310617532095,-1.0986191034317017
fenqusai/test_photo/41_0803.jpg,1,3,False,blue,yellow,,7,7,True,川A758CP,0.9999888483868687,-0.0002007301555977392,True,川,baseline,0.3333310617532095,-1.0986191034317017
fenqusai/test_photo/41_0803.jpg,1,4,False,blue,black,,7,7,True,川A758CP,0.9999888483868687,-0.0002007301555977392,True,川,baseline,0.3333310617532095,-1.0986191034317017
fenqusai/test_photo/41_0803.jpg,1,5,False,blue,special_7,,7,7,True,川A758CP,0.9999888483868687,-0.0002007301555977392,True,川,baseline,0.3333310617532095,-1.0986191034317017
fenqusai/test_photo/41_0803.jpg,1,6,False,blue,unknown_8,,8,7,False,川A758CP,0.9999888483868687,-0.0002007301555977392,True,川,baseline,0.3333310617532095,-1.0986191034317017
fenqusai/test_photo/41_0812.jpg,0,0,True,blue,blue,,7,7,True,云A172LE,0.9805833002933017,-0.35293824000847707,True,云,baseline,0.250639419534848,-1.383739948272705
fenqusai/test_photo/41_0812.jpg,0,1,False,blue,green,,8,7,False,云A172LE,0.9805833002933017,-0.35293824000847707,True,云,baseline,0.250639419534848,-1.383739948272705
fenqusai/test_photo/41_0812.jpg,0,2,False,blue,green,tractor_green,8,7,False,云A172LE,0.9805833002933017,-0.35293824000847707,True,云,baseline,0.250639419534848,-1.383739948272705
fenqusai/test_photo/41_0812.jpg,0,3,False,blue,yellow,,7,7,True,云A172LE,0.9805833002933017,-0.35293824000847707,True,云,baseline,0.250639419534848,-1.383739948272705
fenqusai/test_photo/41_0812.jpg,0,4,False,blue,black,,7,7,True,云A172LE,0.9805833002933017,-0.35293824000847707,True,云,baseline,0.250639419534848,-1.383739948272705
fenqusai/test_photo/41_0812.jpg,0,5,False,blue,special_7,,7,7,True,云A172LE,0.9805833002933017,-0.35293824000847707,True,云,baseline,0.250639419534848,-1.383739948272705
fenqusai/test_photo/41_0812.jpg,0,6,False,blue,unknown_8,,8,7,False,云A172LE,0.9805833002933017,-0.35293824000847707,True,云,baseline,0.250639419534848,-1.383739948272705
fenqusai/test_photo/41_0812.jpg,1,0,True,unknown_7,blue,,7,7,True,黑A286MU,0.9623750545140466,-0.6903186252947648,True,黑,baseline,0.16745274919193132,-1.7870540618896484
fenqusai/test_photo/41_0812.jpg,1,1,False,unknown_7,green,,8,7,False,黑A286MU,0.9623750545140466,-0.6903186252947648,True,黑,baseline,0.16745274919193132,-1.7870540618896484
fenqusai/test_photo/41_0812.jpg,1,2,False,unknown_7,green,tractor_green,8,7,False,黑A286MU,0.9623750545140466,-0.6903186252947648,True,黑,baseline,0.16745274919193132,-1.7870540618896484
fenqusai/test_photo/41_0812.jpg,1,3,False,unknown_7,yellow,,7,7,True,黑A286MU,0.9623750545140466,-0.6903186252947648,True,黑,baseline,0.16745274919193132,-1.7870540618896484
fenqusai/test_photo/41_0812.jpg,1,4,False,unknown_7,black,,7,7,True,黑A286MU,0.9623750545140466,-0.6903186252947648,True,黑,baseline,0.16745274919193132,-1.7870540618896484
fenqusai/test_photo/41_0812.jpg,1,5,False,unknown_7,special_7,,7,7,True,黑A286MU,0.9623750545140466,-0.6903186252947648,True,黑,baseline,0.16745274919193132,-1.7870540618896484
fenqusai/test_photo/41_0812.jpg,1,6,False,unknown_7,unknown_8,,8,7,False,黑A286MU,0.9623750545140466,-0.6903186252947648,True,黑,baseline,0.16745274919193132,-1.7870540618896484
fenqusai/test_photo/41_0837.jpg,0,0,True,blue,blue,,7,7,True,辽A3T0YT,0.9712977721326422,-0.5241994609127119,True,辽,baseline,0.2980372744152278,-1.2105367183685303
fenqusai/test_photo/41_0837.jpg,0,1,False,blue,green,,8,8,True,辽AX3T0YT,0.7306327047565344,-5.649199224822439,True,辽,baseline,0.2980372744152278,-1.2105367183685303
fenqusai/test_photo/41_0837.jpg,0,2,False,blue,green,tractor_green,8,8,True,辽AX3T0YT,0.7306327047565344,-5.649199224822439,True,辽,baseline,0.2980372744152278,-1.2105367183685303
fenqusai/test_photo/41_0837.jpg,0,3,False,blue,yellow,,7,7,True,辽A3T0YT,0.9712977721326422,-0.5241994609127119,True,辽,baseline,0.2980372744152278,-1.2105367183685303
fenqusai/test_photo/41_0837.jpg,0,4,False,blue,black,,7,7,True,辽A3T0YT,0.9712977721326422,-0.5241994609127119,True,辽,baseline,0.2980372744152278,-1.2105367183685303
fenqusai/test_photo/41_0837.jpg,0,5,False,blue,special_7,,7,7,True,辽A3T0YT,0.9712977721326422,-0.5241994609127119,True,辽,baseline,0.2980372744152278,-1.2105367183685303
fenqusai/test_photo/41_0837.jpg,0,6,False,blue,unknown_8,,8,8,True,辽AX3T0YT,0.7306327047565344,-5.649199224822439,True,辽,baseline,0.2980372744152278,-1.2105367183685303
fenqusai/test_photo/41_0837.jpg,1,0,True,blue,blue,,7,7,True,冀A3P041,0.9596297391898273,-0.7417396306991577,True,冀,baseline,0.15876154186332023,-1.840351939201355
fenqusai/test_photo/41_0837.jpg,1,1,False,blue,green,,8,8,True,冀AA3P041,0.3651841286312514,-18.132364630699158,True,冀,baseline,0.15876154186332023,-1.840351939201355
fenqusai/test_photo/41_0837.jpg,1,2,False,blue,green,tractor_green,8,8,True,冀AA3P041,0.3651841286312514,-18.132364630699158,True,冀,baseline,0.15876154186332023,-1.840351939201355
fenqusai/test_photo/41_0837.jpg,1,3,False,blue,yellow,,7,7,True,冀A3P041,0.9596297391898273,-0.7417396306991577,True,冀,baseline,0.15876154186332023,-1.840351939201355
fenqusai/test_photo/41_0837.jpg,1,4,False,blue,black,,7,7,True,冀A3P041,0.9596297391898273,-0.7417396306991577,True,冀,baseline,0.15876154186332023,-1.840351939201355
fenqusai/test_photo/41_0837.jpg,1,5,False,blue,special_7,,7,7,True,冀A3P041,0.9596297391898273,-0.7417396306991577,True,冀,baseline,0.15876154186332023,-1.840351939201355
fenqusai/test_photo/41_0837.jpg,1,6,False,blue,unknown_8,,8,8,True,冀AA3P041,0.3651841286312514,-18.132364630699158,True,冀,baseline,0.15876154186332023,-1.840351939201355
fenqusai/test_photo/41_0837.jpg,2,0,True,blue,blue,,7,7,True,川CC8403,0.9876851407726788,-0.22304367815556247,True,川,baseline,0.3285822907090032,-1.1129679679870605
fenqusai/test_photo/41_0837.jpg,2,1,False,blue,green,,8,8,True,川CLC8403,0.6883193251426176,-6.723043440202645,True,川,baseline,0.3285822907090032,-1.1129679679870605
fenqusai/test_photo/41_0837.jpg,2,2,False,blue,green,tractor_green,8,8,True,川CLC8403,0.6883193251426176,-6.723043440202645,True,川,baseline,0.3285822907090032,-1.1129679679870605
fenqusai/test_photo/41_0837.jpg,2,3,False,blue,yellow,,7,7,True,川CC8403,0.9876851407726788,-0.22304367815556247,True,川,baseline,0.3285822907090032,-1.1129679679870605
fenqusai/test_photo/41_0837.jpg,2,4,False,blue,black,,7,7,True,川CC8403,0.9876851407726788,-0.22304367815556247,True,川,baseline,0.3285822907090032,-1.1129679679870605
fenqusai/test_photo/41_0837.jpg,2,5,False,blue,special_7,,7,7,True,川CC8403,0.9876851407726788,-0.22304367815556247,True,川,baseline,0.3285822907090032,-1.1129679679870605
fenqusai/test_photo/41_0837.jpg,2,6,False,blue,unknown_8,,8,8,True,川CLC8403,0.6883193251426176,-6.723043440202645,True,川,baseline,0.3285822907090032,-1.1129679679870605
fenqusai/test_photo/41_0847.jpg,0,0,True,blue,blue,,7,7,True,云AD9G57,0.9190687129356188,-1.5190990231880548,True,云,baseline,0.07300354020407858,-2.6172473430633545
fenqusai/test_photo/41_0847.jpg,0,1,False,blue,green,,8,7,False,云AD9G57,0.9190687129356188,-1.5190990231880548,True,云,baseline,0.07300354020407858,-2.6172473430633545
fenqusai/test_photo/41_0847.jpg,0,2,False,blue,green,tractor_green,8,7,False,云AD9G57,0.9190687129356188,-1.5190990231880548,True,云,baseline,0.07300354020407858,-2.6172473430633545
fenqusai/test_photo/41_0847.jpg,0,3,False,blue,yellow,,7,7,True,云AD9G57,0.9190687129356188,-1.5190990231880548,True,云,baseline,0.07300354020407858,-2.6172473430633545
fenqusai/test_photo/41_0847.jpg,0,4,False,blue,black,,7,7,True,云AD9G57,0.9190687129356188,-1.5190990231880548,True,云,baseline,0.07300354020407858,-2.6172473430633545
fenqusai/test_photo/41_0847.jpg,0,5,False,blue,special_7,,7,7,True,云AD9G57,0.9190687129356188,-1.5190990231880548,True,云,baseline,0.07300354020407858,-2.6172473430633545
fenqusai/test_photo/41_0847.jpg,0,6,False,blue,unknown_8,,8,7,False,云AD9G57,0.9190687129356188,-1.5190990231880548,True,云,baseline,0.07300354020407858,-2.6172473430633545
fenqusai/test_photo/41_0847.jpg,1,0,True,blue,blue,,7,7,True,川A720HM,0.954520466068057,-0.8378314988840287,True,川,baseline,0.29336501178720215,-1.2263376712799072
fenqusai/test_photo/41_0847.jpg,1,1,False,blue,green,,8,8,True,川AA720HM,0.7230159740839749,-5.837831332177288,True,川,baseline,0.29336501178720215,-1.2263376712799072
fenqusai/test_photo/41_0847.jpg,1,2,False,blue,green,tractor_green,8,8,True,川AA720HM,0.7230159740839749,-5.837831332177288,True,川,baseline,0.29336501178720215,-1.2263376712799072
fenqusai/test_photo/41_0847.jpg,1,3,False,blue,yellow,,7,7,True,川A720HM,0.954520466068057,-0.8378314988840287,True,川,baseline,0.29336501178720215,-1.2263376712799072
fenqusai/test_photo/41_0847.jpg,1,4,False,blue,black,,7,7,True,川A720HM,0.954520466068057,-0.8378314988840287,True,川,baseline,0.29336501178720215,-1.2263376712799072
fenqusai/test_photo/41_0847.jpg,1,5,False,blue,special_7,,7,7,True,川A720HM,0.954520466068057,-0.8378314988840287,True,川,baseline,0.29336501178720215,-1.2263376712799072
fenqusai/test_photo/41_0847.jpg,1,6,False,blue,unknown_8,,8,8,True,川AA720HM,0.7230159740839749,-5.837831332177288,True,川,baseline,0.29336501178720215,-1.2263376712799072
fenqusai/test_photo/41_0862.jpg,0,0,True,blue,blue,,7,7,True,辽A2UP33,0.993350407598686,-0.12009238993414328,True,辽,baseline,0.3236580081464339,-1.1280678510665894
fenqusai/test_photo/41_0862.jpg,0,1,False,blue,green,,8,7,False,辽A2UP33,0.993350407598686,-0.12009238993414328,True,辽,baseline,0.3236580081464339,-1.1280678510665894
fenqusai/test_photo/41_0862.jpg,0,2,False,blue,green,tractor_green,8,7,False,辽A2UP33,0.993350407598686,-0.12009238993414328,True,辽,baseline,0.3236580081464339,-1.1280678510665894
fenqusai/test_photo/41_0862.jpg,0,3,False,blue,yellow,,7,7,True,辽A2UP33,0.993350407598686,-0.12009238993414328,True,辽,baseline,0.3236580081464339,-1.1280678510665894
fenqusai/test_photo/41_0862.jpg,0,4,False,blue,black,,7,7,True,辽A2UP33,0.993350407598686,-0.12009238993414328,True,辽,baseline,0.3236580081464339,-1.1280678510665894
fenqusai/test_photo/41_0862.jpg,0,5,False,blue,special_7,,7,7,True,辽A2UP33,0.993350407598686,-0.12009238993414328,True,辽,baseline,0.3236580081464339,-1.1280678510665894
fenqusai/test_photo/41_0862.jpg,0,6,False,blue,unknown_8,,8,7,False,辽A2UP33,0.993350407598686,-0.12009238993414328,True,辽,baseline,0.3236580081464339,-1.1280678510665894
fenqusai/test_photo/41_0862.jpg,1,0,True,blue,blue,,7,7,True,晋AQ27N5,0.9326445729875917,-1.2551598256486542,True,晋,baseline,0.09544851368151738,-2.349168300628662
fenqusai/test_photo/41_0862.jpg,1,1,False,blue,green,,8,8,True,晋KAQ27N5,0.6659526757392294,-7.317660031470943,True,晋,baseline,0.09544851368151738,-2.349168300628662
fenqusai/test_photo/41_0862.jpg,1,2,False,blue,green,tractor_green,8,8,True,晋KAQ27N5,0.6659526757392294,-7.317660031470943,True,晋,baseline,0.09544851368151738,-2.349168300628662
fenqusai/test_photo/41_0862.jpg,1,3,False,blue,yellow,,7,7,True,晋AQ27N5,0.9326445729875917,-1.2551598256486542,True,晋,baseline,0.09544851368151738,-2.349168300628662
fenqusai/test_photo/41_0862.jpg,1,4,False,blue,black,,7,7,True,晋AQ27N5,0.9326445729875917,-1.2551598256486542,True,晋,baseline,0.09544851368151738,-2.349168300628662
fenqusai/test_photo/41_0862.jpg,1,5,False,blue,special_7,,7,7,True,晋AQ27N5,0.9326445729875917,-1.2551598256486542,True,晋,baseline,0.09544851368151738,-2.349168300628662
fenqusai/test_photo/41_0862.jpg,1,6,False,blue,unknown_8,,8,8,True,晋KAQ27N5,0.6659526757392294,-7.317660031470943,True,晋,baseline,0.09544851368151738,-2.349168300628662
fenqusai/test_photo/41_0862.jpg,2,0,True,blue,blue,,7,7,True,川AL743D,0.9814189737148463,-0.3376047995770364,True,川,baseline,0.30656700753344335,-1.182318925857544
fenqusai/test_photo/41_0862.jpg,2,1,False,blue,green,,8,7,False,川AL743D,0.9814189737148463,-0.3376047995770364,True,川,baseline,0.30656700753344335,-1.182318925857544
fenqusai/test_photo/41_0862.jpg,2,2,False,blue,green,tractor_green,8,7,False,川AL743D,0.9814189737148463,-0.3376047995770364,True,川,baseline,0.30656700753344335,-1.182318925857544
fenqusai/test_photo/41_0862.jpg,2,3,False,blue,yellow,,7,7,True,川AL743D,0.9814189737148463,-0.3376047995770364,True,川,baseline,0.30656700753344335,-1.182318925857544
fenqusai/test_photo/41_0862.jpg,2,4,False,blue,black,,7,7,True,川AL743D,0.9814189737148463,-0.3376047995770364,True,川,baseline,0.30656700753344335,-1.182318925857544
fenqusai/test_photo/41_0862.jpg,2,5,False,blue,special_7,,7,7,True,川AL743D,0.9814189737148463,-0.3376047995770364,True,川,baseline,0.30656700753344335,-1.182318925857544
fenqusai/test_photo/41_0862.jpg,2,6,False,blue,unknown_8,,8,7,False,川AL743D,0.9814189737148463,-0.3376047995770364,True,川,baseline,0.30656700753344335,-1.182318925857544
fenqusai/test_photo/41_0878.jpg,0,0,True,blue,blue,,7,7,True,沪A036MA,0.9611814182571102,-0.7126579282336252,True,沪,baseline,0.16448158265712434,-1.8049566745758057
fenqusai/test_photo/41_0878.jpg,0,1,False,blue,green,,8,8,True,沪A036MHA,0.6887165821068951,-6.7126579077445285,True,沪,baseline,0.16448158265712434,-1.8049566745758057
fenqusai/test_photo/41_0878.jpg,0,2,False,blue,green,tractor_green,8,8,True,沪A036MHA,0.6887165821068951,-6.7126579077445285,True,沪,baseline,0.16448158265712434,-1.8049566745758057
fenqusai/test_photo/41_0878.jpg,0,3,False,blue,yellow,,7,7,True,沪A036MA,0.9611814182571102,-0.7126579282336252,True,沪,baseline,0.16448158265712434,-1.8049566745758057
fenqusai/test_photo/41_0878.jpg,0,4,False,blue,black,,7,7,True,沪A036MA,0.9611814182571102,-0.7126579282336252,True,沪,baseline,0.16448158265712434,-1.8049566745758057
fenqusai/test_photo/41_0878.jpg,0,5,False,blue,special_7,,7,7,True,沪A036MA,0.9611814182571102,-0.7126579282336252,True,沪,baseline,0.16448158265712434,-1.8049566745758057
fenqusai/test_photo/41_0878.jpg,0,6,False,blue,unknown_8,,8,8,True,沪A036MHA,0.6887165821068951,-6.7126579077445285,True,沪,baseline,0.16448158265712434,-1.8049566745758057
fenqusai/test_photo/41_0878.jpg,1,0,False,blue,blue,,7,7,True,川AX4X98,0.7670463184531912,-4.773745625771532,True,川,baseline,0.34275957091813936,-1.0707260370254517
fenqusai/test_photo/41_0878.jpg,1,1,True,blue,green,,8,8,True,川AX4X98U,0.9447123696331944,-1.023745834387789,True,川,baseline,0.34275957091813936,-1.0707260370254517
fenqusai/test_photo/41_0878.jpg,1,2,False,blue,green,tractor_green,8,8,True,川AX4X98U,0.9447123696331944,-1.023745834387789,True,川,baseline,0.34275957091813936,-1.0707260370254517
fenqusai/test_photo/41_0878.jpg,1,3,False,blue,yellow,,7,7,True,川AX4X98,0.7670463184531912,-4.773745625771532,True,川,baseline,0.34275957091813936,-1.0707260370254517
fenqusai/test_photo/41_0878.jpg,1,4,False,blue,black,,7,7,True,川AX4X98,0.7670463184531912,-4.773745625771532,True,川,baseline,0.34275957091813936,-1.0707260370254517
fenqusai/test_photo/41_0878.jpg,1,5,False,blue,special_7,,7,7,True,川AX4X98,0.7670463184531912,-4.773745625771532,True,川,baseline,0.34275957091813936,-1.0707260370254517
fenqusai/test_photo/41_0878.jpg,1,6,False,blue,unknown_8,,8,8,True,川AX4X98U,0.9447123696331944,-1.023745834387789,True,川,baseline,0.34275957091813936,-1.0707260370254517
fenqusai/test_photo/41_0902.jpg,0,0,True,blue,blue,,7,7,True,云A678MY,0.6498870290882536,-7.75722118680639,True,云,baseline,0.33311329929147426,-1.099272608757019
fenqusai/test_photo/41_0902.jpg,0,1,False,blue,green,,8,6,False,云A678Y,0.9995988972742735,-0.007221297400946014,True,云,baseline,0.33311329929147426,-1.099272608757019
fenqusai/test_photo/41_0902.jpg,0,2,False,blue,green,tractor_green,8,6,False,云A678Y,0.9995988972742735,-0.007221297400946014,True,云,baseline,0.33311329929147426,-1.099272608757019
fenqusai/test_photo/41_0902.jpg,0,3,False,blue,yellow,,7,7,True,云A678MY,0.6498870290882536,-7.75722118680639,True,云,baseline,0.33311329929147426,-1.099272608757019
fenqusai/test_photo/41_0902.jpg,0,4,False,blue,black,,7,7,True,云A678MY,0.6498870290882536,-7.75722118680639,True,云,baseline,0.33311329929147426,-1.099272608757019
fenqusai/test_photo/41_0902.jpg,0,5,False,blue,special_7,,7,7,True,云A678MY,0.6498870290882536,-7.75722118680639,True,云,baseline,0.33311329929147426,-1.099272608757019
fenqusai/test_photo/41_0902.jpg,0,6,False,blue,unknown_8,,8,6,False,云A678Y,0.9995988972742735,-0.007221297400946014,True,云,baseline,0.33311329929147426,-1.099272608757019
fenqusai/test_photo/41_0902.jpg,1,0,True,blue,blue,,7,7,True,新A923SU,0.9245795258173722,-1.4114918070069962,True,新,baseline,0.08151039140063983,-2.5070247650146484
fenqusai/test_photo/41_0902.jpg,1,1,False,blue,green,,8,8,True,新A923S5U,0.6510878706685411,-7.723992022142511,True,新,baseline,0.08151039140063983,-2.5070247650146484
fenqusai/test_photo/41_0902.jpg,1,2,False,blue,green,tractor_green,8,8,True,新A923S5U,0.6510878706685411,-7.723992022142511,True,新,baseline,0.08151039140063983,-2.5070247650146484
fenqusai/test_photo/41_0902.jpg,1,3,False,blue,yellow,,7,7,True,新A923SU,0.9245795258173722,-1.4114918070069962,True,新,baseline,0.08151039140063983,-2.5070247650146484
fenqusai/test_photo/41_0902.jpg,1,4,False,blue,black,,7,7,True,新A923SU,0.9245795258173722,-1.4114918070069962,True,新,baseline,0.08151039140063983,-2.5070247650146484
fenqusai/test_photo/41_0902.jpg,1,5,False,blue,special_7,,7,7,True,新A923SU,0.9245795258173722,-1.4114918070069962,True,新,baseline,0.08151039140063983,-2.5070247650146484
fenqusai/test_photo/41_0902.jpg,1,6,False,blue,unknown_8,,8,8,True,新A923S5U,0.6510878706685411,-7.723992022142511,True,新,baseline,0.08151039140063983,-2.5070247650146484
fenqusai/test_photo/41_0902.jpg,2,0,True,blue,blue,,7,7,True,川A965NB,0.959501428612625,-0.7441465431935512,True,川,baseline,0.2206311682356553,-1.5112628936767578
fenqusai/test_photo/41_0902.jpg,2,1,False,blue,green,,8,8,True,川A965NWB,0.8037839153286518,-3.9316465431935512,True,川,baseline,0.2206311682356553,-1.5112628936767578
fenqusai/test_photo/41_0902.jpg,2,2,False,blue,green,tractor_green,8,8,True,川A965NWB,0.8037839153286518,-3.9316465431935512,True,川,baseline,0.2206311682356553,-1.5112628936767578
fenqusai/test_photo/41_0902.jpg,2,3,False,blue,yellow,,7,7,True,川A965NB,0.959501428612625,-0.7441465431935512,True,川,baseline,0.2206311682356553,-1.5112628936767578
fenqusai/test_photo/41_0902.jpg,2,4,False,blue,black,,7,7,True,川A965NB,0.959501428612625,-0.7441465431935512,True,川,baseline,0.2206311682356553,-1.5112628936767578
fenqusai/test_photo/41_0902.jpg,2,5,False,blue,special_7,,7,7,True,川A965NB,0.959501428612625,-0.7441465431935512,True,川,baseline,0.2206311682356553,-1.5112628936767578
fenqusai/test_photo/41_0902.jpg,2,6,False,blue,unknown_8,,8,8,True,川A965NWB,0.8037839153286518,-3.9316465431935512,True,川,baseline,0.2206311682356553,-1.5112628936767578
fenqusai/test_photo/41_0902.jpg,3,0,True,blue,blue,,7,7,True,辽AFX006,0.9793985134173454,-0.37469983617799585,True,辽,baseline,0.2590126857692599,-1.3508782386779785
fenqusai/test_photo/41_0902.jpg,3,1,False,blue,green,,8,8,True,辽NAFX006,0.8261693165679284,-3.4371997691227705,True,辽,baseline,0.2590126857692599,-1.3508782386779785
fenqusai/test_photo/41_0902.jpg,3,2,False,blue,green,tractor_green,8,8,True,辽NAFX006,0.8261693165679284,-3.4371997691227705,True,辽,baseline,0.2590126857692599,-1.3508782386779785
fenqusai/test_photo/41_0902.jpg,3,3,False,blue,yellow,,7,7,True,辽AFX006,0.9793985134173454,-0.37469983617799585,True,辽,baseline,0.2590126857692599,-1.3508782386779785
fenqusai/test_photo/41_0902.jpg,3,4,False,blue,black,,7,7,True,辽AFX006,0.9793985134173454,-0.37469983617799585,True,辽,baseline,0.2590126857692599,-1.3508782386779785
fenqusai/test_photo/41_0902.jpg,3,5,False,blue,special_7,,7,7,True,辽AFX006,0.9793985134173454,-0.37469983617799585,True,辽,baseline,0.2590126857692599,-1.3508782386779785
fenqusai/test_photo/41_0902.jpg,3,6,False,blue,unknown_8,,8,8,True,辽NAFX006,0.8261693165679284,-3.4371997691227705,True,辽,baseline,0.2590126857692599,-1.3508782386779785
fenqusai/test_photo/41_0902.jpg,4,0,False,blue,blue,,7,6,False,川GB709,0.8131134412665575,-3.723923610271868,True,川,baseline,0.21222071021797165,-1.55012845993042
fenqusai/test_photo/41_0902.jpg,4,1,False,blue,green,,8,6,False,川GB709,0.8131134412665575,-3.723923610271868,True,川,baseline,0.21222071021797165,-1.55012845993042
fenqusai/test_photo/41_0902.jpg,4,2,False,blue,green,tractor_green,8,6,False,川GB709,0.8131134412665575,-3.723923610271868,True,川,baseline,0.21222071021797165,-1.55012845993042
fenqusai/test_photo/41_0902.jpg,4,3,False,blue,yellow,,7,6,False,川GB709,0.8131134412665575,-3.723923610271868,True,川,baseline,0.21222071021797165,-1.55012845993042
fenqusai/test_photo/41_0902.jpg,4,4,False,blue,black,,7,6,False,川GB709,0.8131134412665575,-3.723923610271868,True,川,baseline,0.21222071021797165,-1.55012845993042
fenqusai/test_photo/41_0902.jpg,4,5,True,blue,special_7,,7,6,False,川6B709,0.9539324497679745,-0.84892351341432,True,川,baseline,0.21222071021797165,-1.55012845993042
fenqusai/test_photo/41_0902.jpg,4,6,False,blue,unknown_8,,8,6,False,川GB709,0.8131134412665575,-3.723923610271868,True,川,baseline,0.21222071021797165,-1.55012845993042
fenqusai/test_photo/41_0929.jpg,0,0,True,blue,blue,,7,7,True,湘A0TC57,0.9721783307047456,-0.5078884238391765,True,湘,baseline,0.2156017118100855,-1.5343225002288818
fenqusai/test_photo/41_0929.jpg,0,1,False,blue,green,,8,7,False,湘A0TC57,0.9721783307047456,-0.5078884238391765,True,湘,baseline,0.2156017118100855,-1.5343225002288818
fenqusai/test_photo/41_0929.jpg,0,2,False,blue,green,tractor_green,8,7,False,湘A0TC57,0.9721783307047456,-0.5078884238391765,True,湘,baseline,0.2156017118100855,-1.5343225002288818
fenqusai/test_photo/41_0929.jpg,0,3,False,blue,yellow,,7,7,True,湘A0TC57,0.9721783307047456,-0.5078884238391765,True,湘,baseline,0.2156017118100855,-1.5343225002288818
fenqusai/test_photo/41_0929.jpg,0,4,False,blue,black,,7,7,True,湘A0TC57,0.9721783307047456,-0.5078884238391765,True,湘,baseline,0.2156017118100855,-1.5343225002288818
fenqusai/test_photo/41_0929.jpg,0,5,False,blue,special_7,,7,7,True,湘A0TC57,0.9721783307047456,-0.5078884238391765,True,湘,baseline,0.2156017118100855,-1.5343225002288818
fenqusai/test_photo/41_0929.jpg,0,6,False,blue,unknown_8,,8,7,False,湘A0TC57,0.9721783307047456,-0.5078884238391765,True,湘,baseline,0.2156017118100855,-1.5343225002288818
fenqusai/test_photo/41_0929.jpg,1,0,True,blue,blue,,7,7,True,黑AK79S6,0.9652864577116137,-0.6359467378331942,True,黑,baseline,0.28110993147498625,-1.2690094709396362
fenqusai/test_photo/41_0929.jpg,1,1,False,blue,green,,8,8,True,黑AHK79S6,0.7702617947766169,-4.6984469166471285,True,黑,baseline,0.28110993147498625,-1.2690094709396362
fenqusai/test_photo/41_0929.jpg,1,2,False,blue,green,tractor_green,8,8,True,黑AHK79S6,0.7702617947766169,-4.6984469166471285,True,黑,baseline,0.28110993147498625,-1.2690094709396362
fenqusai/test_photo/41_0929.jpg,1,3,False,blue,yellow,,7,7,True,黑AK79S6,0.9652864577116137,-0.6359467378331942,True,黑,baseline,0.28110993147498625,-1.2690094709396362
fenqusai/test_photo/41_0929.jpg,1,4,False,blue,black,,7,7,True,黑AK79S6,0.9652864577116137,-0.6359467378331942,True,黑,baseline,0.28110993147498625,-1.2690094709396362
fenqusai/test_photo/41_0929.jpg,1,5,False,blue,special_7,,7,7,True,黑AK79S6,0.9652864577116137,-0.6359467378331942,True,黑,baseline,0.28110993147498625,-1.2690094709396362
fenqusai/test_photo/41_0929.jpg,1,6,False,blue,unknown_8,,8,8,True,黑AHK79S6,0.7702617947766169,-4.6984469166471285,True,黑,baseline,0.28110993147498625,-1.2690094709396362
fenqusai/test_photo/41_0929.jpg,2,0,True,unknown_7,blue,,7,7,True,川A7020U,0.9999946622974075,-9.607890308416245e-05,True,川,baseline,0.3333307836002122,-1.0986199378967285
fenqusai/test_photo/41_0929.jpg,2,1,False,unknown_7,green,,8,8,True,川AA7020U,0.5940221457651887,-9.375096201866768,True,川,baseline,0.3333307836002122,-1.0986199378967285
fenqusai/test_photo/41_0929.jpg,2,2,False,unknown_7,green,tractor_green,8,8,True,川AA7020U,0.5940221457651887,-9.375096201866768,True,川,baseline,0.3333307836002122,-1.0986199378967285
fenqusai/test_photo/41_0929.jpg,2,3,False,unknown_7,yellow,,7,7,True,川A7020U,0.9999946622974075,-9.607890308416245e-05,True,川,baseline,0.3333307836002122,-1.0986199378967285
fenqusai/test_photo/41_0929.jpg,2,4,False,unknown_7,black,,7,7,True,川A7020U,0.9999946622974075,-9.607890308416245e-05,True,川,baseline,0.3333307836002122,-1.0986199378967285
fenqusai/test_photo/41_0929.jpg,2,5,False,unknown_7,special_7,,7,7,True,川A7020U,0.9999946622974075,-9.607890308416245e-05,True,川,baseline,0.3333307836002122,-1.0986199378967285
fenqusai/test_photo/41_0929.jpg,2,6,False,unknown_7,unknown_8,,8,8,True,川AA7020U,0.5940221457651887,-9.375096201866768,True,川,baseline,0.3333307836002122,-1.0986199378967285
fenqusai/test_photo/41_0953.jpg,0,0,True,blue,blue,,7,7,True,云GEY129,0.9356436750208796,-1.197370153175136,True,云,baseline,0.27590215203734764,-1.2877089977264404
fenqusai/test_photo/41_0953.jpg,0,1,False,blue,green,,8,7,False,云GEY129,0.9356436750208796,-1.197370153175136,True,云,baseline,0.27590215203734764,-1.2877089977264404
fenqusai/test_photo/41_0953.jpg,0,2,False,blue,green,tractor_green,8,7,False,云GEY129,0.9356436750208796,-1.197370153175136,True,云,baseline,0.27590215203734764,-1.2877089977264404
fenqusai/test_photo/41_0953.jpg,0,3,False,blue,yellow,,7,7,True,云GEY129,0.9356436750208796,-1.197370153175136,True,云,baseline,0.27590215203734764,-1.2877089977264404
fenqusai/test_photo/41_0953.jpg,0,4,False,blue,black,,7,7,True,云GEY129,0.9356436750208796,-1.197370153175136,True,云,baseline,0.27590215203734764,-1.2877089977264404
fenqusai/test_photo/41_0953.jpg,0,5,False,blue,special_7,,7,7,True,云GEY129,0.9356436750208796,-1.197370153175136,True,云,baseline,0.27590215203734764,-1.2877089977264404
fenqusai/test_photo/41_0953.jpg,0,6,False,blue,unknown_8,,8,7,False,云GEY129,0.9356436750208796,-1.197370153175136,True,云,baseline,0.27590215203734764,-1.2877089977264404
fenqusai/test_photo/41_0953.jpg,1,0,True,blue,blue,,7,7,True,川AM609H,0.6563112109186424,-7.580163521614388,True,川,baseline,0.0004967809782220913,-7.607361316680908
fenqusai/test_photo/41_0953.jpg,1,1,False,blue,green,,8,8,True,川AM609HW,0.6540363043235979,-7.642663521614388,True,川,baseline,0.0004967809782220913,-7.607361316680908
fenqusai/test_photo/41_0953.jpg,1,2,False,blue,green,tractor_green,8,8,True,川AM609HW,0.6540363043235979,-7.642663521614388,True,川,baseline,0.0004967809782220913,-7.607361316680908
fenqusai/test_photo/41_0953.jpg,1,3,False,blue,yellow,,7,7,True,川AM609H,0.6563112109186424,-7.580163521614388,True,川,baseline,0.0004967809782220913,-7.607361316680908
fenqusai/test_photo/41_0953.jpg,1,4,False,blue,black,,7,7,True,川AM609H,0.6563112109186424,-7.580163521614388,True,川,baseline,0.0004967809782220913,-7.607361316680908
fenqusai/test_photo/41_0953.jpg,1,5,False,blue,special_7,,7,7,True,川AM609H,0.6563112109186424,-7.580163521614388,True,川,baseline,0.0004967809782220913,-7.607361316680908
fenqusai/test_photo/41_0953.jpg,1,6,False,blue,unknown_8,,8,8,True,川AM609HW,0.6540363043235979,-7.642663521614388,True,川,baseline,0.0004967809782220913,-7.607361316680908
fenqusai/test_photo/41_0953.jpg,2,0,True,blue,blue,,7,7,True,浙A80J21,0.731112774926069,-5.637376012803088,True,浙,baseline,0.2961558409653608,-1.2168694734573364
fenqusai/test_photo/41_0953.jpg,2,1,False,blue,green,,8,7,False,浙A80J21,0.731112774926069,-5.637376012803088,True,浙,baseline,0.2961558409653608,-1.2168694734573364
fenqusai/test_photo/41_0953.jpg,2,2,False,blue,green,tractor_green,8,7,False,浙A80J21,0.731112774926069,-5.637376012803088,True,浙,baseline,0.2961558409653608,-1.2168694734573364
fenqusai/test_photo/41_0953.jpg,2,3,False,blue,yellow,,7,7,True,浙A80J21,0.731112774926069,-5.637376012803088,True,浙,baseline,0.2961558409653608,-1.2168694734573364
fenqusai/test_photo/41_0953.jpg,2,4,False,blue,black,,7,7,True,浙A80J21,0.731112774926069,-5.637376012803088,True,浙,baseline,0.2961558409653608,-1.2168694734573364
fenqusai/test_photo/41_0953.jpg,2,5,False,blue,special_7,,7,7,True,浙A80J21,0.731112774926069,-5.637376012803088,True,浙,baseline,0.2961558409653608,-1.2168694734573364
fenqusai/test_photo/41_0953.jpg,2,6,False,blue,unknown_8,,8,7,False,浙A80J21,0.731112774926069,-5.637376012803088,True,浙,baseline,0.2961558409653608,-1.2168694734573364
fenqusai/test_photo/41_0999.jpg,0,0,True,blue,blue,,7,7,True,云GFD112,0.9657897686506356,-0.6265637865194549,True,云,baseline,0.25487817695226445,-1.3669695854187012
fenqusai/test_photo/41_0999.jpg,0,1,False,blue,green,,8,7,False,云GFD112,0.9657897686506356,-0.6265637865194549,True,云,baseline,0.25487817695226445,-1.3669695854187012
fenqusai/test_photo/41_0999.jpg,0,2,False,blue,green,tractor_green,8,7,False,云GFD112,0.9657897686506356,-0.6265637865194549,True,云,baseline,0.25487817695226445,-1.3669695854187012
fenqusai/test_photo/41_0999.jpg,0,3,False,blue,yellow,,7,7,True,云GFD112,0.9657897686506356,-0.6265637865194549,True,云,baseline,0.25487817695226445,-1.3669695854187012
fenqusai/test_photo/41_0999.jpg,0,4,False,blue,black,,7,7,True,云GFD112,0.9657897686506356,-0.6265637865194549,True,云,baseline,0.25487817695226445,-1.3669695854187012
fenqusai/test_photo/41_0999.jpg,0,5,False,blue,special_7,,7,7,True,云GFD112,0.9657897686506356,-0.6265637865194549,True,云,baseline,0.25487817695226445,-1.3669695854187012
fenqusai/test_photo/41_0999.jpg,0,6,False,blue,unknown_8,,8,7,False,云GFD112,0.9657897686506356,-0.6265637865194549,True,云,baseline,0.25487817695226445,-1.3669695854187012
fenqusai/test_photo/41_0999.jpg,1,0,True,blue,blue,,7,7,True,川A2S8Y5,0.9737731903347113,-0.4783835986092697,True,川,baseline,0.207422955913537,-1.5729953050613403
fenqusai/test_photo/41_0999.jpg,1,1,False,blue,green,,8,7,False,川A2S8Y5,0.9737731903347113,-0.4783835986092697,True,川,baseline,0.207422955913537,-1.5729953050613403
fenqusai/test_photo/41_0999.jpg,1,2,False,blue,green,tractor_green,8,7,False,川A2S8Y5,0.9737731903347113,-0.4783835986092697,True,川,baseline,0.207422955913537,-1.5729953050613403
fenqusai/test_photo/41_0999.jpg,1,3,False,blue,yellow,,7,7,True,川A2S8Y5,0.9737731903347113,-0.4783835986092697,True,川,baseline,0.207422955913537,-1.5729953050613403
fenqusai/test_photo/41_0999.jpg,1,4,False,blue,black,,7,7,True,川A2S8Y5,0.9737731903347113,-0.4783835986092697,True,川,baseline,0.207422955913537,-1.5729953050613403
fenqusai/test_photo/41_0999.jpg,1,5,False,blue,special_7,,7,7,True,川A2S8Y5,0.9737731903347113,-0.4783835986092697,True,川,baseline,0.207422955913537,-1.5729953050613403
fenqusai/test_photo/41_0999.jpg,1,6,False,blue,unknown_8,,8,7,False,川A2S8Y5,0.9737731903347113,-0.4783835986092697,True,川,baseline,0.207422955913537,-1.5729953050613403
fenqusai/test_photo/41_0999.jpg,2,0,True,blue,blue,,7,7,True,川AR6S63,0.9967868441709092,-0.05792992378083994,True,川,baseline,0.3302028221947454,-1.1080482006072998
fenqusai/test_photo/41_0999.jpg,2,1,False,blue,green,,8,7,False,川AR6S63,0.9967868441709092,-0.05792992378083994,True,川,baseline,0.3302028221947454,-1.1080482006072998
fenqusai/test_photo/41_0999.jpg,2,2,False,blue,green,tractor_green,8,7,False,川AR6S63,0.9967868441709092,-0.05792992378083994,True,川,baseline,0.3302028221947454,-1.1080482006072998
fenqusai/test_photo/41_0999.jpg,2,3,False,blue,yellow,,7,7,True,川AR6S63,0.9967868441709092,-0.05792992378083994,True,川,baseline,0.3302028221947454,-1.1080482006072998
fenqusai/test_photo/41_0999.jpg,2,4,False,blue,black,,7,7,True,川AR6S63,0.9967868441709092,-0.05792992378083994,True,川,baseline,0.3302028221947454,-1.1080482006072998
fenqusai/test_photo/41_0999.jpg,2,5,False,blue,special_7,,7,7,True,川AR6S63,0.9967868441709092,-0.05792992378083994,True,川,baseline,0.3302028221947454,-1.1080482006072998
fenqusai/test_photo/41_0999.jpg,2,6,False,blue,unknown_8,,8,7,False,川AR6S63,0.9967868441709092,-0.05792992378083994,True,川,baseline,0.3302028221947454,-1.1080482006072998
fenqusai/test_photo/42.jpg,0,0,True,blue,blue,,7,7,True,皖H00351,0.9852077288390498,-0.26824982080142235,True,皖,baseline,0.3128530658120211,-1.1620216369628906
fenqusai/test_photo/42.jpg,0,1,False,blue,green,,8,7,False,皖H00351,0.9852077288390498,-0.26824982080142235,True,皖,baseline,0.3128530658120211,-1.1620216369628906
fenqusai/test_photo/42.jpg,0,2,False,blue,green,tractor_green,8,7,False,皖H00351,0.9852077288390498,-0.26824982080142235,True,皖,baseline,0.3128530658120211,-1.1620216369628906
fenqusai/test_photo/42.jpg,0,3,False,blue,yellow,,7,7,True,皖H00351,0.9852077288390498,-0.26824982080142235,True,皖,baseline,0.3128530658120211,-1.1620216369628906
fenqusai/test_photo/42.jpg,0,4,False,blue,black,,7,7,True,皖H00351,0.9852077288390498,-0.26824982080142235,True,皖,baseline,0.3128530658120211,-1.1620216369628906
fenqusai/test_photo/42.jpg,0,5,False,blue,special_7,,7,7,True,皖H00351,0.9852077288390498,-0.26824982080142235,True,皖,baseline,0.3128530658120211,-1.1620216369628906
fenqusai/test_photo/42.jpg,0,6,False,blue,unknown_8,,8,7,False,皖H00351,0.9852077288390498,-0.26824982080142235,True,皖,baseline,0.3128530658120211,-1.1620216369628906
fenqusai/test_photo/44.jpg,0,0,True,blue,blue,,7,7,True,京CFM951,0.9164754709696155,-1.569959565640545,True,京,baseline,0.0719741487994267,-2.631448268890381
fenqusai/test_photo/44.jpg,0,1,False,blue,green,,8,8,True,京ECFM951,0.653839357366184,-7.648084595442867,True,京,baseline,0.0719741487994267,-2.631448268890381
fenqusai/test_photo/44.jpg,0,2,False,blue,green,tractor_green,8,8,True,京ECFM951,0.653839357366184,-7.648084595442867,True,京,baseline,0.0719741487994267,-2.631448268890381
fenqusai/test_photo/44.jpg,0,3,False,blue,yellow,,7,7,True,京CFM951,0.9164754709696155,-1.569959565640545,True,京,baseline,0.0719741487994267,-2.631448268890381
fenqusai/test_photo/44.jpg,0,4,False,blue,black,,7,7,True,京CFM951,0.9164754709696155,-1.569959565640545,True,京,baseline,0.0719741487994267,-2.631448268890381
fenqusai/test_photo/44.jpg,0,5,False,blue,special_7,,7,7,True,京CFM951,0.9164754709696155,-1.569959565640545,True,京,baseline,0.0719741487994267,-2.631448268890381
fenqusai/test_photo/44.jpg,0,6,False,blue,unknown_8,,8,8,True,京ECFM951,0.653839357366184,-7.648084595442867,True,京,baseline,0.0719741487994267,-2.631448268890381
fenqusai/test_photo/46.jpg,0,0,True,blue,blue,,7,5,False,川AQ62,0.9920589300439556,-0.14350982715797045,True,川,baseline,0.33157558744842225,-1.1038994789123535
fenqusai/test_photo/46.jpg,0,1,False,blue,green,,8,5,False,川AQ62,0.9920589300439556,-0.14350982715797045,True,川,baseline,0.33157558744842225,-1.1038994789123535
fenqusai/test_photo/46.jpg,0,2,False,blue,green,tractor_green,8,5,False,川AQ62,0.9920589300439556,-0.14350982715797045,True,川,baseline,0.33157558744842225,-1.1038994789123535
fenqusai/test_photo/46.jpg,0,3,False,blue,yellow,,7,5,False,川AQ62,0.9920589300439556,-0.14350982715797045,True,川,baseline,0.33157558744842225,-1.1038994789123535
fenqusai/test_photo/46.jpg,0,4,False,blue,black,,7,5,False,川AQ62,0.9920589300439556,-0.14350982715797045,True,川,baseline,0.33157558744842225,-1.1038994789123535
fenqusai/test_photo/46.jpg,0,5,False,blue,special_7,,7,5,False,川AQ62,0.9920589300439556,-0.14350982715797045,True,川,baseline,0.33157558744842225,-1.1038994789123535
fenqusai/test_photo/46.jpg,0,6,False,blue,unknown_8,,8,5,False,川AQ62,0.9920589300439556,-0.14350982715797045,True,川,baseline,0.33157558744842225,-1.1038994789123535
fenqusai/test_photo/47.jpg,0,0,True,blue,blue,,7,7,True,川K98888,0.9637904132546212,-0.6638655896216505,True,川,baseline,0.3328413160988548,-1.100089430809021
fenqusai/test_photo/47.jpg,0,1,False,blue,green,,8,8,True,川WK98888,0.7402477896837889,-5.413865362378942,True,川,baseline,0.3328413160988548,-1.100089430809021
fenqusai/test_photo/47.jpg,0,2,False,blue,green,tractor_green,8,8,True,川WK98888,0.7402477896837889,-5.413865362378942,True,川,baseline,0.3328413160988548,-1.100089430809021
fenqusai/test_photo/47.jpg,0,3,False,blue,yellow,,7,7,True,川K98888,0.9637904132546212,-0.6638655896216505,True,川,baseline,0.3328413160988548,-1.100089430809021
fenqusai/test_photo/47.jpg,0,4,False,blue,black,,7,7,True,川K98888,0.9637904132546212,-0.6638655896216505,True,川,baseline,0.3328413160988548,-1.100089430809021
fenqusai/test_photo/47.jpg,0,5,False,blue,special_7,,7,7,True,川K98888,0.9637904132546212,-0.6638655896216505,True,川,baseline,0.3328413160988548,-1.100089430809021
fenqusai/test_photo/47.jpg,0,6,False,blue,unknown_8,,8,8,True,川WK98888,0.7402477896837889,-5.413865362378942,True,川,baseline,0.3328413160988548,-1.100089430809021
fenqusai/test_photo/48.jpg,0,0,False,blue,blue,,7,7,True,京A9412B,0.4918448684801144,-12.77265456318753,True,京,1,0.1238541981469478,-3.7136502265930176
fenqusai/test_photo/48.jpg,0,1,True,blue,green,,8,8,True,皖YA9412B,0.9252905674155563,-1.3976543495072065,True,皖,baseline,0.1238541981469478,-2.0886502265930176
fenqusai/test_photo/48.jpg,0,2,False,blue,green,tractor_green,8,8,True,皖YA9412B,0.9252905674155563,-1.3976543495072065,True,皖,baseline,0.1238541981469478,-2.0886502265930176
fenqusai/test_photo/48.jpg,0,3,False,blue,yellow,,7,7,True,京A9412B,0.4918448684801144,-12.77265456318753,True,京,1,0.1238541981469478,-3.7136502265930176
fenqusai/test_photo/48.jpg,0,4,False,blue,black,,7,7,True,京A9412B,0.4918448684801144,-12.77265456318753,True,京,1,0.1238541981469478,-3.7136502265930176
fenqusai/test_photo/48.jpg,0,5,False,blue,special_7,,7,7,True,京A9412B,0.4918448684801144,-12.77265456318753,True,京,1,0.1238541981469478,-3.7136502265930176
fenqusai/test_photo/48.jpg,0,6,False,blue,unknown_8,,8,8,True,皖YA9412B,0.9252905674155563,-1.3976543495072065,True,皖,baseline,0.1238541981469478,-2.0886502265930176
fenqusai/test_photo/48_0073.jpg,0,0,True,blue,blue,,7,7,True,黑E69T3L,0.9565390876771492,-0.7998052611292152,True,黑,baseline,0.3099460848623518,-1.1713569164276123
fenqusai/test_photo/48_0073.jpg,0,1,False,blue,green,,8,7,False,黑E69T3L,0.9565390876771492,-0.7998052611292152,True,黑,baseline,0.3099460848623518,-1.1713569164276123
fenqusai/test_photo/48_0073.jpg,0,2,False,blue,green,tractor_green,8,7,False,黑E69T3L,0.9565390876771492,-0.7998052611292152,True,黑,baseline,0.3099460848623518,-1.1713569164276123
fenqusai/test_photo/48_0073.jpg,0,3,False,blue,yellow,,7,7,True,黑E69T3L,0.9565390876771492,-0.7998052611292152,True,黑,baseline,0.3099460848623518,-1.1713569164276123
fenqusai/test_photo/48_0073.jpg,0,4,False,blue,black,,7,7,True,黑E69T3L,0.9565390876771492,-0.7998052611292152,True,黑,baseline,0.3099460848623518,-1.1713569164276123
fenqusai/test_photo/48_0073.jpg,0,5,False,blue,special_7,,7,7,True,黑E69T3L,0.9565390876771492,-0.7998052611292152,True,黑,baseline,0.3099460848623518,-1.1713569164276123
fenqusai/test_photo/48_0073.jpg,0,6,False,blue,unknown_8,,8,7,False,黑E69T3L,0.9565390876771492,-0.7998052611292152,True,黑,baseline,0.3099460848623518,-1.1713569164276123
fenqusai/test_photo/48_0073.jpg,1,0,True,blue,blue,,7,7,True,川A94BC2,0.9999552691374092,-0.0008051735348217903,True,川,baseline,0.333333207512705,-1.098612666130066
fenqusai/test_photo/48_0073.jpg,1,1,False,blue,green,,8,7,False,川A94BC2,0.9999552691374092,-0.0008051735348217903,True,川,baseline,0.333333207512705,-1.098612666130066
fenqusai/test_photo/48_0073.jpg,1,2,False,blue,green,tractor_green,8,7,False,川A94BC2,0.9999552691374092,-0.0008051735348217903,True,川,baseline,0.333333207512705,-1.098612666130066
fenqusai/test_photo/48_0073.jpg,1,3,False,blue,yellow,,7,7,True,川A94BC2,0.9999552691374092,-0.0008051735348217903,True,川,baseline,0.333333207512705,-1.098612666130066
fenqusai/test_photo/48_0073.jpg,1,4,False,blue,black,,7,7,True,川A94BC2,0.9999552691374092,-0.0008051735348217903,True,川,baseline,0.333333207512705,-1.098612666130066
fenqusai/test_photo/48_0073.jpg,1,5,False,blue,special_7,,7,7,True,川A94BC2,0.9999552691374092,-0.0008051735348217903,True,川,baseline,0.333333207512705,-1.098612666130066
fenqusai/test_photo/48_0073.jpg,1,6,False,blue,unknown_8,,8,7,False,川A94BC2,0.9999552691374092,-0.0008051735348217903,True,川,baseline,0.333333207512705,-1.098612666130066
fenqusai/test_photo/48_0193.jpg,0,0,True,blue,blue,,7,7,True,云E65LP3,0.9395007404356152,-1.1233200962205672,True,云,baseline,0.11018512782910604,-2.2055933475494385
fenqusai/test_photo/48_0193.jpg,0,1,False,blue,green,,8,7,False,云E65LP3,0.9395007404356152,-1.1233200962205672,True,云,baseline,0.11018512782910604,-2.2055933475494385
fenqusai/test_photo/48_0193.jpg,0,2,False,blue,green,tractor_green,8,7,False,云E65LP3,0.9395007404356152,-1.1233200962205672,True,云,baseline,0.11018512782910604,-2.2055933475494385
fenqusai/test_photo/48_0193.jpg,0,3,False,blue,yellow,,7,7,True,云E65LP3,0.9395007404356152,-1.1233200962205672,True,云,baseline,0.11018512782910604,-2.2055933475494385
fenqusai/test_photo/48_0193.jpg,0,4,False,blue,black,,7,7,True,云E65LP3,0.9395007404356152,-1.1233200962205672,True,云,baseline,0.11018512782910604,-2.2055933475494385
fenqusai/test_photo/48_0193.jpg,0,5,False,blue,special_7,,7,7,True,云E65LP3,0.9395007404356152,-1.1233200962205672,True,云,baseline,0.11018512782910604,-2.2055933475494385
fenqusai/test_photo/48_0193.jpg,0,6,False,blue,unknown_8,,8,7,False,云E65LP3,0.9395007404356152,-1.1233200962205672,True,云,baseline,0.11018512782910604,-2.2055933475494385
fenqusai/test_photo/48_0193.jpg,1,0,True,blue,blue,,7,7,True,辽A152RK,0.9650449130368951,-0.640451460942927,True,辽,baseline,0.25867773575481795,-1.3521722555160522
fenqusai/test_photo/48_0193.jpg,1,1,False,blue,green,,8,7,False,辽A152RK,0.9650449130368951,-0.640451460942927,True,辽,baseline,0.25867773575481795,-1.3521722555160522
fenqusai/test_photo/48_0193.jpg,1,2,False,blue,green,tractor_green,8,7,False,辽A152RK,0.9650449130368951,-0.640451460942927,True,辽,baseline,0.25867773575481795,-1.3521722555160522
fenqusai/test_photo/48_0193.jpg,1,3,False,blue,yellow,,7,7,True,辽A152RK,0.9650449130368951,-0.640451460942927,True,辽,baseline,0.25867773575481795,-1.3521722555160522
fenqusai/test_photo/48_0193.jpg,1,4,False,blue,black,,7,7,True,辽A152RK,0.9650449130368951,-0.640451460942927,True,辽,baseline,0.25867773575481795,-1.3521722555160522
fenqusai/test_photo/48_0193.jpg,1,5,False,blue,special_7,,7,7,True,辽A152RK,0.9650449130368951,-0.640451460942927,True,辽,baseline,0.25867773575481795,-1.3521722555160522
fenqusai/test_photo/48_0193.jpg,1,6,False,blue,unknown_8,,8,7,False,辽A152RK,0.9650449130368951,-0.640451460942927,True,辽,baseline,0.25867773575481795,-1.3521722555160522
fenqusai/test_photo/48_0193.jpg,2,0,True,blue,blue,,7,7,True,沪A0U58C,0.9724678029910201,-0.5025296070332388,True,沪,baseline,0.23490075199670937,-1.448592185974121
fenqusai/test_photo/48_0193.jpg,2,1,False,blue,green,,8,7,False,沪A0U58C,0.9724678029910201,-0.5025296070332388,True,沪,baseline,0.23490075199670937,-1.448592185974121
fenqusai/test_photo/48_0193.jpg,2,2,False,blue,green,tractor_green,8,7,False,沪A0U58C,0.9724678029910201,-0.5025296070332388,True,沪,baseline,0.23490075199670937,-1.448592185974121
fenqusai/test_photo/48_0193.jpg,2,3,False,blue,yellow,,7,7,True,沪A0U58C,0.9724678029910201,-0.5025296070332388,True,沪,baseline,0.23490075199670937,-1.448592185974121
fenqusai/test_photo/48_0193.jpg,2,4,False,blue,black,,7,7,True,沪A0U58C,0.9724678029910201,-0.5025296070332388,True,沪,baseline,0.23490075199670937,-1.448592185974121
fenqusai/test_photo/48_0193.jpg,2,5,False,blue,special_7,,7,7,True,沪A0U58C,0.9724678029910201,-0.5025296070332388,True,沪,baseline,0.23490075199670937,-1.448592185974121
fenqusai/test_photo/48_0193.jpg,2,6,False,blue,unknown_8,,8,7,False,沪A0U58C,0.9724678029910201,-0.5025296070332388,True,沪,baseline,0.23490075199670937,-1.448592185974121
fenqusai/test_photo/48_0283.jpg,0,0,True,blue,blue,,7,7,True,黑AW6T16,0.7674903132106446,-4.763329574838281,True,黑,baseline,0.2971330903963846,-1.2135751247406006
fenqusai/test_photo/48_0283.jpg,0,1,False,blue,green,,8,6,False,黑A6T16,0.9923444739577738,-0.1383296400308609,True,黑,baseline,0.2971330903963846,-1.2135751247406006
fenqusai/test_photo/48_0283.jpg,0,2,False,blue,green,tractor_green,8,6,False,黑A6T16,0.9923444739577738,-0.1383296400308609,True,黑,baseline,0.2971330903963846,-1.2135751247406006
fenqusai/test_photo/48_0283.jpg,0,3,False,blue,yellow,,7,7,True,黑AW6T16,0.7674903132106446,-4.763329574838281,True,黑,baseline,0.2971330903963846,-1.2135751247406006
fenqusai/test_photo/48_0283.jpg,0,4,False,blue,black,,7,7,True,黑AW6T16,0.7674903132106446,-4.763329574838281,True,黑,baseline,0.2971330903963846,-1.2135751247406006
fenqusai/test_photo/48_0283.jpg,0,5,False,blue,special_7,,7,7,True,黑AW6T16,0.7674903132106446,-4.763329574838281,True,黑,baseline,0.2971330903963846,-1.2135751247406006
fenqusai/test_photo/48_0283.jpg,0,6,False,blue,unknown_8,,8,6,False,黑A6T16,0.9923444739577738,-0.1383296400308609,True,黑,baseline,0.2971330903963846,-1.2135751247406006
fenqusai/test_photo/48_0283.jpg,1,0,True,blue,blue,,7,7,True,京BJS012,0.9948109624753715,-0.09364585203695697,True,京,baseline,0.3139252651896139,-1.1586003303527832
fenqusai/test_photo/48_0283.jpg,1,1,False,blue,green,,8,7,False,京BJS012,0.9948109624753715,-0.09364585203695697,True,京,baseline,0.3139252651896139,-1.1586003303527832
fenqusai/test_photo/48_0283.jpg,1,2,False,blue,green,tractor_green,8,7,False,京BJS012,0.9948109624753715,-0.09364585203695697,True,京,baseline,0.3139252651896139,-1.1586003303527832
fenqusai/test_photo/48_0283.jpg,1,3,False,blue,yellow,,7,7,True,京BJS012,0.9948109624753715,-0.09364585203695697,True,京,baseline,0.3139252651896139,-1.1586003303527832
fenqusai/test_photo/48_0283.jpg,1,4,False,blue,black,,7,7,True,京BJS012,0.9948109624753715,-0.09364585203695697,True,京,baseline,0.3139252651896139,-1.1586003303527832
fenqusai/test_photo/48_0283.jpg,1,5,False,blue,special_7,,7,7,True,京BJS012,0.9948109624753715,-0.09364585203695697,True,京,baseline,0.3139252651896139,-1.1586003303527832
fenqusai/test_photo/48_0283.jpg,1,6,False,blue,unknown_8,,8,7,False,京BJS012,0.9948109624753715,-0.09364585203695697,True,京,baseline,0.3139252651896139,-1.1586003303527832
fenqusai/test_photo/48_0283.jpg,2,0,True,blue,blue,,7,7,True,皖A82MDD,0.9570179518430606,-0.7907963264715931,True,皖,baseline,0.21634672692923562,-1.5308729410171509
fenqusai/test_photo/48_0283.jpg,2,1,False,blue,green,,8,8,True,皖AA82MDD,0.7274291459828749,-5.7282962133159,True,皖,baseline,0.21634672692923562,-1.5308729410171509
fenqusai/test_photo/48_0283.jpg,2,2,False,blue,green,tractor_green,8,8,True,皖AA82MDD,0.7274291459828749,-5.7282962133159,True,皖,baseline,0.21634672692923562,-1.5308729410171509
fenqusai/test_photo/48_0283.jpg,2,3,False,blue,yellow,,7,7,True,皖A82MDD,0.9570179518430606,-0.7907963264715931,True,皖,baseline,0.21634672692923562,-1.5308729410171509
fenqusai/test_photo/48_0283.jpg,2,4,False,blue,black,,7,7,True,皖A82MDD,0.9570179518430606,-0.7907963264715931,True,皖,baseline,0.21634672692923562,-1.5308729410171509
fenqusai/test_photo/48_0283.jpg,2,5,False,blue,special_7,,7,7,True,皖A82MDD,0.9570179518430606,-0.7907963264715931,True,皖,baseline,0.21634672692923562,-1.5308729410171509
fenqusai/test_photo/48_0283.jpg,2,6,False,blue,unknown_8,,8,8,True,皖AA82MDD,0.7274291459828749,-5.7282962133159,True,皖,baseline,0.21634672692923562,-1.5308729410171509
fenqusai/test_photo/49.jpg,0,0,True,blue,blue,,7,7,True,琼B44444,0.8134621326619931,-3.7162062372649345,True,琼,baseline,0.29549303517117587,-1.2191100120544434
fenqusai/test_photo/49.jpg,0,1,False,blue,green,,8,6,False,琼B4444,0.9914971254401223,-0.15370614413267703,True,琼,baseline,0.29549303517117587,-1.2191100120544434
fenqusai/test_photo/49.jpg,0,2,False,blue,green,tractor_green,8,6,False,琼B4444,0.9914971254401223,-0.15370614413267703,True,琼,baseline,0.29549303517117587,-1.2191100120544434
fenqusai/test_photo/49.jpg,0,3,False,blue,yellow,,7,7,True,琼B44444,0.8134621326619931,-3.7162062372649345,True,琼,baseline,0.29549303517117587,-1.2191100120544434
fenqusai/test_photo/49.jpg,0,4,False,blue,black,,7,7,True,琼B44444,0.8134621326619931,-3.7162062372649345,True,琼,baseline,0.29549303517117587,-1.2191100120544434
fenqusai/test_photo/49.jpg,0,5,False,blue,special_7,,7,7,True,琼B44444,0.8134621326619931,-3.7162062372649345,True,琼,baseline,0.29549303517117587,-1.2191100120544434
fenqusai/test_photo/49.jpg,0,6,False,blue,unknown_8,,8,6,False,琼B4444,0.9914971254401223,-0.15370614413267703,True,琼,baseline,0.29549303517117587,-1.2191100120544434
fenqusai/test_photo/55.jpg,0,0,True,green,green,,8,8,True,川KLTY3QZ,0.68032840526333,-6.933233672597105,True,川,baseline,0.0011977200915589082,-6.727335453033447
fenqusai/test_photo/55.jpg,0,1,False,green,green,tractor_green,8,8,True,川KLTY3QZ,0.68032840526333,-6.933233672597105,True,川,baseline,0.0011977200915589082,-6.727335453033447
fenqusai/test_photo/55.jpg,0,2,False,green,blue,,7,7,True,川LTY3QZ,0.6503019173448817,-7.745733642794782,True,川,baseline,0.0011977200915589082,-6.727335453033447
fenqusai/test_photo/55.jpg,0,3,False,green,yellow,,7,7,True,川LTY3QZ,0.6503019173448817,-7.745733642794782,True,川,baseline,0.0011977200915589082,-6.727335453033447
fenqusai/test_photo/55.jpg,0,4,False,green,black,,7,7,True,川LTY3QZ,0.6503019173448817,-7.745733642794782,True,川,baseline,0.0011977200915589082,-6.727335453033447
fenqusai/test_photo/55.jpg,0,5,False,green,special_7,,7,7,True,川LTY3QZ,0.6503019173448817,-7.745733642794782,True,川,baseline,0.0011977200915589082,-6.727335453033447
fenqusai/test_photo/55.jpg,0,6,False,green,unknown_8,,8,8,True,川KLTY3QZ,0.68032840526333,-6.933233672597105,True,川,baseline,0.0011977200915589082,-6.727335453033447
fenqusai/test_photo/58.jpg,0,0,True,blue,blue,,7,7,True,吉E22602,0.9703282185939939,-0.5421761106172198,True,吉,baseline,0.20312004106399426,-1.5939581394195557
fenqusai/test_photo/58.jpg,0,1,False,blue,green,,8,8,True,吉E2260Z2,0.8072283596818212,-3.854676188848316,True,吉,baseline,0.20312004106399426,-1.5939581394195557
fenqusai/test_photo/58.jpg,0,2,False,blue,green,tractor_green,8,8,True,吉E2260Z2,0.8072283596818212,-3.854676188848316,True,吉,baseline,0.20312004106399426,-1.5939581394195557
fenqusai/test_photo/58.jpg,0,3,False,blue,yellow,,7,7,True,吉E22602,0.9703282185939939,-0.5421761106172198,True,吉,baseline,0.20312004106399426,-1.5939581394195557
fenqusai/test_photo/58.jpg,0,4,False,blue,black,,7,7,True,吉E22602,0.9703282185939939,-0.5421761106172198,True,吉,baseline,0.20312004106399426,-1.5939581394195557
fenqusai/test_photo/58.jpg,0,5,False,blue,special_7,,7,7,True,吉E22602,0.9703282185939939,-0.5421761106172198,True,吉,baseline,0.20312004106399426,-1.5939581394195557
fenqusai/test_photo/58.jpg,0,6,False,blue,unknown_8,,8,8,True,吉E2260Z2,0.8072283596818212,-3.854676188848316,True,吉,baseline,0.20312004106399426,-1.5939581394195557
fenqusai/test_photo/64_0236.jpg,0,0,True,blue,blue,,7,7,True,黑A1QT20,0.956685152019071,-0.7970568554743522,True,黑,baseline,0.18620159106279735,-1.6809253692626953
fenqusai/test_photo/64_0236.jpg,0,1,False,blue,green,,8,7,False,黑A1QT20,0.956685152019071,-0.7970568554743522,True,黑,baseline,0.18620159106279735,-1.6809253692626953
fenqusai/test_photo/64_0236.jpg,0,2,False,blue,green,tractor_green,8,7,False,黑A1QT20,0.956685152019071,-0.7970568554743522,True,黑,baseline,0.18620159106279735,-1.6809253692626953
fenqusai/test_photo/64_0236.jpg,0,3,False,blue,yellow,,7,7,True,黑A1QT20,0.956685152019071,-0.7970568554743522,True,黑,baseline,0.18620159106279735,-1.6809253692626953
fenqusai/test_photo/64_0236.jpg,0,4,False,blue,black,,7,7,True,黑A1QT20,0.956685152019071,-0.7970568554743522,True,黑,baseline,0.18620159106279735,-1.6809253692626953
fenqusai/test_photo/64_0236.jpg,0,5,False,blue,special_7,,7,7,True,黑A1QT20,0.956685152019071,-0.7970568554743522,True,黑,baseline,0.18620159106279735,-1.6809253692626953
fenqusai/test_photo/64_0236.jpg,0,6,False,blue,unknown_8,,8,7,False,黑A1QT20,0.956685152019071,-0.7970568554743522,True,黑,baseline,0.18620159106279735,-1.6809253692626953
fenqusai/test_photo/64_0236.jpg,1,0,True,yellow,yellow,,7,7,True,云E63893,0.7744230092568573,-4.601466559698551,True,云,baseline,0.0034025409635137045,-5.68323278427124
fenqusai/test_photo/64_0236.jpg,1,1,False,yellow,blue,,7,7,True,云E63893,0.7744230092568573,-4.601466559698551,True,云,baseline,0.0034025409635137045,-5.68323278427124
fenqusai/test_photo/64_0236.jpg,1,2,False,yellow,green,,8,7,False,云E63893,0.7744230092568573,-4.601466559698551,True,云,baseline,0.0034025409635137045,-5.68323278427124
fenqusai/test_photo/64_0236.jpg,1,3,False,yellow,green,tractor_green,8,8,True,云E挂63893,0.4059722897593357,-16.226466723611324,True,云,baseline,0.0034025409635137045,-5.68323278427124
fenqusai/test_photo/64_0236.jpg,1,4,False,yellow,black,,7,7,True,云E63893,0.7744230092568573,-4.601466559698551,True,云,baseline,0.0034025409635137045,-5.68323278427124
fenqusai/test_photo/64_0236.jpg,1,5,False,yellow,special_7,,7,7,True,云E63893,0.7744230092568573,-4.601466559698551,True,云,baseline,0.0034025409635137045,-5.68323278427124
fenqusai/test_photo/64_0236.jpg,1,6,False,yellow,unknown_8,,8,7,False,云E63893,0.7744230092568573,-4.601466559698551,True,云,baseline,0.0034025409635137045,-5.68323278427124
fenqusai/test_photo/64_0236.jpg,2,0,True,blue,blue,,7,7,True,蒙J8W671,0.9901989088883532,-0.17728988338421914,True,蒙,baseline,0.3105637016053437,-1.1693662405014038
fenqusai/test_photo/64_0236.jpg,2,1,False,blue,green,,8,8,True,蒙AJ8W671,0.6068748025496895,-8.989789775263489,True,蒙,baseline,0.3105637016053437,-1.1693662405014038
fenqusai/test_photo/64_0236.jpg,2,2,False,blue,green,tractor_green,8,8,True,蒙AJ8W671,0.6068748025496895,-8.989789775263489,True,蒙,baseline,0.3105637016053437,-1.1693662405014038
fenqusai/test_photo/64_0236.jpg,2,3,False,blue,yellow,,7,7,True,蒙J8W671,0.9901989088883532,-0.17728988338421914,True,蒙,baseline,0.3105637016053437,-1.1693662405014038
fenqusai/test_photo/64_0236.jpg,2,4,False,blue,black,,7,7,True,蒙J8W671,0.9901989088883532,-0.17728988338421914,True,蒙,baseline,0.3105637016053437,-1.1693662405014038
fenqusai/test_photo/64_0236.jpg,2,5,False,blue,special_7,,7,7,True,蒙J8W671,0.9901989088883532,-0.17728988338421914,True,蒙,baseline,0.3105637016053437,-1.1693662405014038
fenqusai/test_photo/64_0236.jpg,2,6,False,blue,unknown_8,,8,8,True,蒙AJ8W671,0.6068748025496895,-8.989789775263489,True,蒙,baseline,0.3105637016053437,-1.1693662405014038
fenqusai/test_photo/64_0833.jpg,0,0,False,yellow,yellow,,7,7,True,吉M学1学学1,0.011462224877896719,-80.43657198508652,True,吉,0,1.3633767092450586e-05,-11.202960968017578
fenqusai/test_photo/64_0833.jpg,0,1,False,yellow,blue,,7,7,True,吉M81210,0.006576490809175103,-90.43657177647026,True,吉,0,1.3633767092450586e-05,-11.202960968017578
fenqusai/test_photo/64_0833.jpg,0,2,True,yellow,green,,8,8,True,吉M819210,0.007877864360972379,-87.18657177647026,True,吉,0,1.3633767092450586e-05,-11.202960968017578
fenqusai/test_photo/64_0833.jpg,0,3,False,yellow,green,tractor_green,8,8,True,吉M学1学学10,0.030198941130349165,-62.99907150824936,True,吉,0,1.3633767092450586e-05,-11.202960968017578
fenqusai/test_photo/64_0833.jpg,0,4,False,yellow,black,,7,7,True,吉M港1港港港,0.22942694419591744,-26.49907126983078,True,吉,0,1.3633767092450586e-05,-11.202960968017578
fenqusai/test_photo/64_0833.jpg,0,5,False,yellow,special_7,,7,7,True,吉M港1港港港,0.22942694419591744,-26.49907126983078,True,吉,0,1.3633767092450586e-05,-11.202960968017578
fenqusai/test_photo/64_0833.jpg,0,6,False,yellow,unknown_8,,8,8,True,吉M819210,0.007877864360972379,-87.18657177647026,True,吉,0,1.3633767092450586e-05,-11.202960968017578
fenqusai/test_photo/64_0833.jpg,1,0,True,blue,blue,,7,7,True,川A6P2V8,0.9967012813644034,-0.05947508524764089,True,川,baseline,0.33297049232268244,-1.0997014045715332
fenqusai/test_photo/64_0833.jpg,1,1,False,blue,green,,8,8,True,川A6P2VU8,0.5390820444000877,-11.12197506662119,True,川,baseline,0.33297049232268244,-1.0997014045715332
fenqusai/test_photo/64_0833.jpg,1,2,False,blue,green,tractor_green,8,8,True,川A6P2VU8,0.5390820444000877,-11.12197506662119,True,川,baseline,0.33297049232268244,-1.0997014045715332
fenqusai/test_photo/64_0833.jpg,1,3,False,blue,yellow,,7,7,True,川A6P2V8,0.9967012813644034,-0.05947508524764089,True,川,baseline,0.33297049232268244,-1.0997014045715332
fenqusai/test_photo/64_0833.jpg,1,4,False,blue,black,,7,7,True,川A6P2V8,0.9967012813644034,-0.05947508524764089,True,川,baseline,0.33297049232268244,-1.0997014045715332
fenqusai/test_photo/64_0833.jpg,1,5,False,blue,special_7,,7,7,True,川A6P2V8,0.9967012813644034,-0.05947508524764089,True,川,baseline,0.33297049232268244,-1.0997014045715332
fenqusai/test_photo/64_0833.jpg,1,6,False,blue,unknown_8,,8,8,True,川A6P2VU8,0.5390820444000877,-11.12197506662119,True,川,baseline,0.33297049232268244,-1.0997014045715332
fenqusai/test_photo/64_0833.jpg,2,0,True,blue,blue,,7,7,True,川A09Y38,0.7901989385987022,-4.2384697958095785,True,川,baseline,0.3245074461989668,-1.1254467964172363
fenqusai/test_photo/64_0833.jpg,2,1,False,blue,green,,8,7,False,川A09Y38,0.7901989385987022,-4.2384697958095785,True,川,baseline,0.3245074461989668,-1.1254467964172363
fenqusai/test_photo/64_0833.jpg,2,2,False,blue,green,tractor_green,8,8,True,川A09学Y38,0.6573765273649425,-7.550969825611901,True,川,baseline,0.3245074461989668,-1.1254467964172363
fenqusai/test_photo/64_0833.jpg,2,3,False,blue,yellow,,7,7,True,川A09Y38,0.7901989385987022,-4.2384697958095785,True,川,baseline,0.3245074461989668,-1.1254467964172363
fenqusai/test_photo/64_0833.jpg,2,4,False,blue,black,,7,7,True,川A09Y3领,0.9732276949357063,-0.4884697958095785,True,川,baseline,0.3245074461989668,-1.1254467964172363
fenqusai/test_photo/64_0833.jpg,2,5,False,blue,special_7,,7,7,True,川A09Y3领,0.9732276949357063,-0.4884697958095785,True,川,baseline,0.3245074461989668,-1.1254467964172363
fenqusai/test_photo/64_0833.jpg,2,6,False,blue,unknown_8,,8,7,False,川A09Y38,0.7901989385987022,-4.2384697958095785,True,川,baseline,0.3245074461989668,-1.1254467964172363
fenqusai/test_photo/653.jpg,0,0,True,blue,blue,,7,7,True,桂AG9Z10,0.9236131510269364,-1.4303153290683213,True,桂,baseline,0.14994225211122816,-1.8975050449371338
fenqusai/test_photo/653.jpg,0,1,False,blue,green,,8,7,False,桂AG9Z10,0.9236131510269364,-1.4303153290683213,True,桂,baseline,0.14994225211122816,-1.8975050449371338
fenqusai/test_photo/653.jpg,0,2,False,blue,green,tractor_green,8,7,False,桂AG9Z10,0.9236131510269364,-1.4303153290683213,True,桂,baseline,0.14994225211122816,-1.8975050449371338
fenqusai/test_photo/653.jpg,0,3,False,blue,yellow,,7,7,True,桂AG9Z10,0.9236131510269364,-1.4303153290683213,True,桂,baseline,0.14994225211122816,-1.8975050449371338
fenqusai/test_photo/653.jpg,0,4,False,blue,black,,7,7,True,桂AG9Z10,0.9236131510269364,-1.4303153290683213,True,桂,baseline,0.14994225211122816,-1.8975050449371338
fenqusai/test_photo/653.jpg,0,5,False,blue,special_7,,7,7,True,桂AG9Z10,0.9236131510269364,-1.4303153290683213,True,桂,baseline,0.14994225211122816,-1.8975050449371338
fenqusai/test_photo/653.jpg,0,6,False,blue,unknown_8,,8,7,False,桂AG9Z10,0.9236131510269364,-1.4303153290683213,True,桂,baseline,0.14994225211122816,-1.8975050449371338
fenqusai/test_photo/655.jpg,0,0,True,blue,blue,,7,7,True,川A70M53,0.8773251686236603,-2.3557964675105723,True,川,baseline,0.08070660411524526,-2.516934871673584
fenqusai/test_photo/655.jpg,0,1,False,blue,green,,8,7,False,川A70M53,0.8773251686236603,-2.3557964675105723,True,川,baseline,0.08070660411524526,-2.516934871673584
fenqusai/test_photo/655.jpg,0,2,False,blue,green,tractor_green,8,7,False,川A70M53,0.8773251686236603,-2.3557964675105723,True,川,baseline,0.08070660411524526,-2.516934871673584
fenqusai/test_photo/655.jpg,0,3,False,blue,yellow,,7,7,True,川A70M53,0.8773251686236603,-2.3557964675105723,True,川,baseline,0.08070660411524526,-2.516934871673584
fenqusai/test_photo/655.jpg,0,4,False,blue,black,,7,7,True,川A70M53,0.8773251686236603,-2.3557964675105723,True,川,baseline,0.08070660411524526,-2.516934871673584
fenqusai/test_photo/655.jpg,0,5,False,blue,special_7,,7,7,True,川A70M53,0.8773251686236603,-2.3557964675105723,True,川,baseline,0.08070660411524526,-2.516934871673584
fenqusai/test_photo/655.jpg,0,6,False,blue,unknown_8,,8,7,False,川A70M53,0.8773251686236603,-2.3557964675105723,True,川,baseline,0.08070660411524526,-2.516934871673584
fenqusai/test_photo/657.jpg,0,0,True,blue,blue,,7,7,True,晋D8880D,0.9396724910969932,-1.120029806787386,True,晋,baseline,0.10876004555205868,-2.218611240386963
fenqusai/test_photo/657.jpg,0,1,False,blue,green,,8,8,True,晋BD8880D,0.45795980307773676,-14.057529568658026,True,晋,baseline,0.10876004555205868,-2.218611240386963
fenqusai/test_photo/657.jpg,0,2,False,blue,green,tractor_green,8,8,True,晋BD8880D,0.45795980307773676,-14.057529568658026,True,晋,baseline,0.10876004555205868,-2.218611240386963
fenqusai/test_photo/657.jpg,0,3,False,blue,yellow,,7,7,True,晋D8880D,0.9396724910969932,-1.120029806787386,True,晋,baseline,0.10876004555205868,-2.218611240386963
fenqusai/test_photo/657.jpg,0,4,False,blue,black,,7,7,True,晋D8880D,0.9396724910969932,-1.120029806787386,True,晋,baseline,0.10876004555205868,-2.218611240386963
fenqusai/test_photo/657.jpg,0,5,False,blue,special_7,,7,7,True,晋D8880D,0.9396724910969932,-1.120029806787386,True,晋,baseline,0.10876004555205868,-2.218611240386963
fenqusai/test_photo/657.jpg,0,6,False,blue,unknown_8,,8,8,True,晋BD8880D,0.45795980307773676,-14.057529568658026,True,晋,baseline,0.10876004555205868,-2.218611240386963
fenqusai/test_photo/667.jpg,0,0,True,blue,blue,,7,7,True,冀G04444,0.924064050905299,-1.421530030464048,True,冀,baseline,0.08134351131067524,-2.5090742111206055
fenqusai/test_photo/667.jpg,0,1,False,blue,green,,8,7,False,冀G04444,0.924064050905299,-1.421530030464048,True,冀,baseline,0.08134351131067524,-2.5090742111206055
fenqusai/test_photo/667.jpg,0,2,False,blue,green,tractor_green,8,7,False,冀G04444,0.924064050905299,-1.421530030464048,True,冀,baseline,0.08134351131067524,-2.5090742111206055
fenqusai/test_photo/667.jpg,0,3,False,blue,yellow,,7,7,True,冀G04444,0.924064050905299,-1.421530030464048,True,冀,baseline,0.08134351131067524,-2.5090742111206055
fenqusai/test_photo/667.jpg,0,4,False,blue,black,,7,7,True,冀G04444,0.924064050905299,-1.421530030464048,True,冀,baseline,0.08134351131067524,-2.5090742111206055
fenqusai/test_photo/667.jpg,0,5,False,blue,special_7,,7,7,True,冀G04444,0.924064050905299,-1.421530030464048,True,冀,baseline,0.08134351131067524,-2.5090742111206055
fenqusai/test_photo/667.jpg,0,6,False,blue,unknown_8,,8,7,False,冀G04444,0.924064050905299,-1.421530030464048,True,冀,baseline,0.08134351131067524,-2.5090742111206055
fenqusai/test_photo/668.jpg,0,0,True,unknown_7,blue,,7,7,True,青B0X288,0.9272377462182798,-1.3598150019533861,True,青,baseline,0.09378308738191507,-2.3667707443237305
fenqusai/test_photo/668.jpg,0,1,False,unknown_7,green,,8,8,True,青AB0X288,0.8098048878041042,-3.797314912546419,True,青,baseline,0.09378308738191507,-2.3667707443237305
fenqusai/test_photo/668.jpg,0,2,False,unknown_7,green,tractor_green,8,8,True,青AB0X288,0.8098048878041042,-3.797314912546419,True,青,baseline,0.09378308738191507,-2.3667707443237305
fenqusai/test_photo/668.jpg,0,3,False,unknown_7,yellow,,7,7,True,青B0X288,0.9272377462182798,-1.3598150019533861,True,青,baseline,0.09378308738191507,-2.3667707443237305
fenqusai/test_photo/668.jpg,0,4,False,unknown_7,black,,7,7,True,青B0X288,0.9272377462182798,-1.3598150019533861,True,青,baseline,0.09378308738191507,-2.3667707443237305
fenqusai/test_photo/668.jpg,0,5,False,unknown_7,special_7,,7,7,True,青B0X288,0.9272377462182798,-1.3598150019533861,True,青,baseline,0.09378308738191507,-2.3667707443237305
fenqusai/test_photo/668.jpg,0,6,False,unknown_7,unknown_8,,8,8,True,青AB0X288,0.8098048878041042,-3.797314912546419,True,青,baseline,0.09378308738191507,-2.3667707443237305
fenqusai/test_photo/673.jpg,0,0,True,blue,blue,,7,7,True,京F43795,0.9965343869094474,-0.06248938028966222,True,京,baseline,0.33316147124653844,-1.099128007888794
fenqusai/test_photo/673.jpg,0,1,False,blue,green,,8,7,False,京F43795,0.9965343869094474,-0.06248938028966222,True,京,baseline,0.33316147124653844,-1.099128007888794
fenqusai/test_photo/673.jpg,0,2,False,blue,green,tractor_green,8,7,False,京F43795,0.9965343869094474,-0.06248938028966222,True,京,baseline,0.33316147124653844,-1.099128007888794
fenqusai/test_photo/673.jpg,0,3,False,blue,yellow,,7,7,True,京F43795,0.9965343869094474,-0.06248938028966222,True,京,baseline,0.33316147124653844,-1.099128007888794
fenqusai/test_photo/673.jpg,0,4,False,blue,black,,7,7,True,京F43795,0.9965343869094474,-0.06248938028966222,True,京,baseline,0.33316147124653844,-1.099128007888794
fenqusai/test_photo/673.jpg,0,5,False,blue,special_7,,7,7,True,京F43795,0.9965343869094474,-0.06248938028966222,True,京,baseline,0.33316147124653844,-1.099128007888794
fenqusai/test_photo/673.jpg,0,6,False,blue,unknown_8,,8,7,False,京F43795,0.9965343869094474,-0.06248938028966222,True,京,baseline,0.33316147124653844,-1.099128007888794
fenqusai/test_photo/675.jpg,0,0,True,blue,blue,,7,7,True,晋AV6600,0.9640270250018567,-0.6594471095445371,True,晋,baseline,0.1801146164170378,-1.7141618728637695
fenqusai/test_photo/675.jpg,0,1,False,blue,green,,8,7,False,晋AV6600,0.9640270250018567,-0.6594471095445371,True,晋,baseline,0.1801146164170378,-1.7141618728637695
fenqusai/test_photo/675.jpg,0,2,False,blue,green,tractor_green,8,7,False,晋AV6600,0.9640270250018567,-0.6594471095445371,True,晋,baseline,0.1801146164170378,-1.7141618728637695
fenqusai/test_photo/675.jpg,0,3,False,blue,yellow,,7,7,True,晋AV6600,0.9640270250018567,-0.6594471095445371,True,晋,baseline,0.1801146164170378,-1.7141618728637695
fenqusai/test_photo/675.jpg,0,4,False,blue,black,,7,7,True,晋AV6600,0.9640270250018567,-0.6594471095445371,True,晋,baseline,0.1801146164170378,-1.7141618728637695
fenqusai/test_photo/675.jpg,0,5,False,blue,special_7,,7,7,True,晋AV6600,0.9640270250018567,-0.6594471095445371,True,晋,baseline,0.1801146164170378,-1.7141618728637695
fenqusai/test_photo/675.jpg,0,6,False,blue,unknown_8,,8,7,False,晋AV6600,0.9640270250018567,-0.6594471095445371,True,晋,baseline,0.1801146164170378,-1.7141618728637695
fenqusai/test_photo/677.jpg,0,0,True,unknown_7,blue,,7,7,True,川A00T45,0.9586543079250462,-0.760045328758558,True,川,baseline,0.3117979462858609,-1.1653999090194702
fenqusai/test_photo/677.jpg,0,1,False,unknown_7,green,,8,7,False,川A00T45,0.9586543079250462,-0.760045328758558,True,川,baseline,0.3117979462858609,-1.1653999090194702
fenqusai/test_photo/677.jpg,0,2,False,unknown_7,green,tractor_green,8,7,False,川A00T45,0.9586543079250462,-0.760045328758558,True,川,baseline,0.3117979462858609,-1.1653999090194702
fenqusai/test_photo/677.jpg,0,3,False,unknown_7,yellow,,7,7,True,川A00T45,0.9586543079250462,-0.760045328758558,True,川,baseline,0.3117979462858609,-1.1653999090194702
fenqusai/test_photo/677.jpg,0,4,False,unknown_7,black,,7,7,True,川A00T45,0.9586543079250462,-0.760045328758558,True,川,baseline,0.3117979462858609,-1.1653999090194702
fenqusai/test_photo/677.jpg,0,5,False,unknown_7,special_7,,7,7,True,川A00T45,0.9586543079250462,-0.760045328758558,True,川,baseline,0.3117979462858609,-1.1653999090194702
fenqusai/test_photo/677.jpg,0,6,False,unknown_7,unknown_8,,8,7,False,川A00T45,0.9586543079250462,-0.760045328758558,True,川,baseline,0.3117979462858609,-1.1653999090194702
fenqusai/test_photo/678.jpg,0,0,True,blue,blue,,7,7,True,桂R56789,0.6085903893819434,-8.938976993963479,True,桂,baseline,4.376298526124395e-05,-10.036722183227539
fenqusai/test_photo/678.jpg,0,1,False,blue,green,,8,7,False,桂R56789,0.6085903893819434,-8.938976993963479,True,桂,baseline,4.376298526124395e-05,-10.036722183227539
fenqusai/test_photo/678.jpg,0,2,False,blue,green,tractor_green,8,7,False,桂R56789,0.6085903893819434,-8.938976993963479,True,桂,baseline,4.376298526124395e-05,-10.036722183227539
fenqusai/test_photo/678.jpg,0,3,False,blue,yellow,,7,7,True,桂R56789,0.6085903893819434,-8.938976993963479,True,桂,baseline,4.376298526124395e-05,-10.036722183227539
fenqusai/test_photo/678.jpg,0,4,False,blue,black,,7,7,True,桂R56789,0.6085903893819434,-8.938976993963479,True,桂,baseline,4.376298526124395e-05,-10.036722183227539
fenqusai/test_photo/678.jpg,0,5,False,blue,special_7,,7,7,True,桂R56789,0.6085903893819434,-8.938976993963479,True,桂,baseline,4.376298526124395e-05,-10.036722183227539
fenqusai/test_photo/678.jpg,0,6,False,blue,unknown_8,,8,7,False,桂R56789,0.6085903893819434,-8.938976993963479,True,桂,baseline,4.376298526124395e-05,-10.036722183227539
fenqusai/test_photo/680.jpg,0,0,True,blue,blue,,7,7,True,川D19H58,0.8800574291893102,-2.2998260375434256,True,川,baseline,0.3296760901959535,-1.1096446514129639
fenqusai/test_photo/680.jpg,0,1,False,blue,green,,8,8,True,川WD19H58,0.9732895378572193,-0.4873260375434256,True,川,baseline,0.3296760901959535,-1.1096446514129639
fenqusai/test_photo/680.jpg,0,2,False,blue,green,tractor_green,8,8,True,川WD19H58,0.9732895378572193,-0.4873260375434256,True,川,baseline,0.3296760901959535,-1.1096446514129639
fenqusai/test_photo/680.jpg,0,3,False,blue,yellow,,7,7,True,川D19H58,0.8800574291893102,-2.2998260375434256,True,川,baseline,0.3296760901959535,-1.1096446514129639
fenqusai/test_photo/680.jpg,0,4,False,blue,black,,7,7,True,川D19H58,0.8800574291893102,-2.2998260375434256,True,川,baseline,0.3296760901959535,-1.1096446514129639
fenqusai/test_photo/680.jpg,0,5,False,blue,special_7,,7,7,True,川D19H58,0.8800574291893102,-2.2998260375434256,True,川,baseline,0.3296760901959535,-1.1096446514129639
fenqusai/test_photo/680.jpg,0,6,False,blue,unknown_8,,8,8,True,川WD19H58,0.9732895378572193,-0.4873260375434256,True,川,baseline,0.3296760901959535,-1.1096446514129639
fenqusai/test_photo/681.jpg,0,0,True,blue,blue,,7,7,True,吉EZ1H19,0.9847189949518599,-0.2771813308354467,True,吉,baseline,0.2534343700077733,-1.372650384902954
fenqusai/test_photo/681.jpg,0,1,False,blue,green,,8,8,True,吉LEZ1H19,0.6226739212782945,-8.52718136497424,True,吉,baseline,0.2534343700077733,-1.372650384902954
fenqusai/test_photo/681.jpg,0,2,False,blue,green,tractor_green,8,8,True,吉LEZ1H19,0.6226739212782945,-8.52718136497424,True,吉,baseline,0.2534343700077733,-1.372650384902954
fenqusai/test_photo/681.jpg,0,3,False,blue,yellow,,7,7,True,吉EZ1H19,0.9847189949518599,-0.2771813308354467,True,吉,baseline,0.2534343700077733,-1.372650384902954
fenqusai/test_photo/681.jpg,0,4,False,blue,black,,7,7,True,吉EZ1H19,0.9847189949518599,-0.2771813308354467,True,吉,baseline,0.2534343700077733,-1.372650384902954
fenqusai/test_photo/681.jpg,0,5,False,blue,special_7,,7,7,True,吉EZ1H19,0.9847189949518599,-0.2771813308354467,True,吉,baseline,0.2534343700077733,-1.372650384902954
fenqusai/test_photo/681.jpg,0,6,False,blue,unknown_8,,8,8,True,吉LEZ1H19,0.6226739212782945,-8.52718136497424,True,吉,baseline,0.2534343700077733,-1.372650384902954
fenqusai/test_photo/684.jpg,0,0,True,blue,blue,,7,7,True,云CC6586,0.6708763488276406,-7.185067882871408,True,云,baseline,0.009754674260599304,-4.630008697509766
fenqusai/test_photo/684.jpg,0,1,False,blue,green,,8,8,True,云ZCC6586,0.76284667680977,-4.872567882871408,True,云,baseline,0.009754674260599304,-4.630008697509766
fenqusai/test_photo/684.jpg,0,2,False,blue,green,tractor_green,8,8,True,云ZCC6586,0.76284667680977,-4.872567882871408,True,云,baseline,0.009754674260599304,-4.630008697509766
fenqusai/test_photo/684.jpg,0,3,False,blue,yellow,,7,7,True,云CC6586,0.6708763488276406,-7.185067882871408,True,云,baseline,0.009754674260599304,-4.630008697509766
fenqusai/test_photo/684.jpg,0,4,False,blue,black,,7,7,True,云CC6586,0.6708763488276406,-7.185067882871408,True,云,baseline,0.009754674260599304,-4.630008697509766
fenqusai/test_photo/684.jpg,0,5,False,blue,special_7,,7,7,True,云CC6586,0.6708763488276406,-7.185067882871408,True,云,baseline,0.009754674260599304,-4.630008697509766
fenqusai/test_photo/684.jpg,0,6,False,blue,unknown_8,,8,8,True,云ZCC6586,0.76284667680977,-4.872567882871408,True,云,baseline,0.009754674260599304,-4.630008697509766
fenqusai/test_photo/686.jpg,0,0,True,blue,blue,,7,7,True,京P9WH18,0.9836352243188893,-0.2970028377307017,True,京,baseline,0.33333296909430116,-1.0986133813858032
fenqusai/test_photo/686.jpg,0,1,False,blue,green,,8,8,True,京P9WH1L8,0.3631178171890466,-18.234502778126057,True,京,baseline,0.33333296909430116,-1.0986133813858032
fenqusai/test_photo/686.jpg,0,2,False,blue,green,tractor_green,8,8,True,京P9WH1L8,0.3631178171890466,-18.234502778126057,True,京,baseline,0.33333296909430116,-1.0986133813858032
fenqusai/test_photo/686.jpg,0,3,False,blue,yellow,,7,7,True,京P9WH18,0.9836352243188893,-0.2970028377307017,True,京,baseline,0.33333296909430116,-1.0986133813858032
fenqusai/test_photo/686.jpg,0,4,False,blue,black,,7,7,True,京P9WH18,0.9836352243188893,-0.2970028377307017,True,京,baseline,0.33333296909430116,-1.0986133813858032
fenqusai/test_photo/686.jpg,0,5,False,blue,special_7,,7,7,True,京P9WH18,0.9836352243188893,-0.2970028377307017,True,京,baseline,0.33333296909430116,-1.0986133813858032
fenqusai/test_photo/686.jpg,0,6,False,blue,unknown_8,,8,8,True,京P9WH1L8,0.3631178171890466,-18.234502778126057,True,京,baseline,0.33333296909430116,-1.0986133813858032
fenqusai/test_photo/687.jpg,0,0,True,blue,blue,,7,7,True,京A9826N,0.9943926462563633,-0.10121641145087779,True,京,baseline,0.30150385898563925,-1.198972463607788
fenqusai/test_photo/687.jpg,0,1,False,blue,green,,8,7,False,京A9826N,0.9943926462563633,-0.10121641145087779,True,京,baseline,0.30150385898563925,-1.198972463607788
fenqusai/test_photo/687.jpg,0,2,False,blue,green,tractor_green,8,7,False,京A9826N,0.9943926462563633,-0.10121641145087779,True,京,baseline,0.30150385898563925,-1.198972463607788
fenqusai/test_photo/687.jpg,0,3,False,blue,yellow,,7,7,True,京A9826N,0.9943926462563633,-0.10121641145087779,True,京,baseline,0.30150385898563925,-1.198972463607788
fenqusai/test_photo/687.jpg,0,4,False,blue,black,,7,7,True,京A9826N,0.9943926462563633,-0.10121641145087779,True,京,baseline,0.30150385898563925,-1.198972463607788
fenqusai/test_photo/687.jpg,0,5,False,blue,special_7,,7,7,True,京A9826N,0.9943926462563633,-0.10121641145087779,True,京,baseline,0.30150385898563925,-1.198972463607788
fenqusai/test_photo/687.jpg,0,6,False,blue,unknown_8,,8,7,False,京A9826N,0.9943926462563633,-0.10121641145087779,True,京,baseline,0.30150385898563925,-1.198972463607788
fenqusai/test_photo/690.jpg,0,0,True,blue,blue,,7,7,True,川AY607E,0.9075814335956444,-1.7454956918272941,True,川,baseline,0.33333030676704245,-1.0986213684082031
fenqusai/test_photo/690.jpg,0,1,False,blue,green,,8,8,True,川DAY607E,0.9796272895187226,-0.3704957365307777,True,川,baseline,0.33333030676704245,-1.0986213684082031
fenqusai/test_photo/690.jpg,0,2,False,blue,green,tractor_green,8,8,True,川DAY607E,0.9796272895187226,-0.3704957365307777,True,川,baseline,0.33333030676704245,-1.0986213684082031
fenqusai/test_photo/690.jpg,0,3,False,blue,yellow,,7,7,True,川AY607E,0.9075814335956444,-1.7454956918272941,True,川,baseline,0.33333030676704245,-1.0986213684082031
fenqusai/test_photo/690.jpg,0,4,False,blue,black,,7,7,True,川AY607E,0.9075814335956444,-1.7454956918272941,True,川,baseline,0.33333030676704245,-1.0986213684082031
fenqusai/test_photo/690.jpg,0,5,False,blue,special_7,,7,7,True,川AY607E,0.9075814335956444,-1.7454956918272941,True,川,baseline,0.33333030676704245,-1.0986213684082031
fenqusai/test_photo/690.jpg,0,6,False,blue,unknown_8,,8,8,True,川DAY607E,0.9796272895187226,-0.3704957365307777,True,川,baseline,0.33333030676704245,-1.0986213684082031
fenqusai/test_photo/691.jpg,0,0,True,blue,blue,,7,7,True,甘AAS999,0.7856714387255267,-4.341898635029793,True,甘,baseline,0.0048996518967981476,-5.318591117858887
fenqusai/test_photo/691.jpg,0,1,False,blue,green,,8,7,False,甘AAS999,0.7856714387255267,-4.341898635029793,True,甘,baseline,0.0048996518967981476,-5.318591117858887
fenqusai/test_photo/691.jpg,0,2,False,blue,green,tractor_green,8,7,False,甘AAS999,0.7856714387255267,-4.341898635029793,True,甘,baseline,0.0048996518967981476,-5.318591117858887
fenqusai/test_photo/691.jpg,0,3,False,blue,yellow,,7,7,True,甘AAS999,0.7856714387255267,-4.341898635029793,True,甘,baseline,0.0048996518967981476,-5.318591117858887
fenqusai/test_photo/691.jpg,0,4,False,blue,black,,7,7,True,甘AAS999,0.7856714387255267,-4.341898635029793,True,甘,baseline,0.0048996518967981476,-5.318591117858887
fenqusai/test_photo/691.jpg,0,5,False,blue,special_7,,7,7,True,甘AAS999,0.7856714387255267,-4.341898635029793,True,甘,baseline,0.0048996518967981476,-5.318591117858887
fenqusai/test_photo/691.jpg,0,6,False,blue,unknown_8,,8,7,False,甘AAS999,0.7856714387255267,-4.341898635029793,True,甘,baseline,0.0048996518967981476,-5.318591117858887
fenqusai/test_photo/696.jpg,0,0,True,blue,blue,,7,7,True,鄂N77777,0.9864589677859263,-0.2454038660507578,True,鄂,baseline,0.33245729821022224,-1.1012438535690308
fenqusai/test_photo/696.jpg,0,1,False,blue,green,,8,7,False,鄂N77777,0.9864589677859263,-0.2454038660507578,True,鄂,baseline,0.33245729821022224,-1.1012438535690308
fenqusai/test_photo/696.jpg,0,2,False,blue,green,tractor_green,8,7,False,鄂N77777,0.9864589677859263,-0.2454038660507578,True,鄂,baseline,0.33245729821022224,-1.1012438535690308
fenqusai/test_photo/696.jpg,0,3,False,blue,yellow,,7,7,True,鄂N77777,0.9864589677859263,-0.2454038660507578,True,鄂,baseline,0.33245729821022224,-1.1012438535690308
fenqusai/test_photo/696.jpg,0,4,False,blue,black,,7,7,True,鄂N77777,0.9864589677859263,-0.2454038660507578,True,鄂,baseline,0.33245729821022224,-1.1012438535690308
fenqusai/test_photo/696.jpg,0,5,False,blue,special_7,,7,7,True,鄂N77777,0.9864589677859263,-0.2454038660507578,True,鄂,baseline,0.33245729821022224,-1.1012438535690308
fenqusai/test_photo/696.jpg,0,6,False,blue,unknown_8,,8,7,False,鄂N77777,0.9864589677859263,-0.2454038660507578,True,鄂,baseline,0.33245729821022224,-1.1012438535690308
fenqusai/test_photo/716.jpg,0,0,True,black,black,,7,7,True,川B9199领,0.647426477278571,-7.825500728281774,True,川,0,0.00028023926809914493,-8.179866790771484
fenqusai/test_photo/716.jpg,0,1,False,black,blue,,7,7,True,川B91999,0.6145694257509203,-8.76300078788642,True,川,0,0.00028023926809914493,-8.179866790771484
fenqusai/test_photo/716.jpg,0,2,False,black,green,,8,8,True,川LB91999,0.31994340810721134,-20.513000672875357,True,川,0,0.00028023926809914493,-8.179866790771484
fenqusai/test_photo/716.jpg,0,3,False,black,green,tractor_green,8,7,False,桂B91999,0.47531486467572087,-13.38800078788642,True,桂,4,0.00028023926809914493,-12.600690841674805
fenqusai/test_photo/716.jpg,0,4,False,black,yellow,,7,7,True,川B91999,0.6145694257509203,-8.76300078788642,True,川,0,0.00028023926809914493,-8.179866790771484
fenqusai/test_photo/716.jpg,0,5,False,black,special_7,,7,7,True,川B9199领,0.647426477278571,-7.825500728281774,True,川,0,0.00028023926809914493,-8.179866790771484
fenqusai/test_photo/716.jpg,0,6,False,black,unknown_8,,8,8,True,川LB91999,0.31994340810721134,-20.513000672875357,True,川,0,0.00028023926809914493,-8.179866790771484
fenqusai/test_photo/847.jpg,0,0,True,yellow,yellow,,7,7,True,渝B87057,0.8906464577630558,-2.08453901199141,True,渝,baseline,0.041467181017017386,-3.1828529834747314
fenqusai/test_photo/847.jpg,0,1,False,yellow,blue,,7,7,True,渝B87057,0.8906464577630558,-2.08453901199141,True,渝,baseline,0.041467181017017386,-3.1828529834747314
fenqusai/test_photo/847.jpg,0,2,False,yellow,green,,8,8,True,渝PB87057,0.5671130640026224,-10.20953857898462,True,渝,baseline,0.041467181017017386,-3.1828529834747314
fenqusai/test_photo/847.jpg,0,3,False,yellow,green,tractor_green,8,8,True,渝PB87057,0.5671130640026224,-10.20953857898462,True,渝,baseline,0.041467181017017386,-3.1828529834747314
fenqusai/test_photo/847.jpg,0,4,False,yellow,black,,7,7,True,渝B87057,0.8906464577630558,-2.08453901199141,True,渝,baseline,0.041467181017017386,-3.1828529834747314
fenqusai/test_photo/847.jpg,0,5,False,yellow,special_7,,7,7,True,渝B87057,0.8906464577630558,-2.08453901199141,True,渝,baseline,0.041467181017017386,-3.1828529834747314
fenqusai/test_photo/847.jpg,0,6,False,yellow,unknown_8,,8,8,True,渝PB87057,0.5671130640026224,-10.20953857898462,True,渝,baseline,0.041467181017017386,-3.1828529834747314
fenqusai/test_photo/968.jpg,0,0,True,black,black,,7,7,True,川A60888,0.9334438093789965,-1.2397412034002286,True,川,baseline,0.09649459524502228,-2.338268280029297
fenqusai/test_photo/968.jpg,0,1,False,black,blue,,7,7,True,川A60888,0.9334438093789965,-1.2397412034002286,True,川,baseline,0.09649459524502228,-2.338268280029297
fenqusai/test_photo/968.jpg,0,2,False,black,green,,8,8,True,川AA60888,0.5110412129238552,-12.083490729291555,True,川,baseline,0.09649459524502228,-2.338268280029297
fenqusai/test_photo/968.jpg,0,3,False,black,green,tractor_green,8,8,True,川AA60888,0.5110412129238552,-12.083490729291555,True,川,baseline,0.09649459524502228,-2.338268280029297
fenqusai/test_photo/968.jpg,0,4,False,black,yellow,,7,7,True,川A60888,0.9334438093789965,-1.2397412034002286,True,川,baseline,0.09649459524502228,-2.338268280029297
fenqusai/test_photo/968.jpg,0,5,False,black,special_7,,7,7,True,川A60888,0.9334438093789965,-1.2397412034002286,True,川,baseline,0.09649459524502228,-2.338268280029297
fenqusai/test_photo/968.jpg,0,6,False,black,unknown_8,,8,8,True,川AA60888,0.5110412129238552,-12.083490729291555,True,川,baseline,0.09649459524502228,-2.338268280029297
fenqusai/test_photo/969.jpg,0,0,True,blue,blue,,7,7,True,川AG6666,0.7654517192879597,-4.811204460466286,True,川,baseline,0.002835984935935703,-5.865365982055664
fenqusai/test_photo/969.jpg,0,1,False,blue,green,,8,7,False,川AG6666,0.7654517192879597,-4.811204460466286,True,川,baseline,0.002835984935935703,-5.865365982055664
fenqusai/test_photo/969.jpg,0,2,False,blue,green,tractor_green,8,7,False,川AG6666,0.7654517192879597,-4.811204460466286,True,川,baseline,0.002835984935935703,-5.865365982055664
fenqusai/test_photo/969.jpg,0,3,False,blue,yellow,,7,7,True,川AG6666,0.7654517192879597,-4.811204460466286,True,川,baseline,0.002835984935935703,-5.865365982055664
fenqusai/test_photo/969.jpg,0,4,False,blue,black,,7,7,True,川AG6666,0.7654517192879597,-4.811204460466286,True,川,baseline,0.002835984935935703,-5.865365982055664
fenqusai/test_photo/969.jpg,0,5,False,blue,special_7,,7,7,True,川AG6666,0.7654517192879597,-4.811204460466286,True,川,baseline,0.002835984935935703,-5.865365982055664
fenqusai/test_photo/969.jpg,0,6,False,blue,unknown_8,,8,7,False,川AG6666,0.7654517192879597,-4.811204460466286,True,川,baseline,0.002835984935935703,-5.865365982055664
fenqusai/test_photo/971.jpg,0,0,True,blue,blue,,7,7,True,云F88888,0.9009821775245421,-1.8768564421436622,True,云,baseline,0.05105965967549364,-2.9747605323791504
fenqusai/test_photo/971.jpg,0,1,False,blue,green,,8,8,True,云XF88888,0.5776921062487876,-9.876856327008909,True,云,baseline,0.05105965967549364,-2.9747605323791504
fenqusai/test_photo/971.jpg,0,2,False,blue,green,tractor_green,8,8,True,云XF88888,0.5776921062487876,-9.876856327008909,True,云,baseline,0.05105965967549364,-2.9747605323791504
fenqusai/test_photo/971.jpg,0,3,False,blue,yellow,,7,7,True,云F88888,0.9009821775245421,-1.8768564421436622,True,云,baseline,0.05105965967549364,-2.9747605323791504
fenqusai/test_photo/971.jpg,0,4,False,blue,black,,7,7,True,云F88888,0.9009821775245421,-1.8768564421436622,True,云,baseline,0.05105965967549364,-2.9747605323791504
fenqusai/test_photo/971.jpg,0,5,False,blue,special_7,,7,7,True,云F88888,0.9009821775245421,-1.8768564421436622,True,云,baseline,0.05105965967549364,-2.9747605323791504
fenqusai/test_photo/971.jpg,0,6,False,blue,unknown_8,,8,8,True,云XF88888,0.5776921062487876,-9.876856327008909,True,云,baseline,0.05105965967549364,-2.9747605323791504
fenqusai/test_photo/974.jpg,0,0,True,blue,blue,,7,7,True,川A4V999,0.805346821517567,-3.8966806829278653,True,川,baseline,0.31340279156167555,-1.1602660417556763
fenqusai/test_photo/974.jpg,0,1,False,blue,green,,8,7,False,川A4V999,0.805346821517567,-3.8966806829278653,True,川,baseline,0.31340279156167555,-1.1602660417556763
fenqusai/test_photo/974.jpg,0,2,False,blue,green,tractor_green,8,7,False,川A4V999,0.805346821517567,-3.8966806829278653,True,川,baseline,0.31340279156167555,-1.1602660417556763
fenqusai/test_photo/974.jpg,0,3,False,blue,yellow,,7,7,True,川A4V999,0.805346821517567,-3.8966806829278653,True,川,baseline,0.31340279156167555,-1.1602660417556763
fenqusai/test_photo/974.jpg,0,4,False,blue,black,,7,7,True,川A4V99领,0.9580348317586723,-0.7716805711691563,True,川,baseline,0.31340279156167555,-1.1602660417556763
fenqusai/test_photo/974.jpg,0,5,False,blue,special_7,,7,7,True,川A4V99领,0.9580348317586723,-0.7716805711691563,True,川,baseline,0.31340279156167555,-1.1602660417556763
fenqusai/test_photo/974.jpg,0,6,False,blue,unknown_8,,8,7,False,川A4V999,0.805346821517567,-3.8966806829278653,True,川,baseline,0.31340279156167555,-1.1602660417556763
fenqusai/test_photo/977.jpg,0,0,True,blue,blue,,7,7,True,桂A779D1,0.9979681234150215,-0.03661098564043641,True,桂,baseline,0.32351570659919143,-1.1285076141357422
fenqusai/test_photo/977.jpg,0,1,False,blue,green,,8,8,True,桂KA779D1,0.43221181296570704,-15.09911105595529,True,桂,baseline,0.32351570659919143,-1.1285076141357422
fenqusai/test_photo/977.jpg,0,2,False,blue,green,tractor_green,8,8,True,桂KA779D1,0.43221181296570704,-15.09911105595529,True,桂,baseline,0.32351570659919143,-1.1285076141357422
fenqusai/test_photo/977.jpg,0,3,False,blue,yellow,,7,7,True,桂A779D1,0.9979681234150215,-0.03661098564043641,True,桂,baseline,0.32351570659919143,-1.1285076141357422
fenqusai/test_photo/977.jpg,0,4,False,blue,black,,7,7,True,桂A779D1,0.9979681234150215,-0.03661098564043641,True,桂,baseline,0.32351570659919143,-1.1285076141357422
fenqusai/test_photo/977.jpg,0,5,False,blue,special_7,,7,7,True,桂A779D1,0.9979681234150215,-0.03661098564043641,True,桂,baseline,0.32351570659919143,-1.1285076141357422
fenqusai/test_photo/977.jpg,0,6,False,blue,unknown_8,,8,8,True,桂KA779D1,0.43221181296570704,-15.09911105595529,True,桂,baseline,0.32351570659919143,-1.1285076141357422
fenqusai/test_photo/985.jpg,0,0,True,blue,blue,,7,7,True,皖FDS35Z,0.9326924497677925,-1.2542358295736378,True,皖,baseline,0.133426724340667,-2.014202833175659
fenqusai/test_photo/985.jpg,0,1,False,blue,green,,8,7,False,皖FDS35Z,0.9326924497677925,-1.2542358295736378,True,皖,baseline,0.133426724340667,-2.014202833175659
fenqusai/test_photo/985.jpg,0,2,False,blue,green,tractor_green,8,7,False,皖FDS35Z,0.9326924497677925,-1.2542358295736378,True,皖,baseline,0.133426724340667,-2.014202833175659
fenqusai/test_photo/985.jpg,0,3,False,blue,yellow,,7,7,True,皖FDS35Z,0.9326924497677925,-1.2542358295736378,True,皖,baseline,0.133426724340667,-2.014202833175659
fenqusai/test_photo/985.jpg,0,4,False,blue,black,,7,7,True,皖FDS35Z,0.9326924497677925,-1.2542358295736378,True,皖,baseline,0.133426724340667,-2.014202833175659
fenqusai/test_photo/985.jpg,0,5,False,blue,special_7,,7,7,True,皖FDS35Z,0.9326924497677925,-1.2542358295736378,True,皖,baseline,0.133426724340667,-2.014202833175659
fenqusai/test_photo/985.jpg,0,6,False,blue,unknown_8,,8,7,False,皖FDS35Z,0.9326924497677925,-1.2542358295736378,True,皖,baseline,0.133426724340667,-2.014202833175659
fenqusai/test_photo/987.jpg,0,0,True,blue,blue,,7,7,True,皖A9AQ21,4.132024351718019e-05,-181.69484436511937,True,皖,baseline,0.22644099905609616,-1.4852708578109741
fenqusai/test_photo/987.jpg,0,1,False,blue,green,,8,8,True,皖A9AQ215,0.003932018134301422,-99.69484436511937,True,皖,baseline,0.22644099905609616,-1.4852708578109741
fenqusai/test_photo/987.jpg,0,2,False,blue,green,tractor_green,8,8,True,皖A9AQ215,0.003932018134301422,-99.69484436511937,True,皖,baseline,0.22644099905609616,-1.4852708578109741
fenqusai/test_photo/987.jpg,0,3,False,blue,yellow,,7,7,True,皖A9AQ21,4.132024351718019e-05,-181.69484436511937,True,皖,baseline,0.22644099905609616,-1.4852708578109741
fenqusai/test_photo/987.jpg,0,4,False,blue,black,,7,7,True,皖A9AQ21,4.132024351718019e-05,-181.69484436511937,True,皖,baseline,0.22644099905609616,-1.4852708578109741
fenqusai/test_photo/987.jpg,0,5,False,blue,special_7,,7,7,True,皖9AQ215,0.0044401164281374144,-97.50734424591008,True,皖,baseline,0.22644099905609616,-1.4852708578109741
fenqusai/test_photo/987.jpg,0,6,False,blue,unknown_8,,8,8,True,皖A9AQ215,0.003932018134301422,-99.69484436511937,True,皖,baseline,0.22644099905609616,-1.4852708578109741
fenqusai/test_photo/989.jpg,0,0,True,blue,blue,,7,7,True,琼JAY888,0.5315312323890806,-11.375879763603557,True,琼,baseline,3.823106483057643e-06,-12.474447250366211
fenqusai/test_photo/989.jpg,0,1,False,blue,green,,8,8,True,琼ZJAY888,0.20869338806887522,-28.204004644394274,True,琼,baseline,3.823106483057643e-06,-12.474447250366211
fenqusai/test_photo/989.jpg,0,2,False,blue,green,tractor_green,8,8,True,琼ZJAY888,0.20869338806887522,-28.204004644394274,True,琼,baseline,3.823106483057643e-06,-12.474447250366211
fenqusai/test_photo/989.jpg,0,3,False,blue,yellow,,7,7,True,琼JAY888,0.5315312323890806,-11.375879763603557,True,琼,baseline,3.823106483057643e-06,-12.474447250366211
fenqusai/test_photo/989.jpg,0,4,False,blue,black,,7,7,True,琼JAY888,0.5315312323890806,-11.375879763603557,True,琼,baseline,3.823106483057643e-06,-12.474447250366211
fenqusai/test_photo/989.jpg,0,5,False,blue,special_7,,7,7,True,琼JAY888,0.5315312323890806,-11.375879763603557,True,琼,baseline,3.823106483057643e-06,-12.474447250366211
fenqusai/test_photo/989.jpg,0,6,False,blue,unknown_8,,8,8,True,琼ZJAY888,0.20869338806887522,-28.204004644394274,True,琼,baseline,3.823106483057643e-06,-12.474447250366211
fenqusai/test_photo/992.jpg,0,0,True,blue,blue,,7,7,True,川B99999,0.9922056205585988,-0.14084845897741616,True,川,baseline,0.332520398338976,-1.101054072380066
fenqusai/test_photo/992.jpg,0,1,False,blue,green,,8,8,True,川XB99999,0.8545925475959216,-2.828348570736125,True,川,baseline,0.332520398338976,-1.101054072380066
fenqusai/test_photo/992.jpg,0,2,False,blue,green,tractor_green,8,8,True,川XB99999,0.8545925475959216,-2.828348570736125,True,川,baseline,0.332520398338976,-1.101054072380066
fenqusai/test_photo/992.jpg,0,3,False,blue,yellow,,7,7,True,川B99999,0.9922056205585988,-0.14084845897741616,True,川,baseline,0.332520398338976,-1.101054072380066
fenqusai/test_photo/992.jpg,0,4,False,blue,black,,7,7,True,川B99999,0.9922056205585988,-0.14084845897741616,True,川,baseline,0.332520398338976,-1.101054072380066
fenqusai/test_photo/992.jpg,0,5,False,blue,special_7,,7,7,True,川B99999,0.9922056205585988,-0.14084845897741616,True,川,baseline,0.332520398338976,-1.101054072380066
fenqusai/test_photo/992.jpg,0,6,False,blue,unknown_8,,8,8,True,川XB99999,0.8545925475959216,-2.828348570736125,True,川,baseline,0.332520398338976,-1.101054072380066
fenqusai/test_photo/999.jpg,0,0,True,blue,blue,,7,7,True,川A562H3,0.9814610484028413,-0.33683313307119533,True,川,baseline,0.29508378699582355,-1.2204959392547607
fenqusai/test_photo/999.jpg,0,1,False,blue,green,,8,7,False,川A562H3,0.9814610484028413,-0.33683313307119533,True,川,baseline,0.29508378699582355,-1.2204959392547607
fenqusai/test_photo/999.jpg,0,2,False,blue,green,tractor_green,8,7,False,川A562H3,0.9814610484028413,-0.33683313307119533,True,川,baseline,0.29508378699582355,-1.2204959392547607
fenqusai/test_photo/999.jpg,0,3,False,blue,yellow,,7,7,True,川A562H3,0.9814610484028413,-0.33683313307119533,True,川,baseline,0.29508378699582355,-1.2204959392547607
fenqusai/test_photo/999.jpg,0,4,False,blue,black,,7,7,True,川A562H3,0.9814610484028413,-0.33683313307119533,True,川,baseline,0.29508378699582355,-1.2204959392547607
fenqusai/test_photo/999.jpg,0,5,False,blue,special_7,,7,7,True,川A562H3,0.9814610484028413,-0.33683313307119533,True,川,baseline,0.29508378699582355,-1.2204959392547607
fenqusai/test_photo/999.jpg,0,6,False,blue,unknown_8,,8,7,False,川A562H3,0.9814610484028413,-0.33683313307119533,True,川,baseline,0.29508378699582355,-1.2204959392547607
