image,plate_index,candidate_rank,selected,estimated_type,plate_type,plate_subtype,target_len,text_len,length_ok,text,lpr_score,beam_score,province_aware,province_char,province_rank,province_conf,province_score
fenqusai/test_photo/000000109.jpg,0,0,True,green,green,,8,8,True,鄂H02143D,0.9999999139044752,-1.5497195136049413e-06,True,鄂,baseline,0.33333332672197086,-1.0986123085021973
fenqusai/test_photo/000000109.jpg,0,1,False,green,green,tractor_green,8,8,True,鄂H02143D,0.9999999139044752,-1.5497195136049413e-06,True,鄂,baseline,0.33333332672197086,-1.0986123085021973
fenqusai/test_photo/000000109.jpg,0,2,False,green,blue,,7,7,True,鄂H2143D,0.20351532394684935,-28.656251549719514,True,鄂,baseline,0.33333332672197086,-1.0986123085021973
fenqusai/test_photo/000000109.jpg,0,3,False,green,yellow,,7,7,True,鄂H2143D,0.20351532394684935,-28.656251549719514,True,鄂,baseline,0.33333332672197086,-1.0986123085021973
fenqusai/test_photo/000000109.jpg,0,4,False,green,black,,7,7,True,鄂H2143D,0.20351532394684935,-28.656251549719514,True,鄂,baseline,0.33333332672197086,-1.0986123085021973
fenqusai/test_photo/000000109.jpg,0,5,False,green,special_7,,7,7,True,鄂H2143D,0.20351532394684935,-28.656251549719514,True,鄂,baseline,0.33333332672197086,-1.0986123085021973
fenqusai/test_photo/000000109.jpg,0,6,False,green,unknown_8,,8,8,True,鄂H02143D,0.9999999139044752,-1.5497195136049413e-06,True,鄂,baseline,0.33333332672197086,-1.0986123085021973
fenqusai/test_photo/000000110.jpg,0,0,True,green,green,,8,8,True,晋R40096F,0.9999984966598461,-2.706014311115723e-05,True,晋,baseline,0.33333332672197086,-1.0986123085021973
fenqusai/test_photo/000000110.jpg,0,1,False,green,green,tractor_green,8,8,True,晋R40096F,0.9999984966598461,-2.706014311115723e-05,True,晋,baseline,0.33333332672197086,-1.0986123085021973
fenqusai/test_photo/000000110.jpg,0,2,False,green,blue,,7,7,True,晋R40096,0.06924250351743837,-48.06252706014311,True,晋,baseline,0.33333332672197086,-1.0986123085021973
fenqusai/test_photo/000000110.jpg,0,3,False,green,yellow,,7,7,True,晋R40096,0.06924250351743837,-48.06252706014311,True,晋,baseline,0.33333332672197086,-1.0986123085021973
fenqusai/test_photo/000000110.jpg,0,4,False,green,black,,7,7,True,晋R40096,0.06924250351743837,-48.06252706014311,True,晋,baseline,0.33333332672197086,-1.0986123085021973
fenqusai/test_photo/000000110.jpg,0,5,False,green,special_7,,7,7,True,晋R40096,0.06924250351743837,-48.06252706014311,True,晋,baseline,0.33333332672197086,-1.0986123085021973
fenqusai/test_photo/000000110.jpg,0,6,False,green,unknown_8,,8,8,True,晋R40096F,0.9999984966598461,-2.706014311115723e-05,True,晋,baseline,0.33333332672197086,-1.0986123085021973
fenqusai/test_photo/000000125.jpg,0,0,True,green,green,,8,8,True,桂E98075D,0.9661733022012533,-0.6194170619200392,True,桂,baseline,0.22636648124325878,-1.4855999946594238
fenqusai/test_photo/000000125.jpg,0,1,False,green,green,tractor_green,8,8,True,桂E98075D,0.9661733022012533,-0.6194170619200392,True,桂,baseline,0.22636648124325878,-1.4855999946594238
fenqusai/test_photo/000000125.jpg,0,2,False,green,blue,,7,7,True,桂E98075,0.05237412462144979,-53.08816706192004,True,桂,baseline,0.22636648124325878,-1.4855999946594238
fenqusai/test_photo/000000125.jpg,0,3,False,green,yellow,,7,7,True,桂E98075,0.05237412462144979,-53.08816706192004,True,桂,baseline,0.22636648124325878,-1.4855999946594238
fenqusai/test_photo/000000125.jpg,0,4,False,green,black,,7,7,True,桂E98075,0.05237412462144979,-53.08816706192004,True,桂,baseline,0.22636648124325878,-1.4855999946594238
fenqusai/test_photo/000000125.jpg,0,5,False,green,special_7,,7,7,True,桂E98075,0.05237412462144979,-53.08816706192004,True,桂,baseline,0.22636648124325878,-1.4855999946594238
fenqusai/test_photo/000000125.jpg,0,6,False,green,unknown_8,,8,8,True,桂E98075D,0.9661733022012533,-0.6194170619200392,True,桂,baseline,0.22636648124325878,-1.4855999946594238
fenqusai/test_photo/000000126.jpg,0,0,False,green,green,,8,8,True,桂NFSG061,0.3490708461765505,-18.94464683532715,True,桂,baseline,0.33333332672197086,-1.0986123085021973
fenqusai/test_photo/000000126.jpg,0,1,False,green,green,tractor_green,8,8,True,桂NFSG061,0.3490708461765505,-18.94464683532715,True,桂,baseline,0.33333332672197086,-1.0986123085021973
fenqusai/test_photo/000000126.jpg,0,2,True,green,blue,,7,7,True,桂NFS061,0.9996030307245427,-0.0071468655951321125,True,桂,baseline,0.33333332672197086,-1.0986123085021973
fenqusai/test_photo/000000126.jpg,0,3,False,green,yellow,,7,7,True,桂NFS061,0.9996030307245427,-0.0071468655951321125,True,桂,baseline,0.33333332672197086,-1.0986123085021973
fenqusai/test_photo/000000126.jpg,0,4,False,green,black,,7,7,True,桂NFS061,0.9996030307245427,-0.0071468655951321125,True,桂,baseline,0.33333332672197086,-1.0986123085021973
fenqusai/test_photo/000000126.jpg,0,5,False,green,special_7,,7,7,True,桂NFS061,0.9996030307245427,-0.0071468655951321125,True,桂,baseline,0.33333332672197086,-1.0986123085021973
fenqusai/test_photo/000000126.jpg,0,6,False,green,unknown_8,,8,8,True,桂NFSG061,0.3490708461765505,-18.94464683532715,True,桂,baseline,0.33333332672197086,-1.0986123085021973
fenqusai/test_photo/000000200.jpg,0,0,True,blue,blue,,7,7,True,黑ATFNU0,0.9705525519252994,-0.5380151131537829,True,黑,baseline,0.3285394022909955,-1.1130985021591187
fenqusai/test_photo/000000200.jpg,0,1,False,blue,green,,8,7,False,黑ATFNU0,0.9705525519252994,-0.5380151131537829,True,黑,baseline,0.3285394022909955,-1.1130985021591187
fenqusai/test_photo/000000200.jpg,0,2,False,blue,green,tractor_green,8,7,False,黑ATFNU0,0.9705525519252994,-0.5380151131537829,True,黑,baseline,0.3285394022909955,-1.1130985021591187
fenqusai/test_photo/000000200.jpg,0,3,False,blue,yellow,,7,7,True,黑ATFNU0,0.9705525519252994,-0.5380151131537829,True,黑,baseline,0.3285394022909955,-1.1130985021591187
fenqusai/test_photo/000000200.jpg,0,4,False,blue,black,,7,7,True,黑ATFNU0,0.9705525519252994,-0.5380151131537829,True,黑,baseline,0.3285394022909955,-1.1130985021591187
fenqusai/test_photo/000000200.jpg,0,5,False,blue,special_7,,7,7,True,黑ATFNU0,0.9705525519252994,-0.5380151131537829,True,黑,baseline,0.3285394022909955,-1.1130985021591187
fenqusai/test_photo/000000200.jpg,0,6,False,blue,unknown_8,,8,7,False,黑ATFNU0,0.9705525519252994,-0.5380151131537829,True,黑,baseline,0.3285394022909955,-1.1130985021591187
fenqusai/test_photo/000000206.jpg,0,0,True,yellow,yellow,,7,7,True,晋ME8U5R,0.9974393075819353,-0.04615157877498177,True,晋,baseline,0.33333296909430116,-1.0986133813858032
fenqusai/test_photo/000000206.jpg,0,1,False,yellow,blue,,7,7,True,晋ME8U5R,0.9974393075819353,-0.04615157877498177,True,晋,baseline,0.33333296909430116,-1.0986133813858032
fenqusai/test_photo/000000206.jpg,0,2,False,yellow,green,,8,8,True,晋ME86U5R,0.49980552962941316,-12.483651545247369,True,晋,baseline,0.33333296909430116,-1.0986133813858032
fenqusai/test_photo/000000206.jpg,0,3,False,yellow,green,tractor_green,8,8,True,晋ME86U5R,0.49980552962941316,-12.483651545247369,True,晋,baseline,0.33333296909430116,-1.0986133813858032
fenqusai/test_photo/000000206.jpg,0,4,False,yellow,black,,7,7,True,晋ME8U5R,0.9974393075819353,-0.04615157877498177,True,晋,baseline,0.33333296909430116,-1.0986133813858032
fenqusai/test_photo/000000206.jpg,0,5,False,yellow,special_7,,7,7,True,晋ME8U5R,0.9974393075819353,-0.04615157877498177,True,晋,baseline,0.33333296909430116,-1.0986133813858032
fenqusai/test_photo/000000206.jpg,0,6,False,yellow,unknown_8,,8,8,True,晋ME86U5R,0.49980552962941316,-12.483651545247369,True,晋,baseline,0.33333296909430116,-1.0986133813858032
fenqusai/test_photo/0302734375-95_254-229&410_508&519-508&519_241&483_229&410_498&439-0_0_5_24_31_24_24_24-105-51.jpg,0,0,True,green,green,,8,8,True,湘NXFD700,0.8776388127260044,-2.349362610220851,True,湘,baseline,0.3109838158707141,-1.168014407157898
fenqusai/test_photo/0302734375-95_254-229&410_508&519-508&519_241&483_229&410_498&439-0_0_5_24_31_24_24_24-105-51.jpg,0,1,False,green,green,tractor_green,8,8,True,湘NXFD700,0.8776388127260044,-2.349362610220851,True,湘,baseline,0.3109838158707141,-1.168014407157898
fenqusai/test_photo/0302734375-95_254-229&410_508&519-508&519_241&483_229&410_498&439-0_0_5_24_31_24_24_24-105-51.jpg,0,2,False,green,blue,,7,7,True,湘NXFD70,0.7263260500209746,-5.755612684726657,True,湘,baseline,0.3109838158707141,-1.168014407157898
fenqusai/test_photo/0302734375-95_254-229&410_508&519-508&519_241&483_229&410_498&439-0_0_5_24_31_24_24_24-105-51.jpg,0,3,False,green,yellow,,7,7,True,湘NXFD70,0.7263260500209746,-5.755612684726657,True,湘,baseline,0.3109838158707141,-1.168014407157898
fenqusai/test_photo/0302734375-95_254-229&410_508&519-508&519_241&483_229&410_498&439-0_0_5_24_31_24_24_24-105-51.jpg,0,4,False,green,black,,7,7,True,湘NXFD70,0.7263260500209746,-5.755612684726657,True,湘,baseline,0.3109838158707141,-1.168014407157898
fenqusai/test_photo/0302734375-95_254-229&410_508&519-508&519_241&483_229&410_498&439-0_0_5_24_31_24_24_24-105-51.jpg,0,5,False,green,special_7,,7,7,True,湘NXFD70,0.7263260500209746,-5.755612684726657,True,湘,baseline,0.3109838158707141,-1.168014407157898
fenqusai/test_photo/0302734375-95_254-229&410_508&519-508&519_241&483_229&410_498&439-0_0_5_24_31_24_24_24-105-51.jpg,0,6,False,green,unknown_8,,8,8,True,湘NXFD700,0.8776388127260044,-2.349362610220851,True,湘,baseline,0.3109838158707141,-1.168014407157898
fenqusai/test_photo/0348046875-94_241-216&458_513&576-513&576_249&537_216&458_480&480-0_0_5_24_31_24_30_32-69-40.jpg,0,0,True,green,green,,8,8,True,湘M470CG8,0.855210455433051,-2.815338485325313,True,湘,baseline,0.3311074850060708,-1.1053122282028198
fenqusai/test_photo/0348046875-94_241-216&458_513&576-513&576_249&537_216&458_480&480-0_0_5_24_31_24_30_32-69-40.jpg,0,1,False,green,green,tractor_green,8,8,True,湘M470CG8,0.855210455433051,-2.815338485325313,True,湘,baseline,0.3311074850060708,-1.1053122282028198
fenqusai/test_photo/0348046875-94_241-216&458_513&576-513&576_249&537_216&458_480&480-0_0_5_24_31_24_30_32-69-40.jpg,0,2,False,green,blue,,7,7,True,湘M470G8,0.9072112767087365,-1.752838485325313,True,湘,baseline,0.3311074850060708,-1.1053122282028198
fenqusai/test_photo/0348046875-94_241-216&458_513&576-513&576_249&537_216&458_480&480-0_0_5_24_31_24_30_32-69-40.jpg,0,3,False,green,yellow,,7,7,True,湘M470G8,0.9072112767087365,-1.752838485325313,True,湘,baseline,0.3311074850060708,-1.1053122282028198
fenqusai/test_photo/0348046875-94_241-216&458_513&576-513&576_249&537_216&458_480&480-0_0_5_24_31_24_30_32-69-40.jpg,0,4,False,green,black,,7,7,True,湘M470G8,0.9072112767087365,-1.752838485325313,True,湘,baseline,0.3311074850060708,-1.1053122282028198
fenqusai/test_photo/0348046875-94_241-216&458_513&576-513&576_249&537_216&458_480&480-0_0_5_24_31_24_30_32-69-40.jpg,0,5,False,green,special_7,,7,7,True,湘M470G8,0.9072112767087365,-1.752838485325313,True,湘,baseline,0.3311074850060708,-1.1053122282028198
fenqusai/test_photo/0348046875-94_241-216&458_513&576-513&576_249&537_216&458_480&480-0_0_5_24_31_24_30_32-69-40.jpg,0,6,False,green,unknown_8,,8,8,True,湘M470CG8,0.855210455433051,-2.815338485325313,True,湘,baseline,0.3311074850060708,-1.1053122282028198
fenqusai/test_photo/034921875-97_247-191&443_489&561-489&561_209&516_191&443_477&482-0_0_3_24_30_28_33_32-65-188.jpg,0,0,True,green,green,,8,8,True,甘AK44658,0.6740023834031752,-7.101389373652637,True,甘,baseline,0.19652928480796175,-1.626943826675415
fenqusai/test_photo/034921875-97_247-191&443_489&561-489&561_209&516_191&443_477&482-0_0_3_24_30_28_33_32-65-188.jpg,0,1,False,green,green,tractor_green,8,8,True,甘AK44658,0.6740023834031752,-7.101389373652637,True,甘,baseline,0.19652928480796175,-1.626943826675415
fenqusai/test_photo/034921875-97_247-191&443_489&561-489&561_209&516_191&443_477&482-0_0_3_24_30_28_33_32-65-188.jpg,0,2,False,green,blue,,7,7,True,甘A44658,0.617962694487778,-8.663889388553798,True,甘,baseline,0.19652928480796175,-1.626943826675415
fenqusai/test_photo/034921875-97_247-191&443_489&561-489&561_209&516_191&443_477&482-0_0_3_24_30_28_33_32-65-188.jpg,0,3,False,green,yellow,,7,7,True,甘A44658,0.617962694487778,-8.663889388553798,True,甘,baseline,0.19652928480796175,-1.626943826675415
fenqusai/test_photo/034921875-97_247-191&443_489&561-489&561_209&516_191&443_477&482-0_0_3_24_30_28_33_32-65-188.jpg,0,4,False,green,black,,7,7,True,甘A领领658,0.685805978396343,-6.788889388553798,True,甘,baseline,0.19652928480796175,-1.626943826675415
fenqusai/test_photo/034921875-97_247-191&443_489&561-489&561_209&516_191&443_477&482-0_0_3_24_30_28_33_32-65-188.jpg,0,5,False,green,special_7,,7,7,True,甘6领领658,0.8059753003837419,-3.8826392693445086,True,甘,baseline,0.19652928480796175,-1.626943826675415
fenqusai/test_photo/034921875-97_247-191&443_489&561-489&561_209&516_191&443_477&482-0_0_3_24_30_28_33_32-65-188.jpg,0,6,False,green,unknown_8,,8,8,True,甘AK44658,0.6740023834031752,-7.101389373652637,True,甘,baseline,0.19652928480796175,-1.626943826675415
fenqusai/test_photo/03671875-106_247-213&385_448&542-448&542_221&459_213&385_443&457-0_0_3_26_30_30_26_33-107-61.jpg,0,0,True,green,green,,8,8,True,京FKDB884,0.3217731563837167,-20.410352369695147,True,京,1,0.22125473067369836,-2.8834404945373535
fenqusai/test_photo/03671875-106_247-213&385_448&542-448&542_221&459_213&385_443&457-0_0_3_26_30_30_26_33-107-61.jpg,0,1,False,green,green,tractor_green,8,8,True,京FKDB884,0.3217731563837167,-20.410352369695147,True,京,1,0.22125473067369836,-2.8834404945373535
fenqusai/test_photo/03671875-106_247-213&385_448&542-448&542_221&459_213&385_443&457-0_0_3_26_30_30_26_33-107-61.jpg,0,2,False,green,blue,,7,7,True,蒙FKDB8B,0.035852108812102594,-59.91035202820535,True,蒙,baseline,0.22125473067369836,-1.508440613746643
fenqusai/test_photo/03671875-106_247-213&385_448&542-448&542_221&459_213&385_443&457-0_0_3_26_30_30_26_33-107-61.jpg,0,3,False,green,yellow,,7,7,True,蒙FKDB8B,0.035852108812102594,-59.91035202820535,True,蒙,baseline,0.22125473067369836,-1.508440613746643
fenqusai/test_photo/03671875-106_247-213&385_448&542-448&542_221&459_213&385_443&457-0_0_3_26_30_30_26_33-107-61.jpg,0,4,False,green,black,,7,7,True,蒙FKDB8B,0.035852108812102594,-59.91035202820535,True,蒙,baseline,0.22125473067369836,-1.508440613746643
fenqusai/test_photo/03671875-106_247-213&385_448&542-448&542_221&459_213&385_443&457-0_0_3_26_30_30_26_33-107-61.jpg,0,5,False,green,special_7,,7,7,True,蒙FKDB8B,0.035852108812102594,-59.91035202820535,True,蒙,baseline,0.22125473067369836,-1.508440613746643
fenqusai/test_photo/03671875-106_247-213&385_448&542-448&542_221&459_213&385_443&457-0_0_3_26_30_30_26_33-107-61.jpg,0,6,False,green,unknown_8,,8,8,True,京FKDB884,0.3217731563837167,-20.410352369695147,True,京,1,0.22125473067369836,-2.8834404945373535
fenqusai/test_photo/0369140625-81_260-299&432_569&570-559&507_299&570_300&482_569&432-0_0_3_25_24_24_24_26-93-44.jpg,0,0,True,green,green,,8,8,True,湘A1D1DQ4,0.8674563074635726,-2.5594224203837115,True,湘,baseline,0.3332391646873322,-1.0988948345184326
fenqusai/test_photo/0369140625-81_260-299&432_569&570-559&507_299&570_300&482_569&432-0_0_3_25_24_24_24_26-93-44.jpg,0,1,False,green,green,tractor_green,8,8,True,湘A1D1D4学,0.8795883685810543,-2.309422390581389,True,湘,baseline,0.3332391646873322,-1.0988948345184326
fenqusai/test_photo/0369140625-81_260-299&432_569&570-559&507_299&570_300&482_569&432-0_0_3_25_24_24_24_26-93-44.jpg,0,2,False,green,blue,,7,7,True,湘A1D1D4,0.8064553052379019,-3.8719224203837115,True,湘,baseline,0.3332391646873322,-1.0988948345184326
fenqusai/test_photo/0369140625-81_260-299&432_569&570-559&507_299&570_300&482_569&432-0_0_3_25_24_24_24_26-93-44.jpg,0,3,False,green,yellow,,7,7,True,湘A1D1D4,0.8064553052379019,-3.8719224203837115,True,湘,baseline,0.3332391646873322,-1.0988948345184326
fenqusai/test_photo/0369140625-81_260-299&432_569&570-559&507_299&570_300&482_569&432-0_0_3_25_24_24_24_26-93-44.jpg,0,4,False,green,black,,7,7,True,湘A1D1D4,0.8064553052379019,-3.8719224203837115,True,湘,baseline,0.3332391646873322,-1.0988948345184326
fenqusai/test_photo/0369140625-81_260-299&432_569&570-559&507_299&570_300&482_569&432-0_0_3_25_24_24_24_26-93-44.jpg,0,5,False,green,special_7,,7,7,True,湘A1D1D4,0.8064553052379019,-3.8719224203837115,True,湘,baseline,0.3332391646873322,-1.0988948345184326
fenqusai/test_photo/0369140625-81_260-299&432_569&570-559&507_299&570_300&482_569&432-0_0_3_25_24_24_24_26-93-44.jpg,0,6,False,green,unknown_8,,8,8,True,湘A1D1DQ4,0.8674563074635726,-2.5594224203837115,True,湘,baseline,0.3332391646873322,-1.0988948345184326
fenqusai/test_photo/046015625-97_243-180&408_522&543-522&543_208&495_180&408_501&451-0_0_3_24_30_30_33_25-61-79.jpg,0,0,True,green,green,,8,8,True,湘CFZ63MN,0.5266392388637098,-11.54231137966007,True,湘,baseline,0.3279136730638321,-1.1150048971176147
fenqusai/test_photo/046015625-97_243-180&408_522&543-522&543_208&495_180&408_501&451-0_0_3_24_30_30_33_25-61-79.jpg,0,1,False,green,green,tractor_green,8,8,True,湘CFZ63MN,0.5266392388637098,-11.54231137966007,True,湘,baseline,0.3279136730638321,-1.1150048971176147
fenqusai/test_photo/046015625-97_243-180&408_522&543-522&543_208&495_180&408_501&451-0_0_3_24_30_30_33_25-61-79.jpg,0,2,False,green,blue,,7,7,True,湘CFZ63M,0.5804118760257988,-9.792311334956587,True,湘,baseline,0.3279136730638321,-1.1150048971176147
fenqusai/test_photo/046015625-97_243-180&408_522&543-522&543_208&495_180&408_501&451-0_0_3_24_30_30_33_25-61-79.jpg,0,3,False,green,yellow,,7,7,True,湘CFZ63M,0.5804118760257988,-9.792311334956587,True,湘,baseline,0.3279136730638321,-1.1150048971176147
fenqusai/test_photo/046015625-97_243-180&408_522&543-522&543_208&495_180&408_501&451-0_0_3_24_30_30_33_25-61-79.jpg,0,4,False,green,black,,7,7,True,湘CF领63M,0.8044243047896866,-3.9173113212195787,True,湘,baseline,0.3279136730638321,-1.1150048971176147
fenqusai/test_photo/046015625-97_243-180&408_522&543-522&543_208&495_180&408_501&451-0_0_3_24_30_30_33_25-61-79.jpg,0,5,False,green,special_7,,7,7,True,湘3领F领3M,0.8548198588559917,-2.823561425527707,True,湘,baseline,0.3279136730638321,-1.1150048971176147
fenqusai/test_photo/046015625-97_243-180&408_522&543-522&543_208&495_180&408_501&451-0_0_3_24_30_30_33_25-61-79.jpg,0,6,False,green,unknown_8,,8,8,True,湘CFZ63MN,0.5266392388637098,-11.54231137966007,True,湘,baseline,0.3279136730638321,-1.1150048971176147
fenqusai/test_photo/049921875-80_275-250&410_534&587-534&506_259&587_250&469_530&410-0_0_3_17_25_25_30_25-128-23.jpg,0,0,True,green,green,,8,8,True,湘DT14A8V,0.7005141923801291,-6.406931754958343,True,湘,baseline,0.16914452727532278,-1.7770017385482788
fenqusai/test_photo/049921875-80_275-250&410_534&587-534&506_259&587_250&469_530&410-0_0_3_17_25_25_30_25-128-23.jpg,0,1,False,green,green,tractor_green,8,8,True,湘DT14A8V,0.7005141923801291,-6.406931754958343,True,湘,baseline,0.16914452727532278,-1.7770017385482788
fenqusai/test_photo/049921875-80_275-250&410_534&587-534&506_259&587_250&469_530&410-0_0_3_17_25_25_30_25-128-23.jpg,0,2,False,green,blue,,7,7,True,琼DT1A8V,0.5648367993036022,-10.281931926321697,True,琼,1,0.16914452727532278,-3.2145018577575684
fenqusai/test_photo/049921875-80_275-250&410_534&587-534&506_259&587_250&469_530&410-0_0_3_17_25_25_30_25-128-23.jpg,0,3,False,green,yellow,,7,7,True,琼DT1A8V,0.5648367993036022,-10.281931926321697,True,琼,1,0.16914452727532278,-3.2145018577575684
fenqusai/test_photo/049921875-80_275-250&410_534&587-534&506_259&587_250&469_530&410-0_0_3_17_25_25_30_25-128-23.jpg,0,4,False,green,black,,7,7,True,琼DT1A8V,0.5648367993036022,-10.281931926321697,True,琼,1,0.16914452727532278,-3.2145018577575684
fenqusai/test_photo/049921875-80_275-250&410_534&587-534&506_259&587_250&469_530&410-0_0_3_17_25_25_30_25-128-23.jpg,0,5,False,green,special_7,,7,7,True,琼DT1A8V,0.5648367993036022,-10.281931926321697,True,琼,1,0.16914452727532278,-3.2145018577575684
fenqusai/test_photo/049921875-80_275-250&410_534&587-534&506_259&587_250&469_530&410-0_0_3_17_25_25_30_25-128-23.jpg,0,6,False,green,unknown_8,,8,8,True,湘DT14A8V,0.7005141923801291,-6.406931754958343,True,湘,baseline,0.16914452727532278,-1.7770017385482788
fenqusai/test_photo/1006.jpg,0,0,True,blue,blue,,7,7,True,冀DYQ565,0.9639596449654035,-0.6607052517044849,True,冀,baseline,0.32123565377333646,-1.13558030128479
fenqusai/test_photo/1006.jpg,0,1,False,blue,green,,8,8,True,冀DYQS565,0.7213459674901375,-5.8794554309840805,True,冀,baseline,0.32123565377333646,-1.13558030128479
fenqusai/test_photo/1006.jpg,0,2,False,blue,green,tractor_green,8,8,True,冀DYQS565,0.7213459674901375,-5.8794554309840805,True,冀,baseline,0.32123565377333646,-1.13558030128479
fenqusai/test_photo/1006.jpg,0,3,False,blue,yellow,,7,7,True,冀DYQ565,0.9639596449654035,-0.6607052517044849,True,冀,baseline,0.32123565377333646,-1.13558030128479
fenqusai/test_photo/1006.jpg,0,4,False,blue,black,,7,7,True,冀DYQ565,0.9639596449654035,-0.6607052517044849,True,冀,baseline,0.32123565377333646,-1.13558030128479
fenqusai/test_photo/1006.jpg,0,5,False,blue,special_7,,7,7,True,冀DYQ565,0.9639596449654035,-0.6607052517044849,True,冀,baseline,0.32123565377333646,-1.13558030128479
fenqusai/test_photo/1006.jpg,0,6,False,blue,unknown_8,,8,8,True,冀DYQS565,0.7213459674901375,-5.8794554309840805,True,冀,baseline,0.32123565377333646,-1.13558030128479
fenqusai/test_photo/14.jpg,0,0,True,blue,blue,,7,7,True,津C4298S,0.9905903582094826,-0.17017545885749286,True,津,baseline,0.28151520274115027,-1.267568826675415
fenqusai/test_photo/14.jpg,0,1,False,blue,green,,8,7,False,津C4298S,0.9905903582094826,-0.17017545885749286,True,津,baseline,0.28151520274115027,-1.267568826675415
fenqusai/test_photo/14.jpg,0,2,False,blue,green,tractor_green,8,7,False,津C4298S,0.9905903582094826,-0.17017545885749286,True,津,baseline,0.28151520274115027,-1.267568826675415
fenqusai/test_photo/14.jpg,0,3,False,blue,yellow,,7,7,True,津C4298S,0.9905903582094826,-0.17017545885749286,True,津,baseline,0.28151520274115027,-1.267568826675415
fenqusai/test_photo/14.jpg,0,4,False,blue,black,,7,7,True,津C4298S,0.9905903582094826,-0.17017545885749286,True,津,baseline,0.28151520274115027,-1.267568826675415
fenqusai/test_photo/14.jpg,0,5,False,blue,special_7,,7,7,True,津C4298S,0.9905903582094826,-0.17017545885749286,True,津,baseline,0.28151520274115027,-1.267568826675415
fenqusai/test_photo/14.jpg,0,6,False,blue,unknown_8,,8,7,False,津C4298S,0.9905903582094826,-0.17017545885749286,True,津,baseline,0.28151520274115027,-1.267568826675415
fenqusai/test_photo/18.jpg,0,0,False,blue,blue,,7,7,True,湘UU6E5S,0.028292113555475496,-64.17309935017553,True,湘,baseline,0.3247629792026292,-1.1246596574783325
fenqusai/test_photo/18.jpg,0,1,True,blue,green,,8,8,True,湘UU6E5SS,0.8862751310262003,-2.1731012090953925,True,湘,baseline,0.3247629792026292,-1.1246596574783325
fenqusai/test_photo/18.jpg,0,2,False,blue,green,tractor_green,8,8,True,湘UU6E5SS,0.8862751310262003,-2.1731012090953925,True,湘,baseline,0.3247629792026292,-1.1246596574783325
fenqusai/test_photo/18.jpg,0,3,False,blue,yellow,,7,7,True,湘UU6E5S,0.028292113555475496,-64.17309935017553,True,湘,baseline,0.3247629792026292,-1.1246596574783325
fenqusai/test_photo/18.jpg,0,4,False,blue,black,,7,7,True,湘UU6E5S,0.028292113555475496,-64.17309935017553,True,湘,baseline,0.3247629792026292,-1.1246596574783325
fenqusai/test_photo/18.jpg,0,5,False,blue,special_7,,7,7,True,湘UU6E5S,0.028292113555475496,-64.17309935017553,True,湘,baseline,0.3247629792026292,-1.1246596574783325
fenqusai/test_photo/18.jpg,0,6,False,blue,unknown_8,,8,8,True,湘UU6E5SS,0.8862751310262003,-2.1731012090953925,True,湘,baseline,0.3247629792026292,-1.1246596574783325
fenqusai/test_photo/195.jpg,0,0,True,green,green,,8,8,True,川XC4DBD0,0.00017854676074074185,-155.35188047011093,True,川,baseline,0.002016682006418428,-6.206301689147949
fenqusai/test_photo/195.jpg,0,1,False,green,green,tractor_green,8,8,True,川XC4DBD0,0.00017854676074074185,-155.35188047011093,True,川,baseline,0.002016682006418428,-6.206301689147949
fenqusai/test_photo/195.jpg,0,2,False,green,blue,,7,7,True,川XC4DBD,3.9997802445007745e-06,-223.72688047011093,True,川,baseline,0.002016682006418428,-6.206301689147949
fenqusai/test_photo/195.jpg,0,3,False,green,yellow,,7,7,True,川XC4DBD,3.9997802445007745e-06,-223.72688047011093,True,川,baseline,0.002016682006418428,-6.206301689147949
fenqusai/test_photo/195.jpg,0,4,False,green,black,,7,7,True,川FXC4DB,1.0263371926025007e-06,-248.21125591406076,True,川,baseline,0.002016682006418428,-6.206301689147949
fenqusai/test_photo/195.jpg,0,5,False,green,special_7,,7,7,True,川FXC4DB,1.0263371926025007e-06,-248.21125591406076,True,川,baseline,0.002016682006418428,-6.206301689147949
fenqusai/test_photo/195.jpg,0,6,False,green,unknown_8,,8,8,True,川XC4DBD0,0.00017854676074074185,-155.35188047011093,True,川,baseline,0.002016682006418428,-6.206301689147949
fenqusai/test_photo/204.jpg,0,0,True,blue,blue,,7,7,True,渝DDD544,0.9834793013284622,-0.29985637146955924,True,渝,baseline,0.2470580163813323,-1.398132085800171
fenqusai/test_photo/204.jpg,0,1,False,blue,green,,8,7,False,渝DDD544,0.9834793013284622,-0.29985637146955924,True,渝,baseline,0.2470580163813323,-1.398132085800171
fenqusai/test_photo/204.jpg,0,2,False,blue,green,tractor_green,8,7,False,渝DDD544,0.9834793013284622,-0.29985637146955924,True,渝,baseline,0.2470580163813323,-1.398132085800171
fenqusai/test_photo/204.jpg,0,3,False,blue,yellow,,7,7,True,渝DDD544,0.9834793013284622,-0.29985637146955924,True,渝,baseline,0.2470580163813323,-1.398132085800171
fenqusai/test_photo/204.jpg,0,4,False,blue,black,,7,7,True,渝DDD544,0.9834793013284622,-0.29985637146955924,True,渝,baseline,0.2470580163813323,-1.398132085800171
fenqusai/test_photo/204.jpg,0,5,False,blue,special_7,,7,7,True,渝DDD544,0.9834793013284622,-0.29985637146955924,True,渝,baseline,0.2470580163813323,-1.398132085800171
fenqusai/test_photo/204.jpg,0,6,False,blue,unknown_8,,8,7,False,渝DDD544,0.9834793013284622,-0.29985637146955924,True,渝,baseline,0.2470580163813323,-1.398132085800171
fenqusai/test_photo/210.jpg,0,0,True,blue,blue,,7,7,True,吉D22222,0.9600210209703706,-0.7344017624853265,True,吉,baseline,0.15993092173554763,-1.8330132961273193
fenqusai/test_photo/210.jpg,0,1,False,blue,green,,8,8,True,吉D22222E,0.3736721463028479,-17.718776643276044,True,吉,baseline,0.15993092173554763,-1.8330132961273193
fenqusai/test_photo/210.jpg,0,2,False,blue,green,tractor_green,8,8,True,吉D22222E,0.3736721463028479,-17.718776643276044,True,吉,baseline,0.15993092173554763,-1.8330132961273193
fenqusai/test_photo/210.jpg,0,3,False,blue,yellow,,7,7,True,吉D22222,0.9600210209703706,-0.7344017624853265,True,吉,baseline,0.15993092173554763,-1.8330132961273193
fenqusai/test_photo/210.jpg,0,4,False,blue,black,,7,7,True,吉D22222,0.9600210209703706,-0.7344017624853265,True,吉,baseline,0.15993092173554763,-1.8330132961273193
fenqusai/test_photo/210.jpg,0,5,False,blue,special_7,,7,7,True,吉D22222,0.9600210209703706,-0.7344017624853265,True,吉,baseline,0.15993092173554763,-1.8330132961273193
fenqusai/test_photo/210.jpg,0,6,False,blue,unknown_8,,8,8,True,吉D22222E,0.3736721463028479,-17.718776643276044,True,吉,baseline,0.15993092173554763,-1.8330132961273193
fenqusai/test_photo/211.jpg,0,0,True,blue,blue,,7,7,True,辽A26679,0.9645916704877739,-0.6489073184902736,True,辽,baseline,0.33330710171047084,-1.0986909866333008
fenqusai/test_photo/211.jpg,0,1,False,blue,green,,8,7,False,辽A26679,0.9645916704877739,-0.6489073184902736,True,辽,baseline,0.33330710171047084,-1.0986909866333008
fenqusai/test_photo/211.jpg,0,2,False,blue,green,tractor_green,8,7,False,辽A26679,0.9645916704877739,-0.6489073184902736,True,辽,baseline,0.33330710171047084,-1.0986909866333008
fenqusai/test_photo/211.jpg,0,3,False,blue,yellow,,7,7,True,辽A26679,0.9645916704877739,-0.6489073184902736,True,辽,baseline,0.33330710171047084,-1.0986909866333008
fenqusai/test_photo/211.jpg,0,4,False,blue,black,,7,7,True,辽A26679,0.9645916704877739,-0.6489073184902736,True,辽,baseline,0.33330710171047084,-1.0986909866333008
fenqusai/test_photo/211.jpg,0,5,False,blue,special_7,,7,7,True,辽A26679,0.9645916704877739,-0.6489073184902736,True,辽,baseline,0.33330710171047084,-1.0986909866333008
fenqusai/test_photo/211.jpg,0,6,False,blue,unknown_8,,8,7,False,辽A26679,0.9645916704877739,-0.6489073184902736,True,辽,baseline,0.33330710171047084,-1.0986909866333008
fenqusai/test_photo/212.jpg,0,0,True,blue,blue,,7,7,True,桂G00000,0.8638123735881125,-2.6351944912748806,True,桂,baseline,0.026168659982269003,-3.643192768096924
fenqusai/test_photo/212.jpg,0,1,False,blue,green,,8,8,True,桂GC00000,0.5073684707941745,-12.213319905102246,True,桂,baseline,0.026168659982269003,-3.643192768096924
fenqusai/test_photo/212.jpg,0,2,False,blue,green,tractor_green,8,8,True,桂GC00000,0.5073684707941745,-12.213319905102246,True,桂,baseline,0.026168659982269003,-3.643192768096924
fenqusai/test_photo/212.jpg,0,3,False,blue,yellow,,7,7,True,桂G00000,0.8638123735881125,-2.6351944912748806,True,桂,baseline,0.026168659982269003,-3.643192768096924
fenqusai/test_photo/212.jpg,0,4,False,blue,black,,7,7,True,桂G00000,0.8638123735881125,-2.6351944912748806,True,桂,baseline,0.026168659982269003,-3.643192768096924
fenqusai/test_photo/212.jpg,0,5,False,blue,special_7,,7,7,True,桂G00000,0.8638123735881125,-2.6351944912748806,True,桂,baseline,0.026168659982269003,-3.643192768096924
fenqusai/test_photo/212.jpg,0,6,False,blue,unknown_8,,8,8,True,桂GC00000,0.5073684707941745,-12.213319905102246,True,桂,baseline,0.026168659982269003,-3.643192768096924
fenqusai/test_photo/213.jpg,0,0,False,blue,blue,,7,7,True,浙S0DS5E,0.8122490116562737,-3.743069782160063,True,浙,baseline,0.2022209928655431,-1.5983941555023193
fenqusai/test_photo/213.jpg,0,1,False,blue,green,,8,8,True,浙R50DS5E,0.5543867216547834,-10.618070080183287,True,浙,baseline,0.2022209928655431,-1.5983941555023193
fenqusai/test_photo/213.jpg,0,2,False,blue,green,tractor_green,8,8,True,浙R50DS5E,0.5543867216547834,-10.618070080183287,True,浙,baseline,0.2022209928655431,-1.5983941555023193
fenqusai/test_photo/213.jpg,0,3,False,blue,yellow,,7,7,True,浙S0DS5E,0.8122490116562737,-3.743069782160063,True,浙,baseline,0.2022209928655431,-1.5983941555023193
fenqusai/test_photo/213.jpg,0,4,False,blue,black,,7,7,True,浙S0DS5E,0.8122490116562737,-3.743069782160063,True,浙,baseline,0.2022209928655431,-1.5983941555023193
fenqusai/test_photo/213.jpg,0,5,True,blue,special_7,,7,7,True,浙50DS5E,0.9628964219177745,-0.6805697523577408,True,浙,baseline,0.2022209928655431,-1.5983941555023193
fenqusai/test_photo/213.jpg,0,6,False,blue,unknown_8,,8,8,True,浙R50DS5E,0.5543867216547834,-10.618070080183287,True,浙,baseline,0.2022209928655431,-1.5983941555023193
fenqusai/test_photo/214.jpg,0,0,True,black,black,,7,7,True,吉B91999,0.973533654285228,-0.48281191859834394,True,吉,baseline,0.23706697239017055,-1.4394125938415527
fenqusai/test_photo/214.jpg,0,1,False,black,blue,,7,7,True,吉B91999,0.973533654285228,-0.48281191859834394,True,吉,baseline,0.23706697239017055,-1.4394125938415527
fenqusai/test_photo/214.jpg,0,2,False,black,green,,8,7,False,吉B91999,0.973533654285228,-0.48281191859834394,True,吉,baseline,0.23706697239017055,-1.4394125938415527
fenqusai/test_photo/214.jpg,0,3,False,black,green,tractor_green,8,8,True,吉B91999学,0.5904780134622811,-9.482811800436792,True,吉,baseline,0.23706697239017055,-1.4394125938415527
fenqusai/test_photo/214.jpg,0,4,False,black,yellow,,7,7,True,吉B91999,0.973533654285228,-0.48281191859834394,True,吉,baseline,0.23706697239017055,-1.4394125938415527
fenqusai/test_photo/214.jpg,0,5,False,black,special_7,,7,7,True,吉B91999,0.973533654285228,-0.48281191859834394,True,吉,baseline,0.23706697239017055,-1.4394125938415527
fenqusai/test_photo/214.jpg,0,6,False,black,unknown_8,,8,7,False,吉B91999,0.973533654285228,-0.48281191859834394,True,吉,baseline,0.23706697239017055,-1.4394125938415527
fenqusai/test_photo/215.jpg,0,0,True,blue,blue,,7,7,True,京B911ZB,0.9687056423424663,-0.5723007824271633,True,京,baseline,0.3256741681790716,-1.1218578815460205
fenqusai/test_photo/215.jpg,0,1,False,blue,green,,8,8,True,京B911ZBD,0.3712068306137436,-17.837925782427163,True,京,baseline,0.3256741681790716,-1.1218578815460205
fenqusai/test_photo/215.jpg,0,2,False,blue,green,tractor_green,8,8,True,京B911ZBD,0.3712068306137436,-17.837925782427163,True,京,baseline,0.3256741681790716,-1.1218578815460205
fenqusai/test_photo/215.jpg,0,3,False,blue,yellow,,7,7,True,京B911ZB,0.9687056423424663,-0.5723007824271633,True,京,baseline,0.3256741681790716,-1.1218578815460205
fenqusai/test_photo/215.jpg,0,4,False,blue,black,,7,7,True,京B911ZB,0.9687056423424663,-0.5723007824271633,True,京,baseline,0.3256741681790716,-1.1218578815460205
fenqusai/test_photo/215.jpg,0,5,False,blue,special_7,,7,7,True,京B911ZB,0.9687056423424663,-0.5723007824271633,True,京,baseline,0.3256741681790716,-1.1218578815460205
fenqusai/test_photo/215.jpg,0,6,False,blue,unknown_8,,8,8,True,京B911ZBD,0.3712068306137436,-17.837925782427163,True,京,baseline,0.3256741681790716,-1.1218578815460205
fenqusai/test_photo/216.jpg,0,0,True,unknown_7,blue,,7,7,True,川A85327,0.9627075099687101,-0.6841015431250526,True,川,baseline,0.184417170395036,-1.6905548572540283
fenqusai/test_photo/216.jpg,0,1,False,unknown_7,green,,8,8,True,川MA85327,0.8437069247200051,-3.059101625081439,True,川,baseline,0.184417170395036,-1.6905548572540283
fenqusai/test_photo/216.jpg,0,2,False,unknown_7,green,tractor_green,8,8,True,川MA85327,0.8437069247200051,-3.059101625081439,True,川,baseline,0.184417170395036,-1.6905548572540283
fenqusai/test_photo/216.jpg,0,3,False,unknown_7,yellow,,7,7,True,川A85327,0.9627075099687101,-0.6841015431250526,True,川,baseline,0.184417170395036,-1.6905548572540283
fenqusai/test_photo/216.jpg,0,4,False,unknown_7,black,,7,7,True,川A85327,0.9627075099687101,-0.6841015431250526,True,川,baseline,0.184417170395036,-1.6905548572540283
fenqusai/test_photo/216.jpg,0,5,False,unknown_7,special_7,,7,7,True,川A85327,0.9627075099687101,-0.6841015431250526,True,川,baseline,0.184417170395036,-1.6905548572540283
fenqusai/test_photo/216.jpg,0,6,False,unknown_7,unknown_8,,8,8,True,川MA85327,0.8437069247200051,-3.059101625081439,True,川,baseline,0.184417170395036,-1.6905548572540283
fenqusai/test_photo/217.jpg,0,0,True,yellow,yellow,,7,7,True,川A87511,0.9544634288851012,-0.8389071174853413,True,川,baseline,0.20410815614491454,-1.589105248451233
fenqusai/test_photo/217.jpg,0,1,False,yellow,blue,,7,7,True,川A87511,0.9544634288851012,-0.8389071174853413,True,川,baseline,0.20410815614491454,-1.589105248451233
fenqusai/test_photo/217.jpg,0,2,False,yellow,green,,8,8,True,川A87T511,0.7603043215164809,-4.932657050430116,True,川,baseline,0.20410815614491454,-1.589105248451233
fenqusai/test_photo/217.jpg,0,3,False,yellow,green,tractor_green,8,8,True,川A87T511,0.7603043215164809,-4.932657050430116,True,川,baseline,0.20410815614491454,-1.589105248451233
fenqusai/test_photo/217.jpg,0,4,False,yellow,black,,7,7,True,川A87511,0.9544634288851012,-0.8389071174853413,True,川,baseline,0.20410815614491454,-1.589105248451233
fenqusai/test_photo/217.jpg,0,5,False,yellow,special_7,,7,7,True,川A87511,0.9544634288851012,-0.8389071174853413,True,川,baseline,0.20410815614491454,-1.589105248451233
fenqusai/test_photo/217.jpg,0,6,False,yellow,unknown_8,,8,8,True,川A87T511,0.7603043215164809,-4.932657050430116,True,川,baseline,0.20410815614491454,-1.589105248451233
fenqusai/test_photo/218.jpg,0,0,True,blue,blue,,7,7,True,湘DJV826,0.9129960281950473,-1.638427476165809,True,湘,baseline,0.14430614988814278,-1.9358181953430176
fenqusai/test_photo/218.jpg,0,1,False,blue,green,,8,7,False,湘DJV826,0.9129960281950473,-1.638427476165809,True,湘,baseline,0.14430614988814278,-1.9358181953430176
fenqusai/test_photo/218.jpg,0,2,False,blue,green,tractor_green,8,7,False,湘DJV826,0.9129960281950473,-1.638427476165809,True,湘,baseline,0.14430614988814278,-1.9358181953430176
fenqusai/test_photo/218.jpg,0,3,False,blue,yellow,,7,7,True,湘DJV826,0.9129960281950473,-1.638427476165809,True,湘,baseline,0.14430614988814278,-1.9358181953430176
fenqusai/test_photo/218.jpg,0,4,False,blue,black,,7,7,True,湘DJV826,0.9129960281950473,-1.638427476165809,True,湘,baseline,0.14430614988814278,-1.9358181953430176
fenqusai/test_photo/218.jpg,0,5,False,blue,special_7,,7,7,True,湘DJV826,0.9129960281950473,-1.638427476165809,True,湘,baseline,0.14430614988814278,-1.9358181953430176
fenqusai/test_photo/218.jpg,0,6,False,blue,unknown_8,,8,7,False,湘DJV826,0.9129960281950473,-1.638427476165809,True,湘,baseline,0.14430614988814278,-1.9358181953430176
fenqusai/test_photo/219.jpg,0,0,True,blue,blue,,7,7,True,蒙RB520T,0.9548092140281368,-0.8323872182286323,True,蒙,baseline,0.17203475465324009,-1.7600587606430054
fenqusai/test_photo/219.jpg,0,1,False,blue,green,,8,7,False,蒙RB520T,0.9548092140281368,-0.8323872182286323,True,蒙,baseline,0.17203475465324009,-1.7600587606430054
fenqusai/test_photo/219.jpg,0,2,False,blue,green,tractor_green,8,7,False,蒙RB520T,0.9548092140281368,-0.8323872182286323,True,蒙,baseline,0.17203475465324009,-1.7600587606430054
fenqusai/test_photo/219.jpg,0,3,False,blue,yellow,,7,7,True,蒙RB520T,0.9548092140281368,-0.8323872182286323,True,蒙,baseline,0.17203475465324009,-1.7600587606430054
fenqusai/test_photo/219.jpg,0,4,False,blue,black,,7,7,True,蒙RB520T,0.9548092140281368,-0.8323872182286323,True,蒙,baseline,0.17203475465324009,-1.7600587606430054
fenqusai/test_photo/219.jpg,0,5,False,blue,special_7,,7,7,True,蒙RB520T,0.9548092140281368,-0.8323872182286323,True,蒙,baseline,0.17203475465324009,-1.7600587606430054
fenqusai/test_photo/219.jpg,0,6,False,blue,unknown_8,,8,7,False,蒙RB520T,0.9548092140281368,-0.8323872182286323,True,蒙,baseline,0.17203475465324009,-1.7600587606430054
fenqusai/test_photo/22.jpg,0,0,True,blue,blue,,7,7,True,津AG7LDC,0.5168087467757791,-11.881483232062237,True,津,baseline,0.23961172106996007,-1.4287354946136475
fenqusai/test_photo/22.jpg,0,1,False,blue,green,,8,8,True,津AG7LDDC,0.6454160253127407,-7.881483053248303,True,津,baseline,0.23961172106996007,-1.4287354946136475
fenqusai/test_photo/22.jpg,0,2,False,blue,green,tractor_green,8,8,True,津AG7LDD学,0.952208482043033,-0.8814829396269488,True,津,baseline,0.23961172106996007,-1.4287354946136475
fenqusai/test_photo/22.jpg,0,3,False,blue,yellow,,7,7,True,津AG7LD学,0.762468939372046,-4.881483118440883,True,津,baseline,0.23961172106996007,-1.4287354946136475
fenqusai/test_photo/22.jpg,0,4,False,blue,black,,7,7,True,豫AG7LD学,0.7137905368129575,-6.068983058836238,True,豫,1,0.23961172106996007,-2.6163828372955322
fenqusai/test_photo/22.jpg,0,5,False,blue,special_7,,7,7,True,豫AG7LD学,0.7137905368129575,-6.068983058836238,True,豫,1,0.23961172106996007,-2.6163828372955322
fenqusai/test_photo/22.jpg,0,6,False,blue,unknown_8,,8,8,True,津AG7LDDC,0.6454160253127407,-7.881483053248303,True,津,baseline,0.23961172106996007,-1.4287354946136475
fenqusai/test_photo/220.jpg,0,0,True,blue,blue,,7,7,True,川DP3333,0.949917380690701,-0.9248447855422555,True,川,baseline,0.13681417112391722,-1.9891316890716553
fenqusai/test_photo/220.jpg,0,1,False,blue,green,,8,7,False,川DP3333,0.949917380690701,-0.9248447855422555,True,川,baseline,0.13681417112391722,-1.9891316890716553
fenqusai/test_photo/220.jpg,0,2,False,blue,green,tractor_green,8,7,False,川DP3333,0.949917380690701,-0.9248447855422555,True,川,baseline,0.13681417112391722,-1.9891316890716553
fenqusai/test_photo/220.jpg,0,3,False,blue,yellow,,7,7,True,川DP3333,0.949917380690701,-0.9248447855422555,True,川,baseline,0.13681417112391722,-1.9891316890716553
fenqusai/test_photo/220.jpg,0,4,False,blue,black,,7,7,True,川DP3333,0.949917380690701,-0.9248447855422555,True,川,baseline,0.13681417112391722,-1.9891316890716553
fenqusai/test_photo/220.jpg,0,5,False,blue,special_7,,7,7,True,川DP3333,0.949917380690701,-0.9248447855422555,True,川,baseline,0.13681417112391722,-1.9891316890716553
fenqusai/test_photo/220.jpg,0,6,False,blue,unknown_8,,8,7,False,川DP3333,0.949917380690701,-0.9248447855422555,True,川,baseline,0.13681417112391722,-1.9891316890716553
fenqusai/test_photo/221.jpg,0,0,True,blue,blue,,7,7,True,蒙AMV062,0.9999079966251512,-0.0016561369335406084,True,蒙,baseline,0.33304329756556594,-1.099482774734497
fenqusai/test_photo/221.jpg,0,1,False,blue,green,,8,7,False,蒙AMV062,0.9999079966251512,-0.0016561369335406084,True,蒙,baseline,0.33304329756556594,-1.099482774734497
fenqusai/test_photo/221.jpg,0,2,False,blue,green,tractor_green,8,7,False,蒙AMV062,0.9999079966251512,-0.0016561369335406084,True,蒙,baseline,0.33304329756556594,-1.099482774734497
fenqusai/test_photo/221.jpg,0,3,False,blue,yellow,,7,7,True,蒙AMV062,0.9999079966251512,-0.0016561369335406084,True,蒙,baseline,0.33304329756556594,-1.099482774734497
fenqusai/test_photo/221.jpg,0,4,False,blue,black,,7,7,True,蒙AMV062,0.9999079966251512,-0.0016561369335406084,True,蒙,baseline,0.33304329756556594,-1.099482774734497
fenqusai/test_photo/221.jpg,0,5,False,blue,special_7,,7,7,True,蒙AMV062,0.9999079966251512,-0.0016561369335406084,True,蒙,baseline,0.33304329756556594,-1.099482774734497
fenqusai/test_photo/221.jpg,0,6,False,blue,unknown_8,,8,7,False,蒙AMV062,0.9999079966251512,-0.0016561369335406084,True,蒙,baseline,0.33304329756556594,-1.099482774734497
fenqusai/test_photo/222.jpg,0,0,False,green,green,,8,8,True,川DF00006,0.7723245323949354,-4.650307893753052,True,川,baseline,0.17179585728204613,-1.7614483833312988
fenqusai/test_photo/222.jpg,0,1,False,green,green,tractor_green,8,8,True,川DF00006,0.7723245323949354,-4.650307893753052,True,川,baseline,0.17179585728204613,-1.7614483833312988
fenqusai/test_photo/222.jpg,0,2,True,green,blue,,7,7,True,川F00006,0.9628435594050675,-0.6815579701215029,True,川,baseline,0.17179585728204613,-1.7614483833312988
fenqusai/test_photo/222.jpg,0,3,False,green,yellow,,7,7,True,川F00006,0.9628435594050675,-0.6815579701215029,True,川,baseline,0.17179585728204613,-1.7614483833312988
fenqusai/test_photo/222.jpg,0,4,False,green,black,,7,7,True,川F00006,0.9628435594050675,-0.6815579701215029,True,川,baseline,0.17179585728204613,-1.7614483833312988
fenqusai/test_photo/222.jpg,0,5,False,green,special_7,,7,7,True,川F00006,0.9628435594050675,-0.6815579701215029,True,川,baseline,0.17179585728204613,-1.7614483833312988
fenqusai/test_photo/222.jpg,0,6,False,green,unknown_8,,8,8,True,川DF00006,0.7723245323949354,-4.650307893753052,True,川,baseline,0.17179585728204613,-1.7614483833312988
fenqusai/test_photo/223.jpg,0,0,True,blue,blue,,7,7,True,桂AG9Z10,0.9792472044581684,-0.3774809019376164,True,桂,baseline,0.2686290308277193,-1.31442391872406
fenqusai/test_photo/223.jpg,0,1,False,blue,green,,8,7,False,桂AG9Z10,0.9792472044581684,-0.3774809019376164,True,桂,baseline,0.2686290308277193,-1.31442391872406
fenqusai/test_photo/223.jpg,0,2,False,blue,green,tractor_green,8,7,False,桂AG9Z10,0.9792472044581684,-0.3774809019376164,True,桂,baseline,0.2686290308277193,-1.31442391872406
fenqusai/test_photo/223.jpg,0,3,False,blue,yellow,,7,7,True,桂AG9Z10,0.9792472044581684,-0.3774809019376164,True,桂,baseline,0.2686290308277193,-1.31442391872406
fenqusai/test_photo/223.jpg,0,4,False,blue,black,,7,7,True,桂AG9Z10,0.9792472044581684,-0.3774809019376164,True,桂,baseline,0.2686290308277193,-1.31442391872406
fenqusai/test_photo/223.jpg,0,5,False,blue,special_7,,7,7,True,桂AG9Z10,0.9792472044581684,-0.3774809019376164,True,桂,baseline,0.2686290308277193,-1.31442391872406
fenqusai/test_photo/223.jpg,0,6,False,blue,unknown_8,,8,7,False,桂AG9Z10,0.9792472044581684,-0.3774809019376164,True,桂,baseline,0.2686290308277193,-1.31442391872406
fenqusai/test_photo/224.jpg,0,0,True,blue,blue,,7,7,True,京NH1N10,0.998064690307729,-0.03486932682787369,True,京,baseline,0.3299298329157091,-1.1088752746582031
fenqusai/test_photo/224.jpg,0,1,False,blue,green,,8,7,False,京NH1N10,0.998064690307729,-0.03486932682787369,True,京,baseline,0.3299298329157091,-1.1088752746582031
fenqusai/test_photo/224.jpg,0,2,False,blue,green,tractor_green,8,7,False,京NH1N10,0.998064690307729,-0.03486932682787369,True,京,baseline,0.3299298329157091,-1.1088752746582031
fenqusai/test_photo/224.jpg,0,3,False,blue,yellow,,7,7,True,京NH1N10,0.998064690307729,-0.03486932682787369,True,京,baseline,0.3299298329157091,-1.1088752746582031
fenqusai/test_photo/224.jpg,0,4,False,blue,black,,7,7,True,京NH1N10,0.998064690307729,-0.03486932682787369,True,京,baseline,0.3299298329157091,-1.1088752746582031
fenqusai/test_photo/224.jpg,0,5,False,blue,special_7,,7,7,True,京NH1N10,0.998064690307729,-0.03486932682787369,True,京,baseline,0.3299298329157091,-1.1088752746582031
fenqusai/test_photo/224.jpg,0,6,False,blue,unknown_8,,8,7,False,京NH1N10,0.998064690307729,-0.03486932682787369,True,京,baseline,0.3299298329157091,-1.1088752746582031
fenqusai/test_photo/225.jpg,0,0,True,blue,blue,,7,7,True,渝FP9178,0.9239053475020395,-1.4246217064064695,True,渝,baseline,0.10142436847423658,-2.2884418964385986
fenqusai/test_photo/225.jpg,0,1,False,blue,green,,8,8,True,渝FP91786,0.5628143894894151,-10.346496955025941,True,渝,baseline,0.10142436847423658,-2.2884418964385986
fenqusai/test_photo/225.jpg,0,2,False,blue,green,tractor_green,8,8,True,渝FP91786,0.5628143894894151,-10.346496955025941,True,渝,baseline,0.10142436847423658,-2.2884418964385986
fenqusai/test_photo/225.jpg,0,3,False,blue,yellow,,7,7,True,渝FP9178,0.9239053475020395,-1.4246217064064695,True,渝,baseline,0.10142436847423658,-2.2884418964385986
fenqusai/test_photo/225.jpg,0,4,False,blue,black,,7,7,True,渝FP9178,0.9239053475020395,-1.4246217064064695,True,渝,baseline,0.10142436847423658,-2.2884418964385986
fenqusai/test_photo/225.jpg,0,5,False,blue,special_7,,7,7,True,渝FP9178,0.9239053475020395,-1.4246217064064695,True,渝,baseline,0.10142436847423658,-2.2884418964385986
fenqusai/test_photo/225.jpg,0,6,False,blue,unknown_8,,8,8,True,渝FP91786,0.5628143894894151,-10.346496955025941,True,渝,baseline,0.10142436847423658,-2.2884418964385986
fenqusai/test_photo/226.jpg,0,0,True,blue,blue,,7,7,True,宁BQQ900,0.6619091420794561,-7.427285641414066,True,宁,baseline,0.00025002703703672064,-8.293941497802734
fenqusai/test_photo/226.jpg,0,1,False,blue,green,,8,8,True,宁B0QQ900,0.35245393894204635,-18.771036028844257,True,宁,baseline,0.00025002703703672064,-8.293941497802734
fenqusai/test_photo/226.jpg,0,2,False,blue,green,tractor_green,8,8,True,宁B0QQ900,0.35245393894204635,-18.771036028844257,True,宁,baseline,0.00025002703703672064,-8.293941497802734
fenqusai/test_photo/226.jpg,0,3,False,blue,yellow,,7,7,True,宁BQQ900,0.6619091420794561,-7.427285641414066,True,宁,baseline,0.00025002703703672064,-8.293941497802734
fenqusai/test_photo/226.jpg,0,4,False,blue,black,,7,7,True,宁BQQ900,0.6619091420794561,-7.427285641414066,True,宁,baseline,0.00025002703703672064,-8.293941497802734
fenqusai/test_photo/226.jpg,0,5,False,blue,special_7,,7,7,True,宁BQQ900,0.6619091420794561,-7.427285641414066,True,宁,baseline,0.00025002703703672064,-8.293941497802734
fenqusai/test_photo/226.jpg,0,6,False,blue,unknown_8,,8,8,True,宁B0QQ900,0.35245393894204635,-18.771036028844257,True,宁,baseline,0.00025002703703672064,-8.293941497802734
fenqusai/test_photo/227.jpg,0,0,True,black,black,,7,7,True,湘C05761,0.9997437552931027,-0.004612995777272033,True,湘,baseline,0.3317992269251956,-1.1032252311706543
fenqusai/test_photo/227.jpg,0,1,False,black,blue,,7,7,True,湘C05761,0.9997437552931027,-0.004612995777272033,True,湘,baseline,0.3317992269251956,-1.1032252311706543
fenqusai/test_photo/227.jpg,0,2,False,black,green,,8,7,False,湘C05761,0.9997437552931027,-0.004612995777272033,True,湘,baseline,0.3317992269251956,-1.1032252311706543
fenqusai/test_photo/227.jpg,0,3,False,black,green,tractor_green,8,7,False,湘C05761,0.9997437552931027,-0.004612995777272033,True,湘,baseline,0.3317992269251956,-1.1032252311706543
fenqusai/test_photo/227.jpg,0,4,False,black,yellow,,7,7,True,湘C05761,0.9997437552931027,-0.004612995777272033,True,湘,baseline,0.3317992269251956,-1.1032252311706543
fenqusai/test_photo/227.jpg,0,5,False,black,special_7,,7,7,True,湘C05761,0.9997437552931027,-0.004612995777272033,True,湘,baseline,0.3317992269251956,-1.1032252311706543
fenqusai/test_photo/227.jpg,0,6,False,black,unknown_8,,8,7,False,湘C05761,0.9997437552931027,-0.004612995777272033,True,湘,baseline,0.3317992269251956,-1.1032252311706543
fenqusai/test_photo/228.jpg,0,0,True,blue,blue,,7,7,True,蒙RL6789,0.9321053447085408,-1.265569917856027,True,蒙,baseline,0.11772408116014521,-2.139411687850952
fenqusai/test_photo/228.jpg,0,1,False,blue,green,,8,8,True,蒙DRL6789,0.8605611929183077,-2.7030699476583493,True,蒙,baseline,0.11772408116014521,-2.139411687850952
fenqusai/test_photo/228.jpg,0,2,False,blue,green,tractor_green,8,8,True,蒙DRL6789,0.8605611929183077,-2.7030699476583493,True,蒙,baseline,0.11772408116014521,-2.139411687850952
fenqusai/test_photo/228.jpg,0,3,False,blue,yellow,,7,7,True,蒙RL6789,0.9321053447085408,-1.265569917856027,True,蒙,baseline,0.11772408116014521,-2.139411687850952
fenqusai/test_photo/228.jpg,0,4,False,blue,black,,7,7,True,蒙RL6789,0.9321053447085408,-1.265569917856027,True,蒙,baseline,0.11772408116014521,-2.139411687850952
fenqusai/test_photo/228.jpg,0,5,False,blue,special_7,,7,7,True,蒙RL6789,0.9321053447085408,-1.265569917856027,True,蒙,baseline,0.11772408116014521,-2.139411687850952
fenqusai/test_photo/228.jpg,0,6,False,blue,unknown_8,,8,8,True,蒙DRL6789,0.8605611929183077,-2.7030699476583493,True,蒙,baseline,0.11772408116014521,-2.139411687850952
fenqusai/test_photo/229.jpg,0,0,False,blue,blue,,7,7,True,蒙C00000,0.2214654778787945,-27.134794038986,True,蒙,baseline,0.33009663723973276,-1.1083698272705078
fenqusai/test_photo/229.jpg,0,1,False,blue,green,,8,8,True,蒙A000000,0.30270741782492244,-21.509794038986,True,蒙,baseline,0.33009663723973276,-1.1083698272705078
fenqusai/test_photo/229.jpg,0,2,False,blue,green,tractor_green,8,8,True,蒙A000000,0.30270741782492244,-21.509794038986,True,蒙,baseline,0.33009663723973276,-1.1083698272705078
fenqusai/test_photo/229.jpg,0,3,False,blue,yellow,,7,7,True,蒙C00000,0.2214654778787945,-27.134794038986,True,蒙,baseline,0.33009663723973276,-1.1083698272705078
fenqusai/test_photo/229.jpg,0,4,False,blue,black,,7,7,True,蒙C00000,0.2214654778787945,-27.134794038986,True,蒙,baseline,0.33009663723973276,-1.1083698272705078
fenqusai/test_photo/229.jpg,0,5,True,blue,special_7,,7,7,True,蒙000000,0.9994560347257844,-0.009794038986001397,True,蒙,baseline,0.33009663723973276,-1.1083698272705078
fenqusai/test_photo/229.jpg,0,6,False,blue,unknown_8,,8,8,True,蒙A000000,0.30270741782492244,-21.509794038986,True,蒙,baseline,0.33009663723973276,-1.1083698272705078
fenqusai/test_photo/25.jpg,0,0,True,blue,blue,,7,7,True,琼ESB945,0.98969257206353,-0.1864965122658475,True,琼,baseline,0.3328194146866503,-1.100155234336853
fenqusai/test_photo/25.jpg,0,1,False,blue,green,,8,7,False,琼ESB945,0.98969257206353,-0.1864965122658475,True,琼,baseline,0.3328194146866503,-1.100155234336853
fenqusai/test_photo/25.jpg,0,2,False,blue,green,tractor_green,8,7,False,琼ESB945,0.98969257206353,-0.1864965122658475,True,琼,baseline,0.3328194146866503,-1.100155234336853
fenqusai/test_photo/25.jpg,0,3,False,blue,yellow,,7,7,True,琼ESB945,0.98969257206353,-0.1864965122658475,True,琼,baseline,0.3328194146866503,-1.100155234336853
fenqusai/test_photo/25.jpg,0,4,False,blue,black,,7,7,True,琼ESB945,0.98969257206353,-0.1864965122658475,True,琼,baseline,0.3328194146866503,-1.100155234336853
fenqusai/test_photo/25.jpg,0,5,False,blue,special_7,,7,7,True,琼ESB945,0.98969257206353,-0.1864965122658475,True,琼,baseline,0.3328194146866503,-1.100155234336853
fenqusai/test_photo/25.jpg,0,6,False,blue,unknown_8,,8,7,False,琼ESB945,0.98969257206353,-0.1864965122658475,True,琼,baseline,0.3328194146866503,-1.100155234336853
fenqusai/test_photo/26.jpg,0,0,True,blue,blue,,7,7,True,吉E7382B,0.9417663425311688,-1.0799654255260975,True,吉,baseline,0.11405006246052224,-2.1711177825927734
fenqusai/test_photo/26.jpg,0,1,False,blue,green,,8,7,False,吉E7382B,0.9417663425311688,-1.0799654255260975,True,吉,baseline,0.11405006246052224,-2.1711177825927734
fenqusai/test_photo/26.jpg,0,2,False,blue,green,tractor_green,8,7,False,吉E7382B,0.9417663425311688,-1.0799654255260975,True,吉,baseline,0.11405006246052224,-2.1711177825927734
fenqusai/test_photo/26.jpg,0,3,False,blue,yellow,,7,7,True,吉E7382B,0.9417663425311688,-1.0799654255260975,True,吉,baseline,0.11405006246052224,-2.1711177825927734
fenqusai/test_photo/26.jpg,0,4,False,blue,black,,7,7,True,吉E7382B,0.9417663425311688,-1.0799654255260975,True,吉,baseline,0.11405006246052224,-2.1711177825927734
fenqusai/test_photo/26.jpg,0,5,False,blue,special_7,,7,7,True,吉E7382B,0.9417663425311688,-1.0799654255260975,True,吉,baseline,0.11405006246052224,-2.1711177825927734
fenqusai/test_photo/26.jpg,0,6,False,blue,unknown_8,,8,7,False,吉E7382B,0.9417663425311688,-1.0799654255260975,True,吉,baseline,0.11405006246052224,-2.1711177825927734
fenqusai/test_photo/30.jpg,0,0,True,unknown_7,blue,,7,7,True,陕AJH154,0.8399422844187402,-3.139597773551884,True,陕,baseline,0.2758165852697169,-1.2880191802978516
fenqusai/test_photo/30.jpg,0,1,False,unknown_7,green,,8,6,False,陕AJH15,0.9854076434848273,-0.2645976990460781,True,陕,baseline,0.2758165852697169,-1.2880191802978516
fenqusai/test_photo/30.jpg,0,2,False,unknown_7,green,tractor_green,8,6,False,陕AJH15,0.9854076434848273,-0.2645976990460781,True,陕,baseline,0.2758165852697169,-1.2880191802978516
fenqusai/test_photo/30.jpg,0,3,False,unknown_7,yellow,,7,7,True,陕AJH154,0.8399422844187402,-3.139597773551884,True,陕,baseline,0.2758165852697169,-1.2880191802978516
fenqusai/test_photo/30.jpg,0,4,False,unknown_7,black,,7,7,True,陕AJH154,0.8399422844187402,-3.139597773551884,True,陕,baseline,0.2758165852697169,-1.2880191802978516
fenqusai/test_photo/30.jpg,0,5,False,unknown_7,special_7,,7,7,True,陕AJH154,0.8399422844187402,-3.139597773551884,True,陕,baseline,0.2758165852697169,-1.2880191802978516
fenqusai/test_photo/30.jpg,0,6,False,unknown_7,unknown_8,,8,6,False,陕AJH15,0.9854076434848273,-0.2645976990460781,True,陕,baseline,0.2758165852697169,-1.2880191802978516
fenqusai/test_photo/3040625-99_253-195&400_483&542-482&542_207&496_195&400_483&450-0_0_3_25_26_30_30_30-114-232.jpg,0,0,True,green,green,,8,8,True,蒙AD12666,0.8873317920782093,-2.1516535016708076,True,蒙,baseline,0.09520714324260825,-2.3517003059387207
fenqusai/test_photo/3040625-99_253-195&400_483&542-482&542_207&496_195&400_483&450-0_0_3_25_26_30_30_30-114-232.jpg,0,1,False,green,green,tractor_green,8,8,True,蒙AD12666,0.8873317920782093,-2.1516535016708076,True,蒙,baseline,0.09520714324260825,-2.3517003059387207
fenqusai/test_photo/3040625-99_253-195&400_483&542-482&542_207&496_195&400_483&450-0_0_3_25_26_30_30_30-114-232.jpg,0,2,False,green,blue,,7,7,True,冀D12666,0.5709186657459371,-10.089153382461518,True,冀,1,0.09520714324260825,-3.1642003059387207
fenqusai/test_photo/3040625-99_253-195&400_483&542-482&542_207&496_195&400_483&450-0_0_3_25_26_30_30_30-114-232.jpg,0,3,False,green,yellow,,7,7,True,冀D12666,0.5709186657459371,-10.089153382461518,True,冀,1,0.09520714324260825,-3.1642003059387207
fenqusai/test_photo/3040625-99_253-195&400_483&542-482&542_207&496_195&400_483&450-0_0_3_25_26_30_30_30-114-232.jpg,0,4,False,green,black,,7,7,True,冀D12666,0.5709186657459371,-10.089153382461518,True,冀,1,0.09520714324260825,-3.1642003059387207
fenqusai/test_photo/3040625-99_253-195&400_483&542-482&542_207&496_195&400_483&450-0_0_3_25_26_30_30_30-114-232.jpg,0,5,False,green,special_7,,7,7,True,蒙AD1266,0.24048635940359808,-25.65165435662493,True,蒙,baseline,0.09520714324260825,-2.3517003059387207
fenqusai/test_photo/3040625-99_253-195&400_483&542-482&542_207&496_195&400_483&450-0_0_3_25_26_30_30_30-114-232.jpg,0,6,False,green,unknown_8,,8,8,True,蒙AD12666,0.8873317920782093,-2.1516535016708076,True,蒙,baseline,0.09520714324260825,-2.3517003059387207
fenqusai/test_photo/304515625-74_83-221&426_493&594-493&512_237&594_221&506_482&426-0_0_5_24_29_33_29_32-108-73.jpg,0,0,True,green,green,,8,8,True,浙NEF495F,0.5186234272833381,-11.818390190532881,True,浙,baseline,0.19092784278399763,-1.6558597087860107
fenqusai/test_photo/304515625-74_83-221&426_493&594-493&512_237&594_221&506_482&426-0_0_5_24_29_33_29_32-108-73.jpg,0,1,False,green,green,tractor_green,8,8,True,浙NEF495F,0.5186234272833381,-11.818390190532881,True,浙,baseline,0.19092784278399763,-1.6558597087860107
fenqusai/test_photo/304515625-74_83-221&426_493&594-493&512_237&594_221&506_482&426-0_0_5_24_29_33_29_32-108-73.jpg,0,2,False,green,blue,,7,7,True,浙NF495F,0.4855128835063088,-13.005890190532881,True,浙,baseline,0.19092784278399763,-1.6558597087860107
fenqusai/test_photo/304515625-74_83-221&426_493&594-493&512_237&594_221&506_482&426-0_0_5_24_29_33_29_32-108-73.jpg,0,3,False,green,yellow,,7,7,True,苏NF495F,0.46087298785404895,-13.943390190532881,True,苏,1,0.19092784278399763,-2.5933597087860107
fenqusai/test_photo/304515625-74_83-221&426_493&594-493&512_237&594_221&506_482&426-0_0_5_24_29_33_29_32-108-73.jpg,0,4,False,green,black,,7,7,True,苏NF495临,0.6126811833559217,-8.81839027342059,True,苏,1,0.19092784278399763,-2.5933597087860107
fenqusai/test_photo/304515625-74_83-221&426_493&594-493&512_237&594_221&506_482&426-0_0_5_24_29_33_29_32-108-73.jpg,0,5,False,green,special_7,,7,7,True,苏NF495临,0.6126811833559217,-8.81839027342059,True,苏,1,0.19092784278399763,-2.5933597087860107
fenqusai/test_photo/304515625-74_83-221&426_493&594-493&512_237&594_221&506_482&426-0_0_5_24_29_33_29_32-108-73.jpg,0,6,False,green,unknown_8,,8,8,True,浙NEF495F,0.5186234272833381,-11.818390190532881,True,浙,baseline,0.19092784278399763,-1.6558597087860107
fenqusai/test_photo/30671875-101_110-88&427_475&602-475&602_119&522_88&427_458&484-0_0_3_24_30_24_31_33-82-166.jpg,0,0,True,green,green,,8,8,True,湘JDB573F,0.7283961922018773,-5.704382857715217,True,湘,baseline,0.24603903620737458,-1.4022650718688965
fenqusai/test_photo/30671875-101_110-88&427_475&602-475&602_119&522_88&427_458&484-0_0_3_24_30_24_31_33-82-166.jpg,0,1,False,green,green,tractor_green,8,8,True,湘JDB57学F,0.8083634662582265,-3.8293827683082498,True,湘,baseline,0.24603903620737458,-1.4022650718688965
fenqusai/test_photo/30671875-101_110-88&427_475&602-475&602_119&522_88&427_458&484-0_0_3_24_30_24_31_33-82-166.jpg,0,2,False,green,blue,,7,7,True,湘DB573F,0.7183495085586609,-5.954382857715217,True,湘,baseline,0.24603903620737458,-1.4022650718688965
fenqusai/test_photo/30671875-101_110-88&427_475&602-475&602_119&522_88&427_458&484-0_0_3_24_30_24_31_33-82-166.jpg,0,3,False,green,yellow,,7,7,True,湘DB57学F,0.7972138033396435,-4.07938276830825,True,湘,baseline,0.24603903620737458,-1.4022650718688965
fenqusai/test_photo/30671875-101_110-88&427_475&602-475&602_119&522_88&427_458&484-0_0_3_24_30_24_31_33-82-166.jpg,0,4,False,green,black,,7,7,True,湘DB57学领,0.8196690659941065,-3.5793827683082498,True,湘,baseline,0.24603903620737458,-1.4022650718688965
fenqusai/test_photo/30671875-101_110-88&427_475&602-475&602_119&522_88&427_458&484-0_0_3_24_30_24_31_33-82-166.jpg,0,5,False,green,special_7,,7,7,True,湘DB57学领,0.8196690659941065,-3.5793827683082498,True,湘,baseline,0.24603903620737458,-1.4022650718688965
fenqusai/test_photo/30671875-101_110-88&427_475&602-475&602_119&522_88&427_458&484-0_0_3_24_30_24_31_33-82-166.jpg,0,6,False,green,unknown_8,,8,8,True,湘JDB573F,0.7283961922018773,-5.704382857715217,True,湘,baseline,0.24603903620737458,-1.4022650718688965
fenqusai/test_photo/32.jpg,0,0,True,blue,blue,,7,7,True,川AZ0E83,0.851665807284204,-2.8900993333066936,True,川,baseline,0.042694920752103044,-3.1536753177642822
fenqusai/test_photo/32.jpg,0,1,False,blue,green,,8,7,False,川AZ0E83,0.851665807284204,-2.8900993333066936,True,川,baseline,0.042694920752103044,-3.1536753177642822
fenqusai/test_photo/32.jpg,0,2,False,blue,green,tractor_green,8,7,False,川AZ0E83,0.851665807284204,-2.8900993333066936,True,川,baseline,0.042694920752103044,-3.1536753177642822
fenqusai/test_photo/32.jpg,0,3,False,blue,yellow,,7,7,True,川AZ0E83,0.851665807284204,-2.8900993333066936,True,川,baseline,0.042694920752103044,-3.1536753177642822
fenqusai/test_photo/32.jpg,0,4,False,blue,black,,7,7,True,川AZ0E83,0.851665807284204,-2.8900993333066936,True,川,baseline,0.042694920752103044,-3.1536753177642822
fenqusai/test_photo/32.jpg,0,5,False,blue,special_7,,7,7,True,川AZ0E83,0.851665807284204,-2.8900993333066936,True,川,baseline,0.042694920752103044,-3.1536753177642822
fenqusai/test_photo/32.jpg,0,6,False,blue,unknown_8,,8,7,False,川AZ0E83,0.851665807284204,-2.8900993333066936,True,川,baseline,0.042694920752103044,-3.1536753177642822
fenqusai/test_photo/33.jpg,0,0,True,blue,blue,,7,7,True,辽A8H3JE,0.9854693506242473,-0.2634705576635952,True,辽,baseline,0.3213151625242416,-1.1353328227996826
fenqusai/test_photo/33.jpg,0,1,False,blue,green,,8,7,False,辽A8H3JE,0.9854693506242473,-0.2634705576635952,True,辽,baseline,0.3213151625242416,-1.1353328227996826
fenqusai/test_photo/33.jpg,0,2,False,blue,green,tractor_green,8,7,False,辽A8H3JE,0.9854693506242473,-0.2634705576635952,True,辽,baseline,0.3213151625242416,-1.1353328227996826
fenqusai/test_photo/33.jpg,0,3,False,blue,yellow,,7,7,True,辽A8H3JE,0.9854693506242473,-0.2634705576635952,True,辽,baseline,0.3213151625242416,-1.1353328227996826
fenqusai/test_photo/33.jpg,0,4,False,blue,black,,7,7,True,辽A8H3JE,0.9854693506242473,-0.2634705576635952,True,辽,baseline,0.3213151625242416,-1.1353328227996826
fenqusai/test_photo/33.jpg,0,5,False,blue,special_7,,7,7,True,辽A8H3JE,0.9854693506242473,-0.2634705576635952,True,辽,baseline,0.3213151625242416,-1.1353328227996826
fenqusai/test_photo/33.jpg,0,6,False,blue,unknown_8,,8,7,False,辽A8H3JE,0.9854693506242473,-0.2634705576635952,True,辽,baseline,0.3213151625242416,-1.1353328227996826
fenqusai/test_photo/34.jpg,0,0,True,blue,blue,,7,7,True,黑AJP250,0.9970045074052338,-0.05399978512284065,True,黑,baseline,0.32699653012634233,-1.1178057193756104
fenqusai/test_photo/34.jpg,0,1,False,blue,green,,8,7,False,黑AJP250,0.9970045074052338,-0.05399978512284065,True,黑,baseline,0.32699653012634233,-1.1178057193756104
fenqusai/test_photo/34.jpg,0,2,False,blue,green,tractor_green,8,7,False,黑AJP250,0.9970045074052338,-0.05399978512284065,True,黑,baseline,0.32699653012634233,-1.1178057193756104
fenqusai/test_photo/34.jpg,0,3,False,blue,yellow,,7,7,True,黑AJP250,0.9970045074052338,-0.05399978512284065,True,黑,baseline,0.32699653012634233,-1.1178057193756104
fenqusai/test_photo/34.jpg,0,4,False,blue,black,,7,7,True,黑AJP250,0.9970045074052338,-0.05399978512284065,True,黑,baseline,0.32699653012634233,-1.1178057193756104
fenqusai/test_photo/34.jpg,0,5,False,blue,special_7,,7,7,True,黑AJP250,0.9970045074052338,-0.05399978512284065,True,黑,baseline,0.32699653012634233,-1.1178057193756104
fenqusai/test_photo/34.jpg,0,6,False,blue,unknown_8,,8,7,False,黑AJP250,0.9970045074052338,-0.05399978512284065,True,黑,baseline,0.32699653012634233,-1.1178057193756104
fenqusai/test_photo/37.jpg,0,0,True,blue,blue,,7,7,True,藏B98Z10,0.9999999139044455,-1.5497200465119931e-06,True,藏,baseline,0.3333332472491222,-1.0986125469207764
fenqusai/test_photo/37.jpg,0,1,False,blue,green,,8,8,True,藏B9H8Z10,0.3455907251119038,-19.125001430510764,True,藏,baseline,0.3333332472491222,-1.0986125469207764
fenqusai/test_photo/37.jpg,0,2,False,blue,green,tractor_green,8,8,True,藏B9H8Z10,0.3455907251119038,-19.125001430510764,True,藏,baseline,0.3333332472491222,-1.0986125469207764
fenqusai/test_photo/37.jpg,0,3,False,blue,yellow,,7,7,True,藏B98Z10,0.9999999139044455,-1.5497200465119931e-06,True,藏,baseline,0.3333332472491222,-1.0986125469207764
fenqusai/test_photo/37.jpg,0,4,False,blue,black,,7,7,True,藏B98Z10,0.9999999139044455,-1.5497200465119931e-06,True,藏,baseline,0.3333332472491222,-1.0986125469207764
fenqusai/test_photo/37.jpg,0,5,False,blue,special_7,,7,7,True,藏B98Z10,0.9999999139044455,-1.5497200465119931e-06,True,藏,baseline,0.3333332472491222,-1.0986125469207764
fenqusai/test_photo/37.jpg,0,6,False,blue,unknown_8,,8,8,True,藏B9H8Z10,0.3455907251119038,-19.125001430510764,True,藏,baseline,0.3333332472491222,-1.0986125469207764
fenqusai/test_photo/374.jpg,0,0,True,blue,blue,,7,7,True,渝A12345,0.9897442687541184,-0.18555630501941067,True,渝,baseline,0.2769801534804522,-1.2838094234466553
fenqusai/test_photo/374.jpg,0,1,False,blue,green,,8,7,False,渝A12345,0.9897442687541184,-0.18555630501941067,True,渝,baseline,0.2769801534804522,-1.2838094234466553
fenqusai/test_photo/374.jpg,0,2,False,blue,green,tractor_green,8,7,False,渝A12345,0.9897442687541184,-0.18555630501941067,True,渝,baseline,0.2769801534804522,-1.2838094234466553
fenqusai/test_photo/374.jpg,0,3,False,blue,yellow,,7,7,True,渝A12345,0.9897442687541184,-0.18555630501941067,True,渝,baseline,0.2769801534804522,-1.2838094234466553
fenqusai/test_photo/374.jpg,0,4,False,blue,black,,7,7,True,渝A12345,0.9897442687541184,-0.18555630501941067,True,渝,baseline,0.2769801534804522,-1.2838094234466553
fenqusai/test_photo/374.jpg,0,5,False,blue,special_7,,7,7,True,渝A12345,0.9897442687541184,-0.18555630501941067,True,渝,baseline,0.2769801534804522,-1.2838094234466553
fenqusai/test_photo/374.jpg,0,6,False,blue,unknown_8,,8,7,False,渝A12345,0.9897442687541184,-0.18555630501941067,True,渝,baseline,0.2769801534804522,-1.2838094234466553
fenqusai/test_photo/38.jpg,0,0,True,blue,blue,,7,7,True,藏AW6312,0.9505861433065249,-0.9121768505137879,True,藏,baseline,0.13532789442220292,-2.0000545978546143
fenqusai/test_photo/38.jpg,0,1,False,blue,green,,8,7,False,藏AW6312,0.9505861433065249,-0.9121768505137879,True,藏,baseline,0.13532789442220292,-2.0000545978546143
fenqusai/test_photo/38.jpg,0,2,False,blue,green,tractor_green,8,7,False,藏AW6312,0.9505861433065249,-0.9121768505137879,True,藏,baseline,0.13532789442220292,-2.0000545978546143
fenqusai/test_photo/38.jpg,0,3,False,blue,yellow,,7,7,True,藏AW6312,0.9505861433065249,-0.9121768505137879,True,藏,baseline,0.13532789442220292,-2.0000545978546143
fenqusai/test_photo/38.jpg,0,4,False,blue,black,,7,7,True,藏AW6312,0.9505861433065249,-0.9121768505137879,True,藏,baseline,0.13532789442220292,-2.0000545978546143
fenqusai/test_photo/38.jpg,0,5,False,blue,special_7,,7,7,True,藏AW6312,0.9505861433065249,-0.9121768505137879,True,藏,baseline,0.13532789442220292,-2.0000545978546143
fenqusai/test_photo/38.jpg,0,6,False,blue,unknown_8,,8,7,False,藏AW6312,0.9505861433065249,-0.9121768505137879,True,藏,baseline,0.13532789442220292,-2.0000545978546143
fenqusai/test_photo/38_0576.jpg,0,0,True,blue,blue,,7,7,True,沪D703W6,0.9068089733463829,-1.760822366035427,True,沪,baseline,0.08973823085784795,-2.410858392715454
fenqusai/test_photo/38_0576.jpg,0,1,False,blue,green,,8,7,False,沪D703W6,0.9068089733463829,-1.760822366035427,True,沪,baseline,0.08973823085784795,-2.410858392715454
fenqusai/test_photo/38_0576.jpg,0,2,False,blue,green,tractor_green,8,7,False,沪D703W6,0.9068089733463829,-1.760822366035427,True,沪,baseline,0.08973823085784795,-2.410858392715454
fenqusai/test_photo/38_0576.jpg,0,3,False,blue,yellow,,7,7,True,沪D703W6,0.9068089733463829,-1.760822366035427,True,沪,baseline,0.08973823085784795,-2.410858392715454
fenqusai/test_photo/38_0576.jpg,0,4,False,blue,black,,7,7,True,沪D703W6,0.9068089733463829,-1.760822366035427,True,沪,baseline,0.08973823085784795,-2.410858392715454
fenqusai/test_photo/38_0576.jpg,0,5,False,blue,special_7,,7,7,True,沪D703W6,0.9068089733463829,-1.760822366035427,True,沪,baseline,0.08973823085784795,-2.410858392715454
fenqusai/test_photo/38_0576.jpg,0,6,False,blue,unknown_8,,8,7,False,沪D703W6,0.9068089733463829,-1.760822366035427,True,沪,baseline,0.08973823085784795,-2.410858392715454
fenqusai/test_photo/38_0576.jpg,1,0,True,blue,blue,,7,7,True,京A79P2Z,0.9979437155610754,-0.03705122690006846,True,京,baseline,0.3324332424575867,-1.101316213607788
fenqusai/test_photo/38_0576.jpg,1,1,False,blue,green,,8,8,True,京TA79P2Z,0.6533322244762854,-7.662051227831391,True,京,baseline,0.3324332424575867,-1.101316213607788
fenqusai/test_photo/38_0576.jpg,1,2,False,blue,green,tractor_green,8,8,True,京TA79P2Z,0.6533322244762854,-7.662051227831391,True,京,baseline,0.3324332424575867,-1.101316213607788
fenqusai/test_photo/38_0576.jpg,1,3,False,blue,yellow,,7,7,True,京A79P2Z,0.9979437155610754,-0.03705122690006846,True,京,baseline,0.3324332424575867,-1.101316213607788
fenqusai/test_photo/38_0576.jpg,1,4,False,blue,black,,7,7,True,京A79P2Z,0.9979437155610754,-0.03705122690006846,True,京,baseline,0.3324332424575867,-1.101316213607788
fenqusai/test_photo/38_0576.jpg,1,5,False,blue,special_7,,7,7,True,京A79P2Z,0.9979437155610754,-0.03705122690006846,True,京,baseline,0.3324332424575867,-1.101316213607788
fenqusai/test_photo/38_0576.jpg,1,6,False,blue,unknown_8,,8,8,True,京TA79P2Z,0.6533322244762854,-7.662051227831391,True,京,baseline,0.3324332424575867,-1.101316213607788
fenqusai/test_photo/38_0665.jpg,0,0,True,blue,blue,,7,7,True,川A958CT,0.9940047074176291,-0.10824005707473816,True,川,baseline,0.299179648818999,-1.2067110538482666
fenqusai/test_photo/38_0665.jpg,0,1,False,blue,green,,8,8,True,川A95E8CT,0.4857024056863218,-12.998865179041616,True,川,baseline,0.299179648818999,-1.2067110538482666
fenqusai/test_photo/38_0665.jpg,0,2,False,blue,green,tractor_green,8,8,True,川A95E8CT,0.4857024056863218,-12.998865179041616,True,川,baseline,0.299179648818999,-1.2067110538482666
fenqusai/test_photo/38_0665.jpg,0,3,False,blue,yellow,,7,7,True,川A958CT,0.9940047074176291,-0.10824005707473816,True,川,baseline,0.299179648818999,-1.2067110538482666
fenqusai/test_photo/38_0665.jpg,0,4,False,blue,black,,7,7,True,川A958CT,0.9940047074176291,-0.10824005707473816,True,川,baseline,0.299179648818999,-1.2067110538482666
fenqusai/test_photo/38_0665.jpg,0,5,False,blue,special_7,,7,7,True,川A958CT,0.9940047074176291,-0.10824005707473816,True,川,baseline,0.299179648818999,-1.2067110538482666
fenqusai/test_photo/38_0665.jpg,0,6,False,blue,unknown_8,,8,8,True,川A95E8CT,0.4857024056863218,-12.998865179041616,True,川,baseline,0.299179648818999,-1.2067110538482666
fenqusai/test_photo/38_0665.jpg,1,0,True,blue,blue,,7,7,True,皖AFS675,0.9119977841923564,-1.6581189334392263,True,皖,baseline,0.1287674789002802,-2.0497469902038574
fenqusai/test_photo/38_0665.jpg,1,1,False,blue,green,,8,7,False,皖AFS675,0.9119977841923564,-1.6581189334392263,True,皖,baseline,0.1287674789002802,-2.0497469902038574
fenqusai/test_photo/38_0665.jpg,1,2,False,blue,green,tractor_green,8,7,False,皖AFS675,0.9119977841923564,-1.6581189334392263,True,皖,baseline,0.1287674789002802,-2.0497469902038574
fenqusai/test_photo/38_0665.jpg,1,3,False,blue,yellow,,7,7,True,皖AFS675,0.9119977841923564,-1.6581189334392263,True,皖,baseline,0.1287674789002802,-2.0497469902038574
fenqusai/test_photo/38_0665.jpg,1,4,False,blue,black,,7,7,True,皖AFS675,0.9119977841923564,-1.6581189334392263,True,皖,baseline,0.1287674789002802,-2.0497469902038574
fenqusai/test_photo/38_0665.jpg,1,5,False,blue,special_7,,7,7,True,皖AFS675,0.9119977841923564,-1.6581189334392263,True,皖,baseline,0.1287674789002802,-2.0497469902038574
fenqusai/test_photo/38_0665.jpg,1,6,False,blue,unknown_8,,8,7,False,皖AFS675,0.9119977841923564,-1.6581189334392263,True,皖,baseline,0.1287674789002802,-2.0497469902038574
fenqusai/test_photo/38_0665.jpg,2,0,True,blue,blue,,7,7,True,冀A2B98U,0.986398881335203,-0.24650030197880568,True,冀,baseline,0.33304583849397196,-1.0994751453399658
fenqusai/test_photo/38_0665.jpg,2,1,False,blue,green,,8,7,False,冀A2B98U,0.986398881335203,-0.24650030197880568,True,冀,baseline,0.33304583849397196,-1.0994751453399658
fenqusai/test_photo/38_0665.jpg,2,2,False,blue,green,tractor_green,8,7,False,冀A2B98U,0.986398881335203,-0.24650030197880568,True,冀,baseline,0.33304583849397196,-1.0994751453399658
fenqusai/test_photo/38_0665.jpg,2,3,False,blue,yellow,,7,7,True,冀A2B98U,0.986398881335203,-0.24650030197880568,True,冀,baseline,0.33304583849397196,-1.0994751453399658
fenqusai/test_photo/38_0665.jpg,2,4,False,blue,black,,7,7,True,冀A2B98U,0.986398881335203,-0.24650030197880568,True,冀,baseline,0.33304583849397196,-1.0994751453399658
fenqusai/test_photo/38_0665.jpg,2,5,False,blue,special_7,,7,7,True,冀A2B98U,0.986398881335203,-0.24650030197880568,True,冀,baseline,0.33304583849397196,-1.0994751453399658
fenqusai/test_photo/38_0665.jpg,2,6,False,blue,unknown_8,,8,7,False,冀A2B98U,0.986398881335203,-0.24650030197880568,True,冀,baseline,0.33304583849397196,-1.0994751453399658
fenqusai/test_photo/38_0689.jpg,0,0,True,blue,blue,,7,7,True,渝CM3063,0.9998572666811748,-0.0025693831115063404,True,渝,baseline,0.3333314988512457,-1.0986177921295166
fenqusai/test_photo/38_0689.jpg,0,1,False,blue,green,,8,8,True,渝CM31063,0.5837180515153466,-9.690069622228577,True,渝,baseline,0.3333314988512457,-1.0986177921295166
fenqusai/test_photo/38_0689.jpg,0,2,False,blue,green,tractor_green,8,8,True,渝CM31063,0.5837180515153466,-9.690069622228577,True,渝,baseline,0.3333314988512457,-1.0986177921295166
fenqusai/test_photo/38_0689.jpg,0,3,False,blue,yellow,,7,7,True,渝CM3063,0.9998572666811748,-0.0025693831115063404,True,渝,baseline,0.3333314988512457,-1.0986177921295166
fenqusai/test_photo/38_0689.jpg,0,4,False,blue,black,,7,7,True,渝CM3063,0.9998572666811748,-0.0025693831115063404,True,渝,baseline,0.3333314988512457,-1.0986177921295166
fenqusai/test_photo/38_0689.jpg,0,5,False,blue,special_7,,7,7,True,渝CM3063,0.9998572666811748,-0.0025693831115063404,True,渝,baseline,0.3333314988512457,-1.0986177921295166
fenqusai/test_photo/38_0689.jpg,0,6,False,blue,unknown_8,,8,8,True,渝CM31063,0.5837180515153466,-9.690069622228577,True,渝,baseline,0.3333314988512457,-1.0986177921295166
fenqusai/test_photo/38_0689.jpg,1,0,True,yellow,yellow,,7,7,True,沪A593D1,0.7909610283490007,-4.2211184627953955,True,沪,baseline,0.3259666006672325,-1.1209603548049927
fenqusai/test_photo/38_0689.jpg,1,1,False,yellow,blue,,7,7,True,沪A593D1,0.7909610283490007,-4.2211184627953955,True,沪,baseline,0.3259666006672325,-1.1209603548049927
fenqusai/test_photo/38_0689.jpg,1,2,False,yellow,green,,8,8,True,沪NA593D1,0.7909610283490007,-4.2211184627953955,True,沪,baseline,0.3259666006672325,-1.1209603548049927
fenqusai/test_photo/38_0689.jpg,1,3,False,yellow,green,tractor_green,8,8,True,沪NA593D1,0.7909610283490007,-4.2211184627953955,True,沪,baseline,0.3259666006672325,-1.1209603548049927
fenqusai/test_photo/38_0689.jpg,1,4,False,yellow,black,,7,7,True,沪A593D1,0.7909610283490007,-4.2211184627953955,True,沪,baseline,0.3259666006672325,-1.1209603548049927
fenqusai/test_photo/38_0689.jpg,1,5,False,yellow,special_7,,7,7,True,沪A593D1,0.7909610283490007,-4.2211184627953955,True,沪,baseline,0.3259666006672325,-1.1209603548049927
fenqusai/test_photo/38_0689.jpg,1,6,False,yellow,unknown_8,,8,8,True,沪NA593D1,0.7909610283490007,-4.2211184627953955,True,沪,baseline,0.3259666006672325,-1.1209603548049927
fenqusai/test_photo/38_0727.jpg,0,0,True,blue,blue,,7,7,True,云GY8578,0.5125628049762982,-12.029976525285747,True,云,baseline,1.991202307828314e-06,-13.126771926879883
fenqusai/test_photo/38_0727.jpg,0,1,False,blue,green,,8,7,False,云GY8578,0.5125628049762982,-12.029976525285747,True,云,baseline,1.991202307828314e-06,-13.126771926879883
fenqusai/test_photo/38_0727.jpg,0,2,False,blue,green,tractor_green,8,7,False,云GY8578,0.5125628049762982,-12.029976525285747,True,云,baseline,1.991202307828314e-06,-13.126771926879883
fenqusai/test_photo/38_0727.jpg,0,3,False,blue,yellow,,7,7,True,云GY8578,0.5125628049762982,-12.029976525285747,True,云,baseline,1.991202307828314e-06,-13.126771926879883
fenqusai/test_photo/38_0727.jpg,0,4,False,blue,black,,7,7,True,云GY8578,0.5125628049762982,-12.029976525285747,True,云,baseline,1.991202307828314e-06,-13.126771926879883
fenqusai/test_photo/38_0727.jpg,0,5,False,blue,special_7,,7,7,True,云GY8578,0.5125628049762982,-12.029976525285747,True,云,baseline,1.991202307828314e-06,-13.126771926879883
fenqusai/test_photo/38_0727.jpg,0,6,False,blue,unknown_8,,8,7,False,云GY8578,0.5125628049762982,-12.029976525285747,True,云,baseline,1.991202307828314e-06,-13.126771926879883
fenqusai/test_photo/38_0727.jpg,1,0,True,blue,blue,,7,7,True,川AH036Q,0.9998765305176921,-0.00222258789525398,True,川,baseline,0.33298160659740356,-1.099668025970459
fenqusai/test_photo/38_0727.jpg,1,1,False,blue,green,,8,8,True,川DAH036Q,0.5716940955801111,-10.06472211470335,True,川,baseline,0.33298160659740356,-1.099668025970459
fenqusai/test_photo/38_0727.jpg,1,2,False,blue,green,tractor_green,8,8,True,川DAH036Q,0.5716940955801111,-10.06472211470335,True,川,baseline,0.33298160659740356,-1.099668025970459
fenqusai/test_photo/38_0727.jpg,1,3,False,blue,yellow,,7,7,True,川AH036Q,0.9998765305176921,-0.00222258789525398,True,川,baseline,0.33298160659740356,-1.099668025970459
fenqusai/test_photo/38_0727.jpg,1,4,False,blue,black,,7,7,True,川AH036Q,0.9998765305176921,-0.00222258789525398,True,川,baseline,0.33298160659740356,-1.099668025970459
fenqusai/test_photo/38_0727.jpg,1,5,False,blue,special_7,,7,7,True,川AH036Q,0.9998765305176921,-0.00222258789525398,True,川,baseline,0.33298160659740356,-1.099668025970459
fenqusai/test_photo/38_0727.jpg,1,6,False,blue,unknown_8,,8,8,True,川DAH036Q,0.5716940955801111,-10.06472211470335,True,川,baseline,0.33298160659740356,-1.099668025970459
fenqusai/test_photo/38_0738.jpg,0,0,False,blue,blue,,7,6,False,吉KFY80,0.25024486840483134,-24.935676603693395,True,吉,baseline,0.3333328498851632,-1.0986137390136719
fenqusai/test_photo/38_0738.jpg,0,1,False,blue,green,,8,6,False,吉KFY80,0.25024486840483134,-24.935676603693395,True,吉,baseline,0.3333328498851632,-1.0986137390136719
fenqusai/test_photo/38_0738.jpg,0,2,False,blue,green,tractor_green,8,6,False,吉KFY80,0.25024486840483134,-24.935676603693395,True,吉,baseline,0.3333328498851632,-1.0986137390136719
fenqusai/test_photo/38_0738.jpg,0,3,False,blue,yellow,,7,6,False,吉KFY80,0.25024486840483134,-24.935676603693395,True,吉,baseline,0.3333328498851632,-1.0986137390136719
fenqusai/test_photo/38_0738.jpg,0,4,False,blue,black,,7,6,False,吉KFY80,0.25024486840483134,-24.935676603693395,True,吉,baseline,0.3333328498851632,-1.0986137390136719
fenqusai/test_photo/38_0738.jpg,0,5,True,blue,special_7,,7,6,False,吉6FY80,0.9727030067407441,-0.4981766036933948,True,吉,baseline,0.3333328498851632,-1.0986137390136719
fenqusai/test_photo/38_0738.jpg,0,6,False,blue,unknown_8,,8,6,False,吉KFY80,0.25024486840483134,-24.935676603693395,True,吉,baseline,0.3333328498851632,-1.0986137390136719
fenqusai/test_photo/38_0738.jpg,1,0,True,blue,blue,,7,7,True,冀BGZ027,0.9815667982208065,-0.3348937854165115,True,冀,baseline,0.2496250692363776,-1.3877952098846436
fenqusai/test_photo/38_0738.jpg,1,1,False,blue,green,,8,7,False,冀BGZ027,0.9815667982208065,-0.3348937854165115,True,冀,baseline,0.2496250692363776,-1.3877952098846436
fenqusai/test_photo/38_0738.jpg,1,2,False,blue,green,tractor_green,8,7,False,冀BGZ027,0.9815667982208065,-0.3348937854165115,True,冀,baseline,0.2496250692363776,-1.3877952098846436
fenqusai/test_photo/38_0738.jpg,1,3,False,blue,yellow,,7,7,True,冀BGZ027,0.9815667982208065,-0.3348937854165115,True,冀,baseline,0.2496250692363776,-1.3877952098846436
fenqusai/test_photo/38_0738.jpg,1,4,False,blue,black,,7,7,True,冀BGZ027,0.9815667982208065,-0.3348937854165115,True,冀,baseline,0.2496250692363776,-1.3877952098846436
fenqusai/test_photo/38_0738.jpg,1,5,False,blue,special_7,,7,7,True,冀BGZ027,0.9815667982208065,-0.3348937854165115,True,冀,baseline,0.2496250692363776,-1.3877952098846436
fenqusai/test_photo/38_0738.jpg,1,6,False,blue,unknown_8,,8,7,False,冀BGZ027,0.9815667982208065,-0.3348937854165115,True,冀,baseline,0.2496250692363776,-1.3877952098846436
fenqusai/test_photo/38_0738.jpg,2,0,True,blue,blue,,7,7,True,黑AG5RJ1,0.8576116809521976,-2.764869628411219,True,黑,baseline,0.3130115350579126,-1.161515235900879
fenqusai/test_photo/38_0738.jpg,2,1,False,blue,green,,8,8,True,黑AGE5RJ1,0.9836834872709482,-0.29611967311470266,True,黑,baseline,0.3130115350579126,-1.161515235900879
fenqusai/test_photo/38_0738.jpg,2,2,False,blue,green,tractor_green,8,8,True,黑AGE5RJ1,0.9836834872709482,-0.29611967311470266,True,黑,baseline,0.3130115350579126,-1.161515235900879
fenqusai/test_photo/38_0738.jpg,2,3,False,blue,yellow,,7,7,True,黑AG5RJ1,0.8576116809521976,-2.764869628411219,True,黑,baseline,0.3130115350579126,-1.161515235900879
fenqusai/test_photo/38_0738.jpg,2,4,False,blue,black,,7,7,True,黑AG5RJ1,0.8576116809521976,-2.764869628411219,True,黑,baseline,0.3130115350579126,-1.161515235900879
fenqusai/test_photo/38_0738.jpg,2,5,False,blue,special_7,,7,7,True,黑AG5RJ1,0.8576116809521976,-2.764869628411219,True,黑,baseline,0.3130115350579126,-1.161515235900879
fenqusai/test_photo/38_0738.jpg,2,6,False,blue,unknown_8,,8,8,True,黑AGE5RJ1,0.9836834872709482,-0.29611967311470266,True,黑,baseline,0.3130115350579126,-1.161515235900879
fenqusai/test_photo/38_0751.jpg,0,0,True,blue,blue,,7,7,True,湘H67675,0.9954590133857368,-0.08192390783813153,True,湘,baseline,0.30716749146273836,-1.1803621053695679
fenqusai/test_photo/38_0751.jpg,0,1,False,blue,green,,8,8,True,湘H676745,0.5933846615157586,-9.394423558795893,True,湘,baseline,0.30716749146273836,-1.1803621053695679
fenqusai/test_photo/38_0751.jpg,0,2,False,blue,green,tractor_green,8,8,True,湘H676745,0.5933846615157586,-9.394423558795893,True,湘,baseline,0.30716749146273836,-1.1803621053695679
fenqusai/test_photo/38_0751.jpg,0,3,False,blue,yellow,,7,7,True,湘H67675,0.9954590133857368,-0.08192390783813153,True,湘,baseline,0.30716749146273836,-1.1803621053695679
fenqusai/test_photo/38_0751.jpg,0,4,False,blue,black,,7,7,True,湘H67675,0.9954590133857368,-0.08192390783813153,True,湘,baseline,0.30716749146273836,-1.1803621053695679
fenqusai/test_photo/38_0751.jpg,0,5,False,blue,special_7,,7,7,True,湘H67675,0.9954590133857368,-0.08192390783813153,True,湘,baseline,0.30716749146273836,-1.1803621053695679
fenqusai/test_photo/38_0751.jpg,0,6,False,blue,unknown_8,,8,8,True,湘H676745,0.5933846615157586,-9.394423558795893,True,湘,baseline,0.30716749146273836,-1.1803621053695679
fenqusai/test_photo/38_0751.jpg,1,0,True,blue,blue,,7,7,True,湘ATU491,0.8811055102667872,-2.2784021690312954,True,湘,baseline,0.17231103634968192,-1.7584540843963623
fenqusai/test_photo/38_0751.jpg,1,1,False,blue,green,,8,8,True,湘HATU491,0.8734901285312355,-2.4346521094266507,True,湘,baseline,0.17231103634968192,-1.7584540843963623
fenqusai/test_photo/38_0751.jpg,1,2,False,blue,green,tractor_green,8,8,True,湘HATU491,0.8734901285312355,-2.4346521094266507,True,湘,baseline,0.17231103634968192,-1.7584540843963623
fenqusai/test_photo/38_0751.jpg,1,3,False,blue,yellow,,7,7,True,湘ATU491,0.8811055102667872,-2.2784021690312954,True,湘,baseline,0.17231103634968192,-1.7584540843963623
fenqusai/test_photo/38_0751.jpg,1,4,False,blue,black,,7,7,True,湘ATU491,0.8811055102667872,-2.2784021690312954,True,湘,baseline,0.17231103634968192,-1.7584540843963623
fenqusai/test_photo/38_0751.jpg,1,5,False,blue,special_7,,7,7,True,湘ATU491,0.8811055102667872,-2.2784021690312954,True,湘,baseline,0.17231103634968192,-1.7584540843963623
fenqusai/test_photo/38_0751.jpg,1,6,False,blue,unknown_8,,8,8,True,湘HATU491,0.8734901285312355,-2.4346521094266507,True,湘,baseline,0.17231103634968192,-1.7584540843963623
fenqusai/test_photo/38_0751.jpg,2,0,True,unknown_7,blue,,7,7,True,川AG29SV,0.9545006979577854,-0.838204282582403,True,川,baseline,0.3219205483567872,-1.1334505081176758
fenqusai/test_photo/38_0751.jpg,2,1,False,unknown_7,green,,8,8,True,川AAG29SV,0.9123735347979604,-1.6507043123847254,True,川,baseline,0.3219205483567872,-1.1334505081176758
fenqusai/test_photo/38_0751.jpg,2,2,False,unknown_7,green,tractor_green,8,8,True,川AAG29SV,0.9123735347979604,-1.6507043123847254,True,川,baseline,0.3219205483567872,-1.1334505081176758
fenqusai/test_photo/38_0751.jpg,2,3,False,unknown_7,yellow,,7,7,True,川AG29SV,0.9545006979577854,-0.838204282582403,True,川,baseline,0.3219205483567872,-1.1334505081176758
fenqusai/test_photo/38_0751.jpg,2,4,False,unknown_7,black,,7,7,True,川AG29SV,0.9545006979577854,-0.838204282582403,True,川,baseline,0.3219205483567872,-1.1334505081176758
fenqusai/test_photo/38_0751.jpg,2,5,False,unknown_7,special_7,,7,7,True,川AG29SV,0.9545006979577854,-0.838204282582403,True,川,baseline,0.3219205483567872,-1.1334505081176758
fenqusai/test_photo/38_0751.jpg,2,6,False,unknown_7,unknown_8,,8,8,True,川AAG29SV,0.9123735347979604,-1.6507043123847254,True,川,baseline,0.3219205483567872,-1.1334505081176758
fenqusai/test_photo/38_0751.jpg,3,0,False,blue,blue,,7,7,True,京A64N8Y,0.3597905136981991,-18.400199819383943,True,京,baseline,0.3332050424841336,-1.0989972352981567
fenqusai/test_photo/38_0751.jpg,3,1,True,blue,green,,8,8,True,京A64N83Y,0.5180673681280666,-11.837699835798503,True,京,baseline,0.3332050424841336,-1.0989972352981567
fenqusai/test_photo/38_0751.jpg,3,2,False,blue,green,tractor_green,8,8,True,京A64N83Y,0.5180673681280666,-11.837699835798503,True,京,baseline,0.3332050424841336,-1.0989972352981567
fenqusai/test_photo/38_0751.jpg,3,3,False,blue,yellow,,7,7,True,京A64N8Y,0.3597905136981991,-18.400199819383943,True,京,baseline,0.3332050424841336,-1.0989972352981567
fenqusai/test_photo/38_0751.jpg,3,4,False,blue,black,,7,7,True,京A64领8Y,0.3750984878148642,-17.650199759779298,True,京,baseline,0.3332050424841336,-1.0989972352981567
fenqusai/test_photo/38_0751.jpg,3,5,False,blue,special_7,,7,7,True,京A64领8Y,0.3750984878148642,-17.650199759779298,True,京,baseline,0.3332050424841336,-1.0989972352981567
fenqusai/test_photo/38_0751.jpg,3,6,False,blue,unknown_8,,8,8,True,京A64N83Y,0.5180673681280666,-11.837699835798503,True,京,baseline,0.3332050424841336,-1.0989972352981567
fenqusai/test_photo/38_0754.jpg,0,0,True,blue,blue,,7,7,True,湘CTY806,0.8406372129021915,-3.1247115828837195,True,湘,baseline,0.0836954192173465,-2.4805710315704346
fenqusai/test_photo/38_0754.jpg,0,1,False,blue,green,,8,8,True,湘CTY8065,0.8680751115358929,-2.546586612686042,True,湘,baseline,0.0836954192173465,-2.4805710315704346
fenqusai/test_photo/38_0754.jpg,0,2,False,blue,green,tractor_green,8,8,True,湘CTY8065,0.8680751115358929,-2.546586612686042,True,湘,baseline,0.0836954192173465,-2.4805710315704346
fenqusai/test_photo/38_0754.jpg,0,3,False,blue,yellow,,7,7,True,湘CTY806,0.8406372129021915,-3.1247115828837195,True,湘,baseline,0.0836954192173465,-2.4805710315704346
fenqusai/test_photo/38_0754.jpg,0,4,False,blue,black,,7,7,True,湘CTY806,0.8406372129021915,-3.1247115828837195,True,湘,baseline,0.0836954192173465,-2.4805710315704346
fenqusai/test_photo/38_0754.jpg,0,5,False,blue,special_7,,7,7,True,湘CTY806,0.8406372129021915,-3.1247115828837195,True,湘,baseline,0.0836954192173465,-2.4805710315704346
fenqusai/test_photo/38_0754.jpg,0,6,False,blue,unknown_8,,8,8,True,湘CTY8065,0.8680751115358929,-2.546586612686042,True,湘,baseline,0.0836954192173465,-2.4805710315704346
fenqusai/test_photo/38_0754.jpg,1,0,True,blue,blue,,7,7,True,津A3E2S0,0.9966903300784414,-0.05967286188739962,True,津,baseline,0.31403890139653556,-1.158238410949707
fenqusai/test_photo/38_0754.jpg,1,1,False,blue,green,,8,8,True,津AY3E2S0,0.5243078484531465,-11.622172862194809,True,津,baseline,0.31403890139653556,-1.158238410949707
fenqusai/test_photo/38_0754.jpg,1,2,False,blue,green,tractor_green,8,8,True,津AY3E2S0,0.5243078484531465,-11.622172862194809,True,津,baseline,0.31403890139653556,-1.158238410949707
fenqusai/test_photo/38_0754.jpg,1,3,False,blue,yellow,,7,7,True,津A3E2S0,0.9966903300784414,-0.05967286188739962,True,津,baseline,0.31403890139653556,-1.158238410949707
fenqusai/test_photo/38_0754.jpg,1,4,False,blue,black,,7,7,True,津A3E2S0,0.9966903300784414,-0.05967286188739962,True,津,baseline,0.31403890139653556,-1.158238410949707
fenqusai/test_photo/38_0754.jpg,1,5,False,blue,special_7,,7,7,True,津A3E2S0,0.9966903300784414,-0.05967286188739962,True,津,baseline,0.31403890139653556,-1.158238410949707
fenqusai/test_photo/38_0754.jpg,1,6,False,blue,unknown_8,,8,8,True,津AY3E2S0,0.5243078484531465,-11.622172862194809,True,津,baseline,0.31403890139653556,-1.158238410949707
fenqusai/test_photo/38_0754.jpg,2,0,True,blue,blue,,7,7,True,皖AM02J9,0.9831463374085666,-0.305951431451831,True,皖,baseline,0.24628060041704164,-1.4012837409973145
fenqusai/test_photo/38_0754.jpg,2,1,False,blue,green,,8,7,False,皖AM02J9,0.9831463374085666,-0.305951431451831,True,皖,baseline,0.24628060041704164,-1.4012837409973145
fenqusai/test_photo/38_0754.jpg,2,2,False,blue,green,tractor_green,8,7,False,皖AM02J9,0.9831463374085666,-0.305951431451831,True,皖,baseline,0.24628060041704164,-1.4012837409973145
fenqusai/test_photo/38_0754.jpg,2,3,False,blue,yellow,,7,7,True,皖AM02J9,0.9831463374085666,-0.305951431451831,True,皖,baseline,0.24628060041704164,-1.4012837409973145
fenqusai/test_photo/38_0754.jpg,2,4,False,blue,black,,7,7,True,皖AM02J9,0.9831463374085666,-0.305951431451831,True,皖,baseline,0.24628060041704164,-1.4012837409973145
fenqusai/test_photo/38_0754.jpg,2,5,False,blue,special_7,,7,7,True,皖AM02J9,0.9831463374085666,-0.305951431451831,True,皖,baseline,0.24628060041704164,-1.4012837409973145
fenqusai/test_photo/38_0754.jpg,2,6,False,blue,unknown_8,,8,7,False,皖AM02J9,0.9831463374085666,-0.305951431451831,True,皖,baseline,0.24628060041704164,-1.4012837409973145
fenqusai/test_photo/38_0754.jpg,3,0,True,black,black,,7,7,True,川AADX6J,0.6218154537601127,-8.552014711225638,True,川,baseline,0.33208650999702416,-1.1023597717285156
fenqusai/test_photo/38_0754.jpg,3,1,False,black,blue,,7,7,True,川AADX6J,0.6218154537601127,-8.552014711225638,True,川,baseline,0.33208650999702416,-1.1023597717285156
fenqusai/test_photo/38_0754.jpg,3,2,False,black,green,,8,5,False,川AX6J,0.9833613874643584,-0.3020146037742961,True,川,baseline,0.33208650999702416,-1.1023597717285156
fenqusai/test_photo/38_0754.jpg,3,3,False,black,green,tractor_green,8,5,False,川AX6J,0.9833613874643584,-0.3020146037742961,True,川,baseline,0.33208650999702416,-1.1023597717285156
fenqusai/test_photo/38_0754.jpg,3,4,False,black,yellow,,7,7,True,川AADX6J,0.6218154537601127,-8.552014711225638,True,川,baseline,0.33208650999702416,-1.1023597717285156
fenqusai/test_photo/38_0754.jpg,3,5,False,black,special_7,,7,7,True,川AADX6J,0.6218154537601127,-8.552014711225638,True,川,baseline,0.33208650999702416,-1.1023597717285156
fenqusai/test_photo/38_0754.jpg,3,6,False,black,unknown_8,,8,5,False,川AX6J,0.9833613874643584,-0.3020146037742961,True,川,baseline,0.33208650999702416,-1.1023597717285156
fenqusai/test_photo/38_0778.jpg,0,0,True,yellow,yellow,,7,7,True,湘BT9953,0.9898937884982497,-0.18283726717345417,True,湘,baseline,0.28090803372684015,-1.2697279453277588
fenqusai/test_photo/38_0778.jpg,0,1,False,yellow,blue,,7,7,True,湘BT9953,0.9898937884982497,-0.18283726717345417,True,湘,baseline,0.28090803372684015,-1.2697279453277588
fenqusai/test_photo/38_0778.jpg,0,2,False,yellow,green,,8,7,False,湘BT9953,0.9898937884982497,-0.18283726717345417,True,湘,baseline,0.28090803372684015,-1.2697279453277588
fenqusai/test_photo/38_0778.jpg,0,3,False,yellow,green,tractor_green,8,7,False,湘BT9953,0.9898937884982497,-0.18283726717345417,True,湘,baseline,0.28090803372684015,-1.2697279453277588
fenqusai/test_photo/38_0778.jpg,0,4,False,yellow,black,,7,7,True,湘BT9953,0.9898937884982497,-0.18283726717345417,True,湘,baseline,0.28090803372684015,-1.2697279453277588
fenqusai/test_photo/38_0778.jpg,0,5,False,yellow,special_7,,7,7,True,湘BT9953,0.9898937884982497,-0.18283726717345417,True,湘,baseline,0.28090803372684015,-1.2697279453277588
fenqusai/test_photo/38_0778.jpg,0,6,False,yellow,unknown_8,,8,7,False,湘BT9953,0.9898937884982497,-0.18283726717345417,True,湘,baseline,0.28090803372684015,-1.2697279453277588
fenqusai/test_photo/38_0778.jpg,1,0,True,blue,blue,,7,7,True,吉AE229X,0.9460616569471889,-0.9980556403897651,True,吉,baseline,0.12735185569585228,-2.0608015060424805
fenqusai/test_photo/38_0778.jpg,1,1,False,blue,green,,8,7,False,吉AE229X,0.9460616569471889,-0.9980556403897651,True,吉,baseline,0.12735185569585228,-2.0608015060424805
fenqusai/test_photo/38_0778.jpg,1,2,False,blue,green,tractor_green,8,7,False,吉AE229X,0.9460616569471889,-0.9980556403897651,True,吉,baseline,0.12735185569585228,-2.0608015060424805
fenqusai/test_photo/38_0778.jpg,1,3,False,blue,yellow,,7,7,True,吉AE229X,0.9460616569471889,-0.9980556403897651,True,吉,baseline,0.12735185569585228,-2.0608015060424805
fenqusai/test_photo/38_0778.jpg,1,4,False,blue,black,,7,7,True,吉AE229X,0.9460616569471889,-0.9980556403897651,True,吉,baseline,0.12735185569585228,-2.0608015060424805
fenqusai/test_photo/38_0778.jpg,1,5,False,blue,special_7,,7,7,True,吉AE229X,0.9460616569471889,-0.9980556403897651,True,吉,baseline,0.12735185569585228,-2.0608015060424805
fenqusai/test_photo/38_0778.jpg,1,6,False,blue,unknown_8,,8,7,False,吉AE229X,0.9460616569471889,-0.9980556403897651,True,吉,baseline,0.12735185569585228,-2.0608015060424805
fenqusai/test_photo/38_0831.jpg,0,0,True,blue,blue,,7,7,True,川A10JL2,0.8715521868005321,-2.4746316161544826,True,川,baseline,0.12479816227410852,-2.081057548522949
fenqusai/test_photo/38_0831.jpg,0,1,False,blue,green,,8,8,True,川NA10JL2,0.8595309692364078,-2.7246316161544826,True,川,baseline,0.12479816227410852,-2.081057548522949
fenqusai/test_photo/38_0831.jpg,0,2,False,blue,green,tractor_green,8,8,True,川NA10JL2,0.8595309692364078,-2.7246316161544826,True,川,baseline,0.12479816227410852,-2.081057548522949
fenqusai/test_photo/38_0831.jpg,0,3,False,blue,yellow,,7,7,True,川A10JL2,0.8715521868005321,-2.4746316161544826,True,川,baseline,0.12479816227410852,-2.081057548522949
fenqusai/test_photo/38_0831.jpg,0,4,False,blue,black,,7,7,True,川A10JL2,0.8715521868005321,-2.4746316161544826,True,川,baseline,0.12479816227410852,-2.081057548522949
fenqusai/test_photo/38_0831.jpg,0,5,False,blue,special_7,,7,7,True,川A10JL2,0.8715521868005321,-2.4746316161544826,True,川,baseline,0.12479816227410852,-2.081057548522949
fenqusai/test_photo/38_0831.jpg,0,6,False,blue,unknown_8,,8,8,True,川NA10JL2,0.8595309692364078,-2.7246316161544826,True,川,baseline,0.12479816227410852,-2.081057548522949
fenqusai/test_photo/38_0831.jpg,1,0,True,blue,blue,,7,7,True,浙A639M1,0.9922499291244684,-0.14004465746529604,True,浙,baseline,0.31006537741813367,-1.1709721088409424
fenqusai/test_photo/38_0831.jpg,1,1,False,blue,green,,8,7,False,浙A639M1,0.9922499291244684,-0.14004465746529604,True,浙,baseline,0.31006537741813367,-1.1709721088409424
fenqusai/test_photo/38_0831.jpg,1,2,False,blue,green,tractor_green,8,7,False,浙A639M1,0.9922499291244684,-0.14004465746529604,True,浙,baseline,0.31006537741813367,-1.1709721088409424
fenqusai/test_photo/38_0831.jpg,1,3,False,blue,yellow,,7,7,True,浙A639M1,0.9922499291244684,-0.14004465746529604,True,浙,baseline,0.31006537741813367,-1.1709721088409424
fenqusai/test_photo/38_0831.jpg,1,4,False,blue,black,,7,7,True,浙A639M1,0.9922499291244684,-0.14004465746529604,True,浙,baseline,0.31006537741813367,-1.1709721088409424
fenqusai/test_photo/38_0831.jpg,1,5,False,blue,special_7,,7,7,True,浙A639M1,0.9922499291244684,-0.14004465746529604,True,浙,baseline,0.31006537741813367,-1.1709721088409424
fenqusai/test_photo/38_0831.jpg,1,6,False,blue,unknown_8,,8,7,False,浙A639M1,0.9922499291244684,-0.14004465746529604,True,浙,baseline,0.31006537741813367,-1.1709721088409424
fenqusai/test_photo/38_0838.jpg,0,0,True,blue,blue,,7,7,True,甘AVR196,0.9967941558309152,-0.057797890138758135,True,甘,baseline,0.32472879586512815,-1.1247649192810059
fenqusai/test_photo/38_0838.jpg,0,1,False,blue,green,,8,7,False,甘AVR196,0.9967941558309152,-0.057797890138758135,True,甘,baseline,0.32472879586512815,-1.1247649192810059
fenqusai/test_photo/38_0838.jpg,0,2,False,blue,green,tractor_green,8,7,False,甘AVR196,0.9967941558309152,-0.057797890138758135,True,甘,baseline,0.32472879586512815,-1.1247649192810059
fenqusai/test_photo/38_0838.jpg,0,3,False,blue,yellow,,7,7,True,甘AVR196,0.9967941558309152,-0.057797890138758135,True,甘,baseline,0.32472879586512815,-1.1247649192810059
fenqusai/test_photo/38_0838.jpg,0,4,False,blue,black,,7,7,True,甘AVR196,0.9967941558309152,-0.057797890138758135,True,甘,baseline,0.32472879586512815,-1.1247649192810059
fenqusai/test_photo/38_0838.jpg,0,5,False,blue,special_7,,7,7,True,甘AVR196,0.9967941558309152,-0.057797890138758135,True,甘,baseline,0.32472879586512815,-1.1247649192810059
fenqusai/test_photo/38_0838.jpg,0,6,False,blue,unknown_8,,8,7,False,甘AVR196,0.9967941558309152,-0.057797890138758135,True,甘,baseline,0.32472879586512815,-1.1247649192810059
fenqusai/test_photo/38_0838.jpg,1,0,True,blue,blue,,7,7,True,辽AV97R5,0.9980149517717835,-0.035766378857594816,True,辽,baseline,0.3224805173511808,-1.131712555885315
fenqusai/test_photo/38_0838.jpg,1,1,False,blue,green,,8,7,False,辽AV97R5,0.9980149517717835,-0.035766378857594816,True,辽,baseline,0.3224805173511808,-1.131712555885315
fenqusai/test_photo/38_0838.jpg,1,2,False,blue,green,tractor_green,8,7,False,辽AV97R5,0.9980149517717835,-0.035766378857594816,True,辽,baseline,0.3224805173511808,-1.131712555885315
fenqusai/test_photo/38_0838.jpg,1,3,False,blue,yellow,,7,7,True,辽AV97R5,0.9980149517717835,-0.035766378857594816,True,辽,baseline,0.3224805173511808,-1.131712555885315
fenqusai/test_photo/38_0838.jpg,1,4,False,blue,black,,7,7,True,辽AV97R5,0.9980149517717835,-0.035766378857594816,True,辽,baseline,0.3224805173511808,-1.131712555885315
fenqusai/test_photo/38_0838.jpg,1,5,False,blue,special_7,,7,7,True,辽AV97R5,0.9980149517717835,-0.035766378857594816,True,辽,baseline,0.3224805173511808,-1.131712555885315
fenqusai/test_photo/38_0838.jpg,1,6,False,blue,unknown_8,,8,7,False,辽AV97R5,0.9980149517717835,-0.035766378857594816,True,辽,baseline,0.3224805173511808,-1.131712555885315
fenqusai/test_photo/38_0860.jpg,0,0,True,yellow,yellow,,7,7,True,渝BX0675,0.9685386436100807,-0.5754041362088032,True,渝,baseline,0.3323755870727755,-1.1014896631240845
fenqusai/test_photo/38_0860.jpg,0,1,False,yellow,blue,,7,7,True,渝BX0675,0.9685386436100807,-0.5754041362088032,True,渝,baseline,0.3323755870727755,-1.1014896631240845
fenqusai/test_photo/38_0860.jpg,0,2,False,yellow,green,,8,8,True,渝BX0675E,0.40638410184092616,-16.208217053441317,True,渝,baseline,0.3323755870727755,-1.1014896631240845
fenqusai/test_photo/38_0860.jpg,0,3,False,yellow,green,tractor_green,8,8,True,渝BX0675E,0.40638410184092616,-16.208217053441317,True,渝,baseline,0.3323755870727755,-1.1014896631240845
fenqusai/test_photo/38_0860.jpg,0,4,False,yellow,black,,7,7,True,渝BX0675,0.9685386436100807,-0.5754041362088032,True,渝,baseline,0.3323755870727755,-1.1014896631240845
fenqusai/test_photo/38_0860.jpg,0,5,False,yellow,special_7,,7,7,True,渝BX0675,0.9685386436100807,-0.5754041362088032,True,渝,baseline,0.3323755870727755,-1.1014896631240845
fenqusai/test_photo/38_0860.jpg,0,6,False,yellow,unknown_8,,8,8,True,渝BX0675E,0.40638410184092616,-16.208217053441317,True,渝,baseline,0.3323755870727755,-1.1014896631240845
fenqusai/test_photo/38_0860.jpg,1,0,True,blue,blue,,7,7,True,辽AZ4Z28,0.9712122513734232,-0.5257843934467132,True,辽,baseline,0.2036365230851582,-1.5914186239242554
fenqusai/test_photo/38_0860.jpg,1,1,False,blue,green,,8,7,False,辽AZ4Z28,0.9712122513734232,-0.5257843934467132,True,辽,baseline,0.2036365230851582,-1.5914186239242554
fenqusai/test_photo/38_0860.jpg,1,2,False,blue,green,tractor_green,8,7,False,辽AZ4Z28,0.9712122513734232,-0.5257843934467132,True,辽,baseline,0.2036365230851582,-1.5914186239242554
fenqusai/test_photo/38_0860.jpg,1,3,False,blue,yellow,,7,7,True,辽AZ4Z28,0.9712122513734232,-0.5257843934467132,True,辽,baseline,0.2036365230851582,-1.5914186239242554
fenqusai/test_photo/38_0860.jpg,1,4,False,blue,black,,7,7,True,辽AZ4Z28,0.9712122513734232,-0.5257843934467132,True,辽,baseline,0.2036365230851582,-1.5914186239242554
fenqusai/test_photo/38_0860.jpg,1,5,False,blue,special_7,,7,7,True,辽AZ4Z28,0.9712122513734232,-0.5257843934467132,True,辽,baseline,0.2036365230851582,-1.5914186239242554
fenqusai/test_photo/38_0860.jpg,1,6,False,blue,unknown_8,,8,7,False,辽AZ4Z28,0.9712122513734232,-0.5257843934467132,True,辽,baseline,0.2036365230851582,-1.5914186239242554
fenqusai/test_photo/39.jpg,0,0,True,unknown_7,blue,,7,7,True,云B07559,0.9686642450206311,-0.5730700230332104,True,云,baseline,0.20083079152550978,-1.605292558670044
fenqusai/test_photo/39.jpg,0,1,False,unknown_7,green,,8,7,False,云B07559,0.9686642450206311,-0.5730700230332104,True,云,baseline,0.20083079152550978,-1.605292558670044
fenqusai/test_photo/39.jpg,0,2,False,unknown_7,green,tractor_green,8,7,False,云B07559,0.9686642450206311,-0.5730700230332104,True,云,baseline,0.20083079152550978,-1.605292558670044
fenqusai/test_photo/39.jpg,0,3,False,unknown_7,yellow,,7,7,True,云B07559,0.9686642450206311,-0.5730700230332104,True,云,baseline,0.20083079152550978,-1.605292558670044
fenqusai/test_photo/39.jpg,0,4,False,unknown_7,black,,7,7,True,云B07559,0.9686642450206311,-0.5730700230332104,True,云,baseline,0.20083079152550978,-1.605292558670044
fenqusai/test_photo/39.jpg,0,5,False,unknown_7,special_7,,7,7,True,云B07559,0.9686642450206311,-0.5730700230332104,True,云,baseline,0.20083079152550978,-1.605292558670044
fenqusai/test_photo/39.jpg,0,6,False,unknown_7,unknown_8,,8,7,False,云B07559,0.9686642450206311,-0.5730700230332104,True,云,baseline,0.20083079152550978,-1.605292558670044
fenqusai/test_photo/39.jpg,1,0,True,unknown_7,blue,,7,7,True,甘N1K1MU,0.7513075486570705,-5.146923459546031,True,甘,baseline,0.28487843874775715,-1.255692720413208
fenqusai/test_photo/39.jpg,1,1,False,unknown_7,green,,8,8,True,甘N1VK1MU,0.7206462797183729,-5.896923459546031,True,甘,baseline,0.28487843874775715,-1.255692720413208
fenqusai/test_photo/39.jpg,1,2,False,unknown_7,green,tractor_green,8,8,True,甘N1VK1MU,0.7206462797183729,-5.896923459546031,True,甘,baseline,0.28487843874775715,-1.255692720413208
fenqusai/test_photo/39.jpg,1,3,False,unknown_7,yellow,,7,7,True,甘N1K1MU,0.7513075486570705,-5.146923459546031,True,甘,baseline,0.28487843874775715,-1.255692720413208
fenqusai/test_photo/39.jpg,1,4,False,unknown_7,black,,7,7,True,甘N领K1MU,0.8222897810010179,-3.5219234595460307,True,甘,baseline,0.28487843874775715,-1.255692720413208
fenqusai/test_photo/39.jpg,1,5,False,unknown_7,special_7,,7,7,True,甘N领K1MU,0.8222897810010179,-3.5219234595460307,True,甘,baseline,0.28487843874775715,-1.255692720413208
fenqusai/test_photo/39.jpg,1,6,False,unknown_7,unknown_8,,8,8,True,甘N1VK1MU,0.7206462797183729,-5.896923459546031,True,甘,baseline,0.28487843874775715,-1.255692720413208
fenqusai/test_photo/40.jpg,0,0,True,blue,blue,,7,7,True,新JN8888,0.992753877539863,-0.13090505617935833,True,新,baseline,0.30031913427784046,-1.2029095888137817
fenqusai/test_photo/40.jpg,0,1,False,blue,green,,8,8,True,新YJN8888,0.563693432387104,-10.318405227542712,True,新,baseline,0.30031913427784046,-1.2029095888137817
fenqusai/test_photo/40.jpg,0,2,False,blue,green,tractor_green,8,8,True,新YJN8888,0.563693432387104,-10.318405227542712,True,新,baseline,0.30031913427784046,-1.2029095888137817
fenqusai/test_photo/40.jpg,0,3,False,blue,yellow,,7,7,True,新JN8888,0.992753877539863,-0.13090505617935833,True,新,baseline,0.30031913427784046,-1.2029095888137817
fenqusai/test_photo/40.jpg,0,4,False,blue,black,,7,7,True,新JN8888,0.992753877539863,-0.13090505617935833,True,新,baseline,0.30031913427784046,-1.2029095888137817
fenqusai/test_photo/40.jpg,0,5,False,blue,special_7,,7,7,True,新JN8888,0.992753877539863,-0.13090505617935833,True,新,baseline,0.30031913427784046,-1.2029095888137817
fenqusai/test_photo/40.jpg,0,6,False,blue,unknown_8,,8,8,True,新YJN8888,0.563693432387104,-10.318405227542712,True,新,baseline,0.30031913427784046,-1.2029095888137817
fenqusai/test_photo/41_0670.jpg,0,0,True,blue,blue,,7,7,True,湘A857LG,0.9380983460548068,-1.1502088007691782,True,湘,baseline,0.12096466928949501,-2.1122567653656006
fenqusai/test_photo/41_0670.jpg,0,1,False,blue,green,,8,8,True,湘DA857LG,0.7750151373332912,-4.587708919978468,True,湘,baseline,0.12096466928949501,-2.1122567653656006
fenqusai/test_photo/41_0670.jpg,0,2,False,blue,green,tractor_green,8,8,True,湘DA857LG,0.7750151373332912,-4.587708919978468,True,湘,baseline,0.12096466928949501,-2.1122567653656006
fenqusai/test_photo/41_0670.jpg,0,3,False,blue,yellow,,7,7,True,湘A857LG,0.9380983460548068,-1.1502088007691782,True,湘,baseline,0.12096466928949501,-2.1122567653656006
fenqusai/test_photo/41_0670.jpg,0,4,False,blue,black,,7,7,True,湘A857LG,0.9380983460548068,-1.1502088007691782,True,湘,baseline,0.12096466928949501,-2.1122567653656006
fenqusai/test_photo/41_0670.jpg,0,5,False,blue,special_7,,7,7,True,湘A857LG,0.9380983460548068,-1.1502088007691782,True,湘,baseline,0.12096466928949501,-2.1122567653656006
fenqusai/test_photo/41_0670.jpg,0,6,False,blue,unknown_8,,8,8,True,湘DA857LG,0.7750151373332912,-4.587708919978468,True,湘,baseline,0.12096466928949501,-2.1122567653656006
fenqusai/test_photo/41_0670.jpg,1,0,True,blue,blue,,7,7,True,冀A51YK7,0.9998914174011395,-0.0019545928987980687,True,冀,baseline,0.3328733772865894,-1.099993109703064
fenqusai/test_photo/41_0670.jpg,1,1,False,blue,green,,8,8,True,冀AA51YK7,0.6388885637574404,-8.064454165712775,True,冀,baseline,0.3328733772865894,-1.099993109703064
fenqusai/test_photo/41_0670.jpg,1,2,False,blue,green,tractor_green,8,8,True,冀AA51YK7,0.6388885637574404,-8.064454165712775,True,冀,baseline,0.3328733772865894,-1.099993109703064
fenqusai/test_photo/41_0670.jpg,1,3,False,blue,yellow,,7,7,True,冀A51YK7,0.9998914174011395,-0.0019545928987980687,True,冀,baseline,0.3328733772865894,-1.099993109703064
fenqusai/test_photo/41_0670.jpg,1,4,False,blue,black,,7,7,True,冀A51YK7,0.9998914174011395,-0.0019545928987980687,True,冀,baseline,0.3328733772865894,-1.099993109703064
fenqusai/test_photo/41_0670.jpg,1,5,False,blue,special_7,,7,7,True,冀A51YK7,0.9998914174011395,-0.0019545928987980687,True,冀,baseline,0.3328733772865894,-1.099993109703064
fenqusai/test_photo/41_0670.jpg,1,6,False,blue,unknown_8,,8,8,True,冀AA51YK7,0.6388885637574404,-8.064454165712775,True,冀,baseline,0.3328733772865894,-1.099993109703064
fenqusai/test_photo/41_0686.jpg,0,0,True,blue,blue,,7,7,True,湘D6868X,0.9527626280240912,-0.8710107304814301,True,湘,baseline,0.1849883242082943,-1.687462568283081
fenqusai/test_photo/41_0686.jpg,0,1,False,blue,green,,8,8,True,湘D6868YX,0.8234743972466415,-3.4960107602837525,True,湘,baseline,0.1849883242082943,-1.687462568283081
fenqusai/test_photo/41_0686.jpg,0,2,False,blue,green,tractor_green,8,8,True,湘D6868YX,0.8234743972466415,-3.4960107602837525,True,湘,baseline,0.1849883242082943,-1.687462568283081
fenqusai/test_photo/41_0686.jpg,0,3,False,blue,yellow,,7,7,True,湘D6868X,0.9527626280240912,-0.8710107304814301,True,湘,baseline,0.1849883242082943,-1.687462568283081
fenqusai/test_photo/41_0686.jpg,0,4,False,blue,black,,7,7,True,湘D6868X,0.9527626280240912,-0.8710107304814301,True,湘,baseline,0.1849883242082943,-1.687462568283081
fenqusai/test_photo/41_0686.jpg,0,5,False,blue,special_7,,7,7,True,湘D6868X,0.9527626280240912,-0.8710107304814301,True,湘,baseline,0.1849883242082943,-1.687462568283081
fenqusai/test_photo/41_0686.jpg,0,6,False,blue,unknown_8,,8,8,True,湘D6868YX,0.8234743972466415,-3.4960107602837525,True,湘,baseline,0.1849883242082943,-1.687462568283081
fenqusai/test_photo/41_0686.jpg,1,0,True,blue,blue,,7,7,True,冀A8H403,0.9474553499364067,-0.9715584098448176,True,冀,baseline,0.23380603865479707,-1.4532634019851685
fenqusai/test_photo/41_0686.jpg,1,1,False,blue,green,,8,7,False,冀A8H403,0.9474553499364067,-0.9715584098448176,True,冀,baseline,0.23380603865479707,-1.4532634019851685
fenqusai/test_photo/41_0686.jpg,1,2,False,blue,green,tractor_green,8,7,False,冀A8H403,0.9474553499364067,-0.9715584098448176,True,冀,baseline,0.23380603865479707,-1.4532634019851685
fenqusai/test_photo/41_0686.jpg,1,3,False,blue,yellow,,7,7,True,冀A8H403,0.9474553499364067,-0.9715584098448176,True,冀,baseline,0.23380603865479707,-1.4532634019851685
fenqusai/test_photo/41_0686.jpg,1,4,False,blue,black,,7,7,True,冀A8H403,0.9474553499364067,-0.9715584098448176,True,冀,baseline,0.23380603865479707,-1.4532634019851685
fenqusai/test_photo/41_0686.jpg,1,5,False,blue,special_7,,7,7,True,冀A8H403,0.9474553499364067,-0.9715584098448176,True,冀,baseline,0.23380603865479707,-1.4532634019851685
fenqusai/test_photo/41_0686.jpg,1,6,False,blue,unknown_8,,8,7,False,冀A8H403,0.9474553499364067,-0.9715584098448176,True,冀,baseline,0.23380603865479707,-1.4532634019851685
fenqusai/test_photo/41_0705.jpg,0,0,True,green,green,,8,8,True,川AAP8176,0.8627924501003023,-2.6564600694362,True,川,baseline,0.023662442198054856,-3.743866205215454
fenqusai/test_photo/41_0705.jpg,0,1,False,green,green,tractor_green,8,8,True,川AAP8176,0.8627924501003023,-2.6564600694362,True,川,baseline,0.023662442198054856,-3.743866205215454
fenqusai/test_photo/41_0705.jpg,0,2,False,green,blue,,7,7,True,川AAP817,0.07480327226342207,-46.672085666184785,True,川,baseline,0.023662442198054856,-3.743866205215454
fenqusai/test_photo/41_0705.jpg,0,3,False,green,yellow,,7,7,True,川AAP817,0.07480327226342207,-46.672085666184785,True,川,baseline,0.023662442198054856,-3.743866205215454
fenqusai/test_photo/41_0705.jpg,0,4,False,green,black,,7,7,True,川AAP817,0.07480327226342207,-46.672085666184785,True,川,baseline,0.023662442198054856,-3.743866205215454
fenqusai/test_photo/41_0705.jpg,0,5,False,green,special_7,,7,7,True,川AAP817,0.07480327226342207,-46.672085666184785,True,川,baseline,0.023662442198054856,-3.743866205215454
fenqusai/test_photo/41_0705.jpg,0,6,False,green,unknown_8,,8,8,True,川AAP8176,0.8627924501003023,-2.6564600694362,True,川,baseline,0.023662442198054856,-3.743866205215454
fenqusai/test_photo/41_0705.jpg,1,0,True,blue,blue,,7,7,True,冀ATZ369,0.9652072682094417,-0.6374234699465973,True,冀,baseline,0.18770673568018448,-1.6728744506835938
fenqusai/test_photo/41_0705.jpg,1,1,False,blue,green,,8,7,False,冀ATZ369,0.9652072682094417,-0.6374234699465973,True,冀,baseline,0.18770673568018448,-1.6728744506835938
fenqusai/test_photo/41_0705.jpg,1,2,False,blue,green,tractor_green,8,7,False,冀ATZ369,0.9652072682094417,-0.6374234699465973,True,冀,baseline,0.18770673568018448,-1.6728744506835938
fenqusai/test_photo/41_0705.jpg,1,3,False,blue,yellow,,7,7,True,冀ATZ369,0.9652072682094417,-0.6374234699465973,True,冀,baseline,0.18770673568018448,-1.6728744506835938
fenqusai/test_photo/41_0705.jpg,1,4,False,blue,black,,7,7,True,冀ATZ369,0.9652072682094417,-0.6374234699465973,True,冀,baseline,0.18770673568018448,-1.6728744506835938
fenqusai/test_photo/41_0705.jpg,1,5,False,blue,special_7,,7,7,True,冀ATZ369,0.9652072682094417,-0.6374234699465973,True,冀,baseline,0.18770673568018448,-1.6728744506835938
fenqusai/test_photo/41_0705.jpg,1,6,False,blue,unknown_8,,8,7,False,冀ATZ369,0.9652072682094417,-0.6374234699465973,True,冀,baseline,0.18770673568018448,-1.6728744506835938
fenqusai/test_photo/41_0734.jpg,0,0,True,blue,blue,,7,7,True,云A5J6V7,0.9975115391001123,-0.04484812076756839,True,云,baseline,0.3320073042625309,-1.1025983095169067
fenqusai/test_photo/41_0734.jpg,0,1,False,blue,green,,8,8,True,云A5J6VY7,0.7222324568207826,-5.857348131943439,True,云,baseline,0.3320073042625309,-1.1025983095169067
fenqusai/test_photo/41_0734.jpg,0,2,False,blue,green,tractor_green,8,8,True,云A5J6VY7,0.7222324568207826,-5.857348131943439,True,云,baseline,0.3320073042625309,-1.1025983095169067
fenqusai/test_photo/41_0734.jpg,0,3,False,blue,yellow,,7,7,True,云A5J6V7,0.9975115391001123,-0.04484812076756839,True,云,baseline,0.3320073042625309,-1.1025983095169067
fenqusai/test_photo/41_0734.jpg,0,4,False,blue,black,,7,7,True,云A5J6V7,0.9975115391001123,-0.04484812076756839,True,云,baseline,0.3320073042625309,-1.1025983095169067
fenqusai/test_photo/41_0734.jpg,0,5,False,blue,special_7,,7,7,True,云A5J6V7,0.9975115391001123,-0.04484812076756839,True,云,baseline,0.3320073042625309,-1.1025983095169067
fenqusai/test_photo/41_0734.jpg,0,6,False,blue,unknown_8,,8,8,True,云A5J6VY7,0.7222324568207826,-5.857348131943439,True,云,baseline,0.3320073042625309,-1.1025983095169067
fenqusai/test_photo/41_0734.jpg,1,0,True,yellow,yellow,,7,7,True,冀AUS82学,0.9643357488421931,-0.6536836409182953,True,冀,baseline,0.3048392295787758,-1.187970757484436
fenqusai/test_photo/41_0734.jpg,1,1,False,yellow,blue,,7,7,True,冀AUS82U,0.38558933372252346,-17.15368280645361,True,冀,baseline,0.3048392295787758,-1.187970757484436
fenqusai/test_photo/41_0734.jpg,1,2,False,yellow,green,,8,8,True,冀AAUS82U,0.35599325702609536,-18.59118280645361,True,冀,baseline,0.3048392295787758,-1.187970757484436
fenqusai/test_photo/41_0734.jpg,1,3,False,yellow,green,tractor_green,8,8,True,冀AAUS82学,0.8903177398160947,-2.0911836409182953,True,冀,baseline,0.3048392295787758,-1.187970757484436
fenqusai/test_photo/41_0734.jpg,1,4,False,yellow,black,,7,7,True,冀AUS82学,0.9643357488421931,-0.6536836409182953,True,冀,baseline,0.3048392295787758,-1.187970757484436
fenqusai/test_photo/41_0734.jpg,1,5,False,yellow,special_7,,7,7,True,冀AUS82学,0.9643357488421931,-0.6536836409182953,True,冀,baseline,0.3048392295787758,-1.187970757484436
fenqusai/test_photo/41_0734.jpg,1,6,False,yellow,unknown_8,,8,8,True,冀AAUS82U,0.35599325702609536,-18.59118280645361,True,冀,baseline,0.3048392295787758,-1.187970757484436
fenqusai/test_photo/41_0752.jpg,0,0,True,blue,blue,,7,7,True,云NH1103,0.9716317568179114,-0.5180111516565304,True,云,baseline,0.21158691463588133,-1.553119421005249
fenqusai/test_photo/41_0752.jpg,0,1,False,blue,green,,8,7,False,云NH1103,0.9716317568179114,-0.5180111516565304,True,云,baseline,0.21158691463588133,-1.553119421005249
fenqusai/test_photo/41_0752.jpg,0,2,False,blue,green,tractor_green,8,7,False,云NH1103,0.9716317568179114,-0.5180111516565304,True,云,baseline,0.21158691463588133,-1.553119421005249
fenqusai/test_photo/41_0752.jpg,0,3,False,blue,yellow,,7,7,True,云NH1103,0.9716317568179114,-0.5180111516565304,True,云,baseline,0.21158691463588133,-1.553119421005249
fenqusai/test_photo/41_0752.jpg,0,4,False,blue,black,,7,7,True,云NH1103,0.9716317568179114,-0.5180111516565304,True,云,baseline,0.21158691463588133,-1.553119421005249
fenqusai/test_photo/41_0752.jpg,0,5,False,blue,special_7,,7,7,True,云NH1103,0.9716317568179114,-0.5180111516565304,True,云,baseline,0.21158691463588133,-1.553119421005249
fenqusai/test_photo/41_0752.jpg,0,6,False,blue,unknown_8,,8,7,False,云NH1103,0.9716317568179114,-0.5180111516565304,True,云,baseline,0.21158691463588133,-1.553119421005249
fenqusai/test_photo/41_0752.jpg,1,0,True,blue,blue,,7,7,True,冀A62B20,0.9398149351452553,-1.1173014109089934,True,冀,baseline,0.2716511739263352,-1.303236484527588
fenqusai/test_photo/41_0752.jpg,1,1,False,blue,green,,8,8,True,冀A62B2Q0,0.9595997896018462,-0.7423014109089934,True,冀,baseline,0.2716511739263352,-1.303236484527588
fenqusai/test_photo/41_0752.jpg,1,2,False,blue,green,tractor_green,8,8,True,冀A62B2Q0,0.9595997896018462,-0.7423014109089934,True,冀,baseline,0.2716511739263352,-1.303236484527588
fenqusai/test_photo/41_0752.jpg,1,3,False,blue,yellow,,7,7,True,冀A62B20,0.9398149351452553,-1.1173014109089934,True,冀,baseline,0.2716511739263352,-1.303236484527588
fenqusai/test_photo/41_0752.jpg,1,4,False,blue,black,,7,7,True,冀A62B20,0.9398149351452553,-1.1173014109089934,True,冀,baseline,0.2716511739263352,-1.303236484527588
fenqusai/test_photo/41_0752.jpg,1,5,False,blue,special_7,,7,7,True,冀A62B20,0.9398149351452553,-1.1173014109089934,True,冀,baseline,0.2716511739263352,-1.303236484527588
fenqusai/test_photo/41_0752.jpg,1,6,False,blue,unknown_8,,8,8,True,冀A62B2Q0,0.9595997896018462,-0.7423014109089934,True,冀,baseline,0.2716511739263352,-1.303236484527588
fenqusai/test_photo/41_0752.jpg,2,0,True,blue,blue,,7,7,True,湘ATA228,0.9381277794250006,-1.149644049371318,True,湘,baseline,0.2938654654578797,-1.2246332168579102
fenqusai/test_photo/41_0752.jpg,2,1,False,blue,green,,8,7,False,湘ATA228,0.9381277794250006,-1.149644049371318,True,湘,baseline,0.2938654654578797,-1.2246332168579102
fenqusai/test_photo/41_0752.jpg,2,2,False,blue,green,tractor_green,8,7,False,湘ATA228,0.9381277794250006,-1.149644049371318,True,湘,baseline,0.2938654654578797,-1.2246332168579102
fenqusai/test_photo/41_0752.jpg,2,3,False,blue,yellow,,7,7,True,湘ATA228,0.9381277794250006,-1.149644049371318,True,湘,baseline,0.2938654654578797,-1.2246332168579102
fenqusai/test_photo/41_0752.jpg,2,4,False,blue,black,,7,7,True,湘ATA228,0.9381277794250006,-1.149644049371318,True,湘,baseline,0.2938654654578797,-1.2246332168579102
fenqusai/test_photo/41_0752.jpg,2,5,False,blue,special_7,,7,7,True,湘ATA228,0.9381277794250006,-1.149644049371318,True,湘,baseline,0.2938654654578797,-1.2246332168579102
fenqusai/test_photo/41_0752.jpg,2,6,False,blue,unknown_8,,8,7,False,湘ATA228,0.9381277794250006,-1.149644049371318,True,湘,baseline,0.2938654654578797,-1.2246332168579102
fenqusai/test_photo/41_0752.jpg,3,0,True,blue,blue,,7,1,False,浙,0.0016057980407717539,-115.8144196375664,True,浙,0,0.25213753748677603,-1.377780556678772
fenqusai/test_photo/41_0752.jpg,3,1,False,blue,green,,8,1,False,浙,0.0016057980407717539,-115.8144196375664,True,浙,0,0.25213753748677603,-1.377780556678772
fenqusai/test_photo/41_0752.jpg,3,2,False,blue,green,tractor_green,8,1,False,浙,0.0016057980407717539,-115.8144196375664,True,浙,0,0.25213753748677603,-1.377780556678772
fenqusai/test_photo/41_0752.jpg,3,3,False,blue,yellow,,7,1,False,浙,0.0016057980407717539,-115.8144196375664,True,浙,0,0.25213753748677603,-1.377780556678772
fenqusai/test_photo/41_0752.jpg,3,4,False,blue,black,,7,1,False,浙,0.0016057980407717539,-115.8144196375664,True,浙,0,0.25213753748677603,-1.377780556678772
fenqusai/test_photo/41_0752.jpg,3,5,False,blue,special_7,,7,1,False,浙,0.0016057980407717539,-115.8144196375664,True,浙,0,0.25213753748677603,-1.377780556678772
fenqusai/test_photo/41_0752.jpg,3,6,False,blue,unknown_8,,8,1,False,浙,0.0016057980407717539,-115.8144196375664,True,浙,0,0.25213753748677603,-1.377780556678772
fenqusai/test_photo/41_0775.jpg,0,0,True,blue,blue,,7,7,True,吉AA666F,0.9775455316298106,-0.408787353629549,True,吉,baseline,0.27399832950492725,-1.2946332693099976
fenqusai/test_photo/41_0775.jpg,0,1,False,blue,green,,8,7,False,吉AA666F,0.9775455316298106,-0.408787353629549,True,吉,baseline,0.27399832950492725,-1.2946332693099976
fenqusai/test_photo/41_0775.jpg,0,2,False,blue,green,tractor_green,8,7,False,吉AA666F,0.9775455316298106,-0.408787353629549,True,吉,baseline,0.27399832950492725,-1.2946332693099976
fenqusai/test_photo/41_0775.jpg,0,3,False,blue,yellow,,7,7,True,吉AA666F,0.9775455316298106,-0.408787353629549,True,吉,baseline,0.27399832950492725,-1.2946332693099976
fenqusai/test_photo/41_0775.jpg,0,4,False,blue,black,,7,7,True,吉AA666F,0.9775455316298106,-0.408787353629549,True,吉,baseline,0.27399832950492725,-1.2946332693099976
fenqusai/test_photo/41_0775.jpg,0,5,False,blue,special_7,,7,7,True,吉AA666F,0.9775455316298106,-0.408787353629549,True,吉,baseline,0.27399832950492725,-1.2946332693099976
fenqusai/test_photo/41_0775.jpg,0,6,False,blue,unknown_8,,8,7,False,吉AA666F,0.9775455316298106,-0.408787353629549,True,吉,baseline,0.27399832950492725,-1.2946332693099976
fenqusai/test_photo/41_0775.jpg,1,0,True,blue,blue,,7,7,True,川A77H3Q,0.9927574909271714,-0.1308395405922056,True,川,baseline,0.33371573087848705,-1.0974657535552979
fenqusai/test_photo/41_0775.jpg,1,1,False,blue,green,,8,8,True,川NA77H3Q,0.6624681883903202,-7.412089316376296,True,川,baseline,0.33371573087848705,-1.0974657535552979
fenqusai/test_photo/41_0775.jpg,1,2,False,blue,green,tractor_green,8,8,True,川NA77H3Q,0.6624681883903202,-7.412089316376296,True,川,baseline,0.33371573087848705,-1.0974657535552979
fenqusai/test_photo/41_0775.jpg,1,3,False,blue,yellow,,7,7,True,川A77H3Q,0.9927574909271714,-0.1308395405922056,True,川,baseline,0.33371573087848705,-1.0974657535552979
fenqusai/test_photo/41_0775.jpg,1,4,False,blue,black,,7,7,True,川A77H3Q,0.9927574909271714,-0.1308395405922056,True,川,baseline,0.33371573087848705,-1.0974657535552979
fenqusai/test_photo/41_0775.jpg,1,5,False,blue,special_7,,7,7,True,川A77H3Q,0.9927574909271714,-0.1308395405922056,True,川,baseline,0.33371573087848705,-1.0974657535552979
fenqusai/test_photo/41_0775.jpg,1,6,False,blue,unknown_8,,8,8,True,川NA77H3Q,0.6624681883903202,-7.412089316376296,True,川,baseline,0.33371573087848705,-1.0974657535552979
fenqusai/test_photo/41_0793.jpg,0,0,True,blue,blue,,7,7,True,云SC8685,0.9924888494092017,-0.1357110240496695,True,云,baseline,0.3316687654184396,-1.1036185026168823
fenqusai/test_photo/41_0793.jpg,0,1,False,blue,green,,8,7,False,云SC8685,0.9924888494092017,-0.1357110240496695,True,云,baseline,0.3316687654184396,-1.1036185026168823
fenqusai/test_photo/41_0793.jpg,0,2,False,blue,green,tractor_green,8,7,False,云SC8685,0.9924888494092017,-0.1357110240496695,True,云,baseline,0.3316687654184396,-1.1036185026168823
fenqusai/test_photo/41_0793.jpg,0,3,False,blue,yellow,,7,7,True,云SC8685,0.9924888494092017,-0.1357110240496695,True,云,baseline,0.3316687654184396,-1.1036185026168823
fenqusai/test_photo/41_0793.jpg,0,4,False,blue,black,,7,7,True,云SC8685,0.9924888494092017,-0.1357110240496695,True,云,baseline,0.3316687654184396,-1.1036185026168823
fenqusai/test_photo/41_0793.jpg,0,5,False,blue,special_7,,7,7,True,云SC8685,0.9924888494092017,-0.1357110240496695,True,云,baseline,0.3316687654184396,-1.1036185026168823
fenqusai/test_photo/41_0793.jpg,0,6,False,blue,unknown_8,,8,7,False,云SC8685,0.9924888494092017,-0.1357110240496695,True,云,baseline,0.3316687654184396,-1.1036185026168823
fenqusai/test_photo/41_0793.jpg,1,0,True,blue,blue,,7,7,True,京A8Y33W,0.9826130265159806,-0.31571823859846404,True,京,baseline,0.26563917933276765,-1.3256163597106934
fenqusai/test_photo/41_0793.jpg,1,1,False,blue,green,,8,7,False,京A8Y33W,0.9826130265159806,-0.31571823859846404,True,京,baseline,0.26563917933276765,-1.3256163597106934
fenqusai/test_photo/41_0793.jpg,1,2,False,blue,green,tractor_green,8,7,False,京A8Y33W,0.9826130265159806,-0.31571823859846404,True,京,baseline,0.26563917933276765,-1.3256163597106934
fenqusai/test_photo/41_0793.jpg,1,3,False,blue,yellow,,7,7,True,京A8Y33W,0.9826130265159806,-0.31571823859846404,True,京,baseline,0.26563917933276765,-1.3256163597106934
fenqusai/test_photo/41_0793.jpg,1,4,False,blue,black,,7,7,True,京A8Y33W,0.9826130265159806,-0.31571823859846404,True,京,baseline,0.26563917933276765,-1.3256163597106934
fenqusai/test_photo/41_0793.jpg,1,5,False,blue,special_7,,7,7,True,京A8Y33W,0.9826130265159806,-0.31571823859846404,True,京,baseline,0.26563917933276765,-1.3256163597106934
fenqusai/test_photo/41_0793.jpg,1,6,False,blue,unknown_8,,8,7,False,京A8Y33W,0.9826130265159806,-0.31571823859846404,True,京,baseline,0.26563917933276765,-1.3256163597106934
fenqusai/test_photo/41_0797.jpg,0,0,True,blue,blue,,7,7,True,云HDF666,0.9923925798007674,-0.13745707590715028,True,云,baseline,0.3331892735661306,-1.0990445613861084
fenqusai/test_photo/41_0797.jpg,0,1,False,blue,green,,8,8,True,云HD0F666,0.43846434562488523,-14.840582046104828,True,云,baseline,0.3331892735661306,-1.0990445613861084
fenqusai/test_photo/41_0797.jpg,0,2,False,blue,green,tractor_green,8,8,True,云HD0F666,0.43846434562488523,-14.840582046104828,True,云,baseline,0.3331892735661306,-1.0990445613861084
fenqusai/test_photo/41_0797.jpg,0,3,False,blue,yellow,,7,7,True,云HDF666,0.9923925798007674,-0.13745707590715028,True,云,baseline,0.3331892735661306,-1.0990445613861084
fenqusai/test_photo/41_0797.jpg,0,4,False,blue,black,,7,7,True,云HDF666,0.9923925798007674,-0.13745707590715028,True,云,baseline,0.3331892735661306,-1.0990445613861084
fenqusai/test_photo/41_0797.jpg,0,5,False,blue,special_7,,7,7,True,云HDF666,0.9923925798007674,-0.13745707590715028,True,云,baseline,0.3331892735661306,-1.0990445613861084
fenqusai/test_photo/41_0797.jpg,0,6,False,blue,unknown_8,,8,8,True,云HD0F666,0.43846434562488523,-14.840582046104828,True,云,baseline,0.3331892735661306,-1.0990445613861084
fenqusai/test_photo/41_0797.jpg,1,0,True,blue,blue,,7,7,True,冀A38SU9,0.9949230663908019,-0.09161757041679408,True,冀,baseline,0.3176402948268574,-1.1468356847763062
fenqusai/test_photo/41_0797.jpg,1,1,False,blue,green,,8,7,False,冀A38SU9,0.9949230663908019,-0.09161757041679408,True,冀,baseline,0.3176402948268574,-1.1468356847763062
fenqusai/test_photo/41_0797.jpg,1,2,False,blue,green,tractor_green,8,7,False,冀A38SU9,0.9949230663908019,-0.09161757041679408,True,冀,baseline,0.3176402948268574,-1.1468356847763062
fenqusai/test_photo/41_0797.jpg,1,3,False,blue,yellow,,7,7,True,冀A38SU9,0.9949230663908019,-0.09161757041679408,True,冀,baseline,0.3176402948268574,-1.1468356847763062
fenqusai/test_photo/41_0797.jpg,1,4,False,blue,black,,7,7,True,冀A38SU9,0.9949230663908019,-0.09161757041679408,True,冀,baseline,0.3176402948268574,-1.1468356847763062
fenqusai/test_photo/41_0797.jpg,1,5,False,blue,special_7,,7,7,True,冀A38SU9,0.9949230663908019,-0.09161757041679408,True,冀,baseline,0.3176402948268574,-1.1468356847763062
fenqusai/test_photo/41_0797.jpg,1,6,False,blue,unknown_8,,8,7,False,冀A38SU9,0.9949230663908019,-0.09161757041679408,True,冀,baseline,0.3176402948268574,-1.1468356847763062
fenqusai/test_photo/41_0801.jpg,0,0,True,blue,blue,,7,7,True,辽A9YN87,0.971986357785121,-0.5114431767723318,True,辽,baseline,0.2723592177522671,-1.300633430480957
fenqusai/test_photo/41_0801.jpg,0,1,False,blue,green,,8,8,True,辽XA9YN87,0.7160759251249997,-6.0114433853885885,True,辽,baseline,0.2723592177522671,-1.300633430480957
fenqusai/test_photo/41_0801.jpg,0,2,False,blue,green,tractor_green,8,8,True,辽XA9YN87,0.7160759251249997,-6.0114433853885885,True,辽,baseline,0.2723592177522671,-1.300633430480957
fenqusai/test_photo/41_0801.jpg,0,3,False,blue,yellow,,7,7,True,辽A9YN87,0.971986357785121,-0.5114431767723318,True,辽,baseline,0.2723592177522671,-1.300633430480957
fenqusai/test_photo/41_0801.jpg,0,4,False,blue,black,,7,7,True,辽A9YN87,0.971986357785121,-0.5114431767723318,True,辽,baseline,0.2723592177522671,-1.300633430480957
fenqusai/test_photo/41_0801.jpg,0,5,False,blue,special_7,,7,7,True,辽A9YN87,0.971986357785121,-0.5114431767723318,True,辽,baseline,0.2723592177522671,-1.300633430480957
fenqusai/test_photo/41_0801.jpg,0,6,False,blue,unknown_8,,8,8,True,辽XA9YN87,0.7160759251249997,-6.0114433853885885,True,辽,baseline,0.2723592177522671,-1.300633430480957
fenqusai/test_photo/41_0801.jpg,1,0,True,blue,blue,,7,7,True,云A5G1W0,0.9975225399734456,-0.04464961215853691,True,云,baseline,0.3251899737896484,-1.1233457326889038
fenqusai/test_photo/41_0801.jpg,1,1,False,blue,green,,8,7,False,云A5G1W0,0.9975225399734456,-0.04464961215853691,True,云,baseline,0.3251899737896484,-1.1233457326889038
fenqusai/test_photo/41_0801.jpg,1,2,False,blue,green,tractor_green,8,7,False,云A5G1W0,0.9975225399734456,-0.04464961215853691,True,云,baseline,0.3251899737896484,-1.1233457326889038
fenqusai/test_photo/41_0801.jpg,1,3,False,blue,yellow,,7,7,True,云A5G1W0,0.9975225399734456,-0.04464961215853691,True,云,baseline,0.3251899737896484,-1.1233457326889038
fenqusai/test_photo/41_0801.jpg,1,4,False,blue,black,,7,7,True,云A5G1W0,0.9975225399734456,-0.04464961215853691,True,云,baseline,0.3251899737896484,-1.1233457326889038
fenqusai/test_photo/41_0801.jpg,1,5,False,blue,special_7,,7,7,True,云A5G1W0,0.9975225399734456,-0.04464961215853691,True,云,baseline,0.3251899737896484,-1.1233457326889038
fenqusai/test_photo/41_0801.jpg,1,6,False,blue,unknown_8,,8,7,False,云A5G1W0,0.9975225399734456,-0.04464961215853691,True,云,baseline,0.3251899737896484,-1.1233457326889038
fenqusai/test_photo/41_0801.jpg,2,0,True,blue,blue,,7,7,True,赣A1EM22,0.938014072725041,-1.151825889299289,True,赣,baseline,0.11704219636275996,-2.1452207565307617
fenqusai/test_photo/41_0801.jpg,2,1,False,blue,green,,8,7,False,赣A1EM22,0.938014072725041,-1.151825889299289,True,赣,baseline,0.11704219636275996,-2.1452207565307617
fenqusai/test_photo/41_0801.jpg,2,2,False,blue,green,tractor_green,8,7,False,赣A1EM22,0.938014072725041,-1.151825889299289,True,赣,baseline,0.11704219636275996,-2.1452207565307617
fenqusai/test_photo/41_0801.jpg,2,3,False,blue,yellow,,7,7,True,赣A1EM22,0.938014072725041,-1.151825889299289,True,赣,baseline,0.11704219636275996,-2.1452207565307617
fenqusai/test_photo/41_0801.jpg,2,4,False,blue,black,,7,7,True,赣A1EM22,0.938014072725041,-1.151825889299289,True,赣,baseline,0.11704219636275996,-2.1452207565307617
fenqusai/test_photo/41_0801.jpg,2,5,False,blue,special_7,,7,7,True,赣A1EM22,0.938014072725041,-1.151825889299289,True,赣,baseline,0.11704219636275996,-2.1452207565307617
fenqusai/test_photo/41_0801.jpg,2,6,False,blue,unknown_8,,8,7,False,赣A1EM22,0.938014072725041,-1.151825889299289,True,赣,baseline,0.11704219636275996,-2.1452207565307617
fenqusai/test_photo/41_0803.jpg,0,0,True,blue,blue,,7,7,True,云CY3683,0.5880114461320587,-9.558159571115823,True,云,baseline,4.2534985198250444e-05,-10.065183639526367
fenqusai/test_photo/41_0803.jpg,0,1,False,blue,green,,8,8,True,云CY36834,0.49386749109833483,-12.698784619544597,True,云,baseline,4.2534985198250444e-05,-10.065183639526367
fenqusai/test_photo/41_0803.jpg,0,2,False,blue,green,tractor_green,8,8,True,云CY36834,0.49386749109833483,-12.698784619544597,True,云,baseline,4.2534985198250444e-05,-10.065183639526367
fenqusai/test_photo/41_0803.jpg,0,3,False,blue,yellow,,7,7,True,云CY3683,0.5880114461320587,-9.558159571115823,True,云,baseline,4.2534985198250444e-05,-10.065183639526367
fenqusai/test_photo/41_0803.jpg,0,4,False,blue,black,,7,7,True,云CY3683,0.5880114461320587,-9.558159571115823,True,云,baseline,4.2534985198250444e-05,-10.065183639526367
fenqusai/test_photo/41_0803.jpg,0,5,False,blue,special_7,,7,7,True,云CY3683,0.5880114461320587,-9.558159571115823,True,云,baseline,4.2534985198250444e-05,-10.065183639526367
fenqusai/test_photo/41_0803.jpg,0,6,False,blue,unknown_8,,8,8,True,云CY36834,0.49386749109833483,-12.698784619544597,True,云,baseline,4.2534985198250444e-05,-10.065183639526367
fenqusai/test_photo/41_0803.jpg,1,0,True,blue,blue,,7,7,True,川A758CP,0.9771597483420914,-0.4158923625945903,True,川,baseline,0.23687533008165323,-1.4402213096618652
fenqusai/test_photo/41_0803.jpg,1,1,False,blue,green,,8,7,False,川A758CP,0.9771597483420914,-0.4158923625945903,True,川,baseline,0.23687533008165323,-1.4402213096618652
fenqusai/test_photo/41_0803.jpg,1,2,False,blue,green,tractor_green,8,7,False,川A758CP,0.9771597483420914,-0.4158923625945903,True,川,baseline,0.23687533008165323,-1.4402213096618652
fenqusai/test_photo/41_0803.jpg,1,3,False,blue,yellow,,7,7,True,川A758CP,0.9771597483420914,-0.4158923625945903,True,川,baseline,0.23687533008165323,-1.4402213096618652
fenqusai/test_photo/41_0803.jpg,1,4,False,blue,black,,7,7,True,川A758CP,0.9771597483420914,-0.4158923625945903,True,川,baseline,0.23687533008165323,-1.4402213096618652
fenqusai/test_photo/41_0803.jpg,1,5,False,blue,special_7,,7,7,True,川A758CP,0.9771597483420914,-0.4158923625945903,True,川,baseline,0.23687533008165323,-1.4402213096618652
fenqusai/test_photo/41_0803.jpg,1,6,False,blue,unknown_8,,8,7,False,川A758CP,0.9771597483420914,-0.4158923625945903,True,川,baseline,0.23687533008165323,-1.4402213096618652
fenqusai/test_photo/41_0812.jpg,0,0,True,blue,blue,,7,7,True,苏A172LE,0.6881369434389183,-6.727813472873834,True,苏,baseline,0.0007711057518371674,-7.167685031890869
fenqusai/test_photo/41_0812.jpg,0,1,False,blue,green,,8,8,True,苏A172LFE,0.4812317601753081,-13.165313310590875,True,苏,baseline,0.0007711057518371674,-7.167685031890869
fenqusai/test_photo/41_0812.jpg,0,2,False,blue,green,tractor_green,8,8,True,苏A172LFE,0.4812317601753081,-13.165313310590875,True,苏,baseline,0.0007711057518371674,-7.167685031890869
fenqusai/test_photo/41_0812.jpg,0,3,False,blue,yellow,,7,7,True,苏A172LE,0.6881369434389183,-6.727813472873834,True,苏,baseline,0.0007711057518371674,-7.167685031890869
fenqusai/test_photo/41_0812.jpg,0,4,False,blue,black,,7,7,True,苏A172LE,0.6881369434389183,-6.727813472873834,True,苏,baseline,0.0007711057518371674,-7.167685031890869
fenqusai/test_photo/41_0812.jpg,0,5,False,blue,special_7,,7,7,True,苏A172LE,0.6881369434389183,-6.727813472873834,True,苏,baseline,0.0007711057518371674,-7.167685031890869
fenqusai/test_photo/41_0812.jpg,0,6,False,blue,unknown_8,,8,8,True,苏A172LFE,0.4812317601753081,-13.165313310590875,True,苏,baseline,0.0007711057518371674,-7.167685031890869
fenqusai/test_photo/41_0812.jpg,1,0,True,unknown_7,blue,,7,7,True,蒙A286MU,0.9706270467645655,-0.5366335747239006,True,蒙,baseline,0.3290977417216017,-1.1114004850387573
fenqusai/test_photo/41_0812.jpg,1,1,False,unknown_7,green,,8,7,False,蒙A286MU,0.9706270467645655,-0.5366335747239006,True,蒙,baseline,0.3290977417216017,-1.1114004850387573
fenqusai/test_photo/41_0812.jpg,1,2,False,unknown_7,green,tractor_green,8,7,False,蒙A286MU,0.9706270467645655,-0.5366335747239006,True,蒙,baseline,0.3290977417216017,-1.1114004850387573
fenqusai/test_photo/41_0812.jpg,1,3,False,unknown_7,yellow,,7,7,True,蒙A286MU,0.9706270467645655,-0.5366335747239006,True,蒙,baseline,0.3290977417216017,-1.1114004850387573
fenqusai/test_photo/41_0812.jpg,1,4,False,unknown_7,black,,7,7,True,蒙A286MU,0.9706270467645655,-0.5366335747239006,True,蒙,baseline,0.3290977417216017,-1.1114004850387573
fenqusai/test_photo/41_0812.jpg,1,5,False,unknown_7,special_7,,7,7,True,蒙A286MU,0.9706270467645655,-0.5366335747239006,True,蒙,baseline,0.3290977417216017,-1.1114004850387573
fenqusai/test_photo/41_0812.jpg,1,6,False,unknown_7,unknown_8,,8,7,False,蒙A286MU,0.9706270467645655,-0.5366335747239006,True,蒙,baseline,0.3290977417216017,-1.1114004850387573
fenqusai/test_photo/41_0837.jpg,0,0,True,blue,blue,,7,7,True,云A3T0Y1,0.7876755934272254,-4.296041232428699,True,云,baseline,0.0047990085618996635,-5.339345932006836
fenqusai/test_photo/41_0837.jpg,0,1,False,blue,green,,8,7,False,云A3T0Y1,0.7876755934272254,-4.296041232428699,True,云,baseline,0.0047990085618996635,-5.339345932006836
fenqusai/test_photo/41_0837.jpg,0,2,False,blue,green,tractor_green,8,7,False,云A3T0Y1,0.7876755934272254,-4.296041232428699,True,云,baseline,0.0047990085618996635,-5.339345932006836
fenqusai/test_photo/41_0837.jpg,0,3,False,blue,yellow,,7,7,True,云A3T0Y1,0.7876755934272254,-4.296041232428699,True,云,baseline,0.0047990085618996635,-5.339345932006836
fenqusai/test_photo/41_0837.jpg,0,4,False,blue,black,,7,7,True,云A3T0Y1,0.7876755934272254,-4.296041232428699,True,云,baseline,0.0047990085618996635,-5.339345932006836
fenqusai/test_photo/41_0837.jpg,0,5,False,blue,special_7,,7,7,True,云A3T0Y1,0.7876755934272254,-4.296041232428699,True,云,baseline,0.0047990085618996635,-5.339345932006836
fenqusai/test_photo/41_0837.jpg,0,6,False,blue,unknown_8,,8,7,False,云A3T0Y1,0.7876755934272254,-4.296041232428699,True,云,baseline,0.0047990085618996635,-5.339345932006836
fenqusai/test_photo/41_0837.jpg,1,0,True,blue,blue,,7,7,True,冀A3P041,0.9347850380821137,-1.2138962745666504,True,冀,baseline,0.12400066063416526,-2.087468385696411
fenqusai/test_photo/41_0837.jpg,1,1,False,blue,green,,8,7,False,冀A3P041,0.9347850380821137,-1.2138962745666504,True,冀,baseline,0.12400066063416526,-2.087468385696411
fenqusai/test_photo/41_0837.jpg,1,2,False,blue,green,tractor_green,8,7,False,冀A3P041,0.9347850380821137,-1.2138962745666504,True,冀,baseline,0.12400066063416526,-2.087468385696411
fenqusai/test_photo/41_0837.jpg,1,3,False,blue,yellow,,7,7,True,冀A3P041,0.9347850380821137,-1.2138962745666504,True,冀,baseline,0.12400066063416526,-2.087468385696411
fenqusai/test_photo/41_0837.jpg,1,4,False,blue,black,,7,7,True,冀A3P041,0.9347850380821137,-1.2138962745666504,True,冀,baseline,0.12400066063416526,-2.087468385696411
fenqusai/test_photo/41_0837.jpg,1,5,False,blue,special_7,,7,7,True,冀A3P041,0.9347850380821137,-1.2138962745666504,True,冀,baseline,0.12400066063416526,-2.087468385696411
fenqusai/test_photo/41_0837.jpg,1,6,False,blue,unknown_8,,8,7,False,冀A3P041,0.9347850380821137,-1.2138962745666504,True,冀,baseline,0.12400066063416526,-2.087468385696411
fenqusai/test_photo/41_0837.jpg,2,0,False,blue,blue,,7,7,True,湘CLC84D,0.011165586500768957,-80.90853956590354,True,湘,baseline,0.175986568386105,-1.7373476028442383
fenqusai/test_photo/41_0837.jpg,2,1,True,blue,green,,8,8,True,湘CLC84D3,0.9607339516467851,-0.7210395659035385,True,湘,baseline,0.175986568386105,-1.7373476028442383
fenqusai/test_photo/41_0837.jpg,2,2,False,blue,green,tractor_green,8,8,True,湘CLC84D3,0.9607339516467851,-0.7210395659035385,True,湘,baseline,0.175986568386105,-1.7373476028442383
fenqusai/test_photo/41_0837.jpg,2,3,False,blue,yellow,,7,7,True,湘CLC84D,0.011165586500768957,-80.90853956590354,True,湘,baseline,0.175986568386105,-1.7373476028442383
fenqusai/test_photo/41_0837.jpg,2,4,False,blue,black,,7,7,True,湘CLC84D,0.011165586500768957,-80.90853956590354,True,湘,baseline,0.175986568386105,-1.7373476028442383
fenqusai/test_photo/41_0837.jpg,2,5,False,blue,special_7,,7,7,True,湘CLC84D,0.011165586500768957,-80.90853956590354,True,湘,baseline,0.175986568386105,-1.7373476028442383
fenqusai/test_photo/41_0837.jpg,2,6,False,blue,unknown_8,,8,8,True,湘CLC84D3,0.9607339516467851,-0.7210395659035385,True,湘,baseline,0.175986568386105,-1.7373476028442383
fenqusai/test_photo/41_0847.jpg,0,0,True,blue,blue,,7,7,True,津AD9G57,0.9416471434609328,-1.0822438240647827,True,津,baseline,0.11333494364069299,-2.177407741546631
fenqusai/test_photo/41_0847.jpg,0,1,False,blue,green,,8,7,False,津AD9G57,0.9416471434609328,-1.0822438240647827,True,津,baseline,0.11333494364069299,-2.177407741546631
fenqusai/test_photo/41_0847.jpg,0,2,False,blue,green,tractor_green,8,7,False,津AD9G57,0.9416471434609328,-1.0822438240647827,True,津,baseline,0.11333494364069299,-2.177407741546631
fenqusai/test_photo/41_0847.jpg,0,3,False,blue,yellow,,7,7,True,津AD9G57,0.9416471434609328,-1.0822438240647827,True,津,baseline,0.11333494364069299,-2.177407741546631
fenqusai/test_photo/41_0847.jpg,0,4,False,blue,black,,7,7,True,津AD9G57,0.9416471434609328,-1.0822438240647827,True,津,baseline,0.11333494364069299,-2.177407741546631
fenqusai/test_photo/41_0847.jpg,0,5,False,blue,special_7,,7,7,True,津AD9G57,0.9416471434609328,-1.0822438240647827,True,津,baseline,0.11333494364069299,-2.177407741546631
fenqusai/test_photo/41_0847.jpg,0,6,False,blue,unknown_8,,8,7,False,津AD9G57,0.9416471434609328,-1.0822438240647827,True,津,baseline,0.11333494364069299,-2.177407741546631
fenqusai/test_photo/41_0847.jpg,1,0,True,blue,blue,,7,7,True,京A720HM,0.9932906868533513,-0.12117459186719515,True,京,baseline,0.30085282549434866,-1.2011340856552124
fenqusai/test_photo/41_0847.jpg,1,1,False,blue,green,,8,8,True,京TA720HM,0.6910250911523066,-6.652424601180421,True,京,baseline,0.30085282549434866,-1.2011340856552124
fenqusai/test_photo/41_0847.jpg,1,2,False,blue,green,tractor_green,8,8,True,京TA720HM,0.6910250911523066,-6.652424601180421,True,京,baseline,0.30085282549434866,-1.2011340856552124
fenqusai/test_photo/41_0847.jpg,1,3,False,blue,yellow,,7,7,True,京A720HM,0.9932906868533513,-0.12117459186719515,True,京,baseline,0.30085282549434866,-1.2011340856552124
fenqusai/test_photo/41_0847.jpg,1,4,False,blue,black,,7,7,True,京A720HM,0.9932906868533513,-0.12117459186719515,True,京,baseline,0.30085282549434866,-1.2011340856552124
fenqusai/test_photo/41_0847.jpg,1,5,False,blue,special_7,,7,7,True,京A720HM,0.9932906868533513,-0.12117459186719515,True,京,baseline,0.30085282549434866,-1.2011340856552124
fenqusai/test_photo/41_0847.jpg,1,6,False,blue,unknown_8,,8,8,True,京TA720HM,0.6910250911523066,-6.652424601180421,True,京,baseline,0.30085282549434866,-1.2011340856552124
fenqusai/test_photo/41_0862.jpg,0,0,True,blue,blue,,7,7,True,云A2UP33,0.9999846898808544,-0.0002755842542399023,True,云,baseline,0.33331846562878964,-1.0986568927764893
fenqusai/test_photo/41_0862.jpg,0,1,False,blue,green,,8,8,True,云AX2UP33,0.41469015790926983,-15.844025610884245,True,云,baseline,0.33331846562878964,-1.0986568927764893
fenqusai/test_photo/41_0862.jpg,0,2,False,blue,green,tractor_green,8,8,True,云AX2UP33,0.41469015790926983,-15.844025610884245,True,云,baseline,0.33331846562878964,-1.0986568927764893
fenqusai/test_photo/41_0862.jpg,0,3,False,blue,yellow,,7,7,True,云A2UP33,0.9999846898808544,-0.0002755842542399023,True,云,baseline,0.33331846562878964,-1.0986568927764893
fenqusai/test_photo/41_0862.jpg,0,4,False,blue,black,,7,7,True,云A2UP33,0.9999846898808544,-0.0002755842542399023,True,云,baseline,0.33331846562878964,-1.0986568927764893
fenqusai/test_photo/41_0862.jpg,0,5,False,blue,special_7,,7,7,True,云A2UP33,0.9999846898808544,-0.0002755842542399023,True,云,baseline,0.33331846562878964,-1.0986568927764893
fenqusai/test_photo/41_0862.jpg,0,6,False,blue,unknown_8,,8,8,True,云AX2UP33,0.41469015790926983,-15.844025610884245,True,云,baseline,0.33331846562878964,-1.0986568927764893
fenqusai/test_photo/41_0862.jpg,1,0,True,blue,blue,,7,7,True,京AQ27N5,0.9753179460773541,-0.44985172683576025,True,京,baseline,0.22910513390990367,-1.4735742807388306
fenqusai/test_photo/41_0862.jpg,1,1,False,blue,green,,8,7,False,京AQ27N5,0.9753179460773541,-0.44985172683576025,True,京,baseline,0.22910513390990367,-1.4735742807388306
fenqusai/test_photo/41_0862.jpg,1,2,False,blue,green,tractor_green,8,7,False,京AQ27N5,0.9753179460773541,-0.44985172683576025,True,京,baseline,0.22910513390990367,-1.4735742807388306
fenqusai/test_photo/41_0862.jpg,1,3,False,blue,yellow,,7,7,True,京AQ27N5,0.9753179460773541,-0.44985172683576025,True,京,baseline,0.22910513390990367,-1.4735742807388306
fenqusai/test_photo/41_0862.jpg,1,4,False,blue,black,,7,7,True,京AQ27N5,0.9753179460773541,-0.44985172683576025,True,京,baseline,0.22910513390990367,-1.4735742807388306
fenqusai/test_photo/41_0862.jpg,1,5,False,blue,special_7,,7,7,True,京AQ27N5,0.9753179460773541,-0.44985172683576025,True,京,baseline,0.22910513390990367,-1.4735742807388306
fenqusai/test_photo/41_0862.jpg,1,6,False,blue,unknown_8,,8,7,False,京AQ27N5,0.9753179460773541,-0.44985172683576025,True,京,baseline,0.22910513390990367,-1.4735742807388306
fenqusai/test_photo/41_0862.jpg,2,0,True,blue,blue,,7,7,True,冀AL743D,0.9953098424021644,-0.08462143618405094,True,冀,baseline,0.3064295536778915,-1.182767391204834
fenqusai/test_photo/41_0862.jpg,2,1,False,blue,green,,8,7,False,冀AL743D,0.9953098424021644,-0.08462143618405094,True,冀,baseline,0.3064295536778915,-1.182767391204834
fenqusai/test_photo/41_0862.jpg,2,2,False,blue,green,tractor_green,8,7,False,冀AL743D,0.9953098424021644,-0.08462143618405094,True,冀,baseline,0.3064295536778915,-1.182767391204834
fenqusai/test_photo/41_0862.jpg,2,3,False,blue,yellow,,7,7,True,冀AL743D,0.9953098424021644,-0.08462143618405094,True,冀,baseline,0.3064295536778915,-1.182767391204834
fenqusai/test_photo/41_0862.jpg,2,4,False,blue,black,,7,7,True,冀AL743D,0.9953098424021644,-0.08462143618405094,True,冀,baseline,0.3064295536778915,-1.182767391204834
fenqusai/test_photo/41_0862.jpg,2,5,False,blue,special_7,,7,7,True,冀AL743D,0.9953098424021644,-0.08462143618405094,True,冀,baseline,0.3064295536778915,-1.182767391204834
fenqusai/test_photo/41_0862.jpg,2,6,False,blue,unknown_8,,8,7,False,冀AL743D,0.9953098424021644,-0.08462143618405094,True,冀,baseline,0.3064295536778915,-1.182767391204834
fenqusai/test_photo/41_0878.jpg,0,0,True,blue,blue,,7,7,True,云A036MA,0.9751616975150716,-0.45273560633313537,True,云,baseline,0.27273493370950724,-1.2992548942565918
fenqusai/test_photo/41_0878.jpg,0,1,False,blue,green,,8,7,False,云A036MA,0.9751616975150716,-0.45273560633313537,True,云,baseline,0.27273493370950724,-1.2992548942565918
fenqusai/test_photo/41_0878.jpg,0,2,False,blue,green,tractor_green,8,7,False,云A036MA,0.9751616975150716,-0.45273560633313537,True,云,baseline,0.27273493370950724,-1.2992548942565918
fenqusai/test_photo/41_0878.jpg,0,3,False,blue,yellow,,7,7,True,云A036MA,0.9751616975150716,-0.45273560633313537,True,云,baseline,0.27273493370950724,-1.2992548942565918
fenqusai/test_photo/41_0878.jpg,0,4,False,blue,black,,7,7,True,云A036MA,0.9751616975150716,-0.45273560633313537,True,云,baseline,0.27273493370950724,-1.2992548942565918
fenqusai/test_photo/41_0878.jpg,0,5,False,blue,special_7,,7,7,True,云A036MA,0.9751616975150716,-0.45273560633313537,True,云,baseline,0.27273493370950724,-1.2992548942565918
fenqusai/test_photo/41_0878.jpg,0,6,False,blue,unknown_8,,8,7,False,云A036MA,0.9751616975150716,-0.45273560633313537,True,云,baseline,0.27273493370950724,-1.2992548942565918
fenqusai/test_photo/41_0878.jpg,1,0,True,blue,blue,,7,7,True,川AX4X9G,0.8013727681027493,-3.9857231117392757,True,川,baseline,0.3333310220170528,-1.0986192226409912
fenqusai/test_photo/41_0878.jpg,1,1,False,blue,green,,8,8,True,川XAX4X9G,0.861989316954606,-2.6732232309485653,True,川,baseline,0.3333310220170528,-1.0986192226409912
fenqusai/test_photo/41_0878.jpg,1,2,False,blue,green,tractor_green,8,8,True,川XAX4X9G,0.861989316954606,-2.6732232309485653,True,川,baseline,0.3333310220170528,-1.0986192226409912
fenqusai/test_photo/41_0878.jpg,1,3,False,blue,yellow,,7,7,True,川AX4X9G,0.8013727681027493,-3.9857231117392757,True,川,baseline,0.3333310220170528,-1.0986192226409912
fenqusai/test_photo/41_0878.jpg,1,4,False,blue,black,,7,7,True,川AX4X9G,0.8013727681027493,-3.9857231117392757,True,川,baseline,0.3333310220170528,-1.0986192226409912
fenqusai/test_photo/41_0878.jpg,1,5,False,blue,special_7,,7,7,True,川AX4X9G,0.8013727681027493,-3.9857231117392757,True,川,baseline,0.3333310220170528,-1.0986192226409912
fenqusai/test_photo/41_0878.jpg,1,6,False,blue,unknown_8,,8,8,True,川XAX4X9G,0.861989316954606,-2.6732232309485653,True,川,baseline,0.3333310220170528,-1.0986192226409912
fenqusai/test_photo/41_0902.jpg,0,0,True,blue,blue,,7,7,True,吉A678KY,0.9720169868885169,-0.5108759721297247,True,吉,baseline,0.33010372042113634,-1.1083483695983887
fenqusai/test_photo/41_0902.jpg,0,1,False,blue,green,,8,8,True,吉A678WKY,0.762282874658557,-4.885876180745981,True,吉,baseline,0.33010372042113634,-1.1083483695983887
fenqusai/test_photo/41_0902.jpg,0,2,False,blue,green,tractor_green,8,8,True,吉A678WKY,0.762282874658557,-4.885876180745981,True,吉,baseline,0.33010372042113634,-1.1083483695983887
fenqusai/test_photo/41_0902.jpg,0,3,False,blue,yellow,,7,7,True,吉A678KY,0.9720169868885169,-0.5108759721297247,True,吉,baseline,0.33010372042113634,-1.1083483695983887
fenqusai/test_photo/41_0902.jpg,0,4,False,blue,black,,7,7,True,吉A678KY,0.9720169868885169,-0.5108759721297247,True,吉,baseline,0.33010372042113634,-1.1083483695983887
fenqusai/test_photo/41_0902.jpg,0,5,False,blue,special_7,,7,7,True,吉A678KY,0.9720169868885169,-0.5108759721297247,True,吉,baseline,0.33010372042113634,-1.1083483695983887
fenqusai/test_photo/41_0902.jpg,0,6,False,blue,unknown_8,,8,8,True,吉A678WKY,0.762282874658557,-4.885876180745981,True,吉,baseline,0.33010372042113634,-1.1083483695983887
fenqusai/test_photo/41_0902.jpg,1,0,True,blue,blue,,7,7,True,浙A9235U,0.8036405558354047,-3.9348572332528136,True,浙,baseline,0.13470629534470224,-2.0046584606170654
fenqusai/test_photo/41_0902.jpg,1,1,False,blue,green,,8,8,True,浙ZA9235U,0.7695064407080605,-4.716107203450491,True,浙,baseline,0.13470629534470224,-2.0046584606170654
fenqusai/test_photo/41_0902.jpg,1,2,False,blue,green,tractor_green,8,8,True,浙ZA9235学,0.7898088782304045,-4.247357203450491,True,浙,baseline,0.13470629534470224,-2.0046584606170654
fenqusai/test_photo/41_0902.jpg,1,3,False,blue,yellow,,7,7,True,浙A9235学,0.8248435780742531,-3.4661072332528136,True,浙,baseline,0.13470629534470224,-2.0046584606170654
fenqusai/test_photo/41_0902.jpg,1,4,False,blue,black,,7,7,True,浙A9235领,0.8291508454820933,-3.3723572332528136,True,浙,baseline,0.13470629534470224,-2.0046584606170654
fenqusai/test_photo/41_0902.jpg,1,5,False,blue,special_7,,7,7,True,浙A9235领,0.8291508454820933,-3.3723572332528136,True,浙,baseline,0.13470629534470224,-2.0046584606170654
fenqusai/test_photo/41_0902.jpg,1,6,False,blue,unknown_8,,8,8,True,浙ZA9235U,0.7695064407080605,-4.716107203450491,True,浙,baseline,0.13470629534470224,-2.0046584606170654
fenqusai/test_photo/41_0902.jpg,2,0,True,blue,blue,,7,7,True,冀A96EAB,0.939381225889045,-1.1256100344707818,True,冀,baseline,0.2658700662175712,-1.3247475624084473
fenqusai/test_photo/41_0902.jpg,2,1,False,blue,green,,8,7,False,冀A96EAB,0.939381225889045,-1.1256100344707818,True,冀,baseline,0.2658700662175712,-1.3247475624084473
fenqusai/test_photo/41_0902.jpg,2,2,False,blue,green,tractor_green,8,7,False,冀A96EAB,0.939381225889045,-1.1256100344707818,True,冀,baseline,0.2658700662175712,-1.3247475624084473
fenqusai/test_photo/41_0902.jpg,2,3,False,blue,yellow,,7,7,True,冀A96EAB,0.939381225889045,-1.1256100344707818,True,冀,baseline,0.2658700662175712,-1.3247475624084473
fenqusai/test_photo/41_0902.jpg,2,4,False,blue,black,,7,7,True,冀A96EAB,0.939381225889045,-1.1256100344707818,True,冀,baseline,0.2658700662175712,-1.3247475624084473
fenqusai/test_photo/41_0902.jpg,2,5,False,blue,special_7,,7,7,True,冀A96EAB,0.939381225889045,-1.1256100344707818,True,冀,baseline,0.2658700662175712,-1.3247475624084473
fenqusai/test_photo/41_0902.jpg,2,6,False,blue,unknown_8,,8,7,False,冀A96EAB,0.939381225889045,-1.1256100344707818,True,冀,baseline,0.2658700662175712,-1.3247475624084473
fenqusai/test_photo/41_0902.jpg,3,0,True,blue,blue,,7,7,True,蒙AFZ006,0.9349050138435697,-1.2115861978703037,True,蒙,baseline,0.20933213672399245,-1.5638331174850464
fenqusai/test_photo/41_0902.jpg,3,1,False,blue,green,,8,8,True,蒙KAFZ006,0.922009978132098,-1.4615861978703037,True,蒙,baseline,0.20933213672399245,-1.5638331174850464
fenqusai/test_photo/41_0902.jpg,3,2,False,blue,green,tractor_green,8,8,True,蒙KAFZ006,0.922009978132098,-1.4615861978703037,True,蒙,baseline,0.20933213672399245,-1.5638331174850464
fenqusai/test_photo/41_0902.jpg,3,3,False,blue,yellow,,7,7,True,蒙AFZ006,0.9349050138435697,-1.2115861978703037,True,蒙,baseline,0.20933213672399245,-1.5638331174850464
fenqusai/test_photo/41_0902.jpg,3,4,False,blue,black,,7,7,True,蒙AFZ006,0.9349050138435697,-1.2115861978703037,True,蒙,baseline,0.20933213672399245,-1.5638331174850464
fenqusai/test_photo/41_0902.jpg,3,5,False,blue,special_7,,7,7,True,蒙AFZ006,0.9349050138435697,-1.2115861978703037,True,蒙,baseline,0.20933213672399245,-1.5638331174850464
fenqusai/test_photo/41_0902.jpg,3,6,False,blue,unknown_8,,8,8,True,蒙KAFZ006,0.922009978132098,-1.4615861978703037,True,蒙,baseline,0.20933213672399245,-1.5638331174850464
fenqusai/test_photo/41_0902.jpg,4,0,False,blue,blue,,7,6,False,川GB703,0.4142373082028979,-15.863692700850152,True,川,baseline,0.24729424280651832,-1.3971763849258423
fenqusai/test_photo/41_0902.jpg,4,1,False,blue,green,,8,6,False,川GB703,0.4142373082028979,-15.863692700850152,True,川,baseline,0.24729424280651832,-1.3971763849258423
fenqusai/test_photo/41_0902.jpg,4,2,False,blue,green,tractor_green,8,6,False,川GB703,0.4142373082028979,-15.863692700850152,True,川,baseline,0.24729424280651832,-1.3971763849258423
fenqusai/test_photo/41_0902.jpg,4,3,False,blue,yellow,,7,6,False,川GB703,0.4142373082028979,-15.863692700850152,True,川,baseline,0.24729424280651832,-1.3971763849258423
fenqusai/test_photo/41_0902.jpg,4,4,False,blue,black,,7,6,False,川GB703,0.4142373082028979,-15.863692700850152,True,川,baseline,0.24729424280651832,-1.3971763849258423
fenqusai/test_photo/41_0902.jpg,4,5,True,blue,special_7,,7,6,False,川6B703,0.9681599758324441,-0.5824429392687023,True,川,baseline,0.24729424280651832,-1.3971763849258423
fenqusai/test_photo/41_0902.jpg,4,6,False,blue,unknown_8,,8,6,False,川GB703,0.4142373082028979,-15.863692700850152,True,川,baseline,0.24729424280651832,-1.3971763849258423
fenqusai/test_photo/41_0929.jpg,0,0,True,blue,blue,,7,7,True,湘A0TC57,0.9847567793502219,-0.2764906707324144,True,湘,baseline,0.25470799310265146,-1.3676375150680542
fenqusai/test_photo/41_0929.jpg,0,1,False,blue,green,,8,7,False,湘A0TC57,0.9847567793502219,-0.2764906707324144,True,湘,baseline,0.25470799310265146,-1.3676375150680542
fenqusai/test_photo/41_0929.jpg,0,2,False,blue,green,tractor_green,8,7,False,湘A0TC57,0.9847567793502219,-0.2764906707324144,True,湘,baseline,0.25470799310265146,-1.3676375150680542
fenqusai/test_photo/41_0929.jpg,0,3,False,blue,yellow,,7,7,True,湘A0TC57,0.9847567793502219,-0.2764906707324144,True,湘,baseline,0.25470799310265146,-1.3676375150680542
fenqusai/test_photo/41_0929.jpg,0,4,False,blue,black,,7,7,True,湘A0TC57,0.9847567793502219,-0.2764906707324144,True,湘,baseline,0.25470799310265146,-1.3676375150680542
fenqusai/test_photo/41_0929.jpg,0,5,False,blue,special_7,,7,7,True,湘A0TC57,0.9847567793502219,-0.2764906707324144,True,湘,baseline,0.25470799310265146,-1.3676375150680542
fenqusai/test_photo/41_0929.jpg,0,6,False,blue,unknown_8,,8,7,False,湘A0TC57,0.9847567793502219,-0.2764906707324144,True,湘,baseline,0.25470799310265146,-1.3676375150680542
fenqusai/test_photo/41_0929.jpg,1,0,True,blue,blue,,7,7,True,黑AK79S6,0.9739069702138374,-0.47591087451746716,True,黑,baseline,0.3034771095631991,-1.1924490928649902
fenqusai/test_photo/41_0929.jpg,1,1,False,blue,green,,8,7,False,黑AK79S6,0.9739069702138374,-0.47591087451746716,True,黑,baseline,0.3034771095631991,-1.1924490928649902
fenqusai/test_photo/41_0929.jpg,1,2,False,blue,green,tractor_green,8,7,False,黑AK79S6,0.9739069702138374,-0.47591087451746716,True,黑,baseline,0.3034771095631991,-1.1924490928649902
fenqusai/test_photo/41_0929.jpg,1,3,False,blue,yellow,,7,7,True,黑AK79S6,0.9739069702138374,-0.47591087451746716,True,黑,baseline,0.3034771095631991,-1.1924490928649902
fenqusai/test_photo/41_0929.jpg,1,4,False,blue,black,,7,7,True,黑AK79S6,0.9739069702138374,-0.47591087451746716,True,黑,baseline,0.3034771095631991,-1.1924490928649902
fenqusai/test_photo/41_0929.jpg,1,5,False,blue,special_7,,7,7,True,黑AK79S6,0.9739069702138374,-0.47591087451746716,True,黑,baseline,0.3034771095631991,-1.1924490928649902
fenqusai/test_photo/41_0929.jpg,1,6,False,blue,unknown_8,,8,7,False,黑AK79S6,0.9739069702138374,-0.47591087451746716,True,黑,baseline,0.3034771095631991,-1.1924490928649902
fenqusai/test_photo/41_0929.jpg,2,0,True,unknown_7,blue,,7,7,True,渝A7020U,0.9529117225770531,-0.8681941926422709,True,渝,baseline,0.18978768854327674,-1.6618492603302002
fenqusai/test_photo/41_0929.jpg,2,1,False,unknown_7,green,,8,7,False,渝A7020U,0.9529117225770531,-0.8681941926422709,True,渝,baseline,0.18978768854327674,-1.6618492603302002
fenqusai/test_photo/41_0929.jpg,2,2,False,unknown_7,green,tractor_green,8,7,False,渝A7020U,0.9529117225770531,-0.8681941926422709,True,渝,baseline,0.18978768854327674,-1.6618492603302002
fenqusai/test_photo/41_0929.jpg,2,3,False,unknown_7,yellow,,7,7,True,渝A7020U,0.9529117225770531,-0.8681941926422709,True,渝,baseline,0.18978768854327674,-1.6618492603302002
fenqusai/test_photo/41_0929.jpg,2,4,False,unknown_7,black,,7,7,True,渝A7020U,0.9529117225770531,-0.8681941926422709,True,渝,baseline,0.18978768854327674,-1.6618492603302002
fenqusai/test_photo/41_0929.jpg,2,5,False,unknown_7,special_7,,7,7,True,渝A7020U,0.9529117225770531,-0.8681941926422709,True,渝,baseline,0.18978768854327674,-1.6618492603302002
fenqusai/test_photo/41_0929.jpg,2,6,False,unknown_7,unknown_8,,8,7,False,渝A7020U,0.9529117225770531,-0.8681941926422709,True,渝,baseline,0.18978768854327674,-1.6618492603302002
fenqusai/test_photo/41_0953.jpg,0,0,True,blue,blue,,7,7,True,云GEY129,0.9949152339311197,-0.09175927466910139,True,云,baseline,0.31372148932169275,-1.1592496633529663
fenqusai/test_photo/41_0953.jpg,0,1,False,blue,green,,8,8,True,云GEY1M29,0.6873652980318102,-6.748009177927969,True,云,baseline,0.31372148932169275,-1.1592496633529663
fenqusai/test_photo/41_0953.jpg,0,2,False,blue,green,tractor_green,8,8,True,云GEY1M29,0.6873652980318102,-6.748009177927969,True,云,baseline,0.31372148932169275,-1.1592496633529663
fenqusai/test_photo/41_0953.jpg,0,3,False,blue,yellow,,7,7,True,云GEY129,0.9949152339311197,-0.09175927466910139,True,云,baseline,0.31372148932169275,-1.1592496633529663
fenqusai/test_photo/41_0953.jpg,0,4,False,blue,black,,7,7,True,云GEY129,0.9949152339311197,-0.09175927466910139,True,云,baseline,0.31372148932169275,-1.1592496633529663
fenqusai/test_photo/41_0953.jpg,0,5,False,blue,special_7,,7,7,True,云GEY129,0.9949152339311197,-0.09175927466910139,True,云,baseline,0.31372148932169275,-1.1592496633529663
fenqusai/test_photo/41_0953.jpg,0,6,False,blue,unknown_8,,8,8,True,云GEY1M29,0.6873652980318102,-6.748009177927969,True,云,baseline,0.31372148932169275,-1.1592496633529663
fenqusai/test_photo/41_0953.jpg,1,0,True,blue,blue,,7,7,True,辽AM609H,0.9884761204331967,-0.20863429271809508,True,辽,baseline,0.27084289237706916,-1.3062163591384888
fenqusai/test_photo/41_0953.jpg,1,1,False,blue,green,,8,8,True,辽AM609HW,0.5912716855610373,-9.458633922604683,True,辽,baseline,0.27084289237706916,-1.3062163591384888
fenqusai/test_photo/41_0953.jpg,1,2,False,blue,green,tractor_green,8,8,True,辽AM609HW,0.5912716855610373,-9.458633922604683,True,辽,baseline,0.27084289237706916,-1.3062163591384888
fenqusai/test_photo/41_0953.jpg,1,3,False,blue,yellow,,7,7,True,辽AM609H,0.9884761204331967,-0.20863429271809508,True,辽,baseline,0.27084289237706916,-1.3062163591384888
fenqusai/test_photo/41_0953.jpg,1,4,False,blue,black,,7,7,True,辽AM609H,0.9884761204331967,-0.20863429271809508,True,辽,baseline,0.27084289237706916,-1.3062163591384888
fenqusai/test_photo/41_0953.jpg,1,5,False,blue,special_7,,7,7,True,辽AM609H,0.9884761204331967,-0.20863429271809508,True,辽,baseline,0.27084289237706916,-1.3062163591384888
fenqusai/test_photo/41_0953.jpg,1,6,False,blue,unknown_8,,8,8,True,辽AM609HW,0.5912716855610373,-9.458633922604683,True,辽,baseline,0.27084289237706916,-1.3062163591384888
fenqusai/test_photo/41_0953.jpg,2,0,True,blue,blue,,7,7,True,黑A80J21,0.9400694493224455,-1.1124274354078736,True,黑,baseline,0.24696947125921978,-1.39849054813385
fenqusai/test_photo/41_0953.jpg,2,1,False,blue,green,,8,7,False,黑A80J21,0.9400694493224455,-1.1124274354078736,True,黑,baseline,0.24696947125921978,-1.39849054813385
fenqusai/test_photo/41_0953.jpg,2,2,False,blue,green,tractor_green,8,7,False,黑A80J21,0.9400694493224455,-1.1124274354078736,True,黑,baseline,0.24696947125921978,-1.39849054813385
fenqusai/test_photo/41_0953.jpg,2,3,False,blue,yellow,,7,7,True,黑A80J21,0.9400694493224455,-1.1124274354078736,True,黑,baseline,0.24696947125921978,-1.39849054813385
fenqusai/test_photo/41_0953.jpg,2,4,False,blue,black,,7,7,True,黑A80J21,0.9400694493224455,-1.1124274354078736,True,黑,baseline,0.24696947125921978,-1.39849054813385
fenqusai/test_photo/41_0953.jpg,2,5,False,blue,special_7,,7,7,True,黑A80J21,0.9400694493224455,-1.1124274354078736,True,黑,baseline,0.24696947125921978,-1.39849054813385
fenqusai/test_photo/41_0953.jpg,2,6,False,blue,unknown_8,,8,7,False,黑A80J21,0.9400694493224455,-1.1124274354078736,True,黑,baseline,0.24696947125921978,-1.39849054813385
fenqusai/test_photo/41_0999.jpg,0,0,True,blue,blue,,7,7,True,云GFD112,0.9829857134199514,-0.30889246666895787,True,云,baseline,0.2484613211574768,-1.3924680948257446
fenqusai/test_photo/41_0999.jpg,0,1,False,blue,green,,8,7,False,云GFD112,0.9829857134199514,-0.30889246666895787,True,云,baseline,0.2484613211574768,-1.3924680948257446
fenqusai/test_photo/41_0999.jpg,0,2,False,blue,green,tractor_green,8,7,False,云GFD112,0.9829857134199514,-0.30889246666895787,True,云,baseline,0.2484613211574768,-1.3924680948257446
fenqusai/test_photo/41_0999.jpg,0,3,False,blue,yellow,,7,7,True,云GFD112,0.9829857134199514,-0.30889246666895787,True,云,baseline,0.2484613211574768,-1.3924680948257446
fenqusai/test_photo/41_0999.jpg,0,4,False,blue,black,,7,7,True,云GFD112,0.9829857134199514,-0.30889246666895787,True,云,baseline,0.2484613211574768,-1.3924680948257446
fenqusai/test_photo/41_0999.jpg,0,5,False,blue,special_7,,7,7,True,云GFD112,0.9829857134199514,-0.30889246666895787,True,云,baseline,0.2484613211574768,-1.3924680948257446
fenqusai/test_photo/41_0999.jpg,0,6,False,blue,unknown_8,,8,7,False,云GFD112,0.9829857134199514,-0.30889246666895787,True,云,baseline,0.2484613211574768,-1.3924680948257446
fenqusai/test_photo/41_0999.jpg,1,0,True,blue,blue,,7,7,True,湘A2S8Y5,0.9275370925204257,-1.3540048805598133,True,湘,baseline,0.12252877951031418,-2.099409341812134
fenqusai/test_photo/41_0999.jpg,1,1,False,blue,green,,8,7,False,湘A2S8Y5,0.9275370925204257,-1.3540048805598133,True,湘,baseline,0.12252877951031418,-2.099409341812134
fenqusai/test_photo/41_0999.jpg,1,2,False,blue,green,tractor_green,8,7,False,湘A2S8Y5,0.9275370925204257,-1.3540048805598133,True,湘,baseline,0.12252877951031418,-2.099409341812134
fenqusai/test_photo/41_0999.jpg,1,3,False,blue,yellow,,7,7,True,湘A2S8Y5,0.9275370925204257,-1.3540048805598133,True,湘,baseline,0.12252877951031418,-2.099409341812134
fenqusai/test_photo/41_0999.jpg,1,4,False,blue,black,,7,7,True,湘A2S8Y5,0.9275370925204257,-1.3540048805598133,True,湘,baseline,0.12252877951031418,-2.099409341812134
fenqusai/test_photo/41_0999.jpg,1,5,False,blue,special_7,,7,7,True,湘A2S8Y5,0.9275370925204257,-1.3540048805598133,True,湘,baseline,0.12252877951031418,-2.099409341812134
fenqusai/test_photo/41_0999.jpg,1,6,False,blue,unknown_8,,8,7,False,湘A2S8Y5,0.9275370925204257,-1.3540048805598133,True,湘,baseline,0.12252877951031418,-2.099409341812134
fenqusai/test_photo/41_0999.jpg,2,0,True,blue,blue,,7,7,True,辽AR6563,0.8910051834509143,-2.077290611328408,True,辽,baseline,0.2276654192616259,-1.4798781871795654
fenqusai/test_photo/41_0999.jpg,2,1,False,blue,green,,8,7,False,辽AR6563,0.8910051834509143,-2.077290611328408,True,辽,baseline,0.2276654192616259,-1.4798781871795654
fenqusai/test_photo/41_0999.jpg,2,2,False,blue,green,tractor_green,8,7,False,辽AR6563,0.8910051834509143,-2.077290611328408,True,辽,baseline,0.2276654192616259,-1.4798781871795654
fenqusai/test_photo/41_0999.jpg,2,3,False,blue,yellow,,7,7,True,辽AR6563,0.8910051834509143,-2.077290611328408,True,辽,baseline,0.2276654192616259,-1.4798781871795654
fenqusai/test_photo/41_0999.jpg,2,4,False,blue,black,,7,7,True,辽AR6563,0.8910051834509143,-2.077290611328408,True,辽,baseline,0.2276654192616259,-1.4798781871795654
fenqusai/test_photo/41_0999.jpg,2,5,False,blue,special_7,,7,7,True,辽AR6563,0.8910051834509143,-2.077290611328408,True,辽,baseline,0.2276654192616259,-1.4798781871795654
fenqusai/test_photo/41_0999.jpg,2,6,False,blue,unknown_8,,8,7,False,辽AR6563,0.8910051834509143,-2.077290611328408,True,辽,baseline,0.2276654192616259,-1.4798781871795654
fenqusai/test_photo/42.jpg,0,0,True,blue,blue,,7,7,True,皖H00351,0.9496312759196359,-0.9302670061315439,True,皖,baseline,0.2308095325108522,-1.4661624431610107
fenqusai/test_photo/42.jpg,0,1,False,blue,green,,8,7,False,皖H00351,0.9496312759196359,-0.9302670061315439,True,皖,baseline,0.2308095325108522,-1.4661624431610107
fenqusai/test_photo/42.jpg,0,2,False,blue,green,tractor_green,8,7,False,皖H00351,0.9496312759196359,-0.9302670061315439,True,皖,baseline,0.2308095325108522,-1.4661624431610107
fenqusai/test_photo/42.jpg,0,3,False,blue,yellow,,7,7,True,皖H00351,0.9496312759196359,-0.9302670061315439,True,皖,baseline,0.2308095325108522,-1.4661624431610107
fenqusai/test_photo/42.jpg,0,4,False,blue,black,,7,7,True,皖H00351,0.9496312759196359,-0.9302670061315439,True,皖,baseline,0.2308095325108522,-1.4661624431610107
fenqusai/test_photo/42.jpg,0,5,False,blue,special_7,,7,7,True,皖H00351,0.9496312759196359,-0.9302670061315439,True,皖,baseline,0.2308095325108522,-1.4661624431610107
fenqusai/test_photo/42.jpg,0,6,False,blue,unknown_8,,8,7,False,皖H00351,0.9496312759196359,-0.9302670061315439,True,皖,baseline,0.2308095325108522,-1.4661624431610107
fenqusai/test_photo/44.jpg,0,0,True,blue,blue,,7,7,True,苏CFM951,0.9622218337206377,-0.6931846532968322,True,苏,baseline,0.16743234934905596,-1.7871758937835693
fenqusai/test_photo/44.jpg,0,1,False,blue,green,,8,8,True,苏BCFM951,0.38927931151474754,-16.98224703408755,True,苏,baseline,0.16743234934905596,-1.7871758937835693
fenqusai/test_photo/44.jpg,0,2,False,blue,green,tractor_green,8,8,True,苏BCFM951,0.38927931151474754,-16.98224703408755,True,苏,baseline,0.16743234934905596,-1.7871758937835693
fenqusai/test_photo/44.jpg,0,3,False,blue,yellow,,7,7,True,苏CFM951,0.9622218337206377,-0.6931846532968322,True,苏,baseline,0.16743234934905596,-1.7871758937835693
fenqusai/test_photo/44.jpg,0,4,False,blue,black,,7,7,True,苏CFM951,0.9622218337206377,-0.6931846532968322,True,苏,baseline,0.16743234934905596,-1.7871758937835693
fenqusai/test_photo/44.jpg,0,5,False,blue,special_7,,7,7,True,苏CFM951,0.9622218337206377,-0.6931846532968322,True,苏,baseline,0.16743234934905596,-1.7871758937835693
fenqusai/test_photo/44.jpg,0,6,False,blue,unknown_8,,8,8,True,苏BCFM951,0.38927931151474754,-16.98224703408755,True,苏,baseline,0.16743234934905596,-1.7871758937835693
fenqusai/test_photo/46.jpg,0,0,True,blue,blue,,7,7,True,川ATQ621,0.917579668774523,-1.5482856666840235,True,川,baseline,0.14617266505525986,-1.922966718673706
fenqusai/test_photo/46.jpg,0,1,False,blue,green,,8,7,False,川ATQ621,0.917579668774523,-1.5482856666840235,True,川,baseline,0.14617266505525986,-1.922966718673706
fenqusai/test_photo/46.jpg,0,2,False,blue,green,tractor_green,8,7,False,川ATQ621,0.917579668774523,-1.5482856666840235,True,川,baseline,0.14617266505525986,-1.922966718673706
fenqusai/test_photo/46.jpg,0,3,False,blue,yellow,,7,7,True,川ATQ621,0.917579668774523,-1.5482856666840235,True,川,baseline,0.14617266505525986,-1.922966718673706
fenqusai/test_photo/46.jpg,0,4,False,blue,black,,7,7,True,川ATQ621,0.917579668774523,-1.5482856666840235,True,川,baseline,0.14617266505525986,-1.922966718673706
fenqusai/test_photo/46.jpg,0,5,False,blue,special_7,,7,7,True,川ATQ621,0.917579668774523,-1.5482856666840235,True,川,baseline,0.14617266505525986,-1.922966718673706
fenqusai/test_photo/46.jpg,0,6,False,blue,unknown_8,,8,7,False,川ATQ621,0.917579668774523,-1.5482856666840235,True,川,baseline,0.14617266505525986,-1.922966718673706
fenqusai/test_photo/47.jpg,0,0,True,blue,blue,,7,7,True,川K98888,0.4064986608854752,-16.203143596578684,True,川,baseline,0.33333261146701515,-1.0986144542694092
fenqusai/test_photo/47.jpg,0,1,False,blue,green,,8,7,False,川K98888,0.4064986608854752,-16.203143596578684,True,川,baseline,0.33333261146701515,-1.0986144542694092
fenqusai/test_photo/47.jpg,0,2,False,blue,green,tractor_green,8,7,False,川K98888,0.4064986608854752,-16.203143596578684,True,川,baseline,0.33333261146701515,-1.0986144542694092
fenqusai/test_photo/47.jpg,0,3,False,blue,yellow,,7,7,True,川K98888,0.4064986608854752,-16.203143596578684,True,川,baseline,0.33333261146701515,-1.0986144542694092
fenqusai/test_photo/47.jpg,0,4,False,blue,black,,7,7,True,川K98888,0.4064986608854752,-16.203143596578684,True,川,baseline,0.33333261146701515,-1.0986144542694092
fenqusai/test_photo/47.jpg,0,5,False,blue,special_7,,7,7,True,川K98888,0.4064986608854752,-16.203143596578684,True,川,baseline,0.33333261146701515,-1.0986144542694092
fenqusai/test_photo/47.jpg,0,6,False,blue,unknown_8,,8,7,False,川K98888,0.4064986608854752,-16.203143596578684,True,川,baseline,0.33333261146701515,-1.0986144542694092
fenqusai/test_photo/48.jpg,0,0,True,blue,blue,,7,7,True,湘A9412B,0.9626091785941844,-0.6859401650551646,True,湘,baseline,0.1752900760559875,-1.741313099861145
fenqusai/test_photo/48.jpg,0,1,False,blue,green,,8,8,True,湘YA9412B,0.7707971798330872,-4.685940021631488,True,湘,baseline,0.1752900760559875,-1.741313099861145
fenqusai/test_photo/48.jpg,0,2,False,blue,green,tractor_green,8,8,True,湘YA9412B,0.7707971798330872,-4.685940021631488,True,湘,baseline,0.1752900760559875,-1.741313099861145
fenqusai/test_photo/48.jpg,0,3,False,blue,yellow,,7,7,True,湘A9412B,0.9626091785941844,-0.6859401650551646,True,湘,baseline,0.1752900760559875,-1.741313099861145
fenqusai/test_photo/48.jpg,0,4,False,blue,black,,7,7,True,湘A9412B,0.9626091785941844,-0.6859401650551646,True,湘,baseline,0.1752900760559875,-1.741313099861145
fenqusai/test_photo/48.jpg,0,5,False,blue,special_7,,7,7,True,湘A9412B,0.9626091785941844,-0.6859401650551646,True,湘,baseline,0.1752900760559875,-1.741313099861145
fenqusai/test_photo/48.jpg,0,6,False,blue,unknown_8,,8,8,True,湘YA9412B,0.7707971798330872,-4.685940021631488,True,湘,baseline,0.1752900760559875,-1.741313099861145
fenqusai/test_photo/48_0073.jpg,0,0,True,blue,blue,,7,7,True,吉E69T3L,0.6002492690140964,-9.18738471031088,True,吉,baseline,0.09864987418928217,-2.316178321838379
fenqusai/test_photo/48_0073.jpg,0,1,False,blue,green,,8,6,False,吉E69T3,0.9345389816415812,-1.2186349029782377,True,吉,baseline,0.09864987418928217,-2.316178321838379
fenqusai/test_photo/48_0073.jpg,0,2,False,blue,green,tractor_green,8,6,False,吉E69T3,0.9345389816415812,-1.2186349029782377,True,吉,baseline,0.09864987418928217,-2.316178321838379
fenqusai/test_photo/48_0073.jpg,0,3,False,blue,yellow,,7,7,True,吉E69T3L,0.6002492690140964,-9.18738471031088,True,吉,baseline,0.09864987418928217,-2.316178321838379
fenqusai/test_photo/48_0073.jpg,0,4,False,blue,black,,7,7,True,吉E69T3L,0.6002492690140964,-9.18738471031088,True,吉,baseline,0.09864987418928217,-2.316178321838379
fenqusai/test_photo/48_0073.jpg,0,5,False,blue,special_7,,7,7,True,吉E69T3L,0.6002492690140964,-9.18738471031088,True,吉,baseline,0.09864987418928217,-2.316178321838379
fenqusai/test_photo/48_0073.jpg,0,6,False,blue,unknown_8,,8,6,False,吉E69T3,0.9345389816415812,-1.2186349029782377,True,吉,baseline,0.09864987418928217,-2.316178321838379
fenqusai/test_photo/48_0073.jpg,1,0,True,blue,blue,,7,7,True,冀A94BC2,0.9910719783795626,-0.16142607398796827,True,冀,baseline,0.2837476423414711,-1.2596700191497803
fenqusai/test_photo/48_0073.jpg,1,1,False,blue,green,,8,7,False,冀A94BC2,0.9910719783795626,-0.16142607398796827,True,冀,baseline,0.2837476423414711,-1.2596700191497803
fenqusai/test_photo/48_0073.jpg,1,2,False,blue,green,tractor_green,8,7,False,冀A94BC2,0.9910719783795626,-0.16142607398796827,True,冀,baseline,0.2837476423414711,-1.2596700191497803
fenqusai/test_photo/48_0073.jpg,1,3,False,blue,yellow,,7,7,True,冀A94BC2,0.9910719783795626,-0.16142607398796827,True,冀,baseline,0.2837476423414711,-1.2596700191497803
fenqusai/test_photo/48_0073.jpg,1,4,False,blue,black,,7,7,True,冀A94BC2,0.9910719783795626,-0.16142607398796827,True,冀,baseline,0.2837476423414711,-1.2596700191497803
fenqusai/test_photo/48_0073.jpg,1,5,False,blue,special_7,,7,7,True,冀A94BC2,0.9910719783795626,-0.16142607398796827,True,冀,baseline,0.2837476423414711,-1.2596700191497803
fenqusai/test_photo/48_0073.jpg,1,6,False,blue,unknown_8,,8,7,False,冀A94BC2,0.9910719783795626,-0.16142607398796827,True,冀,baseline,0.2837476423414711,-1.2596700191497803
fenqusai/test_photo/48_0193.jpg,0,0,True,blue,blue,,7,7,True,云E65LP3,0.9845125832163556,-0.280954793838859,True,云,baseline,0.25202668108650417,-1.3782203197479248
fenqusai/test_photo/48_0193.jpg,0,1,False,blue,green,,8,7,False,云E65LP3,0.9845125832163556,-0.280954793838859,True,云,baseline,0.25202668108650417,-1.3782203197479248
fenqusai/test_photo/48_0193.jpg,0,2,False,blue,green,tractor_green,8,7,False,云E65LP3,0.9845125832163556,-0.280954793838859,True,云,baseline,0.25202668108650417,-1.3782203197479248
fenqusai/test_photo/48_0193.jpg,0,3,False,blue,yellow,,7,7,True,云E65LP3,0.9845125832163556,-0.280954793838859,True,云,baseline,0.25202668108650417,-1.3782203197479248
fenqusai/test_photo/48_0193.jpg,0,4,False,blue,black,,7,7,True,云E65LP3,0.9845125832163556,-0.280954793838859,True,云,baseline,0.25202668108650417,-1.3782203197479248
fenqusai/test_photo/48_0193.jpg,0,5,False,blue,special_7,,7,7,True,云E65LP3,0.9845125832163556,-0.280954793838859,True,云,baseline,0.25202668108650417,-1.3782203197479248
fenqusai/test_photo/48_0193.jpg,0,6,False,blue,unknown_8,,8,7,False,云E65LP3,0.9845125832163556,-0.280954793838859,True,云,baseline,0.25202668108650417,-1.3782203197479248
fenqusai/test_photo/48_0193.jpg,1,0,True,blue,blue,,7,7,True,辽A152RK,0.9801358556569422,-0.3611535966747681,True,辽,baseline,0.23270005984971243,-1.4580049514770508
fenqusai/test_photo/48_0193.jpg,1,1,False,blue,green,,8,8,True,辽A152RKR,0.6080521559700688,-8.954903121292801,True,辽,baseline,0.23270005984971243,-1.4580049514770508
fenqusai/test_photo/48_0193.jpg,1,2,False,blue,green,tractor_green,8,8,True,辽A152RKR,0.6080521559700688,-8.954903121292801,True,辽,baseline,0.23270005984971243,-1.4580049514770508
fenqusai/test_photo/48_0193.jpg,1,3,False,blue,yellow,,7,7,True,辽A152RK,0.9801358556569422,-0.3611535966747681,True,辽,baseline,0.23270005984971243,-1.4580049514770508
fenqusai/test_photo/48_0193.jpg,1,4,False,blue,black,,7,7,True,辽A152RK,0.9801358556569422,-0.3611535966747681,True,辽,baseline,0.23270005984971243,-1.4580049514770508
fenqusai/test_photo/48_0193.jpg,1,5,False,blue,special_7,,7,7,True,辽A152RK,0.9801358556569422,-0.3611535966747681,True,辽,baseline,0.23270005984971243,-1.4580049514770508
fenqusai/test_photo/48_0193.jpg,1,6,False,blue,unknown_8,,8,8,True,辽A152RKR,0.6080521559700688,-8.954903121292801,True,辽,baseline,0.23270005984971243,-1.4580049514770508
fenqusai/test_photo/48_0193.jpg,2,0,True,blue,blue,,7,7,True,辽A0U58C,0.9809698355537114,-0.3458442340901229,True,辽,baseline,0.28899617411899026,-1.2413418292999268
fenqusai/test_photo/48_0193.jpg,2,1,False,blue,green,,8,7,False,辽A0U58C,0.9809698355537114,-0.3458442340901229,True,辽,baseline,0.28899617411899026,-1.2413418292999268
fenqusai/test_photo/48_0193.jpg,2,2,False,blue,green,tractor_green,8,7,False,辽A0U58C,0.9809698355537114,-0.3458442340901229,True,辽,baseline,0.28899617411899026,-1.2413418292999268
fenqusai/test_photo/48_0193.jpg,2,3,False,blue,yellow,,7,7,True,辽A0U58C,0.9809698355537114,-0.3458442340901229,True,辽,baseline,0.28899617411899026,-1.2413418292999268
fenqusai/test_photo/48_0193.jpg,2,4,False,blue,black,,7,7,True,辽A0U58C,0.9809698355537114,-0.3458442340901229,True,辽,baseline,0.28899617411899026,-1.2413418292999268
fenqusai/test_photo/48_0193.jpg,2,5,False,blue,special_7,,7,7,True,辽A0U58C,0.9809698355537114,-0.3458442340901229,True,辽,baseline,0.28899617411899026,-1.2413418292999268
fenqusai/test_photo/48_0193.jpg,2,6,False,blue,unknown_8,,8,7,False,辽A0U58C,0.9809698355537114,-0.3458442340901229,True,辽,baseline,0.28899617411899026,-1.2413418292999268
fenqusai/test_photo/48_0283.jpg,0,0,True,blue,blue,,7,7,True,蒙AH6T16,0.991426541117236,-0.1549876032568136,True,蒙,baseline,0.2872859036728074,-1.2472773790359497
fenqusai/test_photo/48_0283.jpg,0,1,False,blue,green,,8,8,True,蒙AHM6T16,0.6981614710447658,-6.467487643769346,True,蒙,baseline,0.2872859036728074,-1.2472773790359497
fenqusai/test_photo/48_0283.jpg,0,2,False,blue,green,tractor_green,8,8,True,蒙AHM6T16,0.6981614710447658,-6.467487643769346,True,蒙,baseline,0.2872859036728074,-1.2472773790359497
fenqusai/test_photo/48_0283.jpg,0,3,False,blue,yellow,,7,7,True,蒙AH6T16,0.991426541117236,-0.1549876032568136,True,蒙,baseline,0.2872859036728074,-1.2472773790359497
fenqusai/test_photo/48_0283.jpg,0,4,False,blue,black,,7,7,True,蒙AH6T16,0.991426541117236,-0.1549876032568136,True,蒙,baseline,0.2872859036728074,-1.2472773790359497
fenqusai/test_photo/48_0283.jpg,0,5,False,blue,special_7,,7,7,True,蒙AH6T16,0.991426541117236,-0.1549876032568136,True,蒙,baseline,0.2872859036728074,-1.2472773790359497
fenqusai/test_photo/48_0283.jpg,0,6,False,blue,unknown_8,,8,8,True,蒙AHM6T16,0.6981614710447658,-6.467487643769346,True,蒙,baseline,0.2872859036728074,-1.2472773790359497
fenqusai/test_photo/48_0283.jpg,1,0,True,blue,blue,,7,7,True,京BJS012,0.9592089704789695,-0.7496338188648153,True,京,baseline,0.19733968969355187,-1.622828722000122
fenqusai/test_photo/48_0283.jpg,1,1,False,blue,green,,8,7,False,京BJS012,0.9592089704789695,-0.7496338188648153,True,京,baseline,0.19733968969355187,-1.622828722000122
fenqusai/test_photo/48_0283.jpg,1,2,False,blue,green,tractor_green,8,7,False,京BJS012,0.9592089704789695,-0.7496338188648153,True,京,baseline,0.19733968969355187,-1.622828722000122
fenqusai/test_photo/48_0283.jpg,1,3,False,blue,yellow,,7,7,True,京BJS012,0.9592089704789695,-0.7496338188648153,True,京,baseline,0.19733968969355187,-1.622828722000122
fenqusai/test_photo/48_0283.jpg,1,4,False,blue,black,,7,7,True,京BJS012,0.9592089704789695,-0.7496338188648153,True,京,baseline,0.19733968969355187,-1.622828722000122
fenqusai/test_photo/48_0283.jpg,1,5,False,blue,special_7,,7,7,True,京BJS012,0.9592089704789695,-0.7496338188648153,True,京,baseline,0.19733968969355187,-1.622828722000122
fenqusai/test_photo/48_0283.jpg,1,6,False,blue,unknown_8,,8,7,False,京BJS012,0.9592089704789695,-0.7496338188648153,True,京,baseline,0.19733968969355187,-1.622828722000122
fenqusai/test_photo/48_0283.jpg,2,0,True,blue,blue,,7,7,True,湘A82MDD,0.9234432045809496,-1.4336276655079843,True,湘,baseline,0.08803831698056792,-2.429983139038086
fenqusai/test_photo/48_0283.jpg,2,1,False,blue,green,,8,7,False,湘A82MDD,0.9234432045809496,-1.4336276655079843,True,湘,baseline,0.08803831698056792,-2.429983139038086
fenqusai/test_photo/48_0283.jpg,2,2,False,blue,green,tractor_green,8,7,False,湘A82MDD,0.9234432045809496,-1.4336276655079843,True,湘,baseline,0.08803831698056792,-2.429983139038086
fenqusai/test_photo/48_0283.jpg,2,3,False,blue,yellow,,7,7,True,湘A82MDD,0.9234432045809496,-1.4336276655079843,True,湘,baseline,0.08803831698056792,-2.429983139038086
fenqusai/test_photo/48_0283.jpg,2,4,False,blue,black,,7,7,True,湘A82MDD,0.9234432045809496,-1.4336276655079843,True,湘,baseline,0.08803831698056792,-2.429983139038086
fenqusai/test_photo/48_0283.jpg,2,5,False,blue,special_7,,7,7,True,湘A82MDD,0.9234432045809496,-1.4336276655079843,True,湘,baseline,0.08803831698056792,-2.429983139038086
fenqusai/test_photo/48_0283.jpg,2,6,False,blue,unknown_8,,8,7,False,湘A82MDD,0.9234432045809496,-1.4336276655079843,True,湘,baseline,0.08803831698056792,-2.429983139038086
fenqusai/test_photo/49.jpg,0,0,True,blue,blue,,7,7,True,琼B44444,0.9055019533300426,-1.7867852005873033,True,琼,baseline,0.10678884984557536,-2.2369017601013184
fenqusai/test_photo/49.jpg,0,1,False,blue,green,,8,7,False,琼B44444,0.9055019533300426,-1.7867852005873033,True,琼,baseline,0.10678884984557536,-2.2369017601013184
fenqusai/test_photo/49.jpg,0,2,False,blue,green,tractor_green,8,7,False,琼B44444,0.9055019533300426,-1.7867852005873033,True,琼,baseline,0.10678884984557536,-2.2369017601013184
fenqusai/test_photo/49.jpg,0,3,False,blue,yellow,,7,7,True,琼B44444,0.9055019533300426,-1.7867852005873033,True,琼,baseline,0.10678884984557536,-2.2369017601013184
fenqusai/test_photo/49.jpg,0,4,False,blue,black,,7,7,True,琼B44444,0.9055019533300426,-1.7867852005873033,True,琼,baseline,0.10678884984557536,-2.2369017601013184
fenqusai/test_photo/49.jpg,0,5,False,blue,special_7,,7,7,True,琼B44444,0.9055019533300426,-1.7867852005873033,True,琼,baseline,0.10678884984557536,-2.2369017601013184
fenqusai/test_photo/49.jpg,0,6,False,blue,unknown_8,,8,7,False,琼B44444,0.9055019533300426,-1.7867852005873033,True,琼,baseline,0.10678884984557536,-2.2369017601013184
fenqusai/test_photo/55.jpg,0,0,True,green,green,,8,8,True,甘K34VNQS,0.6351535317326994,-8.16999348704121,True,甘,baseline,0.310424677805799,-1.1698139905929565
fenqusai/test_photo/55.jpg,0,1,False,green,green,tractor_green,8,8,True,甘K34VNQS,0.6351535317326994,-8.16999348704121,True,甘,baseline,0.310424677805799,-1.1698139905929565
fenqusai/test_photo/55.jpg,0,2,False,green,blue,,7,7,True,甘K34VNS,0.5192979784822815,-11.794993576448178,True,甘,baseline,0.310424677805799,-1.1698139905929565
fenqusai/test_photo/55.jpg,0,3,False,green,yellow,,7,7,True,甘K34VNS,0.5192979784822815,-11.794993576448178,True,甘,baseline,0.310424677805799,-1.1698139905929565
fenqusai/test_photo/55.jpg,0,4,False,green,black,,7,7,True,甘K34VNS,0.5192979784822815,-11.794993576448178,True,甘,baseline,0.310424677805799,-1.1698139905929565
fenqusai/test_photo/55.jpg,0,5,False,green,special_7,,7,7,True,甘K34VNS,0.5192979784822815,-11.794993576448178,True,甘,baseline,0.310424677805799,-1.1698139905929565
fenqusai/test_photo/55.jpg,0,6,False,green,unknown_8,,8,8,True,甘K34VNQS,0.6351535317326994,-8.16999348704121,True,甘,baseline,0.310424677805799,-1.1698139905929565
fenqusai/test_photo/58.jpg,0,0,True,blue,blue,,7,7,True,浙E22602,0.9172122293164612,-1.5554951059020752,True,浙,baseline,0.16679315233493003,-1.7910008430480957
fenqusai/test_photo/58.jpg,0,1,False,blue,green,,8,8,True,浙E22602E,0.933275083788436,-1.2429951059020752,True,浙,baseline,0.16679315233493003,-1.7910008430480957
fenqusai/test_photo/58.jpg,0,2,False,blue,green,tractor_green,8,8,True,浙E22602E,0.933275083788436,-1.2429951059020752,True,浙,baseline,0.16679315233493003,-1.7910008430480957
fenqusai/test_photo/58.jpg,0,3,False,blue,yellow,,7,7,True,浙E22602,0.9172122293164612,-1.5554951059020752,True,浙,baseline,0.16679315233493003,-1.7910008430480957
fenqusai/test_photo/58.jpg,0,4,False,blue,black,,7,7,True,浙E22602,0.9172122293164612,-1.5554951059020752,True,浙,baseline,0.16679315233493003,-1.7910008430480957
fenqusai/test_photo/58.jpg,0,5,False,blue,special_7,,7,7,True,浙E22602,0.9172122293164612,-1.5554951059020752,True,浙,baseline,0.16679315233493003,-1.7910008430480957
fenqusai/test_photo/58.jpg,0,6,False,blue,unknown_8,,8,8,True,浙E22602E,0.933275083788436,-1.2429951059020752,True,浙,baseline,0.16679315233493003,-1.7910008430480957
fenqusai/test_photo/64_0236.jpg,0,0,True,blue,blue,,7,7,True,蒙A1QT20,0.9928641296886769,-0.12890614332354744,True,蒙,baseline,0.30656251245327293,-1.1823335886001587
fenqusai/test_photo/64_0236.jpg,0,1,False,blue,green,,8,8,True,蒙A1TQT20,0.8231132723755864,-3.50390617685116,True,蒙,baseline,0.30656251245327293,-1.1823335886001587
fenqusai/test_photo/64_0236.jpg,0,2,False,blue,green,tractor_green,8,8,True,蒙A1TQT20,0.8231132723755864,-3.50390617685116,True,蒙,baseline,0.30656251245327293,-1.1823335886001587
fenqusai/test_photo/64_0236.jpg,0,3,False,blue,yellow,,7,7,True,蒙A1QT20,0.9928641296886769,-0.12890614332354744,True,蒙,baseline,0.30656251245327293,-1.1823335886001587
fenqusai/test_photo/64_0236.jpg,0,4,False,blue,black,,7,7,True,蒙A1QT20,0.9928641296886769,-0.12890614332354744,True,蒙,baseline,0.30656251245327293,-1.1823335886001587
fenqusai/test_photo/64_0236.jpg,0,5,False,blue,special_7,,7,7,True,蒙A1QT20,0.9928641296886769,-0.12890614332354744,True,蒙,baseline,0.30656251245327293,-1.1823335886001587
fenqusai/test_photo/64_0236.jpg,0,6,False,blue,unknown_8,,8,8,True,蒙A1TQT20,0.8231132723755864,-3.50390617685116,True,蒙,baseline,0.30656251245327293,-1.1823335886001587
fenqusai/test_photo/64_0236.jpg,1,0,True,yellow,yellow,,7,7,True,蒙E63893,0.9708991924668086,-0.531587418176052,True,蒙,baseline,0.19590811149811432,-1.6301095485687256
fenqusai/test_photo/64_0236.jpg,1,1,False,yellow,blue,,7,7,True,蒙E63893,0.9708991924668086,-0.531587418176052,True,蒙,baseline,0.19590811149811432,-1.6301095485687256
fenqusai/test_photo/64_0236.jpg,1,2,False,yellow,green,,8,7,False,蒙E63893,0.9708991924668086,-0.531587418176052,True,蒙,baseline,0.19590811149811432,-1.6301095485687256
fenqusai/test_photo/64_0236.jpg,1,3,False,yellow,green,tractor_green,8,7,False,蒙E63893,0.9708991924668086,-0.531587418176052,True,蒙,baseline,0.19590811149811432,-1.6301095485687256
fenqusai/test_photo/64_0236.jpg,1,4,False,yellow,black,,7,7,True,蒙E63893,0.9708991924668086,-0.531587418176052,True,蒙,baseline,0.19590811149811432,-1.6301095485687256
fenqusai/test_photo/64_0236.jpg,1,5,False,yellow,special_7,,7,7,True,蒙E63893,0.9708991924668086,-0.531587418176052,True,蒙,baseline,0.19590811149811432,-1.6301095485687256
fenqusai/test_photo/64_0236.jpg,1,6,False,yellow,unknown_8,,8,7,False,蒙E63893,0.9708991924668086,-0.531587418176052,True,蒙,baseline,0.19590811149811432,-1.6301095485687256
fenqusai/test_photo/64_0236.jpg,2,0,True,blue,blue,,7,7,True,陕J8W671,0.9303018456032908,-1.3004312459379435,True,陕,baseline,0.1392093662558699,-1.9717762470245361
fenqusai/test_photo/64_0236.jpg,2,1,False,blue,green,,8,7,False,陕J8W671,0.9303018456032908,-1.3004312459379435,True,陕,baseline,0.1392093662558699,-1.9717762470245361
fenqusai/test_photo/64_0236.jpg,2,2,False,blue,green,tractor_green,8,7,False,陕J8W671,0.9303018456032908,-1.3004312459379435,True,陕,baseline,0.1392093662558699,-1.9717762470245361
fenqusai/test_photo/64_0236.jpg,2,3,False,blue,yellow,,7,7,True,陕J8W671,0.9303018456032908,-1.3004312459379435,True,陕,baseline,0.1392093662558699,-1.9717762470245361
fenqusai/test_photo/64_0236.jpg,2,4,False,blue,black,,7,7,True,陕J8W671,0.9303018456032908,-1.3004312459379435,True,陕,baseline,0.1392093662558699,-1.9717762470245361
fenqusai/test_photo/64_0236.jpg,2,5,False,blue,special_7,,7,7,True,陕J8W671,0.9303018456032908,-1.3004312459379435,True,陕,baseline,0.1392093662558699,-1.9717762470245361
fenqusai/test_photo/64_0236.jpg,2,6,False,blue,unknown_8,,8,7,False,陕J8W671,0.9303018456032908,-1.3004312459379435,True,陕,baseline,0.1392093662558699,-1.9717762470245361
fenqusai/test_photo/64_0833.jpg,0,0,False,yellow,yellow,,7,7,True,沪M81920,0.2622202475586693,-24.094268798825794,True,沪,1,0.2779237449595124,-4.03040885925293
fenqusai/test_photo/64_0833.jpg,0,1,False,yellow,blue,,7,7,True,沪M81920,0.2622202475586693,-24.094268798825794,True,沪,1,0.2779237449595124,-4.03040885925293
fenqusai/test_photo/64_0833.jpg,0,2,False,yellow,green,,8,8,True,吉M8192M0,0.4781283727197753,-13.28176836669212,True,吉,baseline,0.2779237449595124,-1.280408501625061
fenqusai/test_photo/64_0833.jpg,0,3,False,yellow,green,tractor_green,8,8,True,吉M8192M0,0.4781283727197753,-13.28176836669212,True,吉,baseline,0.2779237449595124,-1.280408501625061
fenqusai/test_photo/64_0833.jpg,0,4,False,yellow,black,,7,7,True,吉M8192M,0.11737399435796575,-38.56301836669212,True,吉,baseline,0.2779237449595124,-1.280408501625061
fenqusai/test_photo/64_0833.jpg,0,5,True,yellow,special_7,,7,7,True,吉8192M0,0.9675241215969087,-0.594268605105924,True,吉,baseline,0.2779237449595124,-1.280408501625061
fenqusai/test_photo/64_0833.jpg,0,6,False,yellow,unknown_8,,8,8,True,吉M8192M0,0.4781283727197753,-13.28176836669212,True,吉,baseline,0.2779237449595124,-1.280408501625061
fenqusai/test_photo/64_0833.jpg,1,0,True,blue,blue,,7,7,True,川A6P2V8,0.9511359086442528,-0.9017696762954301,True,川,baseline,0.26187828095676874,-1.3398754596710205
fenqusai/test_photo/64_0833.jpg,1,1,False,blue,green,,8,7,False,川A6P2V8,0.9511359086442528,-0.9017696762954301,True,川,baseline,0.26187828095676874,-1.3398754596710205
fenqusai/test_photo/64_0833.jpg,1,2,False,blue,green,tractor_green,8,7,False,川A6P2V8,0.9511359086442528,-0.9017696762954301,True,川,baseline,0.26187828095676874,-1.3398754596710205
fenqusai/test_photo/64_0833.jpg,1,3,False,blue,yellow,,7,7,True,川A6P2V8,0.9511359086442528,-0.9017696762954301,True,川,baseline,0.26187828095676874,-1.3398754596710205
fenqusai/test_photo/64_0833.jpg,1,4,False,blue,black,,7,7,True,川A6P2V8,0.9511359086442528,-0.9017696762954301,True,川,baseline,0.26187828095676874,-1.3398754596710205
fenqusai/test_photo/64_0833.jpg,1,5,False,blue,special_7,,7,7,True,川A6P2V8,0.9511359086442528,-0.9017696762954301,True,川,baseline,0.26187828095676874,-1.3398754596710205
fenqusai/test_photo/64_0833.jpg,1,6,False,blue,unknown_8,,8,7,False,川A6P2V8,0.9511359086442528,-0.9017696762954301,True,川,baseline,0.26187828095676874,-1.3398754596710205
fenqusai/test_photo/64_0833.jpg,2,0,True,blue,blue,,7,7,True,黑A09Y3B,0.9785636618113867,-0.3900498056596007,True,黑,baseline,0.3198650851895131,-1.139855980873108
fenqusai/test_photo/64_0833.jpg,2,1,False,blue,green,,8,7,False,黑A09Y3B,0.9785636618113867,-0.3900498056596007,True,黑,baseline,0.3198650851895131,-1.139855980873108
fenqusai/test_photo/64_0833.jpg,2,2,False,blue,green,tractor_green,8,7,False,黑A09Y3B,0.9785636618113867,-0.3900498056596007,True,黑,baseline,0.3198650851895131,-1.139855980873108
fenqusai/test_photo/64_0833.jpg,2,3,False,blue,yellow,,7,7,True,黑A09Y3B,0.9785636618113867,-0.3900498056596007,True,黑,baseline,0.3198650851895131,-1.139855980873108
fenqusai/test_photo/64_0833.jpg,2,4,False,blue,black,,7,7,True,黑A09Y3B,0.9785636618113867,-0.3900498056596007,True,黑,baseline,0.3198650851895131,-1.139855980873108
fenqusai/test_photo/64_0833.jpg,2,5,False,blue,special_7,,7,7,True,黑A09Y3B,0.9785636618113867,-0.3900498056596007,True,黑,baseline,0.3198650851895131,-1.139855980873108
fenqusai/test_photo/64_0833.jpg,2,6,False,blue,unknown_8,,8,7,False,黑A09Y3B,0.9785636618113867,-0.3900498056596007,True,黑,baseline,0.3198650851895131,-1.139855980873108
fenqusai/test_photo/653.jpg,0,0,True,blue,blue,,7,7,True,桂AG9Z10,0.9717064514978028,-0.5166274457910731,True,桂,baseline,0.333061560919559,-1.0994279384613037
fenqusai/test_photo/653.jpg,0,1,False,blue,green,,8,8,True,桂ACG9Z10,0.8471696598696952,-2.985377356384106,True,桂,baseline,0.333061560919559,-1.0994279384613037
fenqusai/test_photo/653.jpg,0,2,False,blue,green,tractor_green,8,8,True,桂ACG9Z10,0.8471696598696952,-2.985377356384106,True,桂,baseline,0.333061560919559,-1.0994279384613037
fenqusai/test_photo/653.jpg,0,3,False,blue,yellow,,7,7,True,桂AG9Z10,0.9717064514978028,-0.5166274457910731,True,桂,baseline,0.333061560919559,-1.0994279384613037
fenqusai/test_photo/653.jpg,0,4,False,blue,black,,7,7,True,桂AG9Z10,0.9717064514978028,-0.5166274457910731,True,桂,baseline,0.333061560919559,-1.0994279384613037
fenqusai/test_photo/653.jpg,0,5,False,blue,special_7,,7,7,True,桂AG9Z10,0.9717064514978028,-0.5166274457910731,True,桂,baseline,0.333061560919559,-1.0994279384613037
fenqusai/test_photo/653.jpg,0,6,False,blue,unknown_8,,8,8,True,桂ACG9Z10,0.8471696598696952,-2.985377356384106,True,桂,baseline,0.333061560919559,-1.0994279384613037
fenqusai/test_photo/655.jpg,0,0,True,blue,blue,,7,7,True,鄂A70M53,0.9676402104308944,-0.5921089962503174,True,鄂,baseline,0.18443031743907665,-1.690483570098877
fenqusai/test_photo/655.jpg,0,1,False,blue,green,,8,7,False,鄂A70M53,0.9676402104308944,-0.5921089962503174,True,鄂,baseline,0.18443031743907665,-1.690483570098877
fenqusai/test_photo/655.jpg,0,2,False,blue,green,tractor_green,8,7,False,鄂A70M53,0.9676402104308944,-0.5921089962503174,True,鄂,baseline,0.18443031743907665,-1.690483570098877
fenqusai/test_photo/655.jpg,0,3,False,blue,yellow,,7,7,True,鄂A70M53,0.9676402104308944,-0.5921089962503174,True,鄂,baseline,0.18443031743907665,-1.690483570098877
fenqusai/test_photo/655.jpg,0,4,False,blue,black,,7,7,True,鄂A70M53,0.9676402104308944,-0.5921089962503174,True,鄂,baseline,0.18443031743907665,-1.690483570098877
fenqusai/test_photo/655.jpg,0,5,False,blue,special_7,,7,7,True,鄂A70M53,0.9676402104308944,-0.5921089962503174,True,鄂,baseline,0.18443031743907665,-1.690483570098877
fenqusai/test_photo/655.jpg,0,6,False,blue,unknown_8,,8,7,False,鄂A70M53,0.9676402104308944,-0.5921089962503174,True,鄂,baseline,0.18443031743907665,-1.690483570098877
fenqusai/test_photo/657.jpg,0,0,True,blue,blue,,7,7,True,黑D8880D,0.9544437576530103,-0.8392780964204576,True,黑,baseline,0.14420995043494403,-1.9364850521087646
fenqusai/test_photo/657.jpg,0,1,False,blue,green,,8,8,True,黑DD8880D,0.6346937574271659,-8.183028027386172,True,黑,baseline,0.14420995043494403,-1.9364850521087646
fenqusai/test_photo/657.jpg,0,2,False,blue,green,tractor_green,8,8,True,黑DD8880D,0.6346937574271659,-8.183028027386172,True,黑,baseline,0.14420995043494403,-1.9364850521087646
fenqusai/test_photo/657.jpg,0,3,False,blue,yellow,,7,7,True,黑D8880D,0.9544437576530103,-0.8392780964204576,True,黑,baseline,0.14420995043494403,-1.9364850521087646
fenqusai/test_photo/657.jpg,0,4,False,blue,black,,7,7,True,黑D8880D,0.9544437576530103,-0.8392780964204576,True,黑,baseline,0.14420995043494403,-1.9364850521087646
fenqusai/test_photo/657.jpg,0,5,False,blue,special_7,,7,7,True,黑D8880D,0.9544437576530103,-0.8392780964204576,True,黑,baseline,0.14420995043494403,-1.9364850521087646
fenqusai/test_photo/657.jpg,0,6,False,blue,unknown_8,,8,8,True,黑DD8880D,0.6346937574271659,-8.183028027386172,True,黑,baseline,0.14420995043494403,-1.9364850521087646
fenqusai/test_photo/667.jpg,0,0,True,blue,blue,,7,7,True,吉G04444,0.9545652132298986,-0.8369876929490374,True,吉,baseline,0.23515719740362348,-1.4475010633468628
fenqusai/test_photo/667.jpg,0,1,False,blue,green,,8,7,False,吉G04444,0.9545652132298986,-0.8369876929490374,True,吉,baseline,0.23515719740362348,-1.4475010633468628
fenqusai/test_photo/667.jpg,0,2,False,blue,green,tractor_green,8,7,False,吉G04444,0.9545652132298986,-0.8369876929490374,True,吉,baseline,0.23515719740362348,-1.4475010633468628
fenqusai/test_photo/667.jpg,0,3,False,blue,yellow,,7,7,True,吉G04444,0.9545652132298986,-0.8369876929490374,True,吉,baseline,0.23515719740362348,-1.4475010633468628
fenqusai/test_photo/667.jpg,0,4,False,blue,black,,7,7,True,吉G04444,0.9545652132298986,-0.8369876929490374,True,吉,baseline,0.23515719740362348,-1.4475010633468628
fenqusai/test_photo/667.jpg,0,5,False,blue,special_7,,7,7,True,吉G04444,0.9545652132298986,-0.8369876929490374,True,吉,baseline,0.23515719740362348,-1.4475010633468628
fenqusai/test_photo/667.jpg,0,6,False,blue,unknown_8,,8,7,False,吉G04444,0.9545652132298986,-0.8369876929490374,True,吉,baseline,0.23515719740362348,-1.4475010633468628
fenqusai/test_photo/668.jpg,0,0,True,unknown_7,blue,,7,7,True,渝B0X288,0.9897413434779169,-0.18560950568053158,True,渝,baseline,0.2770516149637081,-1.2835514545440674
fenqusai/test_photo/668.jpg,0,1,False,unknown_7,green,,8,7,False,渝B0X288,0.9897413434779169,-0.18560950568053158,True,渝,baseline,0.2770516149637081,-1.2835514545440674
fenqusai/test_photo/668.jpg,0,2,False,unknown_7,green,tractor_green,8,7,False,渝B0X288,0.9897413434779169,-0.18560950568053158,True,渝,baseline,0.2770516149637081,-1.2835514545440674
fenqusai/test_photo/668.jpg,0,3,False,unknown_7,yellow,,7,7,True,渝B0X288,0.9897413434779169,-0.18560950568053158,True,渝,baseline,0.2770516149637081,-1.2835514545440674
fenqusai/test_photo/668.jpg,0,4,False,unknown_7,black,,7,7,True,渝B0X288,0.9897413434779169,-0.18560950568053158,True,渝,baseline,0.2770516149637081,-1.2835514545440674
fenqusai/test_photo/668.jpg,0,5,False,unknown_7,special_7,,7,7,True,渝B0X288,0.9897413434779169,-0.18560950568053158,True,渝,baseline,0.2770516149637081,-1.2835514545440674
fenqusai/test_photo/668.jpg,0,6,False,unknown_7,unknown_8,,8,7,False,渝B0X288,0.9897413434779169,-0.18560950568053158,True,渝,baseline,0.2770516149637081,-1.2835514545440674
fenqusai/test_photo/673.jpg,0,0,True,blue,blue,,7,7,True,苏F43795,0.983308544920393,-0.3029818894137861,True,苏,baseline,0.2756232206348947,-1.2887204885482788
fenqusai/test_photo/673.jpg,0,1,False,blue,green,,8,7,False,苏F43795,0.983308544920393,-0.3029818894137861,True,苏,baseline,0.2756232206348947,-1.2887204885482788
fenqusai/test_photo/673.jpg,0,2,False,blue,green,tractor_green,8,7,False,苏F43795,0.983308544920393,-0.3029818894137861,True,苏,baseline,0.2756232206348947,-1.2887204885482788
fenqusai/test_photo/673.jpg,0,3,False,blue,yellow,,7,7,True,苏F43795,0.983308544920393,-0.3029818894137861,True,苏,baseline,0.2756232206348947,-1.2887204885482788
fenqusai/test_photo/673.jpg,0,4,False,blue,black,,7,7,True,苏F43795,0.983308544920393,-0.3029818894137861,True,苏,baseline,0.2756232206348947,-1.2887204885482788
fenqusai/test_photo/673.jpg,0,5,False,blue,special_7,,7,7,True,苏F43795,0.983308544920393,-0.3029818894137861,True,苏,baseline,0.2756232206348947,-1.2887204885482788
fenqusai/test_photo/673.jpg,0,6,False,blue,unknown_8,,8,7,False,苏F43795,0.983308544920393,-0.3029818894137861,True,苏,baseline,0.2756232206348947,-1.2887204885482788
fenqusai/test_photo/675.jpg,0,0,True,blue,blue,,7,7,True,蒙AV6600,0.9887017725671211,-0.20452567058282511,True,蒙,baseline,0.27357958164887086,-1.296162724494934
fenqusai/test_photo/675.jpg,0,1,False,blue,green,,8,7,False,蒙AV6600,0.9887017725671211,-0.20452567058282511,True,蒙,baseline,0.27357958164887086,-1.296162724494934
fenqusai/test_photo/675.jpg,0,2,False,blue,green,tractor_green,8,7,False,蒙AV6600,0.9887017725671211,-0.20452567058282511,True,蒙,baseline,0.27357958164887086,-1.296162724494934
fenqusai/test_photo/675.jpg,0,3,False,blue,yellow,,7,7,True,蒙AV6600,0.9887017725671211,-0.20452567058282511,True,蒙,baseline,0.27357958164887086,-1.296162724494934
fenqusai/test_photo/675.jpg,0,4,False,blue,black,,7,7,True,蒙AV6600,0.9887017725671211,-0.20452567058282511,True,蒙,baseline,0.27357958164887086,-1.296162724494934
fenqusai/test_photo/675.jpg,0,5,False,blue,special_7,,7,7,True,蒙AV6600,0.9887017725671211,-0.20452567058282511,True,蒙,baseline,0.27357958164887086,-1.296162724494934
fenqusai/test_photo/675.jpg,0,6,False,blue,unknown_8,,8,7,False,蒙AV6600,0.9887017725671211,-0.20452567058282511,True,蒙,baseline,0.27357958164887086,-1.296162724494934
fenqusai/test_photo/677.jpg,0,0,True,unknown_7,blue,,7,7,True,京A00T45,0.9953142873652013,-0.08454105000419077,True,京,baseline,0.3273023232290613,-1.1168709993362427
fenqusai/test_photo/677.jpg,0,1,False,unknown_7,green,,8,8,True,京AA00T45,0.6359639533092144,-8.147041099829949,True,京,baseline,0.3273023232290613,-1.1168709993362427
fenqusai/test_photo/677.jpg,0,2,False,unknown_7,green,tractor_green,8,8,True,京AA00T45,0.6359639533092144,-8.147041099829949,True,京,baseline,0.3273023232290613,-1.1168709993362427
fenqusai/test_photo/677.jpg,0,3,False,unknown_7,yellow,,7,7,True,京A00T45,0.9953142873652013,-0.08454105000419077,True,京,baseline,0.3273023232290613,-1.1168709993362427
fenqusai/test_photo/677.jpg,0,4,False,unknown_7,black,,7,7,True,京A00T45,0.9953142873652013,-0.08454105000419077,True,京,baseline,0.3273023232290613,-1.1168709993362427
fenqusai/test_photo/677.jpg,0,5,False,unknown_7,special_7,,7,7,True,京A00T45,0.9953142873652013,-0.08454105000419077,True,京,baseline,0.3273023232290613,-1.1168709993362427
fenqusai/test_photo/677.jpg,0,6,False,unknown_7,unknown_8,,8,8,True,京AA00T45,0.6359639533092144,-8.147041099829949,True,京,baseline,0.3273023232290613,-1.1168709993362427
fenqusai/test_photo/678.jpg,0,0,True,blue,blue,,7,7,True,皖R56789,0.9958465066248913,-0.07491857558476767,True,皖,baseline,0.30927317220207046,-1.1735303401947021
fenqusai/test_photo/678.jpg,0,1,False,blue,green,,8,7,False,皖R56789,0.9958465066248913,-0.07491857558476767,True,皖,baseline,0.30927317220207046,-1.1735303401947021
fenqusai/test_photo/678.jpg,0,2,False,blue,green,tractor_green,8,7,False,皖R56789,0.9958465066248913,-0.07491857558476767,True,皖,baseline,0.30927317220207046,-1.1735303401947021
fenqusai/test_photo/678.jpg,0,3,False,blue,yellow,,7,7,True,皖R56789,0.9958465066248913,-0.07491857558476767,True,皖,baseline,0.30927317220207046,-1.1735303401947021
fenqusai/test_photo/678.jpg,0,4,False,blue,black,,7,7,True,皖R56789,0.9958465066248913,-0.07491857558476767,True,皖,baseline,0.30927317220207046,-1.1735303401947021
fenqusai/test_photo/678.jpg,0,5,False,blue,special_7,,7,7,True,皖R56789,0.9958465066248913,-0.07491857558476767,True,皖,baseline,0.30927317220207046,-1.1735303401947021
fenqusai/test_photo/678.jpg,0,6,False,blue,unknown_8,,8,7,False,皖R56789,0.9958465066248913,-0.07491857558476767,True,皖,baseline,0.30927317220207046,-1.1735303401947021
fenqusai/test_photo/680.jpg,0,0,True,blue,blue,,7,7,True,京D19H58,0.9905964135379983,-0.17006542792569235,True,京,baseline,0.30908630672553794,-1.1741347312927246
fenqusai/test_photo/680.jpg,0,1,False,blue,green,,8,7,False,京D19H58,0.9905964135379983,-0.17006542792569235,True,京,baseline,0.30908630672553794,-1.1741347312927246
fenqusai/test_photo/680.jpg,0,2,False,blue,green,tractor_green,8,7,False,京D19H58,0.9905964135379983,-0.17006542792569235,True,京,baseline,0.30908630672553794,-1.1741347312927246
fenqusai/test_photo/680.jpg,0,3,False,blue,yellow,,7,7,True,京D19H58,0.9905964135379983,-0.17006542792569235,True,京,baseline,0.30908630672553794,-1.1741347312927246
fenqusai/test_photo/680.jpg,0,4,False,blue,black,,7,7,True,京D19H58,0.9905964135379983,-0.17006542792569235,True,京,baseline,0.30908630672553794,-1.1741347312927246
fenqusai/test_photo/680.jpg,0,5,False,blue,special_7,,7,7,True,京D19H58,0.9905964135379983,-0.17006542792569235,True,京,baseline,0.30908630672553794,-1.1741347312927246
fenqusai/test_photo/680.jpg,0,6,False,blue,unknown_8,,8,7,False,京D19H58,0.9905964135379983,-0.17006542792569235,True,京,baseline,0.30908630672553794,-1.1741347312927246
fenqusai/test_photo/681.jpg,0,0,True,blue,blue,,7,7,True,云EZ1H19,0.9172704263034133,-1.5543530446650493,True,云,baseline,0.0705299622629879,-2.6517176628112793
fenqusai/test_photo/681.jpg,0,1,False,blue,green,,8,8,True,云EZ1H19S,0.5989553436187931,-9.226228233607117,True,云,baseline,0.0705299622629879,-2.6517176628112793
fenqusai/test_photo/681.jpg,0,2,False,blue,green,tractor_green,8,8,True,云EZ1H19S,0.5989553436187931,-9.226228233607117,True,云,baseline,0.0705299622629879,-2.6517176628112793
fenqusai/test_photo/681.jpg,0,3,False,blue,yellow,,7,7,True,云EZ1H19,0.9172704263034133,-1.5543530446650493,True,云,baseline,0.0705299622629879,-2.6517176628112793
fenqusai/test_photo/681.jpg,0,4,False,blue,black,,7,7,True,云EZ1H19,0.9172704263034133,-1.5543530446650493,True,云,baseline,0.0705299622629879,-2.6517176628112793
fenqusai/test_photo/681.jpg,0,5,False,blue,special_7,,7,7,True,云EZ1H19,0.9172704263034133,-1.5543530446650493,True,云,baseline,0.0705299622629879,-2.6517176628112793
fenqusai/test_photo/681.jpg,0,6,False,blue,unknown_8,,8,8,True,云EZ1H19S,0.5989553436187931,-9.226228233607117,True,云,baseline,0.0705299622629879,-2.6517176628112793
fenqusai/test_photo/684.jpg,0,0,True,blue,blue,,7,7,True,云CC6586,0.9899866872931486,-0.18114809620595906,True,云,baseline,0.3010938593829792,-1.2003332376480103
fenqusai/test_photo/684.jpg,0,1,False,blue,green,,8,8,True,云CCP6586,0.742109679924932,-5.3686481423064265,True,云,baseline,0.3010938593829792,-1.2003332376480103
fenqusai/test_photo/684.jpg,0,2,False,blue,green,tractor_green,8,8,True,云CCP6586,0.742109679924932,-5.3686481423064265,True,云,baseline,0.3010938593829792,-1.2003332376480103
fenqusai/test_photo/684.jpg,0,3,False,blue,yellow,,7,7,True,云CC6586,0.9899866872931486,-0.18114809620595906,True,云,baseline,0.3010938593829792,-1.2003332376480103
fenqusai/test_photo/684.jpg,0,4,False,blue,black,,7,7,True,云CC6586,0.9899866872931486,-0.18114809620595906,True,云,baseline,0.3010938593829792,-1.2003332376480103
fenqusai/test_photo/684.jpg,0,5,False,blue,special_7,,7,7,True,云CC6586,0.9899866872931486,-0.18114809620595906,True,云,baseline,0.3010938593829792,-1.2003332376480103
fenqusai/test_photo/684.jpg,0,6,False,blue,unknown_8,,8,8,True,云CCP6586,0.742109679924932,-5.3686481423064265,True,云,baseline,0.3010938593829792,-1.2003332376480103
fenqusai/test_photo/686.jpg,0,0,True,blue,blue,,7,7,True,京P9WH18,0.9934761106823383,-0.11781473208335314,True,京,baseline,0.33329669174770515,-1.098722219467163
fenqusai/test_photo/686.jpg,0,1,False,blue,green,,8,8,True,京P9WH186,0.6176670692615918,-8.672502412177856,True,京,baseline,0.33329669174770515,-1.098722219467163
fenqusai/test_photo/686.jpg,0,2,False,blue,green,tractor_green,8,8,True,京P9WH186,0.6176670692615918,-8.672502412177856,True,京,baseline,0.33329669174770515,-1.098722219467163
fenqusai/test_photo/686.jpg,0,3,False,blue,yellow,,7,7,True,京P9WH18,0.9934761106823383,-0.11781473208335314,True,京,baseline,0.33329669174770515,-1.098722219467163
fenqusai/test_photo/686.jpg,0,4,False,blue,black,,7,7,True,京P9WH18,0.9934761106823383,-0.11781473208335314,True,京,baseline,0.33329669174770515,-1.098722219467163
fenqusai/test_photo/686.jpg,0,5,False,blue,special_7,,7,7,True,京P9WH18,0.9934761106823383,-0.11781473208335314,True,京,baseline,0.33329669174770515,-1.098722219467163
fenqusai/test_photo/686.jpg,0,6,False,blue,unknown_8,,8,8,True,京P9WH186,0.6176670692615918,-8.672502412177856,True,京,baseline,0.33329669174770515,-1.098722219467163
fenqusai/test_photo/687.jpg,0,0,True,blue,blue,,7,7,True,京A9826N,0.9950369617052937,-0.08955711127777022,True,京,baseline,0.30481593674154817,-1.188047170639038
fenqusai/test_photo/687.jpg,0,1,False,blue,green,,8,8,True,京A98265N,0.5099828507117042,-12.120807237923088,True,京,baseline,0.30481593674154817,-1.188047170639038
fenqusai/test_photo/687.jpg,0,2,False,blue,green,tractor_green,8,8,True,京A98265N,0.5099828507117042,-12.120807237923088,True,京,baseline,0.30481593674154817,-1.188047170639038
fenqusai/test_photo/687.jpg,0,3,False,blue,yellow,,7,7,True,京A9826N,0.9950369617052937,-0.08955711127777022,True,京,baseline,0.30481593674154817,-1.188047170639038
fenqusai/test_photo/687.jpg,0,4,False,blue,black,,7,7,True,京A9826N,0.9950369617052937,-0.08955711127777022,True,京,baseline,0.30481593674154817,-1.188047170639038
fenqusai/test_photo/687.jpg,0,5,False,blue,special_7,,7,7,True,京A9826N,0.9950369617052937,-0.08955711127777022,True,京,baseline,0.30481593674154817,-1.188047170639038
fenqusai/test_photo/687.jpg,0,6,False,blue,unknown_8,,8,8,True,京A98265N,0.5099828507117042,-12.120807237923088,True,京,baseline,0.30481593674154817,-1.188047170639038
fenqusai/test_photo/690.jpg,0,0,True,blue,blue,,7,7,True,川AY607E,0.9689910148370595,-0.5669989154700374,True,川,baseline,0.3616405966448854,-1.0171043872833252
fenqusai/test_photo/690.jpg,0,1,False,blue,green,,8,8,True,川DAY607E,0.653379499783102,-7.6607487897996975,True,川,baseline,0.3616405966448854,-1.0171043872833252
fenqusai/test_photo/690.jpg,0,2,False,blue,green,tractor_green,8,8,True,川DAY607E,0.653379499783102,-7.6607487897996975,True,川,baseline,0.3616405966448854,-1.0171043872833252
fenqusai/test_photo/690.jpg,0,3,False,blue,yellow,,7,7,True,川AY607E,0.9689910148370595,-0.5669989154700374,True,川,baseline,0.3616405966448854,-1.0171043872833252
fenqusai/test_photo/690.jpg,0,4,False,blue,black,,7,7,True,川AY607E,0.9689910148370595,-0.5669989154700374,True,川,baseline,0.3616405966448854,-1.0171043872833252
fenqusai/test_photo/690.jpg,0,5,False,blue,special_7,,7,7,True,川AY607E,0.9689910148370595,-0.5669989154700374,True,川,baseline,0.3616405966448854,-1.0171043872833252
fenqusai/test_photo/690.jpg,0,6,False,blue,unknown_8,,8,8,True,川DAY607E,0.653379499783102,-7.6607487897996975,True,川,baseline,0.3616405966448854,-1.0171043872833252
fenqusai/test_photo/691.jpg,0,0,True,blue,blue,,7,7,True,甘AAS999,0.9994008820819165,-0.010787354296894591,True,甘,baseline,0.3298601855964849,-1.1090863943099976
fenqusai/test_photo/691.jpg,0,1,False,blue,green,,8,8,True,甘AAGS999,0.48538080301101455,-13.010787634945132,True,甘,baseline,0.3298601855964849,-1.1090863943099976
fenqusai/test_photo/691.jpg,0,2,False,blue,green,tractor_green,8,8,True,甘AAGS999,0.48538080301101455,-13.010787634945132,True,甘,baseline,0.3298601855964849,-1.1090863943099976
fenqusai/test_photo/691.jpg,0,3,False,blue,yellow,,7,7,True,甘AAS999,0.9994008820819165,-0.010787354296894591,True,甘,baseline,0.3298601855964849,-1.1090863943099976
fenqusai/test_photo/691.jpg,0,4,False,blue,black,,7,7,True,甘AAS999,0.9994008820819165,-0.010787354296894591,True,甘,baseline,0.3298601855964849,-1.1090863943099976
fenqusai/test_photo/691.jpg,0,5,False,blue,special_7,,7,7,True,甘AAS999,0.9994008820819165,-0.010787354296894591,True,甘,baseline,0.3298601855964849,-1.1090863943099976
fenqusai/test_photo/691.jpg,0,6,False,blue,unknown_8,,8,8,True,甘AAGS999,0.48538080301101455,-13.010787634945132,True,甘,baseline,0.3298601855964849,-1.1090863943099976
fenqusai/test_photo/696.jpg,0,0,True,blue,blue,,7,7,True,鄂N77777,0.9754644101300944,-0.4471488595006221,True,鄂,baseline,0.297935146583435,-1.2108794450759888
fenqusai/test_photo/696.jpg,0,1,False,blue,green,,8,8,True,鄂N7777Z7,0.4512765438048921,-14.322149068116879,True,鄂,baseline,0.297935146583435,-1.2108794450759888
fenqusai/test_photo/696.jpg,0,2,False,blue,green,tractor_green,8,8,True,鄂N7777Z7,0.4512765438048921,-14.322149068116879,True,鄂,baseline,0.297935146583435,-1.2108794450759888
fenqusai/test_photo/696.jpg,0,3,False,blue,yellow,,7,7,True,鄂N77777,0.9754644101300944,-0.4471488595006221,True,鄂,baseline,0.297935146583435,-1.2108794450759888
fenqusai/test_photo/696.jpg,0,4,False,blue,black,,7,7,True,鄂N77777,0.9754644101300944,-0.4471488595006221,True,鄂,baseline,0.297935146583435,-1.2108794450759888
fenqusai/test_photo/696.jpg,0,5,False,blue,special_7,,7,7,True,鄂N77777,0.9754644101300944,-0.4471488595006221,True,鄂,baseline,0.297935146583435,-1.2108794450759888
fenqusai/test_photo/696.jpg,0,6,False,blue,unknown_8,,8,8,True,鄂N7777Z7,0.4512765438048921,-14.322149068116879,True,鄂,baseline,0.297935146583435,-1.2108794450759888
fenqusai/test_photo/716.jpg,0,0,True,black,black,,7,7,True,吉B91999,0.7907008744068424,-4.227039792749565,True,吉,baseline,0.010359069287494962,-4.569892883300781
fenqusai/test_photo/716.jpg,0,1,False,black,blue,,7,7,True,吉B91999,0.7907008744068424,-4.227039792749565,True,吉,baseline,0.010359069287494962,-4.569892883300781
fenqusai/test_photo/716.jpg,0,2,False,black,green,,8,7,False,吉B91999,0.7907008744068424,-4.227039792749565,True,吉,baseline,0.010359069287494962,-4.569892883300781
fenqusai/test_photo/716.jpg,0,3,False,black,green,tractor_green,8,8,True,吉B91999学,0.4837655136487093,-13.070789380697533,True,吉,baseline,0.010359069287494962,-4.569892883300781
fenqusai/test_photo/716.jpg,0,4,False,black,yellow,,7,7,True,吉B91999,0.7907008744068424,-4.227039792749565,True,吉,baseline,0.010359069287494962,-4.569892883300781
fenqusai/test_photo/716.jpg,0,5,False,black,special_7,,7,7,True,吉B91999,0.7907008744068424,-4.227039792749565,True,吉,baseline,0.010359069287494962,-4.569892883300781
fenqusai/test_photo/716.jpg,0,6,False,black,unknown_8,,8,7,False,吉B91999,0.7907008744068424,-4.227039792749565,True,吉,baseline,0.010359069287494962,-4.569892883300781
fenqusai/test_photo/847.jpg,0,0,True,yellow,yellow,,7,7,True,湘B87057,0.985015065589695,-0.2717701724177459,True,湘,baseline,0.2540395072114407,-1.3702654838562012
fenqusai/test_photo/847.jpg,0,1,False,yellow,blue,,7,7,True,湘B87057,0.985015065589695,-0.2717701724177459,True,湘,baseline,0.2540395072114407,-1.3702654838562012
fenqusai/test_photo/847.jpg,0,2,False,yellow,green,,8,7,False,湘B87057,0.985015065589695,-0.2717701724177459,True,湘,baseline,0.2540395072114407,-1.3702654838562012
fenqusai/test_photo/847.jpg,0,3,False,yellow,green,tractor_green,8,7,False,湘B87057,0.985015065589695,-0.2717701724177459,True,湘,baseline,0.2540395072114407,-1.3702654838562012
fenqusai/test_photo/847.jpg,0,4,False,yellow,black,,7,7,True,湘B87057,0.985015065589695,-0.2717701724177459,True,湘,baseline,0.2540395072114407,-1.3702654838562012
fenqusai/test_photo/847.jpg,0,5,False,yellow,special_7,,7,7,True,湘B87057,0.985015065589695,-0.2717701724177459,True,湘,baseline,0.2540395072114407,-1.3702654838562012
fenqusai/test_photo/847.jpg,0,6,False,yellow,unknown_8,,8,7,False,湘B87057,0.985015065589695,-0.2717701724177459,True,湘,baseline,0.2540395072114407,-1.3702654838562012
fenqusai/test_photo/968.jpg,0,0,True,black,black,,7,7,True,辽A60888,0.9419920080083725,-1.0756527931675635,True,辽,baseline,0.11887888039888772,-2.129650115966797
fenqusai/test_photo/968.jpg,0,1,False,black,blue,,7,7,True,辽A60888,0.9419920080083725,-1.0756527931675635,True,辽,baseline,0.11887888039888772,-2.129650115966797
fenqusai/test_photo/968.jpg,0,2,False,black,green,,8,7,False,辽A60888,0.9419920080083725,-1.0756527931675635,True,辽,baseline,0.11887888039888772,-2.129650115966797
fenqusai/test_photo/968.jpg,0,3,False,black,green,tractor_green,8,7,False,辽A60888,0.9419920080083725,-1.0756527931675635,True,辽,baseline,0.11887888039888772,-2.129650115966797
fenqusai/test_photo/968.jpg,0,4,False,black,yellow,,7,7,True,辽A60888,0.9419920080083725,-1.0756527931675635,True,辽,baseline,0.11887888039888772,-2.129650115966797
fenqusai/test_photo/968.jpg,0,5,False,black,special_7,,7,7,True,辽A60888,0.9419920080083725,-1.0756527931675635,True,辽,baseline,0.11887888039888772,-2.129650115966797
fenqusai/test_photo/968.jpg,0,6,False,black,unknown_8,,8,7,False,辽A60888,0.9419920080083725,-1.0756527931675635,True,辽,baseline,0.11887888039888772,-2.129650115966797
fenqusai/test_photo/969.jpg,0,0,True,blue,blue,,7,7,True,冀AG6666,0.8746153490531591,-2.411479626471163,True,冀,baseline,0.0299585853716036,-3.507939338684082
fenqusai/test_photo/969.jpg,0,1,False,blue,green,,8,7,False,冀AG6666,0.8746153490531591,-2.411479626471163,True,冀,baseline,0.0299585853716036,-3.507939338684082
fenqusai/test_photo/969.jpg,0,2,False,blue,green,tractor_green,8,7,False,冀AG6666,0.8746153490531591,-2.411479626471163,True,冀,baseline,0.0299585853716036,-3.507939338684082
fenqusai/test_photo/969.jpg,0,3,False,blue,yellow,,7,7,True,冀AG6666,0.8746153490531591,-2.411479626471163,True,冀,baseline,0.0299585853716036,-3.507939338684082
fenqusai/test_photo/969.jpg,0,4,False,blue,black,,7,7,True,冀AG6666,0.8746153490531591,-2.411479626471163,True,冀,baseline,0.0299585853716036,-3.507939338684082
fenqusai/test_photo/969.jpg,0,5,False,blue,special_7,,7,7,True,冀AG6666,0.8746153490531591,-2.411479626471163,True,冀,baseline,0.0299585853716036,-3.507939338684082
fenqusai/test_photo/969.jpg,0,6,False,blue,unknown_8,,8,7,False,冀AG6666,0.8746153490531591,-2.411479626471163,True,冀,baseline,0.0299585853716036,-3.507939338684082
fenqusai/test_photo/971.jpg,0,0,True,blue,blue,,7,7,True,浙F88888,0.960652336414376,-0.7225687474048073,True,浙,baseline,0.16185232889417023,-1.821070909500122
fenqusai/test_photo/971.jpg,0,1,False,blue,green,,8,8,True,浙YF88888,0.5483143068173646,-10.816318869589963,True,浙,baseline,0.16185232889417023,-1.821070909500122
fenqusai/test_photo/971.jpg,0,2,False,blue,green,tractor_green,8,8,True,浙YF88888,0.5483143068173646,-10.816318869589963,True,浙,baseline,0.16185232889417023,-1.821070909500122
fenqusai/test_photo/971.jpg,0,3,False,blue,yellow,,7,7,True,浙F88888,0.960652336414376,-0.7225687474048073,True,浙,baseline,0.16185232889417023,-1.821070909500122
fenqusai/test_photo/971.jpg,0,4,False,blue,black,,7,7,True,浙F88888,0.960652336414376,-0.7225687474048073,True,浙,baseline,0.16185232889417023,-1.821070909500122
fenqusai/test_photo/971.jpg,0,5,False,blue,special_7,,7,7,True,浙F88888,0.960652336414376,-0.7225687474048073,True,浙,baseline,0.16185232889417023,-1.821070909500122
fenqusai/test_photo/971.jpg,0,6,False,blue,unknown_8,,8,8,True,浙YF88888,0.5483143068173646,-10.816318869589963,True,浙,baseline,0.16185232889417023,-1.821070909500122
fenqusai/test_photo/974.jpg,0,0,True,blue,blue,,7,7,True,辽AAV999,0.6558589071446024,-7.592572687381988,True,辽,baseline,0.1601487569954326,-1.8316521644592285
fenqusai/test_photo/974.jpg,0,1,False,blue,green,,8,8,True,辽NAAV999,0.6490625029218166,-7.780072687381988,True,辽,baseline,0.1601487569954326,-1.8316521644592285
fenqusai/test_photo/974.jpg,0,2,False,blue,green,tractor_green,8,8,True,辽NAAV999,0.6490625029218166,-7.780072687381988,True,辽,baseline,0.1601487569954326,-1.8316521644592285
fenqusai/test_photo/974.jpg,0,3,False,blue,yellow,,7,7,True,辽AAV999,0.6558589071446024,-7.592572687381988,True,辽,baseline,0.1601487569954326,-1.8316521644592285
fenqusai/test_photo/974.jpg,0,4,False,blue,black,,7,7,True,辽AAV99领,0.8902490447785227,-2.0925725365077312,True,辽,baseline,0.1601487569954326,-1.8316521644592285
fenqusai/test_photo/974.jpg,0,5,False,blue,special_7,,7,7,True,辽AAV99领,0.8902490447785227,-2.0925725365077312,True,辽,baseline,0.1601487569954326,-1.8316521644592285
fenqusai/test_photo/974.jpg,0,6,False,blue,unknown_8,,8,8,True,辽NAAV999,0.6490625029218166,-7.780072687381988,True,辽,baseline,0.1601487569954326,-1.8316521644592285
fenqusai/test_photo/977.jpg,0,0,True,blue,blue,,7,7,True,皖A779D1,0.941549881655291,-1.0841031223535538,True,皖,baseline,0.11671502149623696,-2.148020029067993
fenqusai/test_photo/977.jpg,0,1,False,blue,green,,8,7,False,皖A779D1,0.941549881655291,-1.0841031223535538,True,皖,baseline,0.11671502149623696,-2.148020029067993
fenqusai/test_photo/977.jpg,0,2,False,blue,green,tractor_green,8,7,False,皖A779D1,0.941549881655291,-1.0841031223535538,True,皖,baseline,0.11671502149623696,-2.148020029067993
fenqusai/test_photo/977.jpg,0,3,False,blue,yellow,,7,7,True,皖A779D1,0.941549881655291,-1.0841031223535538,True,皖,baseline,0.11671502149623696,-2.148020029067993
fenqusai/test_photo/977.jpg,0,4,False,blue,black,,7,7,True,皖A779D1,0.941549881655291,-1.0841031223535538,True,皖,baseline,0.11671502149623696,-2.148020029067993
fenqusai/test_photo/977.jpg,0,5,False,blue,special_7,,7,7,True,皖A779D1,0.941549881655291,-1.0841031223535538,True,皖,baseline,0.11671502149623696,-2.148020029067993
fenqusai/test_photo/977.jpg,0,6,False,blue,unknown_8,,8,7,False,皖A779D1,0.941549881655291,-1.0841031223535538,True,皖,baseline,0.11671502149623696,-2.148020029067993
fenqusai/test_photo/985.jpg,0,0,True,blue,blue,,7,7,True,桂FD5352,0.9090379592916571,-1.7166316730363107,True,桂,baseline,0.07033520371020356,-2.654482841491699
fenqusai/test_photo/985.jpg,0,1,False,blue,green,,8,7,False,桂FD5352,0.9090379592916571,-1.7166316730363107,True,桂,baseline,0.07033520371020356,-2.654482841491699
fenqusai/test_photo/985.jpg,0,2,False,blue,green,tractor_green,8,7,False,桂FD5352,0.9090379592916571,-1.7166316730363107,True,桂,baseline,0.07033520371020356,-2.654482841491699
fenqusai/test_photo/985.jpg,0,3,False,blue,yellow,,7,7,True,桂FD5352,0.9090379592916571,-1.7166316730363107,True,桂,baseline,0.07033520371020356,-2.654482841491699
fenqusai/test_photo/985.jpg,0,4,False,blue,black,,7,7,True,桂FD5352,0.9090379592916571,-1.7166316730363107,True,桂,baseline,0.07033520371020356,-2.654482841491699
fenqusai/test_photo/985.jpg,0,5,False,blue,special_7,,7,7,True,桂FD5352,0.9090379592916571,-1.7166316730363107,True,桂,baseline,0.07033520371020356,-2.654482841491699
fenqusai/test_photo/985.jpg,0,6,False,blue,unknown_8,,8,7,False,桂FD5352,0.9090379592916571,-1.7166316730363107,True,桂,baseline,0.07033520371020356,-2.654482841491699
fenqusai/test_photo/987.jpg,0,0,True,blue,blue,,7,7,True,湘AQ2152,0.9243104205192278,-1.4167315947081534,True,湘,baseline,0.293947730916945,-1.224353313446045
fenqusai/test_photo/987.jpg,0,1,False,blue,green,,8,8,True,湘MAQ2152,0.669232338165917,-7.229231773522088,True,湘,baseline,0.293947730916945,-1.224353313446045
fenqusai/test_photo/987.jpg,0,2,False,blue,green,tractor_green,8,8,True,湘MAQ2152,0.669232338165917,-7.229231773522088,True,湘,baseline,0.293947730916945,-1.224353313446045
fenqusai/test_photo/987.jpg,0,3,False,blue,yellow,,7,7,True,湘AQ2152,0.9243104205192278,-1.4167315947081534,True,湘,baseline,0.293947730916945,-1.224353313446045
fenqusai/test_photo/987.jpg,0,4,False,blue,black,,7,7,True,湘AQ2152,0.9243104205192278,-1.4167315947081534,True,湘,baseline,0.293947730916945,-1.224353313446045
fenqusai/test_photo/987.jpg,0,5,False,blue,special_7,,7,7,True,湘AQ2152,0.9243104205192278,-1.4167315947081534,True,湘,baseline,0.293947730916945,-1.224353313446045
fenqusai/test_photo/987.jpg,0,6,False,blue,unknown_8,,8,8,True,湘MAQ2152,0.669232338165917,-7.229231773522088,True,湘,baseline,0.293947730916945,-1.224353313446045
fenqusai/test_photo/989.jpg,0,0,True,blue,blue,,7,7,True,吉JAY888,0.6880498583085568,-6.7300915536498,True,吉,baseline,0.0003991400895593361,-7.826198101043701
fenqusai/test_photo/989.jpg,0,1,False,blue,green,,8,7,False,吉JAY888,0.6880498583085568,-6.7300915536498,True,吉,baseline,0.0003991400895593361,-7.826198101043701
fenqusai/test_photo/989.jpg,0,2,False,blue,green,tractor_green,8,7,False,吉JAY888,0.6880498583085568,-6.7300915536498,True,吉,baseline,0.0003991400895593361,-7.826198101043701
fenqusai/test_photo/989.jpg,0,3,False,blue,yellow,,7,7,True,吉JAY888,0.6880498583085568,-6.7300915536498,True,吉,baseline,0.0003991400895593361,-7.826198101043701
fenqusai/test_photo/989.jpg,0,4,False,blue,black,,7,7,True,吉JAY888,0.6880498583085568,-6.7300915536498,True,吉,baseline,0.0003991400895593361,-7.826198101043701
fenqusai/test_photo/989.jpg,0,5,False,blue,special_7,,7,7,True,吉JAY888,0.6880498583085568,-6.7300915536498,True,吉,baseline,0.0003991400895593361,-7.826198101043701
fenqusai/test_photo/989.jpg,0,6,False,blue,unknown_8,,8,7,False,吉JAY888,0.6880498583085568,-6.7300915536498,True,吉,baseline,0.0003991400895593361,-7.826198101043701
fenqusai/test_photo/992.jpg,0,0,True,blue,blue,,7,7,True,冀B99999,0.9778833612433055,-0.4025678146572318,True,冀,baseline,0.3049574290887035,-1.187583088874817
fenqusai/test_photo/992.jpg,0,1,False,blue,green,,8,7,False,冀B99999,0.9778833612433055,-0.4025678146572318,True,冀,baseline,0.3049574290887035,-1.187583088874817
fenqusai/test_photo/992.jpg,0,2,False,blue,green,tractor_green,8,7,False,冀B99999,0.9778833612433055,-0.4025678146572318,True,冀,baseline,0.3049574290887035,-1.187583088874817
fenqusai/test_photo/992.jpg,0,3,False,blue,yellow,,7,7,True,冀B99999,0.9778833612433055,-0.4025678146572318,True,冀,baseline,0.3049574290887035,-1.187583088874817
fenqusai/test_photo/992.jpg,0,4,False,blue,black,,7,7,True,冀B99999,0.9778833612433055,-0.4025678146572318,True,冀,baseline,0.3049574290887035,-1.187583088874817
fenqusai/test_photo/992.jpg,0,5,False,blue,special_7,,7,7,True,冀B99999,0.9778833612433055,-0.4025678146572318,True,冀,baseline,0.3049574290887035,-1.187583088874817
fenqusai/test_photo/992.jpg,0,6,False,blue,unknown_8,,8,7,False,冀B99999,0.9778833612433055,-0.4025678146572318,True,冀,baseline,0.3049574290887035,-1.187583088874817
fenqusai/test_photo/999.jpg,0,0,True,blue,blue,,7,7,True,湘A562H3,0.9955507858307985,-0.08026454482251211,True,湘,baseline,0.30770187141724825,-1.178623914718628
fenqusai/test_photo/999.jpg,0,1,False,blue,green,,8,7,False,湘A562H3,0.9955507858307985,-0.08026454482251211,True,湘,baseline,0.30770187141724825,-1.178623914718628
fenqusai/test_photo/999.jpg,0,2,False,blue,green,tractor_green,8,7,False,湘A562H3,0.9955507858307985,-0.08026454482251211,True,湘,baseline,0.30770187141724825,-1.178623914718628
fenqusai/test_photo/999.jpg,0,3,False,blue,yellow,,7,7,True,湘A562H3,0.9955507858307985,-0.08026454482251211,True,湘,baseline,0.30770187141724825,-1.178623914718628
fenqusai/test_photo/999.jpg,0,4,False,blue,black,,7,7,True,湘A562H3,0.9955507858307985,-0.08026454482251211,True,湘,baseline,0.30770187141724825,-1.178623914718628
fenqusai/test_photo/999.jpg,0,5,False,blue,special_7,,7,7,True,湘A562H3,0.9955507858307985,-0.08026454482251211,True,湘,baseline,0.30770187141724825,-1.178623914718628
fenqusai/test_photo/999.jpg,0,6,False,blue,unknown_8,,8,7,False,湘A562H3,0.9955507858307985,-0.08026454482251211,True,湘,baseline,0.30770187141724825,-1.178623914718628
